slug,file,title,description,section,url,fetched,bytes,body_bytes,words,headings,h2s,code_blocks,tables,links,evidence
docs__api__api_campaigns,docs__api__api_campaigns.md,API campaigns,This reference article covers how to generate a campaign_id to include in your API calls and how to configure that campaign.,api/api_campaigns,https://www.braze.com/docs/api/api_campaigns,2026-09-02,4752,4419,668,6,4,2,2,0,company-own (technical)
docs__api__api_limits,docs__api__api_limits.md,Rate limits,This reference article covers API rate limits for the Braze API infrastructure.,api/api_limits,https://www.braze.com/docs/api/api_limits,2026-09-02,13397,13120,1871,13,4,2,58,1,company-own (technical)
docs__api__basics,docs__api__basics.md,API overview,"This reference article covers the API basics including what a REST API is, the terminology, and an overview of API keys.",api/basics,https://www.braze.com/docs/api/basics,2026-09-02,25138,24831,3550,19,5,2,459,30,company-own (technical)
docs__api__data_retention,docs__api__data_retention.md,Braze Data Retention Information,This reference article covers general Braze data retention information.,api/data_retention,https://www.braze.com/docs/api/data_retention,2026-09-02,4829,4527,716,9,3,0,0,0,company-own (technical)
docs__api__data_retention__messaging_interaction_data,docs__api__data_retention__messaging_interaction_data.md,About messaging interaction data availability,This reference article covers campaign and Canvas interaction data and its availability.,api/data_retention,https://www.braze.com/docs/api/data_retention/messaging_interaction_data,2026-09-02,8011,7624,1132,11,5,0,18,0,company-own (technical)
docs__api__endpoints__apps,docs__api__endpoints__apps.md,App Endpoints,"This landing page lists the Braze app endpoints, including the endpoint used to update push credentials.",api/endpoints,https://www.braze.com/docs/api/endpoints/apps,2026-09-02,534,222,31,1,0,0,0,0,company-own (technical)
docs__api__endpoints__apps__post_update_push_credential,docs__api__endpoints__apps__post_update_push_credential.md,Update push credentials,This article outlines details about the Update push credentials Braze endpoint.,api/endpoints,https://www.braze.com/docs/api/endpoints/apps/post_update_push_credential,2026-09-02,7072,6718,802,14,5,20,110,4,company-own (technical)
docs__api__endpoints__catalogs,docs__api__endpoints__catalogs.md,Catalogs Endpoints,This landing page lists the Braze catalogs endpoints.,api/endpoints,https://www.braze.com/docs/api/endpoints/catalogs,2026-09-02,1411,1137,139,6,5,0,0,0,company-own (technical)
docs__api__endpoints__catalogs__catalog_fields__asynchronous__delete_catalog_field,docs__api__endpoints__catalogs__catalog_fields__asynchronous__delete_catalog_field.md,Delete catalog field,This article outlines details about the Delete catalog field Braze endpoint.,api/endpoints,https://www.braze.com/docs/api/endpoints/catalogs/catalog_fields/asynchronous/delete_catalog_field,2026-09-02,2444,2044,268,9,6,6,28,1,company-own (technical)
docs__api__endpoints__catalogs__catalog_fields__asynchronous__post_create_catalog_fields,docs__api__endpoints__catalogs__catalog_fields__asynchronous__post_create_catalog_fields.md,Create catalog fields,This article outlines details about the Create catalog fields Braze endpoint.,api/endpoints,https://www.braze.com/docs/api/endpoints/catalogs/catalog_fields/asynchronous/post_create_catalog_fields,2026-09-02,3225,2811,377,10,7,6,34,1,company-own (technical)
docs__api__endpoints__catalogs__catalog_items__asynchronous__delete_catalog_items_bulk,docs__api__endpoints__catalogs__catalog_items__asynchronous__delete_catalog_items_bulk.md,Delete multiple catalog items,This article outlines details about the Delete multiple catalog items Braze endpoint.,api/endpoints,https://www.braze.com/docs/api/endpoints/catalogs/catalog_items/asynchronous/delete_catalog_items_bulk,2026-09-02,3094,2668,373,10,7,6,38,1,company-own (technical)
docs__api__endpoints__catalogs__catalog_items__asynchronous__patch_catalog_items_bulk,docs__api__endpoints__catalogs__catalog_items__asynchronous__patch_catalog_items_bulk.md,Edit multiple catalog items,This article outlines details about the Edit multiple catalog items Braze endpoint.,api/endpoints,https://www.braze.com/docs/api/endpoints/catalogs/catalog_items/asynchronous/patch_catalog_items_bulk,2026-09-02,4352,3932,566,10,7,6,50,1,company-own (technical)
docs__api__endpoints__catalogs__catalog_items__asynchronous__post_create_catalog_items_bulk,docs__api__endpoints__catalogs__catalog_items__asynchronous__post_create_catalog_items_bulk.md,Create multiple catalog items,This article outlines details about the Create multiple catalog items Braze endpoint.,api/endpoints,https://www.braze.com/docs/api/endpoints/catalogs/catalog_items/asynchronous/post_create_catalog_items_bulk,2026-09-02,4900,4464,638,10,7,6,50,1,company-own (technical)
docs__api__endpoints__catalogs__catalog_items__asynchronous__put_update_catalog_items,docs__api__endpoints__catalogs__catalog_items__asynchronous__put_update_catalog_items.md,Replace catalog items,This article outlines details about the Replace multiple catalog items Braze endpoint.,api/endpoints,https://www.braze.com/docs/api/endpoints/catalogs/catalog_items/asynchronous/put_update_catalog_items,2026-09-02,4877,4460,652,10,7,6,54,1,company-own (technical)
docs__api__endpoints__catalogs__catalog_items__synchronous__delete_catalog_item,docs__api__endpoints__catalogs__catalog_items__synchronous__delete_catalog_item.md,Delete a catalog item,This article outlines details about the Delete catalog item Braze endpoint.,api/endpoints,https://www.braze.com/docs/api/endpoints/catalogs/catalog_items/synchronous/delete_catalog_item,2026-09-02,2416,2022,270,10,7,6,26,1,company-own (technical)
docs__api__endpoints__catalogs__catalog_items__synchronous__get_catalog_item_details,docs__api__endpoints__catalogs__catalog_items__synchronous__get_catalog_item_details.md,List catalog item details,This article outlines details about the List catalog item details Braze endpoint.,api/endpoints,https://www.braze.com/docs/api/endpoints/catalogs/catalog_items/synchronous/get_catalog_item_details,2026-09-02,2551,2137,288,10,7,6,24,1,company-own (technical)
docs__api__endpoints__catalogs__catalog_items__synchronous__get_catalog_items_details_bulk,docs__api__endpoints__catalogs__catalog_items__synchronous__get_catalog_items_details_bulk.md,List multiple catalog item details,This article outlines details about the List multiple catalog item details Braze endpoint.,api/endpoints,https://www.braze.com/docs/api/endpoints/catalogs/catalog_items/synchronous/get_catalog_items_details_bulk,2026-09-02,3928,3484,479,13,8,10,32,2,company-own (technical)
docs__api__endpoints__catalogs__catalog_items__synchronous__patch_catalog_item,docs__api__endpoints__catalogs__catalog_items__synchronous__patch_catalog_item.md,Edit catalog item,This article outlines details about the Edit catalog item Braze endpoint.,api/endpoints,https://www.braze.com/docs/api/endpoints/catalogs/catalog_items/synchronous/patch_catalog_item,2026-09-02,4203,3817,543,10,7,6,56,1,company-own (technical)
docs__api__endpoints__catalogs__catalog_items__synchronous__post_create_catalog_item,docs__api__endpoints__catalogs__catalog_items__synchronous__post_create_catalog_item.md,Create catalog item,This article outlines details about the Create catalog item Braze endpoint.,api/endpoints,https://www.braze.com/docs/api/endpoints/catalogs/catalog_items/synchronous/post_create_catalog_item,2026-09-02,4203,3801,542,10,7,6,56,1,company-own (technical)
docs__api__endpoints__catalogs__catalog_items__synchronous__put_update_catalog_item,docs__api__endpoints__catalogs__catalog_items__synchronous__put_update_catalog_item.md,Replace catalog item,This article outlines details about the Replace catalog item Braze endpoint.,api/endpoints,https://www.braze.com/docs/api/endpoints/catalogs/catalog_items/synchronous/put_update_catalog_item,2026-09-02,4248,3846,550,10,7,6,56,1,company-own (technical)
docs__api__endpoints__catalogs__catalog_management__synchronous__delete_catalog,docs__api__endpoints__catalogs__catalog_management__synchronous__delete_catalog.md,Delete catalog,This article outlines details about the Delete catalog Braze endpoint.,api/endpoints,https://www.braze.com/docs/api/endpoints/catalogs/catalog_management/synchronous/delete_catalog,2026-09-02,2033,1651,214,9,6,6,18,1,company-own (technical)
docs__api__endpoints__catalogs__catalog_management__synchronous__get_list_catalogs,docs__api__endpoints__catalogs__catalog_management__synchronous__get_list_catalogs.md,List catalogs,This article outlines details about the List catalogs Braze endpoint.,api/endpoints,https://www.braze.com/docs/api/endpoints/catalogs/catalog_management/synchronous/get_list_catalogs,2026-09-02,2301,1915,273,7,5,4,4,1,company-own (technical)
docs__api__endpoints__catalogs__catalog_management__synchronous__post_create_catalog,docs__api__endpoints__catalogs__catalog_management__synchronous__post_create_catalog.md,Create catalog,This article outlines details about the Create catalog Braze endpoint.,api/endpoints,https://www.braze.com/docs/api/endpoints/catalogs/catalog_management/synchronous/post_create_catalog,2026-09-02,5030,4638,643,10,6,6,58,1,company-own (technical)
docs__api__endpoints__catalogs__catalog_selections__asynchronous__delete_catalog_selection,docs__api__endpoints__catalogs__catalog_selections__asynchronous__delete_catalog_selection.md,Delete catalog selection,This article outlines details about the Delete catalog selection Braze endpoint.,api/endpoints,https://www.braze.com/docs/api/endpoints/catalogs/catalog_selections/asynchronous/delete_catalog_selection,2026-09-02,2308,1884,236,9,6,6,24,1,company-own (technical)
docs__api__endpoints__catalogs__catalog_selections__asynchronous__post_create_catalog_selections,docs__api__endpoints__catalogs__catalog_selections__asynchronous__post_create_catalog_selections.md,Create catalog selection,This article outlines details about the Create catalog selection Braze endpoint.,api/endpoints,https://www.braze.com/docs/api/endpoints/catalogs/catalog_selections/asynchronous/post_create_catalog_selections,2026-09-02,5858,5422,731,12,7,6,98,1,company-own (technical)
docs__api__endpoints__cdi,docs__api__endpoints__cdi.md,Cloud Data Ingestion Endpoints,This landing page lists the Braze Cloud Data Ingestion endpoints.,api/endpoints,https://www.braze.com/docs/api/endpoints/cdi,2026-09-02,529,241,32,1,0,0,0,0,company-own (technical)
docs__api__endpoints__cdi__get_integration_list,docs__api__endpoints__cdi__get_integration_list.md,List integrations,This article outlines details about the List integrations Braze endpoint.,api/endpoints,https://www.braze.com/docs/api/endpoints/cdi/get_integration_list,2026-09-02,2968,2642,359,9,5,8,20,2,company-own (technical)
docs__api__endpoints__cdi__get_job_sync_status,docs__api__endpoints__cdi__get_job_sync_status.md,List job sync status,This article outlines details about the List job sync status Braze endpoint.,api/endpoints,https://www.braze.com/docs/api/endpoints/cdi/get_job_sync_status,2026-09-02,3629,3299,439,10,6,8,42,2,company-own (technical)
docs__api__endpoints__cdi__post_job_sync,docs__api__endpoints__cdi__post_job_sync.md,Trigger a sync,This article outlines details about the Trigger sync Braze endpoint.,api/endpoints,https://www.braze.com/docs/api/endpoints/cdi/post_job_sync,2026-09-02,1964,1660,221,7,5,4,20,2,company-own (technical)
docs__api__endpoints__data_objects,docs__api__endpoints__data_objects.md,Data Objects Endpoints,This landing page lists the Braze Data Objects endpoints.,api/endpoints,https://www.braze.com/docs/api/endpoints/data_objects,2026-09-02,8756,8466,1118,19,11,3,41,0,company-own (technical)
docs__api__endpoints__data_objects__object_relationships__delete_object_relationship,docs__api__endpoints__data_objects__object_relationships__delete_object_relationship.md,Delete object relationship,This article outlines details about the Delete object relationship endpoint.,api/endpoints,https://www.braze.com/docs/api/endpoints/data_objects/object_relationships/delete_object_relationship,2026-09-02,4133,3722,454,12,7,6,64,1,company-own (technical)
docs__api__endpoints__data_objects__object_relationships__get_list_object_relationships,docs__api__endpoints__data_objects__object_relationships__get_list_object_relationships.md,List object relationships,This article outlines details about the List object relationships endpoint.,api/endpoints,https://www.braze.com/docs/api/endpoints/data_objects/object_relationships/get_list_object_relationships,2026-09-02,5498,5083,614,12,7,6,124,1,company-own (technical)
docs__api__endpoints__data_objects__object_relationships__patch_update_object_relationship,docs__api__endpoints__data_objects__object_relationships__patch_update_object_relationship.md,Update object relationship,This article outlines details about the Update object relationship endpoint.,api/endpoints,https://www.braze.com/docs/api/endpoints/data_objects/object_relationships/patch_update_object_relationship,2026-09-02,4763,4340,503,12,7,6,84,1,company-own (technical)
docs__api__endpoints__data_objects__object_relationships__post_create_object_relationship,docs__api__endpoints__data_objects__object_relationships__post_create_object_relationship.md,Create object relationship,This article outlines details about the Create object relationship endpoint.,api/endpoints,https://www.braze.com/docs/api/endpoints/data_objects/object_relationships/post_create_object_relationship,2026-09-02,5809,5388,617,12,7,6,114,1,company-own (technical)
docs__api__endpoints__data_objects__object_relationships__put_replace_object_relationship,docs__api__endpoints__data_objects__object_relationships__put_replace_object_relationship.md,Replace object relationship,This article outlines details about the Replace object relationship endpoint.,api/endpoints,https://www.braze.com/docs/api/endpoints/data_objects/object_relationships/put_replace_object_relationship,2026-09-02,4918,4495,524,12,7,6,87,1,company-own (technical)
docs__api__endpoints__data_objects__objects__delete_data_object,docs__api__endpoints__data_objects__objects__delete_data_object.md,Delete data object,This article outlines details about the Delete data object endpoint.,api/endpoints,https://www.braze.com/docs/api/endpoints/data_objects/objects/delete_data_object,2026-09-02,2977,2624,349,11,6,6,41,1,company-own (technical)
docs__api__endpoints__data_objects__objects__get_data_object,docs__api__endpoints__data_objects__objects__get_data_object.md,Get data object,This article outlines details about the Get data object endpoint.,api/endpoints,https://www.braze.com/docs/api/endpoints/data_objects/objects/get_data_object,2026-09-02,3331,2990,390,11,6,6,53,1,company-own (technical)
docs__api__endpoints__data_objects__objects__get_list_data_objects,docs__api__endpoints__data_objects__objects__get_list_data_objects.md,List data objects,This article outlines details about the List data objects endpoint.,api/endpoints,https://www.braze.com/docs/api/endpoints/data_objects/objects/get_list_data_objects,2026-09-02,4255,3898,508,12,7,6,85,1,company-own (technical)
docs__api__endpoints__data_objects__objects__patch_update_data_object,docs__api__endpoints__data_objects__objects__patch_update_data_object.md,Update data object,This article outlines details about the Update data object endpoint.,api/endpoints,https://www.braze.com/docs/api/endpoints/data_objects/objects/patch_update_data_object,2026-09-02,4040,3675,476,12,7,6,68,1,company-own (technical)
docs__api__endpoints__data_objects__objects__post_create_data_object,docs__api__endpoints__data_objects__objects__post_create_data_object.md,Create data object,This article outlines details about the Create data object endpoint.,api/endpoints,https://www.braze.com/docs/api/endpoints/data_objects/objects/post_create_data_object,2026-09-02,4467,4104,540,12,7,6,74,1,company-own (technical)
docs__api__endpoints__data_objects__objects__put_replace_data_object,docs__api__endpoints__data_objects__objects__put_replace_data_object.md,Replace data object,This article outlines details about the Replace data object endpoint.,api/endpoints,https://www.braze.com/docs/api/endpoints/data_objects/objects/put_replace_data_object,2026-09-02,4414,4049,534,12,7,6,71,1,company-own (technical)
docs__api__endpoints__data_objects__types__get_data_object_type,docs__api__endpoints__data_objects__types__get_data_object_type.md,Get data object type,This article outlines details about the Get data object type endpoint.,api/endpoints,https://www.braze.com/docs/api/endpoints/data_objects/types/get_data_object_type,2026-09-02,3632,3275,423,11,6,6,49,1,company-own (technical)
docs__api__endpoints__data_objects__types__get_list_data_object_types,docs__api__endpoints__data_objects__types__get_list_data_object_types.md,List data object types,This article outlines details about the List data object types endpoint.,api/endpoints,https://www.braze.com/docs/api/endpoints/data_objects/types/get_list_data_object_types,2026-09-02,3975,3602,484,11,6,6,73,1,company-own (technical)
docs__api__endpoints__data_objects__types__get_list_object_relationship_types,docs__api__endpoints__data_objects__types__get_list_object_relationship_types.md,List object relationship types,This article outlines details about the List object relationship types endpoint.,api/endpoints,https://www.braze.com/docs/api/endpoints/data_objects/types/get_list_object_relationship_types,2026-09-02,4862,4457,568,12,7,6,96,1,company-own (technical)
docs__api__endpoints__data_objects__types__get_list_user_relationship_types,docs__api__endpoints__data_objects__types__get_list_user_relationship_types.md,List user relationship types,This article outlines details about the List user relationship types endpoint.,api/endpoints,https://www.braze.com/docs/api/endpoints/data_objects/types/get_list_user_relationship_types,2026-09-02,4198,3801,490,12,7,6,77,1,company-own (technical)
docs__api__endpoints__data_objects__user_relationships__delete_user_relationship,docs__api__endpoints__data_objects__user_relationships__delete_user_relationship.md,Delete user relationship,This article outlines details about the Delete user relationship endpoint.,api/endpoints,https://www.braze.com/docs/api/endpoints/data_objects/user_relationships/delete_user_relationship,2026-09-02,3747,3348,424,12,7,6,56,1,company-own (technical)
docs__api__endpoints__data_objects__user_relationships__get_list_user_relationships,docs__api__endpoints__data_objects__user_relationships__get_list_user_relationships.md,List user relationships,This article outlines details about the List user relationships endpoint.,api/endpoints,https://www.braze.com/docs/api/endpoints/data_objects/user_relationships/get_list_user_relationships,2026-09-02,4795,4392,542,12,7,6,101,1,company-own (technical)
docs__api__endpoints__data_objects__user_relationships__patch_update_user_relationship,docs__api__endpoints__data_objects__user_relationships__patch_update_user_relationship.md,Update user relationship,This article outlines details about the Update user relationship endpoint.,api/endpoints,https://www.braze.com/docs/api/endpoints/data_objects/user_relationships/patch_update_user_relationship,2026-09-02,4611,4200,494,12,7,6,84,1,company-own (technical)
docs__api__endpoints__data_objects__user_relationships__post_create_user_relationship,docs__api__endpoints__data_objects__user_relationships__post_create_user_relationship.md,Create user relationship,This article outlines details about the Create user relationship endpoint.,api/endpoints,https://www.braze.com/docs/api/endpoints/data_objects/user_relationships/post_create_user_relationship,2026-09-02,4909,4500,552,12,7,6,90,1,company-own (technical)
docs__api__endpoints__data_objects__user_relationships__put_replace_user_relationship,docs__api__endpoints__data_objects__user_relationships__put_replace_user_relationship.md,Replace user relationship,This article outlines details about the Replace user relationship endpoint.,api/endpoints,https://www.braze.com/docs/api/endpoints/data_objects/user_relationships/put_replace_user_relationship,2026-09-02,4841,4430,537,12,7,6,87,1,company-own (technical)
docs__api__endpoints__email,docs__api__endpoints__email.md,Email Lists & Addresses Endpoints,This landing page explains and lists the Braze email lists and addresses endpoints.,api/endpoints,https://www.braze.com/docs/api/endpoints/email,2026-09-02,770,457,65,1,0,0,0,0,company-own (technical)
docs__api__endpoints__email__get_list_hard_bounces,docs__api__endpoints__email__get_list_hard_bounces.md,Query hard bounced emails,This article outlines the details about the Query or list hard bounced email addresses Braze endpoint.,api/endpoints,https://www.braze.com/docs/api/endpoints/email/get_list_hard_bounces,2026-09-02,3049,2680,416,6,5,4,28,1,company-own (technical)
docs__api__endpoints__email__get_query_unsubscribed_email_addresses,docs__api__endpoints__email__get_query_unsubscribed_email_addresses.md,Query list of unsubscribed email addresses,This article outlines the details about the Retrieve list of or query email unsubscribes Braze endpoint.,api/endpoints,https://www.braze.com/docs/api/endpoints/email/get_query_unsubscribed_email_addresses,2026-09-02,3276,2854,434,6,5,4,32,1,company-own (technical)
docs__api__endpoints__email__post_blacklist,docs__api__endpoints__email__post_blacklist.md,Blacklist emails,This article outlines the details about the Blacklist emails Braze endpoint.,api/endpoints,https://www.braze.com/docs/api/endpoints/email/post_blacklist,2026-09-02,1648,1328,179,6,5,6,14,1,company-own (technical)
docs__api__endpoints__email__post_blocklist,docs__api__endpoints__email__post_blocklist.md,Blocklist emails,This article outlines the details about the Blocklist emails Braze endpoint.,api/endpoints,https://www.braze.com/docs/api/endpoints/email/post_blocklist,2026-09-02,1465,1145,153,6,5,6,14,1,company-own (technical)
docs__api__endpoints__email__post_email_subscription_status,docs__api__endpoints__email__post_email_subscription_status.md,Change email subscription status,This article outlines the details about the Change user's email subscription status Braze endpoint.,api/endpoints,https://www.braze.com/docs/api/endpoints/email/post_email_subscription_status,2026-09-02,2795,2404,328,7,6,6,18,1,company-own (technical)
docs__api__endpoints__email__post_remove_hard_bounces,docs__api__endpoints__email__post_remove_hard_bounces.md,Remove hard bounced emails,This article outlines details about the Remove hard bounced email addresses Braze endpoint.,api/endpoints,https://www.braze.com/docs/api/endpoints/email/post_remove_hard_bounces,2026-09-02,1514,1149,161,6,5,6,14,1,company-own (technical)
docs__api__endpoints__email__post_remove_spam,docs__api__endpoints__email__post_remove_spam.md,Remove email addresses from spam list,This article outlines details about the Remove email addresses from the spam list Braze endpoint.,api/endpoints,https://www.braze.com/docs/api/endpoints/email/post_remove_spam,2026-09-02,1516,1150,163,6,5,6,14,1,company-own (technical)
docs__api__endpoints__export,docs__api__endpoints__export.md,Export endpoints,"This reference article explains the Braze export endpoints, including prerequisites, what you can export, how data is delivered, and a full list.",api/endpoints,https://www.braze.com/docs/api/endpoints/export,2026-09-02,5417,5057,701,6,5,0,119,0,company-own (technical)
docs__api__endpoints__export__campaigns__get_campaign_analytics,docs__api__endpoints__export__campaigns__get_campaign_analytics.md,Export campaign analytics,This article outlines details about the Export campaign analytics Braze endpoint.,api/endpoints,https://www.braze.com/docs/api/endpoints/export/campaigns/get_campaign_analytics,2026-09-02,11049,10676,1453,10,6,6,22,1,company-own (technical)
docs__api__endpoints__export__campaigns__get_campaign_details,docs__api__endpoints__export__campaigns__get_campaign_details.md,Export campaign details,This article outlines details about the Export campaign details Braze endpoint.,api/endpoints,https://www.braze.com/docs/api/endpoints/export/campaigns/get_campaign_details,2026-09-02,11509,11144,1608,12,5,38,54,1,company-own (technical)
docs__api__endpoints__export__campaigns__get_campaigns,docs__api__endpoints__export__campaigns__get_campaigns.md,Export campaigns list,This article outlines details about the Export campaigns list Braze endpoint.,api/endpoints,https://www.braze.com/docs/api/endpoints/export/campaigns/get_campaigns,2026-09-02,2565,2218,328,6,5,4,24,1,company-own (technical)
docs__api__endpoints__export__campaigns__get_send_analytics,docs__api__endpoints__export__campaigns__get_send_analytics.md,Export send analytics,This article outlines details about the Export send analytics Braze endpoint.,api/endpoints,https://www.braze.com/docs/api/endpoints/export/campaigns/get_send_analytics,2026-09-02,4379,4022,548,6,5,4,24,1,company-own (technical)
docs__api__endpoints__export__canvas__get_canvas_analytics,docs__api__endpoints__export__canvas__get_canvas_analytics.md,Export Canvas data series analytics,This article outlines details about the Export Canvas data series analytics Braze endpoint.,api/endpoints,https://www.braze.com/docs/api/endpoints/export/canvas/get_canvas_analytics,2026-09-02,4785,4402,617,6,5,4,36,1,company-own (technical)
docs__api__endpoints__export__canvas__get_canvas_analytics_summary,docs__api__endpoints__export__canvas__get_canvas_analytics_summary.md,Export Canvas data summary analytics,This article describes the Export Canvas data summary analytics Braze endpoint.,api/endpoints,https://www.braze.com/docs/api/endpoints/export/canvas/get_canvas_analytics_summary,2026-09-02,8214,7826,1061,8,6,4,51,1,company-own (technical)
docs__api__endpoints__export__canvas__get_canvas_details,docs__api__endpoints__export__canvas__get_canvas_details.md,Export Canvas details,This article outlines details about the Export Canvas details Braze endpoint.,api/endpoints,https://www.braze.com/docs/api/endpoints/export/canvas/get_canvas_details,2026-09-02,7624,7273,1025,7,5,6,22,1,company-own (technical)
docs__api__endpoints__export__canvas__get_canvases,docs__api__endpoints__export__canvas__get_canvases.md,Export Canvas list,This article outlines details about the Export Canvas list Braze endpoint.,api/endpoints,https://www.braze.com/docs/api/endpoints/export/canvas/get_canvases,2026-09-02,2587,2254,335,6,5,4,24,1,company-own (technical)
docs__api__endpoints__export__custom_attributes__get_custom_attributes,docs__api__endpoints__export__custom_attributes__get_custom_attributes.md,Export custom attributes,This article outlines details about the Export custom attributes Braze endpoint.,api/endpoints,https://www.braze.com/docs/api/endpoints/export/custom_attributes/get_custom_attributes,2026-09-02,2662,2277,314,9,5,6,14,2,company-own (technical)
docs__api__endpoints__export__custom_events__get_custom_events,docs__api__endpoints__export__custom_events__get_custom_events.md,Export custom events list,This article outlines details about the Export custom events list Braze endpoint.,api/endpoints,https://www.braze.com/docs/api/endpoints/export/custom_events/get_custom_events,2026-09-02,1862,1491,222,7,5,4,12,1,company-own (technical)
docs__api__endpoints__export__custom_events__get_custom_events_analytics,docs__api__endpoints__export__custom_events__get_custom_events_analytics.md,Export custom events analytics,This article outlines details about the Export custom events analytics Braze endpoint.,api/endpoints,https://www.braze.com/docs/api/endpoints/export/custom_events/get_custom_events_analytics,2026-09-02,2703,2302,334,7,5,4,32,1,company-own (technical)
docs__api__endpoints__export__custom_events__get_custom_events_data,docs__api__endpoints__export__custom_events__get_custom_events_data.md,Export custom events,This article outlines details about the Export custom events Braze endpoint.,api/endpoints,https://www.braze.com/docs/api/endpoints/export/custom_events/get_custom_events_data,2026-09-02,2510,2139,302,9,5,6,14,2,company-own (technical)
docs__api__endpoints__export__kpi__get_kpi_daily_new_users_date,docs__api__endpoints__export__kpi__get_kpi_daily_new_users_date.md,Export daily new users by date,This article outlines details about the Export daily new users Braze endpoint.,api/endpoints,https://www.braze.com/docs/api/endpoints/export/kpi/get_kpi_daily_new_users_date,2026-09-02,1960,1585,233,6,5,4,20,1,company-own (technical)
docs__api__endpoints__export__kpi__get_kpi_dau_date,docs__api__endpoints__export__kpi__get_kpi_dau_date.md,Export daily active users by date,This article outlines details about the Export daily active users Braze endpoint.,api/endpoints,https://www.braze.com/docs/api/endpoints/export/kpi/get_kpi_dau_date,2026-09-02,1934,1577,234,6,5,4,20,1,company-own (technical)
docs__api__endpoints__export__kpi__get_kpi_mau_30_days,docs__api__endpoints__export__kpi__get_kpi_mau_30_days.md,Export monthly active users for last 30 days,This article outlines details about the Export monthly active users Braze endpoint.,api/endpoints,https://www.braze.com/docs/api/endpoints/export/kpi/get_kpi_mau_30_days,2026-09-02,1982,1606,239,6,5,4,20,1,company-own (technical)
docs__api__endpoints__export__kpi__get_kpi_uninstalls_date,docs__api__endpoints__export__kpi__get_kpi_uninstalls_date.md,Export KPIs for daily app uninstalls by date,This article outlines details about the Export daily app uninstalls by date Braze endpoint.,api/endpoints,https://www.braze.com/docs/api/endpoints/export/kpi/get_kpi_uninstalls_date,2026-09-02,1991,1599,232,6,5,4,20,1,company-own (technical)
docs__api__endpoints__export__purchases__get_list_product_id,docs__api__endpoints__export__purchases__get_list_product_id.md,Export product IDs,This article outlines details about the Export product IDs Braze endpoint.,api/endpoints,https://www.braze.com/docs/api/endpoints/export/purchases/get_list_product_id,2026-09-02,1388,1035,145,6,5,4,12,1,company-own (technical)
docs__api__endpoints__export__purchases__get_number_of_purchases,docs__api__endpoints__export__purchases__get_number_of_purchases.md,Export number of purchases,This article outlines details about the Export number of purchases Braze endpoint.,api/endpoints,https://www.braze.com/docs/api/endpoints/export/purchases/get_number_of_purchases,2026-09-02,2242,1865,268,6,5,4,28,1,company-own (technical)
docs__api__endpoints__export__purchases__get_revenue_series,docs__api__endpoints__export__purchases__get_revenue_series.md,Export revenue data by time,This article outlines details about the Export revenue data Braze endpoint.,api/endpoints,https://www.braze.com/docs/api/endpoints/export/purchases/get_revenue_series,2026-09-02,2195,1834,266,6,5,4,28,1,company-own (technical)
docs__api__endpoints__export__segments__get_segment,docs__api__endpoints__export__segments__get_segment.md,Export segment list,This article outlines details about Export the segments list Braze endpoint.,api/endpoints,https://www.braze.com/docs/api/endpoints/export/segments/get_segment,2026-09-02,2128,1790,260,6,5,4,16,1,company-own (technical)
docs__api__endpoints__export__segments__get_segment_analytics,docs__api__endpoints__export__segments__get_segment_analytics.md,Export segment analytics,This article outlines details about the Export segment analytics Braze endpoint.,api/endpoints,https://www.braze.com/docs/api/endpoints/export/segments/get_segment_analytics,2026-09-02,2133,1766,262,6,5,4,20,1,company-own (technical)
docs__api__endpoints__export__segments__get_segment_details,docs__api__endpoints__export__segments__get_segment_details.md,Export segment details,This article outlines details about the Export segment details Braze endpoint.,api/endpoints,https://www.braze.com/docs/api/endpoints/export/segments/get_segment_details,2026-09-02,1968,1609,228,6,5,4,12,1,company-own (technical)
docs__api__endpoints__export__segments__post_cancel_export,docs__api__endpoints__export__segments__post_cancel_export.md,Cancel exports by segment,This article outlines details about Cancel exports by segment Braze endpoint.,api/endpoints,https://www.braze.com/docs/api/endpoints/export/segments/post_cancel_export,2026-09-02,1465,1106,146,6,5,6,14,1,company-own (technical)
docs__api__endpoints__export__sessions__get_sessions_analytics,docs__api__endpoints__export__sessions__get_sessions_analytics.md,Export app session by time,This article outlines details about the Export app sessions analytics by time Braze endpoint.,api/endpoints,https://www.braze.com/docs/api/endpoints/export/sessions/get_sessions_analytics,2026-09-02,2311,1927,279,6,5,4,28,1,company-own (technical)
docs__api__endpoints__export__user_data__post_users_global_control_group,docs__api__endpoints__export__user_data__post_users_global_control_group.md,Export user profile by Global Control Group,This article outlines details about the Export users in Global Control Groups Braze endpoint.,api/endpoints,https://www.braze.com/docs/api/endpoints/export/user_data/post_users_global_control_group,2026-09-02,14705,14284,2009,10,8,12,137,1,company-own (technical)
docs__api__endpoints__export__user_data__post_users_identifier,docs__api__endpoints__export__user_data__post_users_identifier.md,Export user profile by identifier,This article outlines details about the Export users by identifier Braze endpoint.,api/endpoints,https://www.braze.com/docs/api/endpoints/export/user_data/post_users_identifier,2026-09-02,17269,16889,2230,9,7,12,142,1,company-own (technical)
docs__api__endpoints__export__user_data__post_users_segment,docs__api__endpoints__export__user_data__post_users_segment.md,Export user profile by segment,This article outlines details about the Export users by segment Braze endpoint.,api/endpoints,https://www.braze.com/docs/api/endpoints/export/user_data/post_users_segment,2026-09-02,23101,22733,3156,13,11,14,163,2,company-own (technical)
docs__api__endpoints__media_library,docs__api__endpoints__media_library.md,Media Library Endpoints,This landing page lists the Braze media library endpoints.,api/endpoints,https://www.braze.com/docs/api/endpoints/media_library,2026-09-02,511,217,32,2,1,0,0,0,company-own (technical)
docs__api__endpoints__media_library__manage_assets__create,docs__api__endpoints__media_library__manage_assets__create.md,Upload an asset to the media library,This article outlines details about the `POST /media_library/create` endpoint.,api/endpoints,https://www.braze.com/docs/api/endpoints/media_library/manage_assets/create,2026-09-02,8111,7740,1119,13,6,14,102,4,company-own (technical)
docs__api__endpoints__media_library__manage_assets__replace_file,docs__api__endpoints__media_library__manage_assets__replace_file.md,Replace an asset in the media library,This article outlines details about the `PUT /media_library/replace_file` endpoint.,api/endpoints,https://www.braze.com/docs/api/endpoints/media_library/manage_assets/replace_file,2026-09-02,5592,5203,706,10,5,14,63,4,company-own (technical)
docs__api__endpoints__messaging,docs__api__endpoints__messaging.md,Messaging Endpoints,This landing page lists the Braze messaging endpoints.,api/endpoints,https://www.braze.com/docs/api/endpoints/messaging,2026-09-02,2409,2131,296,5,4,0,0,0,company-own (technical)
docs__api__endpoints__messaging__duplicate_messages__post_duplicate_campaigns,docs__api__endpoints__messaging__duplicate_messages__post_duplicate_campaigns.md,Duplicate campaigns using the API,This article outlines details about the Duplicate campaigns endpoint.,api/endpoints,https://www.braze.com/docs/api/endpoints/messaging/duplicate_messages/post_duplicate_campaigns,2026-09-02,1997,1600,215,6,5,4,24,0,company-own (technical)
docs__api__endpoints__messaging__duplicate_messages__post_duplicate_canvases,docs__api__endpoints__messaging__duplicate_messages__post_duplicate_canvases.md,Duplicate Canvases using the API,This article outlines details about the Duplicate Canvases endpoint.,api/endpoints,https://www.braze.com/docs/api/endpoints/messaging/duplicate_messages/post_duplicate_canvases,2026-09-02,1951,1558,213,6,5,4,24,0,company-own (technical)
docs__api__endpoints__messaging__live_activity__start,docs__api__endpoints__messaging__live_activity__start.md,Start Live Activity,This article outlines details about the Start Live Activity endpoint.,api/endpoints,https://www.braze.com/docs/api/endpoints/messaging/live_activity/start,2026-09-02,8630,8295,1151,10,7,8,56,1,company-own (technical)
docs__api__endpoints__messaging__live_activity__update,docs__api__endpoints__messaging__live_activity__update.md,Update Live Activity,This article outlines details about the Update Live Activity endpoint.,api/endpoints,https://www.braze.com/docs/api/endpoints/messaging/live_activity/update,2026-09-02,6278,5939,889,9,6,8,40,1,company-own (technical)
docs__api__endpoints__messaging__schedule_messages__get_messages_scheduled,docs__api__endpoints__messaging__schedule_messages__get_messages_scheduled.md,List upcoming scheduled campaigns and Canvases,This article outlines details about the List upcoming scheduled campaigns and Canvases Braze endpoint.,api/endpoints,https://www.braze.com/docs/api/endpoints/messaging/schedule_messages/get_messages_scheduled,2026-09-02,2268,1831,261,6,5,4,12,1,company-own (technical)
docs__api__endpoints__messaging__schedule_messages__post_delete_scheduled_messages,docs__api__endpoints__messaging__schedule_messages__post_delete_scheduled_messages.md,Delete scheduled messages,This article outlines details about the Delete scheduled messages Braze endpoint.,api/endpoints,https://www.braze.com/docs/api/endpoints/messaging/schedule_messages/post_delete_scheduled_messages,2026-09-02,1635,1224,161,6,5,6,14,1,company-own (technical)
docs__api__endpoints__messaging__schedule_messages__post_delete_scheduled_triggered_canvases,docs__api__endpoints__messaging__schedule_messages__post_delete_scheduled_triggered_canvases.md,Delete scheduled API-triggered Canvases,This article outlines details about the Delete scheduled API-triggered Canvases Braze endpoint.,api/endpoints,https://www.braze.com/docs/api/endpoints/messaging/schedule_messages/post_delete_scheduled_triggered_canvases,2026-09-02,2146,1687,228,6,5,6,18,1,company-own (technical)
docs__api__endpoints__messaging__schedule_messages__post_delete_scheduled_triggered_messages,docs__api__endpoints__messaging__schedule_messages__post_delete_scheduled_triggered_messages.md,Delete scheduled API-triggered campaigns,This article outlines details about the Delete scheduled API-triggered campaigns Braze endpoint.,api/endpoints,https://www.braze.com/docs/api/endpoints/messaging/schedule_messages/post_delete_scheduled_triggered_messages,2026-09-02,2150,1689,226,6,5,6,18,1,company-own (technical)
docs__api__endpoints__messaging__schedule_messages__post_schedule_messages,docs__api__endpoints__messaging__schedule_messages__post_schedule_messages.md,Create scheduled messages,This article outlines details about the Create scheduled messages Braze endpoint.,api/endpoints,https://www.braze.com/docs/api/endpoints/messaging/schedule_messages/post_schedule_messages,2026-09-02,7093,6698,849,8,6,8,56,1,company-own (technical)
docs__api__endpoints__messaging__schedule_messages__post_schedule_triggered_campaigns,docs__api__endpoints__messaging__schedule_messages__post_schedule_triggered_campaigns.md,Schedule API-triggered campaigns,This article outlines details about the Schedule API-triggered campaigns Braze endpoint.,api/endpoints,https://www.braze.com/docs/api/endpoints/messaging/schedule_messages/post_schedule_triggered_campaigns,2026-09-02,5692,5261,687,8,6,8,40,1,company-own (technical)
docs__api__endpoints__messaging__schedule_messages__post_schedule_triggered_canvases,docs__api__endpoints__messaging__schedule_messages__post_schedule_triggered_canvases.md,Schedule API-triggered Canvases,This article outlines details about the Schedule API-triggered Canvases Braze endpoint.,api/endpoints,https://www.braze.com/docs/api/endpoints/messaging/schedule_messages/post_schedule_triggered_canvases,2026-09-02,6110,5683,773,8,6,8,36,1,company-own (technical)
docs__api__endpoints__messaging__schedule_messages__post_update_scheduled_messages,docs__api__endpoints__messaging__schedule_messages__post_update_scheduled_messages.md,Update scheduled messages,This article outlines details about the Update scheduled messages Braze endpoint.,api/endpoints,https://www.braze.com/docs/api/endpoints/messaging/schedule_messages/post_update_scheduled_messages,2026-09-02,2486,2075,261,6,5,6,22,1,company-own (technical)
docs__api__endpoints__messaging__schedule_messages__post_update_scheduled_triggered_campaigns,docs__api__endpoints__messaging__schedule_messages__post_update_scheduled_triggered_campaigns.md,Update scheduled API-triggered campaigns,This article outlines details about the Update scheduled API-triggered campaigns Braze endpoint.,api/endpoints,https://www.braze.com/docs/api/endpoints/messaging/schedule_messages/post_update_scheduled_triggered_campaigns,2026-09-02,3150,2687,382,6,5,6,22,1,company-own (technical)
docs__api__endpoints__messaging__schedule_messages__post_update_scheduled_triggered_canvases,docs__api__endpoints__messaging__schedule_messages__post_update_scheduled_triggered_canvases.md,Update scheduled API-triggered Canvases,This article outlines details about the Update scheduled API-triggered Canvases Braze endpoint.,api/endpoints,https://www.braze.com/docs/api/endpoints/messaging/schedule_messages/post_update_scheduled_triggered_canvases,2026-09-02,2988,2529,357,6,5,6,22,1,company-own (technical)
docs__api__endpoints__messaging__send_messages__post_create_send_ids,docs__api__endpoints__messaging__send_messages__post_create_send_ids.md,Create send IDs,This article outlines details about the Create send IDs Braze endpoint.,api/endpoints,https://www.braze.com/docs/api/endpoints/messaging/send_messages/post_create_send_ids,2026-09-02,2129,1766,235,8,6,8,20,1,company-own (technical)
docs__api__endpoints__messaging__send_messages__post_send_messages,docs__api__endpoints__messaging__send_messages__post_send_messages.md,Send messages immediately using the API only,This article outlines details about the Send messages immediately using API only Braze endpoint.,api/endpoints,https://www.braze.com/docs/api/endpoints/messaging/send_messages/post_send_messages,2026-09-02,8918,8505,1157,10,7,6,50,1,company-own (technical)
docs__api__endpoints__messaging__send_messages__post_send_transactional_message,docs__api__endpoints__messaging__send_messages__post_send_transactional_message.md,Send transactional emails using API-triggered delivery,This article outlines details about the Send transactional email messages using API-triggered delivery Braze endpoint.,api/endpoints,https://www.braze.com/docs/api/endpoints/messaging/send_messages/post_send_transactional_message,2026-09-02,14100,13629,1956,15,9,12,68,1,company-own (technical)
docs__api__endpoints__messaging__send_messages__post_send_triggered_campaigns,docs__api__endpoints__messaging__send_messages__post_send_triggered_campaigns.md,Send campaign messages using API-triggered delivery,This article outlines details about the Send campaigns using API-triggered delivery Braze endpoint.,api/endpoints,https://www.braze.com/docs/api/endpoints/messaging/send_messages/post_send_triggered_campaigns,2026-09-02,13932,13487,1954,13,7,6,38,2,company-own (technical)
docs__api__endpoints__messaging__send_messages__post_send_triggered_canvases,docs__api__endpoints__messaging__send_messages__post_send_triggered_canvases.md,Send Canvas messages using API-triggered delivery,This article outlines details about the Send Canvases using API-triggered delivery Braze endpoint.,api/endpoints,https://www.braze.com/docs/api/endpoints/messaging/send_messages/post_send_triggered_canvases,2026-09-02,10927,10487,1534,10,8,8,32,1,company-own (technical)
docs__api__endpoints__preference_center,docs__api__endpoints__preference_center.md,Preference Center Endpoints,This landing page lists the Braze preference center endpoints.,api/endpoints,https://www.braze.com/docs/api/endpoints/preference_center,2026-09-02,973,663,96,1,0,0,0,0,company-own (technical)
docs__api__endpoints__preference_center__get_create_url_preference_center,docs__api__endpoints__preference_center__get_create_url_preference_center.md,Generate preference center URL,This article outlines details about the Generate preference center URL Braze endpoint.,api/endpoints,https://www.braze.com/docs/api/endpoints/preference_center/get_create_url_preference_center,2026-09-02,1927,1523,192,7,6,4,28,2,company-own (technical)
docs__api__endpoints__preference_center__get_list_preference_center,docs__api__endpoints__preference_center__get_list_preference_center.md,List preference centers,This article outlines details about the List preference centers Braze endpoint.,api/endpoints,https://www.braze.com/docs/api/endpoints/preference_center/get_list_preference_center,2026-09-02,1907,1529,205,6,5,4,4,1,company-own (technical)
docs__api__endpoints__preference_center__get_view_details_preference_center,docs__api__endpoints__preference_center__get_view_details_preference_center.md,View details for preference center,This article outlines details about the View details for preference center Braze endpoint.,api/endpoints,https://www.braze.com/docs/api/endpoints/preference_center/get_view_details_preference_center,2026-09-02,1944,1528,178,7,6,4,12,1,company-own (technical)
docs__api__endpoints__preference_center__post_create_preference_center,docs__api__endpoints__preference_center__post_create_preference_center.md,Create preference center,This article outlines details about the Create a preference center Braze endpoint.,api/endpoints,https://www.braze.com/docs/api/endpoints/preference_center/post_create_preference_center,2026-09-02,11238,10850,1470,11,5,8,50,0,company-own (technical)
docs__api__endpoints__preference_center__put_update_preference_center,docs__api__endpoints__preference_center__put_update_preference_center.md,Update preference center,This article outlines details about the Update a preference center Braze endpoint.,api/endpoints,https://www.braze.com/docs/api/endpoints/preference_center/put_update_preference_center,2026-09-02,3431,3045,381,8,7,8,40,1,company-own (technical)
docs__api__endpoints__scim,docs__api__endpoints__scim.md,SCIM Endpoints,This landing page lists the Braze SCIM endpoints.,api/endpoints,https://www.braze.com/docs/api/endpoints/scim,2026-09-02,1930,1672,251,2,1,0,0,0,company-own (technical)
docs__api__endpoints__scim__delete_existing_dashboard_user,docs__api__endpoints__scim__delete_existing_dashboard_user.md,Remove dashboard user account,This article outlines details about the Remove a dashboard user account Braze endpoint.,api/endpoints,https://www.braze.com/docs/api/endpoints/scim/delete_existing_dashboard_user,2026-09-02,2499,2125,329,8,6,8,16,1,company-own (technical)
docs__api__endpoints__scim__get_search_existing_dashboard_user,docs__api__endpoints__scim__get_search_existing_dashboard_user.md,Search existing dashboard user account by email,This article outlines details about the Search for an existing dashboard user account by email Braze endpoint.,api/endpoints,https://www.braze.com/docs/api/endpoints/scim/get_search_existing_dashboard_user,2026-09-02,4857,4434,629,10,7,8,52,1,company-own (technical)
docs__api__endpoints__scim__get_see_user_account_information,docs__api__endpoints__scim__get_see_user_account_information.md,Look up an existing dashboard user account by resource ID,This article outlines details about the Look up an existing dashboard user account resource ID Braze endpoint.,api/endpoints,https://www.braze.com/docs/api/endpoints/scim/get_see_user_account_information,2026-09-02,4584,4155,579,9,7,8,43,1,company-own (technical)
docs__api__endpoints__scim__post_create_user_account,docs__api__endpoints__scim__post_create_user_account.md,Create new dashboard user account,This article outlines details about the Create new dashboard user account Braze endpoint.,api/endpoints,https://www.braze.com/docs/api/endpoints/scim/post_create_user_account,2026-09-02,6680,6312,787,9,7,10,58,1,company-own (technical)
docs__api__endpoints__scim__put_update_existing_user_account,docs__api__endpoints__scim__put_update_existing_user_account.md,Update dashboard user account,This article outlines details about the Update existing dashboard user account Braze endpoint.,api/endpoints,https://www.braze.com/docs/api/endpoints/scim/put_update_existing_user_account,2026-09-02,6094,5709,729,9,7,10,38,1,company-own (technical)
docs__api__endpoints__sdk_authentication,docs__api__endpoints__sdk_authentication.md,SDK Authentication Endpoints,This landing page lists the Braze SDK Authentication endpoints.,api/endpoints,https://www.braze.com/docs/api/endpoints/sdk_authentication,2026-09-02,716,402,53,1,0,0,0,0,company-own (technical)
docs__api__endpoints__sdk_authentication__delete_sdk_authentication_key,docs__api__endpoints__sdk_authentication__delete_sdk_authentication_key.md,Delete SDK Authentication key,This article outlines details about the Delete SDK Authentication key Braze endpoint.,api/endpoints,https://www.braze.com/docs/api/endpoints/sdk_authentication/delete_sdk_authentication_key,2026-09-02,2875,2477,322,9,7,8,38,1,company-own (technical)
docs__api__endpoints__sdk_authentication__get_sdk_authentication_keys,docs__api__endpoints__sdk_authentication__get_sdk_authentication_keys.md,List SDK Authentication keys,This article outlines details about the List SDK Authentication keys Braze endpoint.,api/endpoints,https://www.braze.com/docs/api/endpoints/sdk_authentication/get_sdk_authentication_keys,2026-09-02,2458,2066,255,8,6,4,30,1,company-own (technical)
docs__api__endpoints__sdk_authentication__post_create_sdk_authentication_key,docs__api__endpoints__sdk_authentication__post_create_sdk_authentication_key.md,Create SDK Authentication key,This article outlines details about the Create SDK Authentication key Braze endpoint.,api/endpoints,https://www.braze.com/docs/api/endpoints/sdk_authentication/post_create_sdk_authentication_key,2026-09-02,2700,2292,299,9,7,8,34,1,company-own (technical)
docs__api__endpoints__sdk_authentication__put_primary_sdk_authentication_key,docs__api__endpoints__sdk_authentication__put_primary_sdk_authentication_key.md,Set primary SDK Authentication key,This article outlines details about the Set primary SDK Authentication key Braze endpoint.,api/endpoints,https://www.braze.com/docs/api/endpoints/sdk_authentication/put_primary_sdk_authentication_key,2026-09-02,3026,2608,330,9,7,8,38,1,company-own (technical)
docs__api__endpoints__sms,docs__api__endpoints__sms.md,SMS Endpoints,This landing page lists the Braze SMS endpoints.,api/endpoints,https://www.braze.com/docs/api/endpoints/sms,2026-09-02,468,214,29,1,0,0,0,0,company-own (technical)
docs__api__endpoints__sms__get_query_invalid_numbers,docs__api__endpoints__sms__get_query_invalid_numbers.md,Query invalid phone numbers,This article outlines details about Query invalid phone numbers Braze endpoint.,api/endpoints,https://www.braze.com/docs/api/endpoints/sms/get_query_invalid_numbers,2026-09-02,3395,3043,446,6,5,4,32,1,company-own (technical)
docs__api__endpoints__sms__post_remove_invalid_numbers,docs__api__endpoints__sms__post_remove_invalid_numbers.md,Remove invalid phone numbers,This article outlines details about the Remove invalid phone numbers Braze endpoint.,api/endpoints,https://www.braze.com/docs/api/endpoints/sms/post_remove_invalid_numbers,2026-09-02,1632,1270,173,6,5,6,14,1,company-own (technical)
docs__api__endpoints__subscription_groups,docs__api__endpoints__subscription_groups.md,Subscription Groups Endpoints,This landing page explains and lists the Braze subscription groups endpoints for email and SMS.,api/endpoints,https://www.braze.com/docs/api/endpoints/subscription_groups,2026-09-02,857,508,69,1,0,0,0,0,company-own (technical)
docs__api__endpoints__subscription_groups__get_list_user_subscription_group_status,docs__api__endpoints__subscription_groups__get_list_user_subscription_group_status.md,List user’s subscription group status,This article outlines details about the List user's subscription group status Braze endpoint.,api/endpoints,https://www.braze.com/docs/api/endpoints/subscription_groups/get_list_user_subscription_group_status,2026-09-02,5092,4654,678,6,5,8,28,3,company-own (technical)
docs__api__endpoints__subscription_groups__get_list_user_subscription_groups,docs__api__endpoints__subscription_groups__get_list_user_subscription_groups.md,List user’s subscription groups,This article outlines details about the List user's subscription groups Braze endpoint.,api/endpoints,https://www.braze.com/docs/api/endpoints/subscription_groups/get_list_user_subscription_groups,2026-09-02,3864,3450,487,6,5,6,30,3,company-own (technical)
docs__api__endpoints__subscription_groups__post_update_user_subscription_group_status,docs__api__endpoints__subscription_groups__post_update_user_subscription_group_status.md,Update user’s subscription group status,This article outlines details about the Update user's subscription group status Braze endpoint.,api/endpoints,https://www.braze.com/docs/api/endpoints/subscription_groups/post_update_user_subscription_group_status,2026-09-02,9231,8783,1298,11,8,14,42,2,company-own (technical)
docs__api__endpoints__subscription_groups__post_update_user_subscription_group_status_v2,docs__api__endpoints__subscription_groups__post_update_user_subscription_group_status_v2.md,Update user’s subscription group status (V2),This article outlines details about the Update user's subscription group status Braze V2 endpoint.,api/endpoints,https://www.braze.com/docs/api/endpoints/subscription_groups/post_update_user_subscription_group_status_v2,2026-09-02,9233,8771,1289,10,8,10,38,3,company-own (technical)
docs__api__endpoints__templates,docs__api__endpoints__templates.md,Templates Endpoints,This landing page explains and lists the Braze templates endpoints for email and email Content Blocks.,api/endpoints,https://www.braze.com/docs/api/endpoints/templates,2026-09-02,1007,681,88,3,2,0,0,0,company-own (technical)
docs__api__endpoints__templates__content_blocks_templates__get_list_email_content_blocks,docs__api__endpoints__templates__content_blocks_templates__get_list_email_content_blocks.md,List available Content Blocks,This article outlines details about the List available Content Blocks Braze endpoint.,api/endpoints,https://www.braze.com/docs/api/endpoints/templates/content_blocks_templates/get_list_email_content_blocks,2026-09-02,3597,3166,466,7,6,4,42,1,company-own (technical)
docs__api__endpoints__templates__content_blocks_templates__get_see_email_content_blocks_information,docs__api__endpoints__templates__content_blocks_templates__get_see_email_content_blocks_information.md,See Content Block information,This article outlines details about the See Content Blocks information Braze endpoint.,api/endpoints,https://www.braze.com/docs/api/endpoints/templates/content_blocks_templates/get_see_email_content_blocks_information,2026-09-02,3293,2839,397,7,6,4,26,1,company-own (technical)
docs__api__endpoints__templates__content_blocks_templates__post_create_email_content_block,docs__api__endpoints__templates__content_blocks_templates__post_create_email_content_block.md,Create Content Block,This article outlines details about the Create Content Blocks Braze endpoint.,api/endpoints,https://www.braze.com/docs/api/endpoints/templates/content_blocks_templates/post_create_email_content_block,2026-09-02,4730,4312,570,8,7,8,83,1,company-own (technical)
docs__api__endpoints__templates__content_blocks_templates__post_update_content_block,docs__api__endpoints__templates__content_blocks_templates__post_update_content_block.md,Update Content Block,This article outlines details about the Update Content Blocks Braze endpoint.,api/endpoints,https://www.braze.com/docs/api/endpoints/templates/content_blocks_templates/post_update_content_block,2026-09-02,4977,4571,616,8,7,8,74,1,company-own (technical)
docs__api__endpoints__templates__email_templates__get_list_email_templates,docs__api__endpoints__templates__email_templates__get_list_email_templates.md,List available email templates,This article outlines details about the List available email templates Braze endpoint.,api/endpoints,https://www.braze.com/docs/api/endpoints/templates/email_templates/get_list_email_templates,2026-09-02,2356,1951,280,6,5,4,24,1,company-own (technical)
docs__api__endpoints__templates__email_templates__get_see_email_template_information,docs__api__endpoints__templates__email_templates__get_see_email_template_information.md,See email template information,This article outlines details about the See email template Braze endpoint.,api/endpoints,https://www.braze.com/docs/api/endpoints/templates/email_templates/get_see_email_template_information,2026-09-02,2259,1846,258,6,5,4,12,1,company-own (technical)
docs__api__endpoints__templates__email_templates__post_create_email_template,docs__api__endpoints__templates__email_templates__post_create_email_template.md,Create email template,This article outlines details about the Create email templates Braze endpoint.,api/endpoints,https://www.braze.com/docs/api/endpoints/templates/email_templates/post_create_email_template,2026-09-02,4492,4100,568,8,7,8,54,3,company-own (technical)
docs__api__endpoints__templates__email_templates__post_update_email_template,docs__api__endpoints__templates__email_templates__post_update_email_template.md,Update existing email templates,This article outlines details about the Update email template Braze endpoint.,api/endpoints,https://www.braze.com/docs/api/endpoints/templates/email_templates/post_update_email_template,2026-09-02,4569,4168,572,7,6,6,54,3,company-own (technical)
docs__api__endpoints__translations,docs__api__endpoints__translations.md,Translation Endpoints,This landing page lists the Braze translation endpoints.,api/endpoints,https://www.braze.com/docs/api/endpoints/translations,2026-09-02,2353,2065,273,9,6,0,0,0,company-own (technical)
docs__api__endpoints__translations__campaigns__get_source_campaign,docs__api__endpoints__translations__campaigns__get_source_campaign.md,View default source values for a campaign’s translation tags,This article outlines details about the campaign translation source endpoint.,api/endpoints,https://www.braze.com/docs/api/endpoints/translations/campaigns/get_source_campaign,2026-09-02,2676,2264,292,8,5,6,26,1,company-own (technical)
docs__api__endpoints__translations__campaigns__get_translation_campaign,docs__api__endpoints__translations__campaigns__get_translation_campaign.md,View all translations for a campaign,This article outlines details about the View all translations for a campaign endpoint.,api/endpoints,https://www.braze.com/docs/api/endpoints/translations/campaigns/get_translation_campaign,2026-09-02,2940,2535,329,8,5,6,26,1,company-own (technical)
docs__api__endpoints__translations__campaigns__put_update_translation_campaign,docs__api__endpoints__translations__campaigns__put_update_translation_campaign.md,Update translation in a campaign,This article outlines details about the Update translation in a campaign endpoint.,api/endpoints,https://www.braze.com/docs/api/endpoints/translations/campaigns/put_update_translation_campaign,2026-09-02,2339,1928,252,9,6,6,26,0,company-own (technical)
docs__api__endpoints__translations__canvas__get_source_canvas,docs__api__endpoints__translations__canvas__get_source_canvas.md,View default source values for a canvas’s translation tags,This article outlines details about the Canvas translation source endpoint.,api/endpoints,https://www.braze.com/docs/api/endpoints/translations/canvas/get_source_canvas,2026-09-02,2721,2323,302,8,5,6,30,1,company-own (technical)
docs__api__endpoints__translations__canvas__get_translation_canvas,docs__api__endpoints__translations__canvas__get_translation_canvas.md,View translation for a Canvas,This article outlines details about the View translation for a Canvas endpoint.,api/endpoints,https://www.braze.com/docs/api/endpoints/translations/canvas/get_translation_canvas,2026-09-02,2723,2342,306,8,5,6,30,1,company-own (technical)
docs__api__endpoints__translations__canvas__put_update_translation_canvas,docs__api__endpoints__translations__canvas__put_update_translation_canvas.md,Update translation in a Canvas,This article outlines details about the Update translation in a Canvas endpoint.,api/endpoints,https://www.braze.com/docs/api/endpoints/translations/canvas/put_update_translation_canvas,2026-09-02,2433,2036,268,9,6,6,30,0,company-own (technical)
docs__api__endpoints__translations__content_blocks__get_source_content_block,docs__api__endpoints__translations__content_blocks__get_source_content_block.md,View default source values for a Content Block’s translation tags,This article outlines details about the Content Block translation source endpoint.,api/endpoints,https://www.braze.com/docs/api/endpoints/translations/content_blocks/get_source_content_block,2026-09-02,2391,1949,257,8,5,6,18,1,company-own (technical)
docs__api__endpoints__translations__content_blocks__get_translation_content_block,docs__api__endpoints__translations__content_blocks__get_translation_content_block.md,View all translations for a Content Block,This article outlines details about the View all translations for a Content Block endpoint.,api/endpoints,https://www.braze.com/docs/api/endpoints/translations/content_blocks/get_translation_content_block,2026-09-02,2626,2191,290,8,5,6,18,1,company-own (technical)
docs__api__endpoints__translations__content_blocks__put_update_translation_content_block,docs__api__endpoints__translations__content_blocks__put_update_translation_content_block.md,Update translation in a Content Block,This article outlines details about the Update translation in a Content Block endpoint.,api/endpoints,https://www.braze.com/docs/api/endpoints/translations/content_blocks/put_update_translation_content_block,2026-09-02,2124,1683,216,9,6,6,22,0,company-own (technical)
docs__api__endpoints__translations__email_templates__get_view_source_template,docs__api__endpoints__translations__email_templates__get_view_source_template.md,View the source translations for an email template,This article outlines details about the View source translations for an email template endpoint.,api/endpoints,https://www.braze.com/docs/api/endpoints/translations/email_templates/get_view_source_template,2026-09-02,2119,1678,229,8,5,6,14,1,company-own (technical)
docs__api__endpoints__translations__email_templates__get_view_translation_locale_template,docs__api__endpoints__translations__email_templates__get_view_translation_locale_template.md,View a specific translation and locale for email template endpoint,This article outlines details about the View specific translation and locale for email template endpoint.,api/endpoints,https://www.braze.com/docs/api/endpoints/translations/email_templates/get_view_translation_locale_template,2026-09-02,2466,1976,268,8,5,6,18,1,company-own (technical)
docs__api__endpoints__translations__email_templates__get_view_translation_template,docs__api__endpoints__translations__email_templates__get_view_translation_template.md,View all translations and locales for an email template,This article outlines details about the View all translations and locales for Email Template endpoint.,api/endpoints,https://www.braze.com/docs/api/endpoints/translations/email_templates/get_view_translation_template,2026-09-02,2679,2217,302,8,5,6,14,1,company-own (technical)
docs__api__endpoints__translations__email_templates__put_update_template,docs__api__endpoints__translations__email_templates__put_update_template.md,Update translations for an email template,This article outlines details about the Update translations for an email template endpoint.,api/endpoints,https://www.braze.com/docs/api/endpoints/translations/email_templates/put_update_template,2026-09-02,2239,1822,239,9,6,6,22,0,company-own (technical)
docs__api__endpoints__translations__webhook_templates__get_view_source_webhook_template,docs__api__endpoints__translations__webhook_templates__get_view_source_webhook_template.md,View source translations for a webhook template,This article outlines details about the endpoint for viewing source translations for a webhook template.,api/endpoints,https://www.braze.com/docs/api/endpoints/translations/webhook_templates/get_view_source_webhook_template,2026-09-02,1961,1495,196,8,5,6,14,1,company-own (technical)
docs__api__endpoints__translations__webhook_templates__get_view_translations_webhook_template,docs__api__endpoints__translations__webhook_templates__get_view_translations_webhook_template.md,View translations for a webhook template,This article outlines details about the endpoint for viewing translations for a webhook template.,api/endpoints,https://www.braze.com/docs/api/endpoints/translations/webhook_templates/get_view_translations_webhook_template,2026-09-02,2693,2229,297,8,5,6,18,1,company-own (technical)
docs__api__endpoints__translations__webhook_templates__put_update_webhook_template,docs__api__endpoints__translations__webhook_templates__put_update_webhook_template.md,Update translations for a webhook template,This article outlines details about the endpoint for updating translations for a webhook template.,api/endpoints,https://www.braze.com/docs/api/endpoints/translations/webhook_templates/put_update_webhook_template,2026-09-02,2203,1758,224,9,6,6,22,1,company-own (technical)
docs__api__endpoints__user_data,docs__api__endpoints__user_data.md,User Data Endpoints,This landing page lists the Braze user data endpoints.,api/endpoints,https://www.braze.com/docs/api/endpoints/user_data,2026-09-02,1362,1084,177,3,2,0,0,1,company-own (technical)
docs__api__endpoints__user_data__external_id_migration,docs__api__endpoints__user_data__external_id_migration.md,External ID Migration,This landing page explains and lists the Braze external ID migration feature.,api/endpoints,https://www.braze.com/docs/api/endpoints/user_data/external_id_migration,2026-09-02,1000,652,101,2,1,0,0,0,company-own (technical)
docs__api__endpoints__user_data__external_id_migration__post_external_ids_remove,docs__api__endpoints__user_data__external_id_migration__post_external_ids_remove.md,Remove external ID,This article outlines details about the Remove external IDs endpoint.,api/endpoints,https://www.braze.com/docs/api/endpoints/user_data/external_id_migration/post_external_ids_remove,2026-09-02,2712,2324,321,7,5,8,16,1,company-own (technical)
docs__api__endpoints__user_data__external_id_migration__post_external_ids_rename,docs__api__endpoints__user_data__external_id_migration__post_external_ids_rename.md,Rename external ID,This article outlines details about the Rename external IDs endpoint.,api/endpoints,https://www.braze.com/docs/api/endpoints/user_data/external_id_migration/post_external_ids_rename,2026-09-02,9437,9049,1380,18,11,8,16,1,company-own (technical)
docs__api__endpoints__user_data__post_user_alias,docs__api__endpoints__user_data__post_user_alias.md,Create new user alias,This article outlines details about the Create new user alias Braze endpoint.,api/endpoints,https://www.braze.com/docs/api/endpoints/user_data/post_user_alias,2026-09-02,5702,5366,813,11,7,12,20,1,company-own (technical)
docs__api__endpoints__user_data__post_user_delete,docs__api__endpoints__user_data__post_user_delete.md,Delete users,This article outlines details about the Delete users Braze endpoint.,api/endpoints,https://www.braze.com/docs/api/endpoints/user_data/post_user_delete,2026-09-02,6103,5783,818,12,7,8,32,1,company-own (technical)
docs__api__endpoints__user_data__post_user_identify,docs__api__endpoints__user_data__post_user_identify.md,Identify users,This article outlines details about the Identify users Braze endpoint.,api/endpoints,https://www.braze.com/docs/api/endpoints/user_data/post_user_identify,2026-09-02,8447,8119,1176,12,6,8,24,1,company-own (technical)
docs__api__endpoints__user_data__post_user_track,docs__api__endpoints__user_data__post_user_track.md,Create and update users,This article outlines details about the Track user Braze endpoint.,api/endpoints,https://www.braze.com/docs/api/endpoints/user_data/post_user_track,2026-09-02,21806,21479,3143,31,8,18,85,4,company-own (technical)
docs__api__endpoints__user_data__post_user_track_bulk,docs__api__endpoints__user_data__post_user_track_bulk.md,Create and update users (bulk),This article outlines details about the bulk Track users endpoint.,api/endpoints,https://www.braze.com/docs/api/endpoints/user_data/post_user_track_bulk,2026-09-02,7194,6850,974,18,7,14,30,2,company-own (technical)
docs__api__endpoints__user_data__post_user_track_synchronous,docs__api__endpoints__user_data__post_user_track_synchronous.md,Create and update users (synchronous),This article outlines details about the synchronous Track user Braze endpoint.,api/endpoints,https://www.braze.com/docs/api/endpoints/user_data/post_user_track_synchronous,2026-09-02,9799,9422,1345,24,7,20,36,3,company-own (technical)
docs__api__endpoints__user_data__post_users_alias_update,docs__api__endpoints__user_data__post_users_alias_update.md,Update user alias,This article outlines details about the Update user aliases Braze endpoint.,api/endpoints,https://www.braze.com/docs/api/endpoints/user_data/post_users_alias_update,2026-09-02,2483,2137,275,7,4,8,16,1,company-own (technical)
docs__api__endpoints__user_data__post_users_merge,docs__api__endpoints__user_data__post_users_merge.md,Merge users,This article outlines details about the Merge users Braze endpoint.,api/endpoints,https://www.braze.com/docs/api/endpoints/user_data/post_users_merge,2026-09-02,10745,10427,1439,19,7,16,34,4,company-own (technical)
docs__api__errors,docs__api__errors.md,API errors and responses,This reference article covers the various errors and server responses that can come up while using the Braze API and how to troubleshoot them.,api/errors,https://www.braze.com/docs/api/errors,2026-09-02,9537,9196,1446,7,3,8,56,2,company-own (technical)
docs__api__home,docs__api__home.md,Braze API Guide,"Browse Braze REST API endpoints by type, with links to authentication, rate limits, and object reference documentation.",api/home,https://www.braze.com/docs/api/home,2026-09-02,12882,12579,1736,1,0,0,0,0,company-own (technical)
docs__api__identifier_types,docs__api__identifier_types.md,API identifier types,"This reference article covers the different types of API identifiers that exist in the Braze dashboard, where you can find them, and what they are....",api/identifier_types,https://www.braze.com/docs/api/identifier_types,2026-09-02,8986,8611,1431,23,7,2,2,0,company-own (technical)
docs__api__network_connectivity_issues,docs__api__network_connectivity_issues.md,API network connectivity issues,This reference article touches on API connectivity issues and how to troubleshoot them.,api/network_connectivity_issues,https://www.braze.com/docs/api/network_connectivity_issues,2026-09-02,2416,2060,347,2,1,0,0,0,company-own (technical)
docs__api__objects_filters,docs__api__objects_filters.md,Objects and filters,This landing page lists the Braze API objects and filters used in your Braze API calls.,api/objects_filters,https://www.braze.com/docs/api/objects_filters,2026-09-02,932,624,78,3,1,0,0,0,company-own (technical)
docs__api__objects_filters__aliases_to_identify,docs__api__objects_filters__aliases_to_identify.md,Aliases to identify object,This article explains aliases to identify object specification.,api/objects_filters,https://www.braze.com/docs/api/objects_filters/aliases_to_identify,2026-09-02,1262,930,141,2,1,2,2,0,company-own (technical)
docs__api__objects_filters__catalog_selection_object,docs__api__objects_filters__catalog_selection_object.md,Catalog selection object,This reference article explains the different components of the catalog selection object.,api/objects_filters,https://www.braze.com/docs/api/objects_filters/catalog_selection_object,2026-09-02,3334,2968,412,4,2,2,54,0,company-own (technical)
docs__api__objects_filters__connected_audience,docs__api__objects_filters__connected_audience.md,Connected audience object,"This article explains the connected audience object, including how it works, use cases, and the different filters that create it.",api/objects_filters,https://www.braze.com/docs/api/objects_filters/connected_audience,2026-09-02,11284,10889,1432,23,5,24,56,1,company-own (technical)
docs__api__objects_filters__context_object,docs__api__objects_filters__context_object.md,Canvas context object,This article explains the Braze Canvas context object.,api/objects_filters,https://www.braze.com/docs/api/objects_filters/context_object,2026-09-02,1014,706,104,2,1,2,2,0,company-own (technical)
docs__api__objects_filters__event_object,docs__api__objects_filters__event_object.md,Event object,"This reference article goes over the event object, what it is, and how it's a crucial part of event-based campaign strategies.",api/objects_filters,https://www.braze.com/docs/api/objects_filters/event_object,2026-09-02,6342,5975,931,9,3,4,18,1,company-own (technical)
docs__api__objects_filters__messaging__android_object,docs__api__objects_filters__messaging__android_object.md,Android object,This reference article lists and explains the different Android objects used at Braze.,api/objects_filters,https://www.braze.com/docs/api/objects_filters/messaging/android_object,2026-09-02,6217,5863,854,7,3,10,24,0,company-own (technical)
docs__api__objects_filters__messaging__apple_object,docs__api__objects_filters__messaging__apple_object.md,Apple push object,This reference article lists and explains the different Apple objects used at Braze.,api/objects_filters,https://www.braze.com/docs/api/objects_filters/messaging/apple_object,2026-09-02,7642,7291,1060,7,2,10,42,0,company-own (technical)
docs__api__objects_filters__messaging__content_cards_object,docs__api__objects_filters__messaging__content_cards_object.md,Content Card object,This reference article explains the different components of the Braze Content Card object.,api/objects_filters,https://www.braze.com/docs/api/objects_filters/messaging/content_cards_object,2026-09-02,2269,1894,272,1,0,2,2,0,company-own (technical)
docs__api__objects_filters__messaging__email_object,docs__api__objects_filters__messaging__email_object.md,Email object,This reference article explains the different components of the Braze email object.,api/objects_filters,https://www.braze.com/docs/api/objects_filters/messaging/email_object,2026-09-02,6333,5988,870,5,4,6,6,2,company-own (technical)
docs__api__objects_filters__messaging__kindle_and_fireos_object,docs__api__objects_filters__messaging__kindle_and_fireos_object.md,Kindle and FireOS push object,This reference article explains the different components of the Braze Kindle and FireOS push object.,api/objects_filters,https://www.braze.com/docs/api/objects_filters/messaging/kindle_and_fireos_object,2026-09-02,1634,1231,182,1,0,2,2,0,company-own (technical)
docs__api__objects_filters__messaging__sms_object,docs__api__objects_filters__messaging__sms_object.md,SMS object,This reference article explains the different components of the Braze SMS object.,api/objects_filters,https://www.braze.com/docs/api/objects_filters/messaging/sms_object,2026-09-02,1432,1095,158,1,0,2,2,0,company-own (technical)
docs__api__objects_filters__messaging__web_objects,docs__api__objects_filters__messaging__web_objects.md,Web push object,This reference article lists and explains the different web objects used at Braze.,api/objects_filters,https://www.braze.com/docs/api/objects_filters/messaging/web_objects,2026-09-02,2180,1835,266,3,2,4,4,1,company-own (technical)
docs__api__objects_filters__messaging__webhook_object,docs__api__objects_filters__messaging__webhook_object.md,Webhook object,This reference article outlines the Braze webhook object.,api/objects_filters,https://www.braze.com/docs/api/objects_filters/messaging/webhook_object,2026-09-02,1256,931,138,1,0,2,2,0,company-own (technical)
docs__api__objects_filters__messaging__whats_app_object,docs__api__objects_filters__messaging__whats_app_object.md,WhatsApp object,This reference article explains the different components of the Braze WhatsApp object.,api/objects_filters,https://www.braze.com/docs/api/objects_filters/messaging/whats_app_object,2026-09-02,9684,9325,1233,27,1,44,49,2,company-own (technical)
docs__api__objects_filters__purchase_object,docs__api__objects_filters__purchase_object.md,Purchase object,"This reference article explains the different components of a purchase object, how to use it correctly, and examples to draw from.",api/objects_filters,https://www.braze.com/docs/api/objects_filters/purchase_object,2026-09-02,9299,8919,1312,11,3,6,20,2,company-own (technical)
docs__api__objects_filters__recipient_object,docs__api__objects_filters__recipient_object.md,Recipients object,This reference article explains the different components of the Braze recipients object.,api/objects_filters,https://www.braze.com/docs/api/objects_filters/recipient_object,2026-09-02,3632,3290,473,3,2,4,4,0,company-own (technical)
docs__api__objects_filters__schedule_object,docs__api__objects_filters__schedule_object.md,Schedule object,This reference article lists and explains the different scheduling object used at Braze.,api/objects_filters,https://www.braze.com/docs/api/objects_filters/schedule_object,2026-09-02,2168,1830,292,3,2,4,4,0,company-own (technical)
docs__api__objects_filters__scim_api_appendix,docs__api__objects_filters__scim_api_appendix.md,SCIM API objects and appendix,This article explains the different SCIM API objects and appendix.,api/objects_filters,https://www.braze.com/docs/api/objects_filters/scim_api_appendix,2026-09-02,19643,19309,2005,22,7,4,606,0,company-own (technical)
docs__api__objects_filters__trigger_properties_object,docs__api__objects_filters__trigger_properties_object.md,Trigger properties object,This reference article explains the different components of the trigger properties object.,api/objects_filters,https://www.braze.com/docs/api/objects_filters/trigger_properties_object,2026-09-02,2173,1803,232,3,2,2,2,0,company-own (technical)
docs__api__objects_filters__user_alias_object,docs__api__objects_filters__user_alias_object.md,User alias object,This reference article explains the different components of the user alias object.,api/objects_filters,https://www.braze.com/docs/api/objects_filters/user_alias_object,2026-09-02,2380,2042,295,4,1,6,18,0,company-own (technical)
docs__api__objects_filters__user_attributes_object,docs__api__objects_filters__user_attributes_object.md,User attributes object,This reference article explains the different components of the user attributes object.,api/objects_filters,https://www.braze.com/docs/api/objects_filters/user_attributes_object,2026-09-02,25928,25570,3809,17,3,10,88,4,company-own (technical)
docs__api__postman_collection,docs__api__postman_collection.md,Postman and sample requests,"This reference article covers the Braze Postman Collection, what it is, how to set up and use the collection, as well as how to edit...",api/postman_collection,https://www.braze.com/docs/api/postman_collection,2026-09-02,4122,3749,626,8,2,0,0,0,company-own (technical)
docs__api__use_cases,docs__api__use_cases.md,API use cases,"Whether you’re a proficient developer or a marketer with minimal developer resources, this reference article is designed to help you understand how to leverage the...",api/use_cases,https://www.braze.com/docs/api/use_cases,2026-09-02,13623,13258,1868,9,8,28,29,5,company-own (technical)
docs__developer_guide__analytics,docs__developer_guide__analytics.md,Analytics,"Learn about the Braze SDK's analytics, so you can better understand which data Braze collects, the difference between custom events and custom attributes, and best...",developer_guide/analytics,https://www.braze.com/docs/developer_guide/analytics,2026-09-02,24792,24397,3836,29,6,4,169,0,company-own (technical)
docs__developer_guide__analytics__logging_ecommerce_events,docs__developer_guide__analytics__logging_ecommerce_events.md,Log eCommerce events,"Learn how to log eCommerce recommended events through the Braze Android, Swift, and Web SDKs using typed event classes and logEcommerceEvent.",developer_guide/analytics,https://www.braze.com/docs/developer_guide/analytics/logging_ecommerce_events,2026-09-02,39821,39389,4873,11,5,56,559,51,company-own (technical)
docs__developer_guide__analytics__logging_events,docs__developer_guide__analytics__logging_events.md,Log custom events,Learn how to log custom events through the Braze SDK.,developer_guide/analytics,https://www.braze.com/docs/developer_guide/analytics/logging_events,2026-09-02,10413,10092,1348,11,4,48,48,0,company-own (technical)
docs__developer_guide__analytics__logging_purchases,docs__developer_guide__analytics__logging_purchases.md,Log purchases,Learn how to log purchases through the Braze SDK.,developer_guide/analytics,https://www.braze.com/docs/developer_guide/analytics/logging_purchases,2026-09-02,7948,7629,1030,8,4,42,42,0,company-own (technical)
docs__developer_guide__analytics__managing_data_collection,docs__developer_guide__analytics__managing_data_collection.md,Manage data collection,Learn how to manage data collection for the Braze SDK.,developer_guide/analytics,https://www.braze.com/docs/developer_guide/analytics/managing_data_collection,2026-09-02,35419,35072,5088,68,26,52,139,0,company-own (technical)
docs__developer_guide__analytics__setting_user_attributes,docs__developer_guide__analytics__setting_user_attributes.md,Set user attributes,Learn how to set user attributes through the Braze SDK.,developer_guide/analytics,https://www.braze.com/docs/developer_guide/analytics/setting_user_attributes,2026-09-02,42943,42600,5008,76,25,252,303,0,company-own (technical)
docs__developer_guide__analytics__setting_user_ids,docs__developer_guide__analytics__setting_user_ids.md,Set user IDs,Learn how to set user IDs through the Braze SDK.,developer_guide/analytics,https://www.braze.com/docs/developer_guide/analytics/setting_user_ids,2026-09-02,9126,8811,1288,9,4,36,44,0,company-own (technical)
docs__developer_guide__analytics__tracking_location,docs__developer_guide__analytics__tracking_location.md,Track location,Learn how to track location through the Braze SDK.,developer_guide/analytics,https://www.braze.com/docs/developer_guide/analytics/tracking_location,2026-09-02,10891,10570,1277,15,11,36,42,0,company-own (technical)
docs__developer_guide__analytics__tracking_sessions,docs__developer_guide__analytics__tracking_sessions.md,Track sessions,Learn how to track sessions through the Braze SDK.,developer_guide/analytics,https://www.braze.com/docs/developer_guide/analytics/tracking_sessions,2026-09-02,13208,12887,1892,14,5,20,20,0,company-own (technical)
docs__developer_guide__analytics__tracking_uninstalls,docs__developer_guide__analytics__tracking_uninstalls.md,Track uninstalls,Learn how to track uninstalls through the Braze SDK.,developer_guide/analytics,https://www.braze.com/docs/developer_guide/analytics/tracking_uninstalls,2026-09-02,3324,2995,443,11,2,0,0,0,company-own (technical)
docs__developer_guide__banners,docs__developer_guide__banners.md,Banners,This reference article provides an overview of the Braze Banner channel and common use cases.,developer_guide/banners,https://www.braze.com/docs/developer_guide/banners,2026-09-02,9245,8931,1383,14,6,0,10,0,company-own (technical)
docs__developer_guide__banners__migrating_from_content_cards,docs__developer_guide__banners__migrating_from_content_cards.md,Migrate from Content Cards to Banners,"Learn how to migrate from Content Cards to Banners, including code examples for all supported SDKs, limitations, and benefits.",developer_guide/banners,https://www.braze.com/docs/developer_guide/banners/migrating_from_content_cards,2026-09-02,22523,22087,2713,30,6,100,181,0,company-own (technical)
docs__developer_guide__banners__placements,docs__developer_guide__banners__placements.md,Manage Banner placements,"Learn how to create and manage Banner placements in the Braze SDK, including accessing their unique properties and logging impressions.",developer_guide/banners,https://www.braze.com/docs/developer_guide/banners/placements,2026-09-02,38960,38564,5166,29,7,142,142,0,company-own (technical)
docs__developer_guide__banners__tutorial_displaying_banners,docs__developer_guide__banners__tutorial_displaying_banners.md,Tutorial: Displaying a Banner by Placement ID,New to Banners in the Braze SDK? Start with this tutorial on displaying Banners by placement ID.,developer_guide/banners,https://www.braze.com/docs/developer_guide/banners/tutorial_displaying_banners,2026-09-02,6240,5828,836,28,6,11,0,0,company-own (technical)
docs__developer_guide__changelogs,docs__developer_guide__changelogs.md,Braze SDK changelogs,This reference page includes the changelogs for each Braze SDK and a link to the changelog in their public GitHub repository.,developer_guide/changelogs,https://www.braze.com/docs/developer_guide/changelogs,2026-09-02,520145,519777,73913,2273,815,115,111,61,company-own (technical)
docs__developer_guide__content_cards,docs__developer_guide__content_cards.md,Content Cards,"Learn how to implement Content Cards with the Braze SDK, including data models, card types, and customization options for your mobile and web apps.",developer_guide/content_cards,https://www.braze.com/docs/developer_guide/content_cards,2026-09-02,47686,47294,6965,79,39,30,390,0,company-own (technical)
docs__developer_guide__content_cards__content_card_inbox,docs__developer_guide__content_cards__content_card_inbox.md,Tutorial: Making an Inbox with Content Cards,,developer_guide/content_cards,https://www.braze.com/docs/developer_guide/content_cards/content_card_inbox,2026-09-02,6900,6585,994,28,7,10,0,0,company-own (technical)
docs__developer_guide__content_cards__creating_cards,docs__developer_guide__content_cards__creating_cards.md,Create Content Cards,This article covers components of creating a custom Content Card UI.,developer_guide/content_cards,https://www.braze.com/docs/developer_guide/content_cards/creating_cards,2026-09-02,15647,15296,2045,19,2,32,58,0,company-own (technical)
docs__developer_guide__content_cards__customizing_cards,docs__developer_guide__content_cards__customizing_cards.md,Customizing Content Cards,Learn about customizing Content Cards for the Braze SDK.,developer_guide/content_cards,https://www.braze.com/docs/developer_guide/content_cards/customizing_cards,2026-09-02,707,357,48,2,1,0,0,0,company-own (technical)
docs__developer_guide__content_cards__customizing_cards__behavior,docs__developer_guide__content_cards__customizing_cards__behavior.md,Customize the behavior of Content Cards,"This implementation guide discusses changing the behavior of Content Cards, adding extras such as key-value pairs to your payload, and recipes for common customizations.",developer_guide/content_cards,https://www.braze.com/docs/developer_guide/content_cards/customizing_cards/behavior,2026-09-02,6145,5649,846,7,4,14,14,0,company-own (technical)
docs__developer_guide__content_cards__customizing_cards__feed,docs__developer_guide__content_cards__customizing_cards__feed.md,Customize the feed for Content Cards,This article covers Content Card feed customization options.,developer_guide/content_cards,https://www.braze.com/docs/developer_guide/content_cards/customizing_cards/feed,2026-09-02,23619,23243,3265,16,5,50,50,0,company-own (technical)
docs__developer_guide__content_cards__customizing_cards__style,docs__developer_guide__content_cards__customizing_cards__style.md,Customize the style of Content Cards,This article covers styling options for your Content Cards.,developer_guide/content_cards,https://www.braze.com/docs/developer_guide/content_cards/customizing_cards/style,2026-09-02,18596,18219,2403,8,2,62,62,0,company-own (technical)
docs__developer_guide__content_cards__deep_linking,docs__developer_guide__content_cards__deep_linking.md,Deep Linking in Content Cards,Learn how deep link within a Content Card using the Braze SDK.,developer_guide/content_cards,https://www.braze.com/docs/developer_guide/content_cards/deep_linking,2026-09-02,21910,21560,2983,22,13,52,54,1,company-own (technical)
docs__developer_guide__content_cards__embedding_gifs,docs__developer_guide__content_cards__embedding_gifs.md,Embed GIFs in Content Cards,Learn how to embed GIFs into Content Cards using the Braze SDK.,developer_guide/content_cards,https://www.braze.com/docs/developer_guide/content_cards/embedding_gifs,2026-09-02,12499,12146,1587,14,5,18,18,1,company-own (technical)
docs__developer_guide__content_cards__logging_analytics,docs__developer_guide__content_cards__logging_analytics.md,Log analytics,"This article covers how to manually log impressions, clicks, dismissals, and handle on-click behavior for your customized Content Cards.",developer_guide/content_cards,https://www.braze.com/docs/developer_guide/content_cards/logging_analytics,2026-09-02,18207,17789,2372,16,6,56,62,0,company-own (technical)
docs__developer_guide__disclosures,docs__developer_guide__disclosures.md,Disclosures,This landing page is home to disclosures and qualifications of Braze.,developer_guide/disclosures,https://www.braze.com/docs/developer_guide/disclosures,2026-09-02,609,303,30,2,1,0,0,0,company-own (technical)
docs__developer_guide__disclosures__open_source_software_disclosure,docs__developer_guide__disclosures__open_source_software_disclosure.md,Open source software disclosure for the Braze services,This reference article is home to the open source software disclosure for the Braze Services.,developer_guide/disclosures,https://www.braze.com/docs/developer_guide/disclosures/open_source_software_disclosure,2026-09-02,3019,2581,412,3,2,0,0,0,company-own (technical)
docs__developer_guide__disclosures__security_and_vulnerability_disclosure,docs__developer_guide__disclosures__security_and_vulnerability_disclosure.md,Security vulnerability disclosure policies,This reference article describes Braze's security vulnerability disclosure policies.,developer_guide/disclosures,https://www.braze.com/docs/developer_guide/disclosures/security_and_vulnerability_disclosure,2026-09-02,1183,754,119,1,0,0,0,0,company-own (technical)
docs__developer_guide__disclosures__security_qualifications,docs__developer_guide__disclosures__security_qualifications.md,Security qualifications,This reference article lists and describes Braze's security qualifications.,developer_guide/disclosures,https://www.braze.com/docs/developer_guide/disclosures/security_qualifications,2026-09-02,2716,2343,337,5,4,0,0,0,company-own (technical)
docs__developer_guide__feature_flags,docs__developer_guide__feature_flags.md,Feature flags,This reference article covers an overview of feature flags including prerequisites and use cases.,developer_guide/feature_flags,https://www.braze.com/docs/developer_guide/feature_flags,2026-09-02,15261,14919,2158,9,3,28,40,0,company-own (technical)
docs__developer_guide__feature_flags__create,docs__developer_guide__feature_flags__create.md,Create feature flags,This reference article covers how to create feature flags to coordinate new feature rollouts.,developer_guide/feature_flags,https://www.braze.com/docs/developer_guide/feature_flags/create,2026-09-02,30690,30330,3963,33,8,112,160,1,company-own (technical)
docs__developer_guide__feature_flags__experiments,docs__developer_guide__feature_flags__experiments.md,Feature flag experiments,Feature flag experiments let you A/B test changes to your applications to optimize conversion rates.,developer_guide/feature_flags,https://www.braze.com/docs/developer_guide/feature_flags/experiments,2026-09-02,4930,4549,668,13,3,6,6,0,company-own (technical)
docs__developer_guide__feature_flags__faq,docs__developer_guide__feature_flags__faq.md,Frequently asked questions,This page provides answers to frequently asked questions about feature flags.,developer_guide/feature_flags,https://www.braze.com/docs/developer_guide/feature_flags/faq,2026-09-02,6438,6094,997,17,4,6,6,0,company-own (technical)
docs__developer_guide__geofences,docs__developer_guide__geofences.md,Geofences,Learn how to set up geofences for the Braze SDK.,developer_guide/geofences,https://www.braze.com/docs/developer_guide/geofences,2026-09-02,31375,31098,4013,51,11,80,80,0,company-own (technical)
docs__developer_guide__getting_started,docs__developer_guide__getting_started.md,Getting started with Braze,"This section will help you and your marketing team get set up and ready to use Braze to create strong, lasting bonds between you and...",developer_guide/getting_started,https://www.braze.com/docs/developer_guide/getting_started,2026-09-02,1059,660,102,2,1,0,0,0,company-own (technical)
docs__developer_guide__getting_started__architecture_overview,docs__developer_guide__getting_started__architecture_overview.md,Getting started: Architectural overview,"This article discusses the different parts and pieces of the Braze technology stack, with links to relevant articles.",developer_guide/getting_started,https://www.braze.com/docs/developer_guide/getting_started/architecture_overview,2026-09-02,12428,11989,1874,21,7,0,0,0,company-own (technical)
docs__developer_guide__getting_started__build_with_llm,docs__developer_guide__getting_started__build_with_llm.md,Building with an LLM,Learn how to use AI coding assistants with Braze documentation to accelerate your SDK integration workflow.,developer_guide/getting_started,https://www.braze.com/docs/developer_guide/getting_started/build_with_llm,2026-09-02,6385,5989,884,15,3,22,28,0,company-own (technical)
docs__developer_guide__getting_started__integration_overview,docs__developer_guide__getting_started__integration_overview.md,Getting started: Integration overview,This article provides a basic overview of the onboarding process.,developer_guide/getting_started,https://www.braze.com/docs/developer_guide/getting_started/integration_overview,2026-09-02,18163,17780,2785,25,5,0,24,0,company-own (technical)
docs__developer_guide__getting_started__platform_overview,docs__developer_guide__getting_started__platform_overview.md,Getting started: Platform overview,This article covers the basic parts and capabilities of the Braze platform. Links from this article connect to essential Braze topics.,developer_guide/getting_started,https://www.braze.com/docs/developer_guide/getting_started/platform_overview,2026-09-02,9031,8588,1329,12,5,0,42,0,company-own (technical)
docs__developer_guide__getting_started__sdk_overview,docs__developer_guide__getting_started__sdk_overview.md,SDK overview for developers,This onboarding reference article provides a technical overview for developers of the Braze SDK. It discusses default analytics tracked by the.,developer_guide/getting_started,https://www.braze.com/docs/developer_guide/getting_started/sdk_overview,2026-09-02,6666,6231,1037,7,6,0,8,0,company-own (technical)
docs__developer_guide__home,docs__developer_guide__home.md,Braze Developer Guide,This landing page is where developers can find all the integrations available with Braze.,developer_guide/home,https://www.braze.com/docs/developer_guide/home,2026-09-02,1071,756,103,3,2,0,0,0,company-own (technical)
docs__developer_guide__in_app_messages,docs__developer_guide__in_app_messages.md,In-app messages,Learn about in-app messages and how to set them up for the Braze SDK.,developer_guide/in_app_messages,https://www.braze.com/docs/developer_guide/in_app_messages,2026-09-02,56877,56555,8683,46,29,32,124,0,company-own (technical)
docs__developer_guide__in_app_messages__customization,docs__developer_guide__in_app_messages__customization.md,Customize in-app messages,Learn how to set up in-app messages for the Braze SDK.,developer_guide/in_app_messages,https://www.braze.com/docs/developer_guide/in_app_messages/customization,2026-09-02,62054,61708,7850,55,28,118,172,0,company-own (technical)
docs__developer_guide__in_app_messages__deep_linking,docs__developer_guide__in_app_messages__deep_linking.md,In-app message deep-linking,"In-app message deep-linking Learn how to deep link within an in-app message for the Braze SDK. android swift Prerequisites Before you can use this feature,...",developer_guide/in_app_messages,https://www.braze.com/docs/developer_guide/in_app_messages/deep_linking,2026-09-02,21859,21409,2957,22,13,52,54,1,company-own (technical)
docs__developer_guide__in_app_messages__gifs,docs__developer_guide__in_app_messages__gifs.md,Embed GIFs into in-app messages,Embed GIFs into in-app messages Learn how to embed GIFs into in-app messages for the Braze SDK. android swift About GIFs Braze offers the ability...,developer_guide/in_app_messages,https://www.braze.com/docs/developer_guide/in_app_messages/gifs,2026-09-02,12253,11825,1535,14,5,18,18,1,company-own (technical)
docs__developer_guide__in_app_messages__html_messages,docs__developer_guide__in_app_messages__html_messages.md,HTML in-app messages,Learn how to add the Braze JavaScript interface to your app.,developer_guide/in_app_messages,https://www.braze.com/docs/developer_guide/in_app_messages/html_messages,2026-09-02,6099,5752,756,10,9,18,18,1,company-own (technical)
docs__developer_guide__in_app_messages__sending_test_messages,docs__developer_guide__in_app_messages__sending_test_messages.md,Sending test messages,Learn how to send a test message for the Braze SDK.,developer_guide/in_app_messages,https://www.braze.com/docs/developer_guide/in_app_messages/sending_test_messages,2026-09-02,6177,5822,926,5,2,6,26,3,company-own (technical)
docs__developer_guide__in_app_messages__triggering_messages,docs__developer_guide__in_app_messages__triggering_messages.md,Trigger in-app messages,"Learn how to trigger in-app messages through the Braze SDK, including chaining messages in one session and overriding the default rate limit.",developer_guide/in_app_messages,https://www.braze.com/docs/developer_guide/in_app_messages/triggering_messages,2026-09-02,21174,20731,2931,21,9,50,50,0,company-own (technical)
docs__developer_guide__in_app_messages__troubleshooting,docs__developer_guide__in_app_messages__troubleshooting.md,Troubleshoot in-app messages,"Diagnose why in-app messages aren't delivered or displayed using a symptom index, standard investigation path, Canvas IAM callouts, and platform-specific SDK checks.",developer_guide/in_app_messages,https://www.braze.com/docs/developer_guide/in_app_messages/troubleshooting,2026-09-02,17920,17456,2644,28,11,16,48,4,company-own (technical)
docs__developer_guide__in_app_messages__tutorials,docs__developer_guide__in_app_messages__tutorials.md,In-App Message Tutorials,,developer_guide/in_app_messages,https://www.braze.com/docs/developer_guide/in_app_messages/tutorials,2026-09-02,587,304,42,2,1,0,0,0,company-own (technical)
docs__developer_guide__in_app_messages__tutorials__conditionally_displaying_messages,docs__developer_guide__in_app_messages__tutorials__conditionally_displaying_messages.md,Tutorial: Conditionally displaying in-app messages,,developer_guide/in_app_messages,https://www.braze.com/docs/developer_guide/in_app_messages/tutorials/conditionally_displaying_messages,2026-09-02,4025,3647,501,21,6,4,0,0,company-own (technical)
docs__developer_guide__in_app_messages__tutorials__customizing_message_styling,docs__developer_guide__in_app_messages__tutorials__customizing_message_styling.md,Tutorial: Customizing message styling using key-value pairs,,developer_guide/in_app_messages,https://www.braze.com/docs/developer_guide/in_app_messages/tutorials/customizing_message_styling,2026-09-02,4480,4105,560,23,6,5,0,0,company-own (technical)
docs__developer_guide__in_app_messages__tutorials__deferring_triggered_messages,docs__developer_guide__in_app_messages__tutorials__deferring_triggered_messages.md,Tutorial: Deferring and restoring triggered messages,,developer_guide/in_app_messages,https://www.braze.com/docs/developer_guide/in_app_messages/tutorials/deferring_triggered_messages,2026-09-02,5133,4763,667,27,6,6,0,0,company-own (technical)
docs__developer_guide__live_notifications,docs__developer_guide__live_notifications.md,Live Activities,"Learn how to send persistent, dynamic notifications directly to your users' lock screens, so they can receive real-time updates without even opening your app.",developer_guide/live_notifications,https://www.braze.com/docs/developer_guide/live_notifications,2026-09-02,722,302,43,2,1,0,0,0,company-own (technical)
docs__developer_guide__live_notifications__live_activities,docs__developer_guide__live_notifications__live_activities.md,Live Activities for Swift,Learn how to set up Live Activities for the Swift Braze SDK.,developer_guide/live_notifications,https://www.braze.com/docs/developer_guide/live_notifications/live_activities,2026-09-02,32666,32301,4582,52,7,21,62,2,company-own (technical)
docs__developer_guide__localization,docs__developer_guide__localization.md,Localization,Learn about localization for the Braze SDK.,developer_guide/localization,https://www.braze.com/docs/developer_guide/localization,2026-09-02,4587,4303,483,3,2,0,342,0,company-own (technical)
docs__developer_guide__network,docs__developer_guide__network.md,Network settings,Learn how to configure network settings for the Braze SDK.,developer_guide/network,https://www.braze.com/docs/developer_guide/network,2026-09-02,3007,2719,355,6,2,12,12,0,company-own (technical)
docs__developer_guide__platforms__android__android_13,docs__developer_guide__platforms__android__android_13.md,Upgrading to Android 13,"This article covers Android 13, SDK updates, changes to push permission, SDK compatibility, and more.",developer_guide/platforms,https://www.braze.com/docs/developer_guide/platforms/android/android_13,2026-09-02,3289,2905,474,6,3,0,0,0,company-own (technical)
docs__developer_guide__platforms__swift__ios_18,docs__developer_guide__platforms__swift__ios_18.md,Upgrading to iOS 18,This article covers insights into the iOS 18 release to help you upgrade your SDK seamlessly.,developer_guide/platforms,https://www.braze.com/docs/developer_guide/platforms/swift/ios_18,2026-09-02,2092,1732,285,6,1,0,0,0,company-own (technical)
docs__developer_guide__platforms__swift__visionos,docs__developer_guide__platforms__swift__visionos.md,visionOS support,This article covers the features supported on visionOS.,developer_guide/platforms,https://www.braze.com/docs/developer_guide/platforms/swift/visionos,2026-09-02,1621,1298,184,4,3,0,0,0,company-own (technical)
docs__developer_guide__platforms__tv_and_ott,docs__developer_guide__platforms__tv_and_ott.md,TV and OTT integrations,"This article will give you details on Braze TV and OTT features, integrations, available platforms, and other capabilities.",developer_guide/platforms,https://www.braze.com/docs/developer_guide/platforms/tv_and_ott,2026-09-02,7926,7537,1095,13,4,0,42,0,company-own (technical)
docs__developer_guide__platforms__web__accessibility,docs__developer_guide__platforms__web__accessibility.md,Accessibility,This article describes how Braze supports accessibility.,developer_guide/platforms,https://www.braze.com/docs/developer_guide/platforms/web/accessibility,2026-09-02,4784,4457,633,14,3,6,30,0,company-own (technical)
docs__developer_guide__platforms__web__browser_extensions,docs__developer_guide__platforms__web__browser_extensions.md,Browser extension,"This article describes how to use the Braze Web SDK inside your Browser Extensions (Google Chrome, Firefox).",developer_guide/platforms,https://www.braze.com/docs/developer_guide/platforms/web/browser_extensions,2026-09-02,5634,5241,818,11,7,6,18,0,company-own (technical)
docs__developer_guide__platforms__web__content_security_policy,docs__developer_guide__platforms__web__content_security_policy.md,Content security policy headers,This article covers content security policy headers needed with the Braze Web SDK.,developer_guide/platforms,https://www.braze.com/docs/developer_guide/platforms/web/content_security_policy,2026-09-02,2986,2595,385,7,3,4,20,4,company-own (technical)
docs__developer_guide__platforms__web__multi_domain_integration,docs__developer_guide__platforms__web__multi_domain_integration.md,Multi-domain integration,"Learn how to implement the Braze Web SDK across multiple domains, including API key strategy, push setup, and session behavior.",developer_guide/platforms,https://www.braze.com/docs/developer_guide/platforms/web/multi_domain_integration,2026-09-02,2839,2408,361,6,5,0,9,0,company-own (technical)
docs__developer_guide__platforms__web__smart_tvs,docs__developer_guide__platforms__web__smart_tvs.md,Smart TV support,This article covers how to use the Braze Web SDK to integrate with Smart TVs (Samsung and LG).,developer_guide/platforms,https://www.braze.com/docs/developer_guide/platforms/web/smart_tvs,2026-09-02,2266,1906,327,5,4,0,0,1,company-own (technical)
docs__developer_guide__push_notifications,docs__developer_guide__push_notifications.md,Push notifications,This landing page is home to all things push notifications.,developer_guide/push_notifications,https://www.braze.com/docs/developer_guide/push_notifications,2026-09-02,121538,121214,16649,188,44,173,285,14,company-own (technical)
docs__developer_guide__push_notifications__customization,docs__developer_guide__push_notifications__customization.md,Customize push notifications,"Customize push notifications Learn how to customize push notifications for the Braze SDK. android swift fireos react native Prerequisites Before you can use this feature,...",developer_guide/push_notifications,https://www.braze.com/docs/developer_guide/push_notifications/customization,2026-09-02,35035,34558,4839,53,16,46,147,0,company-own (technical)
docs__developer_guide__push_notifications__deep_linking,docs__developer_guide__push_notifications__deep_linking.md,Deep linking in push notifications,Deep linking in push notifications Learn how to set up silent push notifications for the Braze SDK. android swift flutter cordova Prerequisites Before you can...,developer_guide/push_notifications,https://www.braze.com/docs/developer_guide/push_notifications/deep_linking,2026-09-02,27713,27244,3708,29,17,66,68,1,company-own (technical)
docs__developer_guide__push_notifications__deep_linking_troubleshooting,docs__developer_guide__push_notifications__deep_linking_troubleshooting.md,Troubleshoot deep linking,"Diagnose iOS deep linking issues using a symptom index, standard investigation path, and platform-specific checks.",developer_guide/push_notifications,https://www.braze.com/docs/developer_guide/push_notifications/deep_linking_troubleshooting,2026-09-02,12823,12378,1903,29,10,12,42,5,company-own (technical)
docs__developer_guide__push_notifications__ios_deep_linking_guide,docs__developer_guide__push_notifications__ios_deep_linking_guide.md,iOS deep linking guide,"Learn which type of deep link to use for your iOS app, when you need an AASA file, and which app delegate methods to implement....",developer_guide/push_notifications,https://www.braze.com/docs/developer_guide/push_notifications/ios_deep_linking_guide,2026-09-02,7550,7104,1076,12,5,0,58,5,company-own (technical)
docs__developer_guide__push_notifications__push_stories,docs__developer_guide__push_notifications__push_stories.md,Push stories,"Push stories Learn how to set up push stories for the Braze SDK. swift cordova react native Prerequisites Before you can use this feature, you’ll...",developer_guide/push_notifications,https://www.braze.com/docs/developer_guide/push_notifications/push_stories,2026-09-02,8747,8311,1101,20,6,22,43,0,company-own (technical)
docs__developer_guide__push_notifications__rich,docs__developer_guide__push_notifications__rich.md,Rich push notifications,Rich push notifications Learn how to set up rich push notifications for the Braze SDK. swift cordova react native Prerequisites Before you can use this...,developer_guide/push_notifications,https://www.braze.com/docs/developer_guide/push_notifications/rich,2026-09-02,7348,6913,982,19,6,14,14,0,company-own (technical)
docs__developer_guide__push_notifications__sending_test_messages,docs__developer_guide__push_notifications__sending_test_messages.md,Sending test messages,Learn how to send a test message for the Braze SDK.,developer_guide/push_notifications,https://www.braze.com/docs/developer_guide/push_notifications/sending_test_messages,2026-09-02,6186,5822,926,5,2,6,26,3,company-own (technical)
docs__developer_guide__push_notifications__silent,docs__developer_guide__push_notifications__silent.md,Silent push notifications,"Silent push notifications Learn how to set up silent push notifications for the Braze SDK. android swift fireos Prerequisites Before you can use this feature,...",developer_guide/push_notifications,https://www.braze.com/docs/developer_guide/push_notifications/silent,2026-09-02,6441,5993,856,12,9,4,4,0,company-own (technical)
docs__developer_guide__push_notifications__soft_push_prompts,docs__developer_guide__push_notifications__soft_push_prompts.md,Soft push prompts for Web,Learn how to set up soft push prompts for the Braze Web SDK before the native browser notification permission prompt.,developer_guide/push_notifications,https://www.braze.com/docs/developer_guide/push_notifications/soft_push_prompts,2026-09-02,5182,4756,751,10,4,2,2,0,company-own (technical)
docs__developer_guide__push_notifications__subscription_states,docs__developer_guide__push_notifications__subscription_states.md,About push subscription states,Learn about push subscription states and how to update them.,developer_guide/push_notifications,https://www.braze.com/docs/developer_guide/push_notifications/subscription_states,2026-09-02,7741,7363,1142,10,1,4,12,0,company-own (technical)
docs__developer_guide__push_notifications__troubleshooting,docs__developer_guide__push_notifications__troubleshooting.md,Troubleshoot push notifications,"Diagnose push notification delivery and display issues using a symptom index, standard investigation path, and platform-specific SDK checks.",developer_guide/push_notifications,https://www.braze.com/docs/developer_guide/push_notifications/troubleshooting,2026-09-02,40912,40461,6169,102,19,12,22,0,company-own (technical)
docs__developer_guide__references,docs__developer_guide__references.md,"References, repositories, and sample apps","This is a list of reference documentation, GitHub repositories, and sample apps belonging to each Braze SDK.",developer_guide/references,https://www.braze.com/docs/developer_guide/references,2026-09-02,4227,3855,539,6,2,2,50,0,company-own (technical)
docs__developer_guide__rest_api__recommending_products,docs__developer_guide__rest_api__recommending_products.md,Recommending products to users,"This reference article walks through how to use the Braze REST API, catalogs, and Connected Content to recommend products to users across messaging channels.",developer_guide/rest_api,https://www.braze.com/docs/developer_guide/rest_api/recommending_products,2026-09-02,6387,5938,835,12,5,12,20,1,company-own (technical)
docs__developer_guide__rest_api__sending_email_messages,docs__developer_guide__rest_api__sending_email_messages.md,Sending email messages using the REST API,This reference article walks through how to send email messages using the Braze REST API and an API campaign.,developer_guide/rest_api,https://www.braze.com/docs/developer_guide/rest_api/sending_email_messages,2026-09-02,5672,5258,788,7,5,4,14,2,company-own (technical)
docs__developer_guide__rest_api__sending_messages,docs__developer_guide__rest_api__sending_messages.md,Sending messages using the REST API,This reference article covers the two ways to send messages programmatically using the Braze REST API.,developer_guide/rest_api,https://www.braze.com/docs/developer_guide/rest_api/sending_messages,2026-09-02,5577,5188,717,10,5,10,22,0,company-own (technical)
docs__developer_guide__rest_api__sending_sms_messages,docs__developer_guide__rest_api__sending_sms_messages.md,Sending SMS messages using the REST API,This reference article walks through how to send SMS messages using the Braze REST API and an API campaign.,developer_guide/rest_api,https://www.braze.com/docs/developer_guide/rest_api/sending_sms_messages,2026-09-02,4951,4545,669,7,5,4,12,1,company-own (technical)
docs__developer_guide__sdk_integration,docs__developer_guide__sdk_integration.md,Integrate the Braze SDK,Learn how to integrate the Braze SDK.,developer_guide/sdk_integration,https://www.braze.com/docs/developer_guide/sdk_integration,2026-09-02,165743,165445,22253,227,42,406,824,19,company-own (technical)
docs__developer_guide__sdk_integration__authentication,docs__developer_guide__sdk_integration__authentication.md,Set up SDK authentication,This reference article covers SDK authentication and how to enable this feature in the Braze SDK.,developer_guide/sdk_integration,https://www.braze.com/docs/developer_guide/sdk_integration/authentication,2026-09-02,30427,30036,4108,29,6,112,182,1,company-own (technical)
docs__developer_guide__sdk_integration__chatgpt_apps,docs__developer_guide__sdk_integration__chatgpt_apps.md,Integrate Braze with ChatGPT apps,Learn how to integrate Braze with ChatGPT Apps to enable analytics and event logging within AI-powered applications.,developer_guide/sdk_integration,https://www.braze.com/docs/developer_guide/sdk_integration/chatgpt_apps,2026-09-02,5313,4899,675,15,4,10,10,5,company-own (technical)
docs__developer_guide__sdk_integration__debugging,docs__developer_guide__sdk_integration__debugging.md,Debugging the Braze SDK,"Learn how to use the Braze SDK debugger, so you can troubleshoot issues for your SDK-powered channels, without enabling verbose logging in your.",developer_guide/sdk_integration,https://www.braze.com/docs/developer_guide/sdk_integration/debugging,2026-09-02,2883,2457,402,10,2,0,0,0,company-own (technical)
docs__developer_guide__sdk_integration__google_tag_manager,docs__developer_guide__sdk_integration__google_tag_manager.md,Google Tag Manager with the Braze SDK,"Learn how to initialize the Braze SDK using methods like runtime initialization, delayed initialization, or Google Tag Manager.",developer_guide/sdk_integration,https://www.braze.com/docs/developer_guide/sdk_integration/google_tag_manager,2026-09-02,31891,31450,4110,24,10,46,52,0,company-own (technical)
docs__developer_guide__sdk_integration__rate_limits,docs__developer_guide__sdk_integration__rate_limits.md,Braze SDK rate limits,"Learn about the Braze SDK's intelligent, client-side rate limiting that optimizes battery life, reduces bandwidth usage, and ensures reliable data delivery.",developer_guide/sdk_integration,https://www.braze.com/docs/developer_guide/sdk_integration/rate_limits,2026-09-02,4210,3770,527,7,3,2,12,0,company-own (technical)
docs__developer_guide__sdk_integration__reading_verbose_logs,docs__developer_guide__sdk_integration__reading_verbose_logs.md,Reading verbose logs,"Learn how to read and interpret verbose log output from the Braze SDK, including key entries for push notifications, in-app messages, Content Cards, and deep...",developer_guide/sdk_integration,https://www.braze.com/docs/developer_guide/sdk_integration/reading_verbose_logs,2026-09-02,15795,15334,2142,30,9,62,80,0,company-own (technical)
docs__developer_guide__sdk_integration__troubleshooting_certificate_errors,docs__developer_guide__sdk_integration__troubleshooting_certificate_errors.md,Troubleshooting SDK certificate trust errors,"Troubleshoot HTTPS certificate trust errors that can block Braze SDK initialization across Android, Swift, and other SDKs.",developer_guide/sdk_integration,https://www.braze.com/docs/developer_guide/sdk_integration/troubleshooting_certificate_errors,2026-09-02,2800,2325,323,3,2,2,2,0,company-own (technical)
docs__developer_guide__sdk_integration__verbose_logging,docs__developer_guide__sdk_integration__verbose_logging.md,Verbose logging,"Learn how to enable verbose logging for the Braze SDK, collect logs for troubleshooting, and share them with Braze Support.",developer_guide/sdk_integration,https://www.braze.com/docs/developer_guide/sdk_integration/verbose_logging,2026-09-02,6264,5855,842,6,5,18,18,0,company-own (technical)
docs__developer_guide__sdk_integration__version_management,docs__developer_guide__sdk_integration__version_management.md,About version management,Learn about version management for the Braze SDK.,developer_guide/sdk_integration,https://www.braze.com/docs/developer_guide/sdk_integration/version_management,2026-09-02,2823,2473,397,4,3,0,12,0,company-own (technical)
docs__developer_guide__sdk_repository_guides,docs__developer_guide__sdk_repository_guides.md,Repository guides,"Read mirrored repository guides, synced weekly from public Braze SDK README files.",developer_guide/sdk_repository_guides,https://www.braze.com/docs/developer_guide/sdk_repository_guides,2026-09-02,848,493,68,2,1,0,0,0,company-own (technical)
docs__developer_guide__sdk_repository_guides__android,docs__developer_guide__sdk_repository_guides__android.md,Android SDK repository guide,Braze Android SDK README reference mirrored from GitHub.,developer_guide/sdk_repository_guides,https://www.braze.com/docs/developer_guide/sdk_repository_guides/android,2026-09-02,3494,3137,438,6,5,6,34,1,company-own (technical)
docs__developer_guide__sdk_repository_guides__cordova,docs__developer_guide__sdk_repository_guides__cordova.md,Cordova SDK repository guide,Braze Cordova SDK README reference mirrored from GitHub.,developer_guide/sdk_repository_guides,https://www.braze.com/docs/developer_guide/sdk_repository_guides/cordova,2026-09-02,1968,1611,247,9,4,4,13,4,company-own (technical)
docs__developer_guide__sdk_repository_guides__flutter,docs__developer_guide__sdk_repository_guides__flutter.md,Flutter SDK repository guide,Braze Flutter SDK README reference mirrored from GitHub.,developer_guide/sdk_repository_guides,https://www.braze.com/docs/developer_guide/sdk_repository_guides/flutter,2026-09-02,3169,2812,352,9,5,10,20,1,company-own (technical)
docs__developer_guide__sdk_repository_guides__javascript,docs__developer_guide__sdk_repository_guides__javascript.md,JavaScript SDK repository guide,Braze JavaScript SDK README reference mirrored from GitHub.,developer_guide/sdk_repository_guides,https://www.braze.com/docs/developer_guide/sdk_repository_guides/javascript,2026-09-02,23505,23136,3023,26,6,32,43,1,company-own (technical)
docs__developer_guide__sdk_repository_guides__react_native,docs__developer_guide__sdk_repository_guides__react_native.md,React Native SDK repository guide,Braze React Native SDK README reference mirrored from GitHub.,developer_guide/sdk_repository_guides,https://www.braze.com/docs/developer_guide/sdk_repository_guides/react_native,2026-09-02,18962,18585,2373,33,17,38,130,1,company-own (technical)
docs__developer_guide__sdk_repository_guides__roku,docs__developer_guide__sdk_repository_guides__roku.md,Roku SDK repository guide,Braze Roku SDK README reference mirrored from GitHub.,developer_guide/sdk_repository_guides,https://www.braze.com/docs/developer_guide/sdk_repository_guides/roku,2026-09-02,5672,5327,700,10,9,18,18,2,company-own (technical)
docs__developer_guide__sdk_repository_guides__swift,docs__developer_guide__sdk_repository_guides__swift.md,Swift SDK repository guide,Braze Swift SDK README reference mirrored from GitHub.,developer_guide/sdk_repository_guides,https://www.braze.com/docs/developer_guide/sdk_repository_guides/swift,2026-09-02,3442,3093,370,9,8,4,61,1,company-own (technical)
docs__developer_guide__sdk_repository_guides__unity,docs__developer_guide__sdk_repository_guides__unity.md,Unity SDK repository guide,Braze Unity SDK README reference mirrored from GitHub.,developer_guide/sdk_repository_guides,https://www.braze.com/docs/developer_guide/sdk_repository_guides/unity,2026-09-02,1844,1495,227,5,4,0,0,1,company-own (technical)
docs__developer_guide__sdk_repository_guides__web,docs__developer_guide__sdk_repository_guides__web.md,Web SDK repository guide,Braze Web SDK README reference mirrored from GitHub.,developer_guide/sdk_repository_guides,https://www.braze.com/docs/developer_guide/sdk_repository_guides/web,2026-09-02,31972,31631,4250,83,13,94,210,5,company-own (technical)
docs__developer_guide__sdk_repository_guides__xamarin,docs__developer_guide__sdk_repository_guides__xamarin.md,.NET MAUI (Xamarin) SDK repository guide,Braze .NET MAUI (Xamarin) SDK README reference mirrored from GitHub.,developer_guide/sdk_repository_guides,https://www.braze.com/docs/developer_guide/sdk_repository_guides/xamarin,2026-09-02,2463,2082,306,7,4,0,20,1,company-own (technical)
docs__developer_guide__storage,docs__developer_guide__storage.md,Storage,Learn about the different device-level properties that are stored by the Braze SDK.,developer_guide/storage,https://www.braze.com/docs/developer_guide/storage,2026-09-02,5964,5660,781,5,2,12,30,0,company-own (technical)
docs__developer_guide__tutorials,docs__developer_guide__tutorials.md,Braze SDK Tutorials,,developer_guide/tutorials,https://www.braze.com/docs/developer_guide/tutorials,2026-09-02,665,426,56,4,3,0,0,0,company-own (technical)
docs__help__help_articles,docs__help__help_articles.md,Help Articles,This landing page is home to help articles that can help you solve issues and reveal dependencies when using Braze.,help/help_articles,https://www.braze.com/docs/help/help_articles,2026-09-02,820,493,72,2,1,0,0,0,company-own (technical)
docs__partners__additional_channels_and_extensions,docs__partners__additional_channels_and_extensions.md,Additional channels and extensions,"Explore Braze technology partners for additional channels and extensions, including direct mail, chat, advertising, surveys, and rewards.",partners/additional_channels_and_extensions,https://www.braze.com/docs/partners/additional_channels_and_extensions,2026-09-02,795,350,44,2,1,0,0,0,company-own (technical)
docs__partners__additional_channels_and_extensions__additional_channels,docs__partners__additional_channels_and_extensions__additional_channels.md,Additional Channels,Browse technology partner integrations for Additional Channels.,partners/additional_channels_and_extensions,https://www.braze.com/docs/partners/additional_channels_and_extensions/additional_channels,2026-09-02,755,358,40,2,1,0,0,0,company-own (technical)
docs__partners__additional_channels_and_extensions__additional_channels__advertising,docs__partners__additional_channels_and_extensions__additional_channels__advertising.md,Advertising,Browse technology partner integrations for Advertising.,partners/additional_channels_and_extensions,https://www.braze.com/docs/partners/additional_channels_and_extensions/additional_channels/advertising,2026-09-02,645,239,28,2,1,0,0,0,company-own (technical)
docs__partners__additional_channels_and_extensions__additional_channels__advertising__liveramp,docs__partners__additional_channels_and_extensions__additional_channels__advertising__liveramp.md,LiveRamp,Learn how to connect LiveRamp and Braze through Snowflake Data Sharing or Braze Currents to create highly personalized and relevant marketing campaigns.,partners/additional_channels_and_extensions,https://www.braze.com/docs/partners/additional_channels_and_extensions/additional_channels/advertising/liveramp,2026-09-02,14927,14408,2064,29,5,4,50,0,company-own (technical)
docs__partners__additional_channels_and_extensions__additional_channels__advertising__stackadapt,docs__partners__additional_channels_and_extensions__additional_channels__advertising__stackadapt.md,StackAdapt,This reference article outlines the partnership between Braze and StackAdapt.,partners/additional_channels_and_extensions,https://www.braze.com/docs/partners/additional_channels_and_extensions/additional_channels/advertising/stackadapt,2026-09-02,6057,5607,801,8,6,0,8,1,company-own (technical)
docs__partners__additional_channels_and_extensions__additional_channels__direct_mail,docs__partners__additional_channels_and_extensions__additional_channels__direct_mail.md,Direct Mail,Browse technology partner integrations for Direct Mail.,partners/additional_channels_and_extensions,https://www.braze.com/docs/partners/additional_channels_and_extensions/additional_channels/direct_mail,2026-09-02,679,273,33,2,1,0,0,0,company-own (technical)
docs__partners__additional_channels_and_extensions__additional_channels__direct_mail__inkit,docs__partners__additional_channels_and_extensions__additional_channels__direct_mail__inkit.md,Inkit,"This reference article outlines the partnership between Braze and Inkit, which enables you to save time and effort by automating your direct mail campaigns and...",partners/additional_channels_and_extensions,https://www.braze.com/docs/partners/additional_channels_and_extensions/additional_channels/direct_mail/inkit,2026-09-02,4266,3746,532,9,3,2,13,0,company-own (technical)
docs__partners__additional_channels_and_extensions__additional_channels__direct_mail__lob,docs__partners__additional_channels_and_extensions__additional_channels__direct_mail__lob.md,Lob,"This reference article outlines the partnership between Braze and Lob.com, which allows you to send direct mail-like letters, postcards, and checks through the mail.",partners/additional_channels_and_extensions,https://www.braze.com/docs/partners/additional_channels_and_extensions/additional_channels/direct_mail/lob,2026-09-02,7217,6700,1007,13,4,4,14,3,company-own (technical)
docs__partners__additional_channels_and_extensions__additional_channels__direct_mail__mypostcard,docs__partners__additional_channels_and_extensions__additional_channels__direct_mail__mypostcard.md,MyPostcard,"This reference article outlines the partnership between Braze and MyPostcard, which allows you to use direct mail as an additional channel for your CRM workflow....",partners/additional_channels_and_extensions,https://www.braze.com/docs/partners/additional_channels_and_extensions/additional_channels/direct_mail/mypostcard,2026-09-02,3609,3072,457,8,3,0,24,0,company-own (technical)
docs__partners__additional_channels_and_extensions__additional_channels__direct_mail__oppizi,docs__partners__additional_channels_and_extensions__additional_channels__direct_mail__oppizi.md,Oppizi,This reference article outlines the partnership between Braze and Oppizi.,partners/additional_channels_and_extensions,https://www.braze.com/docs/partners/additional_channels_and_extensions/additional_channels/direct_mail/oppizi,2026-09-02,4438,4004,577,8,3,2,10,1,company-own (technical)
docs__partners__additional_channels_and_extensions__additional_channels__direct_mail__optilyz,docs__partners__additional_channels_and_extensions__additional_channels__direct_mail__optilyz.md,optilyz,"This reference article outlines the partnership between Braze and optilyz, which enables you to run more customer-centric, sustainable, and profitable direct mail campaigns.",partners/additional_channels_and_extensions,https://www.braze.com/docs/partners/additional_channels_and_extensions/additional_channels/direct_mail/optilyz,2026-09-02,4487,3950,564,9,4,2,11,0,company-own (technical)
docs__partners__additional_channels_and_extensions__additional_channels__instant_chat,docs__partners__additional_channels_and_extensions__additional_channels__instant_chat.md,Instant Chat and Conversational Messaging,Browse technology partner integrations for Instant Chat and Conversational Messaging.,partners/additional_channels_and_extensions,https://www.braze.com/docs/partners/additional_channels_and_extensions/additional_channels/instant_chat,2026-09-02,832,364,41,2,1,0,0,0,company-own (technical)
docs__partners__additional_channels_and_extensions__additional_channels__instant_chat__dixa,docs__partners__additional_channels_and_extensions__additional_channels__instant_chat__dixa.md,Dixa,This article outlines the partnership between Braze and Dixa.,partners/additional_channels_and_extensions,https://www.braze.com/docs/partners/additional_channels_and_extensions/additional_channels/instant_chat/dixa,2026-09-02,8141,7723,1140,18,4,4,12,0,company-own (technical)
docs__partners__additional_channels_and_extensions__additional_channels__instant_chat__front,docs__partners__additional_channels_and_extensions__additional_channels__instant_chat__front.md,Front,Learn how to integrate Front with Braze,partners/additional_channels_and_extensions,https://www.braze.com/docs/partners/additional_channels_and_extensions/additional_channels/instant_chat/front,2026-09-02,9384,8985,1368,23,4,6,29,0,company-own (technical)
docs__partners__additional_channels_and_extensions__additional_channels__instant_chat__messenger,docs__partners__additional_channels_and_extensions__additional_channels__instant_chat__messenger.md,Facebook Messenger,"This reference article outlines the partnership between Braze and Facebook Messenger, one of the world's most popular instant messaging platforms.",partners/additional_channels_and_extensions,https://www.braze.com/docs/partners/additional_channels_and_extensions/additional_channels/instant_chat/messenger,2026-09-02,6860,6333,979,8,3,2,26,5,company-own (technical)
docs__partners__additional_channels_and_extensions__additional_channels__instant_chat__pypestream,docs__partners__additional_channels_and_extensions__additional_channels__instant_chat__pypestream.md,Pypestream,"This reference article outlines the partnership between Braze and Pypestream, a full-stack conversational AI platform that allows you to enhance digital engagement with your brand....",partners/additional_channels_and_extensions,https://www.braze.com/docs/partners/additional_channels_and_extensions/additional_channels/instant_chat/pypestream,2026-09-02,10949,10391,1484,14,5,6,18,0,company-own (technical)
docs__partners__additional_channels_and_extensions__additional_channels__instant_chat__regal,docs__partners__additional_channels_and_extensions__additional_channels__instant_chat__regal.md,Regal,"This reference article outlines the partnership between Braze and Regal, a Voice AI agent platform that helps you orchestrate personalized, omnichannel customer journeys using Braze...",partners/additional_channels_and_extensions,https://www.braze.com/docs/partners/additional_channels_and_extensions/additional_channels/instant_chat/regal,2026-09-02,28395,27851,3798,20,4,26,34,4,company-own (technical)
docs__partners__additional_channels_and_extensions__additional_channels__instant_chat__sendbird,docs__partners__additional_channels_and_extensions__additional_channels__instant_chat__sendbird.md,Sendbird,"This reference article outlines the partnership between Braze and Sendbird, a leading in-app messaging solution that allows users to receive in-app notifications on the Sendbird...",partners/additional_channels_and_extensions,https://www.braze.com/docs/partners/additional_channels_and_extensions/additional_channels/instant_chat/sendbird,2026-09-02,6370,5821,857,16,6,0,10,0,company-own (technical)
docs__partners__additional_channels_and_extensions__additional_channels__instant_chat__zendesk_chat,docs__partners__additional_channels_and_extensions__additional_channels__instant_chat__zendesk_chat.md,Zendesk Chat,Learn how to integrate Zendesk Chat with Braze and set up a two-way SMS conversation.,partners/additional_channels_and_extensions,https://www.braze.com/docs/partners/additional_channels_and_extensions/additional_channels/instant_chat/zendesk_chat,2026-09-02,8276,7810,1125,17,3,14,38,3,company-own (technical)
docs__partners__additional_channels_and_extensions__additional_channels__mobile_wallet,docs__partners__additional_channels_and_extensions__additional_channels__mobile_wallet.md,Mobile Wallet,Browse technology partner integrations for Mobile Wallet.,partners/additional_channels_and_extensions,https://www.braze.com/docs/partners/additional_channels_and_extensions/additional_channels/mobile_wallet,2026-09-02,639,225,29,2,1,0,0,0,company-own (technical)
docs__partners__additional_channels_and_extensions__additional_channels__mobile_wallet__passkit,docs__partners__additional_channels_and_extensions__additional_channels__mobile_wallet__passkit.md,PassKit,This reference article outlines the partnership between Braze and Passkit. This partnership enables you to extend your mobile reach by integrating Apple Wallet and Google...,partners/additional_channels_and_extensions,https://www.braze.com/docs/partners/additional_channels_and_extensions/additional_channels/mobile_wallet/passkit,2026-09-02,14394,13853,2005,20,7,28,74,4,company-own (technical)
docs__partners__additional_channels_and_extensions__additional_channels__shopgate,docs__partners__additional_channels_and_extensions__additional_channels__shopgate.md,Shopgate,"This reference article outlines the partnership between Braze and Shopgate, a mobile commerce and omnichannel provider that enables you to create app campaigns through multiple...",partners/additional_channels_and_extensions,https://www.braze.com/docs/partners/additional_channels_and_extensions/additional_channels/shopgate,2026-09-02,1838,1317,179,5,4,0,6,0,company-own (technical)
docs__partners__additional_channels_and_extensions__additional_channels__support,docs__partners__additional_channels_and_extensions__additional_channels__support.md,Support,Browse technology partner integrations for Support.,partners/additional_channels_and_extensions,https://www.braze.com/docs/partners/additional_channels_and_extensions/additional_channels/support,2026-09-02,620,230,28,2,1,0,0,0,company-own (technical)
docs__partners__additional_channels_and_extensions__additional_channels__support__zendesk,docs__partners__additional_channels_and_extensions__additional_channels__support__zendesk.md,Zendesk,"This reference article outlines the partnership between Braze and Zendesk, a popular support suite that allows you to use Braze webhooks that can sync support...",partners/additional_channels_and_extensions,https://www.braze.com/docs/partners/additional_channels_and_extensions/additional_channels/support/zendesk,2026-09-02,6834,6317,935,11,4,2,13,1,company-own (technical)
docs__partners__additional_channels_and_extensions__extensions,docs__partners__additional_channels_and_extensions__extensions.md,Extensions,Browse technology partner integrations for Extensions.,partners/additional_channels_and_extensions,https://www.braze.com/docs/partners/additional_channels_and_extensions/extensions,2026-09-02,650,289,32,2,1,0,0,0,company-own (technical)
docs__partners__additional_channels_and_extensions__extensions__gamification,docs__partners__additional_channels_and_extensions__extensions__gamification.md,Gamification,Browse technology partner integrations for Gamification.,partners/additional_channels_and_extensions,https://www.braze.com/docs/partners/additional_channels_and_extensions/extensions/gamification,2026-09-02,645,253,30,2,1,0,0,0,company-own (technical)
docs__partners__additional_channels_and_extensions__extensions__landing_pages,docs__partners__additional_channels_and_extensions__extensions__landing_pages.md,Landing Pages,Browse technology partner integrations for Landing Pages.,partners/additional_channels_and_extensions,https://www.braze.com/docs/partners/additional_channels_and_extensions/extensions/landing_pages,2026-09-02,631,235,30,2,1,0,0,0,company-own (technical)
docs__partners__additional_channels_and_extensions__extensions__landing_pages__digioh,docs__partners__additional_channels_and_extensions__extensions__landing_pages__digioh.md,Digioh,"This reference article outlines the partnership between Braze and Digioh, a survey platform for creating pop-ups, forms, surveys, and communication preference centers that drive engagement...",partners/additional_channels_and_extensions,https://www.braze.com/docs/partners/additional_channels_and_extensions/extensions/landing_pages/digioh,2026-09-02,2996,2458,379,7,3,2,10,2,company-own (technical)
docs__partners__additional_channels_and_extensions__extensions__landing_pages__komo,docs__partners__additional_channels_and_extensions__extensions__landing_pages__komo.md,Komo,"This reference article outlines the partnership between Braze and Komo, a customer engagement platform specializing in gamification, interactive content, competitions, prizing, and loyalty. Through this...",partners/additional_channels_and_extensions,https://www.braze.com/docs/partners/additional_channels_and_extensions/extensions/landing_pages/komo,2026-09-02,3725,3179,511,9,5,0,8,1,company-own (technical)
docs__partners__additional_channels_and_extensions__extensions__learning,docs__partners__additional_channels_and_extensions__extensions__learning.md,Learning,Browse technology partner integrations for Learning.,partners/additional_channels_and_extensions,https://www.braze.com/docs/partners/additional_channels_and_extensions/extensions/learning,2026-09-02,589,213,27,2,1,0,0,0,company-own (technical)
docs__partners__additional_channels_and_extensions__extensions__learning__edume,docs__partners__additional_channels_and_extensions__extensions__learning__edume.md,eduMe,"This reference article outlines the partnership between Braze and eduMe, a mobile-based training tool that allows you to leverage Braze Connected Content to give your...",partners/additional_channels_and_extensions,https://www.braze.com/docs/partners/additional_channels_and_extensions/extensions/learning/edume,2026-09-02,3350,2847,441,5,3,2,12,1,company-own (technical)
docs__partners__additional_channels_and_extensions__extensions__rewards,docs__partners__additional_channels_and_extensions__extensions__rewards.md,Rewards,Browse technology partner integrations for Rewards.,partners/additional_channels_and_extensions,https://www.braze.com/docs/partners/additional_channels_and_extensions/extensions/rewards,2026-09-02,610,238,30,2,1,0,0,0,company-own (technical)
docs__partners__additional_channels_and_extensions__extensions__rewards__dots_eco,docs__partners__additional_channels_and_extensions__extensions__rewards__dots_eco.md,DOTS.ECO,This reference article describes the Braze and DOTS.ECO integration.,partners/additional_channels_and_extensions,https://www.braze.com/docs/partners/additional_channels_and_extensions/extensions/rewards/dots_eco,2026-09-02,5871,5462,796,9,5,2,14,2,company-own (technical)
docs__partners__additional_channels_and_extensions__extensions__rewards__nift,docs__partners__additional_channels_and_extensions__extensions__rewards__nift.md,Nift,"This reference article outlines the partnership between Braze and Nift, a two-side platform that helps companies acquire, engage, and retain customers.",partners/additional_channels_and_extensions,https://www.braze.com/docs/partners/additional_channels_and_extensions/extensions/rewards/nift,2026-09-02,2583,2103,324,7,4,0,8,0,company-own (technical)
docs__partners__additional_channels_and_extensions__extensions__surveys,docs__partners__additional_channels_and_extensions__extensions__surveys.md,Surveys,Browse technology partner integrations for Surveys.,partners/additional_channels_and_extensions,https://www.braze.com/docs/partners/additional_channels_and_extensions/extensions/surveys,2026-09-02,667,295,33,2,1,0,0,0,company-own (technical)
docs__partners__additional_channels_and_extensions__extensions__surveys__iterate,docs__partners__additional_channels_and_extensions__extensions__surveys__iterate.md,Iterate,"This reference article outlines the partnership between Braze and Iterate, allowing you to enrich customer data by using surveys to add additional insights.",partners/additional_channels_and_extensions,https://www.braze.com/docs/partners/additional_channels_and_extensions/extensions/surveys/iterate,2026-09-02,5647,5153,836,15,6,0,8,0,company-own (technical)
docs__partners__additional_channels_and_extensions__extensions__surveys__jebbit,docs__partners__additional_channels_and_extensions__extensions__surveys__jebbit.md,Jebbit,"This reference article outlines the partnership between Braze and Jebbit, a PaaS that allows you to pass user emails and attributes from your Jebbit campaigns...",partners/additional_channels_and_extensions,https://www.braze.com/docs/partners/additional_channels_and_extensions/extensions/surveys/jebbit,2026-09-02,2588,2092,331,7,4,0,8,0,company-own (technical)
docs__partners__additional_channels_and_extensions__extensions__surveys__refiner,docs__partners__additional_channels_and_extensions__extensions__surveys__refiner.md,Refiner,"This reference article outlines the partnership between Braze and Refiner, allowing you to send survey events and response data into Braze to trigger campaigns, segment...",partners/additional_channels_and_extensions,https://www.braze.com/docs/partners/additional_channels_and_extensions/extensions/surveys/refiner,2026-09-02,3224,2715,412,11,7,0,8,0,company-own (technical)
docs__partners__additional_channels_and_extensions__extensions__surveys__survicate,docs__partners__additional_channels_and_extensions__extensions__surveys__survicate.md,Survicate,"This reference article outlines the partnership between Braze and Survicate, a customer feedback platform that helps you collect, analyze, and act on customer insights across...",partners/additional_channels_and_extensions,https://www.braze.com/docs/partners/additional_channels_and_extensions/extensions/surveys/survicate,2026-09-02,9643,9122,1458,18,5,0,8,0,company-own (technical)
docs__partners__additional_channels_and_extensions__extensions__surveys__typeform,docs__partners__additional_channels_and_extensions__extensions__surveys__typeform.md,Typeform,"This article outlines the partnership between Braze and Typeform, an easy-to-use tool for collecting data, feedback, and more.",partners/additional_channels_and_extensions,https://www.braze.com/docs/partners/additional_channels_and_extensions/extensions/surveys/typeform,2026-09-02,21045,20578,2913,13,5,10,16,0,company-own (technical)
docs__partners__ai_model_providers,docs__partners__ai_model_providers.md,AI Model Providers,Browse technology partner integrations for AI Model Providers.,partners/ai_model_providers,https://www.braze.com/docs/partners/ai_model_providers,2026-09-02,656,350,41,2,1,0,0,0,company-own (technical)
docs__partners__ai_model_providers__amazon_bedrock,docs__partners__ai_model_providers__amazon_bedrock.md,Amazon Bedrock,"This reference article outlines the partnership between Braze and Amazon Bedrock, which lets you connect Bedrock models to Braze for use with custom AI agents....",partners/ai_model_providers,https://www.braze.com/docs/partners/ai_model_providers/amazon_bedrock,2026-09-02,5029,4596,731,4,3,0,10,0,company-own (technical)
docs__partners__ai_model_providers__anthropic,docs__partners__ai_model_providers__anthropic.md,Anthropic,"This reference article outlines the partnership between Braze and Anthropic, which lets you connect Claude models to Braze for use with custom AI agents.",partners/ai_model_providers,https://www.braze.com/docs/partners/ai_model_providers/anthropic,2026-09-02,1844,1435,212,4,3,0,6,0,company-own (technical)
docs__partners__ai_model_providers__databricks_mosaic,docs__partners__ai_model_providers__databricks_mosaic.md,Databricks Mosaic,"This reference article outlines the partnership between Braze and Databricks Mosaic, which lets you connect Databricks models to Braze for use with custom AI agents....",partners/ai_model_providers,https://www.braze.com/docs/partners/ai_model_providers/databricks_mosaic,2026-09-02,2550,2102,292,4,3,0,8,0,company-own (technical)
docs__partners__ai_model_providers__google_gemini,docs__partners__ai_model_providers__google_gemini.md,Google Gemini,"This reference article outlines the partnership between Braze and Google Gemini, which lets you connect Gemini models to Braze for use with custom AI agents....",partners/ai_model_providers,https://www.braze.com/docs/partners/ai_model_providers/google_gemini,2026-09-02,2725,2297,348,4,3,0,6,0,company-own (technical)
docs__partners__ai_model_providers__microsoft_foundry,docs__partners__ai_model_providers__microsoft_foundry.md,Microsoft Foundry,"This reference article outlines the partnership between Braze and Microsoft Foundry, which lets you connect Foundry-managed AI models to Braze for use with custom AI...",partners/ai_model_providers,https://www.braze.com/docs/partners/ai_model_providers/microsoft_foundry,2026-09-02,3550,3102,476,5,4,0,12,0,company-own (technical)
docs__partners__ai_model_providers__openai,docs__partners__ai_model_providers__openai.md,OpenAI,"This reference article outlines the partnership between Braze and OpenAI, which lets you connect OpenAI models to Braze for use with custom AI agents.",partners/ai_model_providers,https://www.braze.com/docs/partners/ai_model_providers/openai,2026-09-02,1827,1430,210,4,3,0,6,0,company-own (technical)
docs__partners__canvas_audience_sync,docs__partners__canvas_audience_sync.md,Canvas Audience Sync,This landing page is where developers and marketers can find resources on available Canvas sync partners.,partners/canvas_audience_sync,https://www.braze.com/docs/partners/canvas_audience_sync,2026-09-02,1139,782,102,2,1,0,0,0,company-own (technical)
docs__partners__canvas_audience_sync__criteo_audience_sync,docs__partners__canvas_audience_sync__criteo_audience_sync.md,Audience Sync to Criteo,"This reference article will cover how to use Braze Audience Sync to Criteo, to deliver advertisements based upon behavioral triggers, segmentation, and more.",partners/canvas_audience_sync,https://www.braze.com/docs/partners/canvas_audience_sync/criteo_audience_sync,2026-09-02,9084,8629,1410,15,5,0,25,0,company-own (technical)
docs__partners__canvas_audience_sync__facebook_audience_sync,docs__partners__canvas_audience_sync__facebook_audience_sync.md,Audience Sync to Facebook,"This reference article covers how to use Braze Audience Sync to Facebook to deliver advertisements based upon behavioral triggers, segmentation, and more.",partners/canvas_audience_sync,https://www.braze.com/docs/partners/canvas_audience_sync/facebook_audience_sync,2026-09-02,21158,20700,3267,26,6,0,61,5,company-own (technical)
docs__partners__canvas_audience_sync__faq,docs__partners__canvas_audience_sync__faq.md,Frequently asked questions,This article provides answers to frequently asked questions about Audience Sync.,partners/canvas_audience_sync,https://www.braze.com/docs/partners/canvas_audience_sync/faq,2026-09-02,5043,4696,767,7,6,0,21,0,company-own (technical)
docs__partners__canvas_audience_sync__google_audience_sync,docs__partners__canvas_audience_sync__google_audience_sync.md,Audience Sync to Google,"This reference article will cover how to use Braze Audience Sync to Google, to deliver advertisements based upon behavioral triggers, segmentation, and more.",partners/canvas_audience_sync,https://www.braze.com/docs/partners/canvas_audience_sync/google_audience_sync,2026-09-02,18954,18499,3024,24,6,0,31,0,company-own (technical)
docs__partners__canvas_audience_sync__linkedin_audience_sync,docs__partners__canvas_audience_sync__linkedin_audience_sync.md,Audience Sync to LinkedIn,"This reference article will cover how to use Braze Audience Sync to LinkedIn to deliver advertisements based upon behavioral triggers, segmentation, and more.",partners/canvas_audience_sync,https://www.braze.com/docs/partners/canvas_audience_sync/linkedin_audience_sync,2026-09-02,10575,10113,1632,18,5,0,25,0,company-own (technical)
docs__partners__canvas_audience_sync__overview,docs__partners__canvas_audience_sync__overview.md,About Audience Sync,"This reference article covers how to use Braze Audience Sync to Facebook, to deliver advertisements based upon behavioral triggers, segmentation,.",partners/canvas_audience_sync,https://www.braze.com/docs/partners/canvas_audience_sync/overview,2026-09-02,9326,8910,1414,10,6,0,45,0,company-own (technical)
docs__partners__canvas_audience_sync__pinterest_audience_sync,docs__partners__canvas_audience_sync__pinterest_audience_sync.md,Audience Sync to Pinterest,"This reference article will cover how to use Braze Audience Sync to Pinterest, to deliver advertisements based upon behavioral triggers, segmentation, and more.",partners/canvas_audience_sync,https://www.braze.com/docs/partners/canvas_audience_sync/pinterest_audience_sync,2026-09-02,9027,8560,1357,15,5,0,28,0,company-own (technical)
docs__partners__canvas_audience_sync__snapchat_audience_sync,docs__partners__canvas_audience_sync__snapchat_audience_sync.md,Audience Sync to Snapchat,"This reference article will cover how to use Braze Audience Sync to Snapchat, to deliver advertisements based upon behavioral triggers, segmentation, and more.",partners/canvas_audience_sync,https://www.braze.com/docs/partners/canvas_audience_sync/snapchat_audience_sync,2026-09-02,8743,8280,1315,14,4,0,28,0,company-own (technical)
docs__partners__canvas_audience_sync__tiktok_audience_sync,docs__partners__canvas_audience_sync__tiktok_audience_sync.md,Audience Sync to TikTok,"This reference article will cover how to use Braze Audience Sync to TikTok to deliver advertisements based upon behavioral triggers, segmentation, and more.",partners/canvas_audience_sync,https://www.braze.com/docs/partners/canvas_audience_sync/tiktok_audience_sync,2026-09-02,9614,9160,1481,17,5,0,28,0,company-own (technical)
docs__partners__canvas_audience_sync__trade_desk_audience_sync,docs__partners__canvas_audience_sync__trade_desk_audience_sync.md,Audience Sync to The Trade Desk,"This reference article covers how to use Braze Audience Sync with The Trade Desk to deliver advertisements based upon behavioral triggers, segmentation, and more.",partners/canvas_audience_sync,https://www.braze.com/docs/partners/canvas_audience_sync/trade_desk_audience_sync,2026-09-02,4485,4009,660,13,3,0,9,0,company-own (technical)
docs__partners__data_and_analytics,docs__partners__data_and_analytics.md,Data and analytics,"Explore Braze technology partners for sending, storing, and coordinating data across CDPs, warehouses, analytics, privacy, and workflow tools.",partners/data_and_analytics,https://www.braze.com/docs/partners/data_and_analytics,2026-09-02,971,585,70,2,1,0,0,0,company-own (technical)
docs__partners__data_and_analytics__ab_testing,docs__partners__data_and_analytics__ab_testing.md,A/B Testing,Browse technology partner integrations for A/B Testing.,partners/data_and_analytics,https://www.braze.com/docs/partners/data_and_analytics/ab_testing,2026-09-02,576,261,34,2,1,0,0,0,company-own (technical)
docs__partners__data_and_analytics__ab_testing__eppo,docs__partners__data_and_analytics__ab_testing__eppo.md,Eppo,Learn how to integrate Eppo with Braze.,partners/data_and_analytics,https://www.braze.com/docs/partners/data_and_analytics/ab_testing/eppo,2026-09-02,3273,2970,441,7,3,0,6,0,company-own (technical)
docs__partners__data_and_analytics__ab_testing__kameleoon,docs__partners__data_and_analytics__ab_testing__kameleoon.md,Kameleoon,Learn how to integrate Kameleoon with Braze,partners/data_and_analytics,https://www.braze.com/docs/partners/data_and_analytics/ab_testing/kameleoon,2026-09-02,4662,4340,629,15,4,0,12,0,company-own (technical)
docs__partners__data_and_analytics__ab_testing__optimizely,docs__partners__data_and_analytics__ab_testing__optimizely.md,Optimizely,"This reference article outlines the partnership between Braze and Optimizely that allows you to sync your Braze customer segments, events, and Currents events to Optimizely...",partners/data_and_analytics,https://www.braze.com/docs/partners/data_and_analytics/ab_testing/optimizely,2026-09-02,6983,6526,1042,11,3,0,10,0,company-own (technical)
docs__partners__data_and_analytics__ab_testing__vwo,docs__partners__data_and_analytics__ab_testing__vwo.md,VWO,Learn how to integrate VWO with Braze.,partners/data_and_analytics,https://www.braze.com/docs/partners/data_and_analytics/ab_testing/vwo,2026-09-02,4565,4266,631,11,5,0,12,0,company-own (technical)
docs__partners__data_and_analytics__analytics,docs__partners__data_and_analytics__analytics.md,Analytics,Browse technology partner integrations for Analytics.,partners/data_and_analytics,https://www.braze.com/docs/partners/data_and_analytics/analytics,2026-09-02,773,464,45,2,1,0,0,0,company-own (technical)
docs__partners__data_and_analytics__analytics__apteligent,docs__partners__data_and_analytics__analytics__apteligent.md,Apteligent,"This reference article outlines the partnership between Braze and Apteligent, a mobile application that details crash reporting, allowing you to log critical data into your...",partners/data_and_analytics,https://www.braze.com/docs/partners/data_and_analytics/analytics/apteligent,2026-09-02,2556,2101,248,6,3,4,8,0,company-own (technical)
docs__partners__data_and_analytics__analytics__contentsquare,docs__partners__data_and_analytics__analytics__contentsquare.md,Contentsquare,"This reference article outlines the partnership between Braze and Contentsquare, a digital experience analytics platform that allows you to improve the relevance and conversion rates...",partners/data_and_analytics,https://www.braze.com/docs/partners/data_and_analytics/analytics/contentsquare,2026-09-02,2963,2489,347,6,5,0,8,0,company-own (technical)
docs__partners__data_and_analytics__analytics__heap,docs__partners__data_and_analytics__analytics__heap.md,Heap analytics,"This reference article outlines how to use Braze Currents to automatically analyze engagement events with Heap, a digital insights platform, that allows you to import...",partners/data_and_analytics,https://www.braze.com/docs/partners/data_and_analytics/analytics/heap,2026-09-02,1491,1050,160,4,1,0,0,0,company-own (technical)
docs__partners__data_and_analytics__analytics__heap__heap_cohort_import,docs__partners__data_and_analytics__analytics__heap__heap_cohort_import.md,Heap cohort import,"This reference article details the integration between Braze and Heap, a digital insights platform, that allows you to import Heap data to Braze, create user...",partners/data_and_analytics,https://www.braze.com/docs/partners/data_and_analytics/analytics/heap/heap_cohort_import,2026-09-02,3413,2938,455,9,5,0,10,0,company-own (technical)
docs__partners__data_and_analytics__analytics__inbox_monster,docs__partners__data_and_analytics__analytics__inbox_monster.md,Inbox Monster,"This reference article outlines the partnership between Braze and Inbox Monster, an online email marketing tool that allows Braze customers to unlock powerful deliverability insights...",partners/data_and_analytics,https://www.braze.com/docs/partners/data_and_analytics/analytics/inbox_monster,2026-09-02,2316,1842,265,4,3,0,10,1,company-own (technical)
docs__partners__data_and_analytics__analytics__kickbox,docs__partners__data_and_analytics__analytics__kickbox.md,Kickbox,"This reference article outlines the partnership between Braze and Kickbox, an email verification platform used to validate email lists or integrate verification into your application....",partners/data_and_analytics,https://www.braze.com/docs/partners/data_and_analytics/analytics/kickbox,2026-09-02,4034,3577,533,6,3,2,10,0,company-own (technical)
docs__partners__data_and_analytics__analytics__kubit,docs__partners__data_and_analytics__analytics__kubit.md,Kubit,"This reference article outlines the partnership between Braze and Kubit, a no-code, self-service analytics platform that delivers instant product insights, allowing you to import Kubit...",partners/data_and_analytics,https://www.braze.com/docs/partners/data_and_analytics/analytics/kubit,2026-09-02,1914,1462,222,3,2,0,6,0,company-own (technical)
docs__partners__data_and_analytics__analytics__mixpanel,docs__partners__data_and_analytics__analytics__mixpanel.md,Mixpanel,"This reference article outlines the partnership between Braze and Mixpanel, a business analytics platform, allowing you to import Mixpanel Cohorts into Braze to create Braze...",partners/data_and_analytics,https://www.braze.com/docs/partners/data_and_analytics/analytics/mixpanel,2026-09-02,4470,4020,601,11,4,0,6,0,company-own (technical)
docs__partners__data_and_analytics__analytics__mixpanel__mixpanel_cohort_import,docs__partners__data_and_analytics__analytics__mixpanel__mixpanel_cohort_import.md,Mixpanel cohort import,"This reference article outlines the cohort import functionality of Mixpanel, a business analytics platform, allowing you to import Mixpanel Cohorts into Braze to create Braze...",partners/data_and_analytics,https://www.braze.com/docs/partners/data_and_analytics/analytics/mixpanel/mixpanel_cohort_import,2026-09-02,3703,3191,500,8,3,0,0,0,company-own (technical)
docs__partners__data_and_analytics__analytics__saleswings,docs__partners__data_and_analytics__analytics__saleswings.md,SalesWings,This reference article outlines the partnership between Braze and SalesWings. SalesWings is a sales and marketing operations solution for Braze that helps you qualify leads...,partners/data_and_analytics,https://www.braze.com/docs/partners/data_and_analytics/analytics/saleswings,2026-09-02,16132,15677,2281,15,5,0,109,3,company-own (technical)
docs__partners__data_and_analytics__analytics__validity,docs__partners__data_and_analytics__analytics__validity.md,Validity,"This reference article outlines the partnership between Braze and Validity, an email deliverability platform that syncs Everest seed lists to Braze and automates inbox placement...",partners/data_and_analytics,https://www.braze.com/docs/partners/data_and_analytics/analytics/validity,2026-09-02,7120,6666,1000,14,5,2,12,1,company-own (technical)
docs__partners__data_and_analytics__business_intelligence,docs__partners__data_and_analytics__business_intelligence.md,Business Intelligence,Browse technology partner integrations for Business Intelligence.,partners/data_and_analytics,https://www.braze.com/docs/partners/data_and_analytics/business_intelligence,2026-09-02,717,360,38,2,1,0,0,0,company-own (technical)
docs__partners__data_and_analytics__business_intelligence__clarisights,docs__partners__data_and_analytics__business_intelligence__clarisights.md,Clarisights,"This reference article outlines the partnership between Braze and Clarisights, a self-serve performance marketing reporting platform, allowing you to import data from Braze campaigns and...",partners/data_and_analytics,https://www.braze.com/docs/partners/data_and_analytics/business_intelligence/clarisights,2026-09-02,3219,2723,385,6,5,0,10,0,company-own (technical)
docs__partners__data_and_analytics__business_intelligence__datadog,docs__partners__data_and_analytics__business_intelligence__datadog.md,Datadog,"This reference article outlines the partnership with Braze and Datadog, an observability service for cloud-scale applications, providing monitoring of servers, databases, tools, and services through...",partners/data_and_analytics,https://www.braze.com/docs/partners/data_and_analytics/business_intelligence/datadog,2026-09-02,3392,2896,435,8,4,0,4,0,company-own (technical)
docs__partners__data_and_analytics__business_intelligence__looker,docs__partners__data_and_analytics__business_intelligence__looker.md,Looker,"This reference article outlines the partnership between Braze and Looker, a business intelligence and big-data analytics platform.",partners/data_and_analytics,https://www.braze.com/docs/partners/data_and_analytics/business_intelligence/looker,2026-09-02,7758,7336,1102,16,3,5,18,1,company-own (technical)
docs__partners__data_and_analytics__business_intelligence__tellius,docs__partners__data_and_analytics__business_intelligence__tellius.md,Tellius,"This reference article outlines the partnership between Braze and Tellius, a decision intelligence and augmented analytics platform, allowing you to leverage data, without relying on...",partners/data_and_analytics,https://www.braze.com/docs/partners/data_and_analytics/business_intelligence/tellius,2026-09-02,2698,2218,325,7,2,0,8,0,company-own (technical)
docs__partners__data_and_analytics__business_intelligence__thoughtspot,docs__partners__data_and_analytics__business_intelligence__thoughtspot.md,ThoughtSpot,"This reference article outlines the partnership between Braze and ThoughtSpot, a next-generation analytics platform that enables users to limitlessly search across their Braze interaction data...",partners/data_and_analytics,https://www.braze.com/docs/partners/data_and_analytics/business_intelligence/thoughtspot,2026-09-02,2149,1647,232,6,3,0,6,0,company-own (technical)
docs__partners__data_and_analytics__cloud_storage,docs__partners__data_and_analytics__cloud_storage.md,Cloud Storage,Browse technology partner integrations for Cloud Storage.,partners/data_and_analytics,https://www.braze.com/docs/partners/data_and_analytics/cloud_storage,2026-09-02,614,289,37,2,1,0,0,0,company-own (technical)
docs__partners__data_and_analytics__cloud_storage__amazon_s3,docs__partners__data_and_analytics__cloud_storage__amazon_s3.md,Amazon S3,"This reference article outlines the partnership between Braze and Amazon S3, a highly scalable storage system offered by Amazon Web Services.",partners/data_and_analytics,https://www.braze.com/docs/partners/data_and_analytics/cloud_storage/amazon_s3,2026-09-02,17528,17102,2677,24,8,12,20,0,company-own (technical)
docs__partners__data_and_analytics__cloud_storage__google_cloud_storage_for_currents,docs__partners__data_and_analytics__cloud_storage__google_cloud_storage_for_currents.md,Google Cloud Storage,"This reference article outlines the partnership between Braze and Google Cloud Storage, a massively scalable object storage for unstructured data.",partners/data_and_analytics,https://www.braze.com/docs/partners/data_and_analytics/cloud_storage/google_cloud_storage_for_currents,2026-09-02,7418,6928,1069,13,4,2,8,0,company-own (technical)
docs__partners__data_and_analytics__cloud_storage__microsoft_azure_blob_storage_for_currents,docs__partners__data_and_analytics__cloud_storage__microsoft_azure_blob_storage_for_currents.md,Microsoft Azure Blob Storage,"This reference article outlines the partnership between Braze Currents and Microsoft Azure Blog Storage, a massively scalable object storage for unstructured data.",partners/data_and_analytics,https://www.braze.com/docs/partners/data_and_analytics/cloud_storage/microsoft_azure_blob_storage_for_currents,2026-09-02,13037,12506,1922,22,7,6,32,1,company-own (technical)
docs__partners__data_and_analytics__cohort_import,docs__partners__data_and_analytics__cohort_import.md,Cohort Import,Browse technology partner integrations for Cohort Import.,partners/data_and_analytics,https://www.braze.com/docs/partners/data_and_analytics/cohort_import,2026-09-02,606,281,34,2,1,0,0,0,company-own (technical)
docs__partners__data_and_analytics__cohort_import__appsflyer_audiences,docs__partners__data_and_analytics__cohort_import__appsflyer_audiences.md,AppsFlyer Audiences,"This reference article outlines the partnership between Braze and AppsFlyer Audiences, a feature of the AppsFlyer platform that allows you to efficiently build and connect...",partners/data_and_analytics,https://www.braze.com/docs/partners/data_and_analytics/cohort_import/appsflyer_audiences,2026-09-02,3370,2881,419,10,3,4,12,0,company-own (technical)
docs__partners__data_and_analytics__cohort_import__kubit,docs__partners__data_and_analytics__cohort_import__kubit.md,Kubit cohort import,"This reference article outlines the cohort import functionality of Kubit, a no-code, self-service analytics platform that delivers instant product insights, allowing you to import Kubit...",partners/data_and_analytics,https://www.braze.com/docs/partners/data_and_analytics/cohort_import/kubit,2026-09-02,3198,2723,452,10,2,0,0,0,company-own (technical)
docs__partners__data_and_analytics__cohort_import__splio,docs__partners__data_and_analytics__cohort_import__splio.md,Splio,"This reference article outlines the partnership between Braze and Splio, which lets you send more targeted campaigns, find new product opportunities, and elevate revenue.",partners/data_and_analytics,https://www.braze.com/docs/partners/data_and_analytics/cohort_import/splio,2026-09-02,3205,2762,437,9,5,0,4,0,company-own (technical)
docs__partners__data_and_analytics__cohort_import__treasuredata,docs__partners__data_and_analytics__cohort_import__treasuredata.md,Treasure Data cohort import,This reference article outlines the cohort import functionality of Treasure Data.,partners/data_and_analytics,https://www.braze.com/docs/partners/data_and_analytics/cohort_import/treasuredata,2026-09-02,9044,8654,1278,16,3,6,97,0,company-own (technical)
docs__partners__data_and_analytics__customer_data_platform,docs__partners__data_and_analytics__customer_data_platform.md,Customer Data Platform,Browse technology partner integrations for Customer Data Platform.,partners/data_and_analytics,https://www.braze.com/docs/partners/data_and_analytics/customer_data_platform,2026-09-02,997,636,63,2,1,0,0,0,company-own (technical)
docs__partners__data_and_analytics__customer_data_platform__actioniq,docs__partners__data_and_analytics__customer_data_platform__actioniq.md,ActionIQ,"This reference article covers the Braze and ActionIQ integration. ActionIQ is an enterprise customer data platform for marketers, analysts, and technologists. This integration allows brands...",partners/data_and_analytics,https://www.braze.com/docs/partners/data_and_analytics/customer_data_platform/actioniq,2026-09-02,4813,4321,639,10,3,0,8,0,company-own (technical)
docs__partners__data_and_analytics__customer_data_platform__adobe,docs__partners__data_and_analytics__customer_data_platform__adobe.md,Adobe,This landing page is home to everything Adobe including how to integrate Adobe and use the event forwarding extension.,partners/data_and_analytics,https://www.braze.com/docs/partners/data_and_analytics/customer_data_platform/adobe,2026-09-02,820,411,57,1,0,0,0,0,company-own (technical)
docs__partners__data_and_analytics__customer_data_platform__adobe__adobe,docs__partners__data_and_analytics__customer_data_platform__adobe__adobe.md,Adobe,"This page outlines the partnership between Braze and Adobe, a customer data platform, that allows brands to connect and map their Adobe data (custom attributes...",partners/data_and_analytics,https://www.braze.com/docs/partners/data_and_analytics/customer_data_platform/adobe/adobe,2026-09-02,6600,6134,912,12,5,0,19,0,company-own (technical)
docs__partners__data_and_analytics__customer_data_platform__adobe__adobe_for_currents,docs__partners__data_and_analytics__customer_data_platform__adobe__adobe_for_currents.md,Adobe for Currents,"This reference article outlines the partnership between Braze Currents and Adobe, a customer data platform that allows brands to connect and map their Adobe data...",partners/data_and_analytics,https://www.braze.com/docs/partners/data_and_analytics/customer_data_platform/adobe/adobe_for_currents,2026-09-02,4495,3988,587,7,2,0,22,0,company-own (technical)
docs__partners__data_and_analytics__customer_data_platform__adobe__event_forwarding_extension,docs__partners__data_and_analytics__customer_data_platform__adobe__event_forwarding_extension.md,Track Events API event forwarding extension,This reference article covers the Braze event forward extension that allows you to leverage data captured in the Adobe Experience Platform Edge Network and send...,partners/data_and_analytics,https://www.braze.com/docs/partners/data_and_analytics/customer_data_platform/adobe/event_forwarding_extension,2026-09-02,10458,9911,1522,10,3,0,117,0,company-own (technical)
docs__partners__data_and_analytics__customer_data_platform__amperity,docs__partners__data_and_analytics__customer_data_platform__amperity.md,Amperity,"This reference article outlines the partnership between Braze and Amperity, a comprehensive enterprise customer data platform, allowing you to sync Amperity users, unify data, send...",partners/data_and_analytics,https://www.braze.com/docs/partners/data_and_analytics/customer_data_platform/amperity,2026-09-02,10889,10406,1635,28,3,0,12,2,company-own (technical)
docs__partners__data_and_analytics__customer_data_platform__amplitude__amplitude_audiences,docs__partners__data_and_analytics__customer_data_platform__amplitude__amplitude_audiences.md,Amplitude,"This reference article outlines the partnership between Braze and Amplitude, a product analytics and business intelligence platform.",partners/data_and_analytics,https://www.braze.com/docs/partners/data_and_analytics/customer_data_platform/amplitude/amplitude_audiences,2026-09-02,5016,4540,688,11,6,0,14,0,company-own (technical)
docs__partners__data_and_analytics__customer_data_platform__amplitude__amplitude_cohort_import,docs__partners__data_and_analytics__customer_data_platform__amplitude__amplitude_cohort_import.md,Amplitude cohort import,"This reference article outlines the cohort import functionality of Amplitude, a product analytics and business intelligence platform.",partners/data_and_analytics,https://www.braze.com/docs/partners/data_and_analytics/customer_data_platform/amplitude/amplitude_cohort_import,2026-09-02,3806,3307,540,10,3,0,0,0,company-own (technical)
docs__partners__data_and_analytics__customer_data_platform__amplitude__amplitude_for_currents,docs__partners__data_and_analytics__customer_data_platform__amplitude__amplitude_for_currents.md,Amplitude for Currents,"This reference article outlines the partnership between Braze Currents and Amplitude, a product analytics and business intelligence platform.",partners/data_and_analytics,https://www.braze.com/docs/partners/data_and_analytics/customer_data_platform/amplitude/amplitude_for_currents,2026-09-02,5274,4770,723,7,4,2,8,0,company-own (technical)
docs__partners__data_and_analytics__customer_data_platform__amplitude__amplitude_user_profile_api,docs__partners__data_and_analytics__customer_data_platform__amplitude__amplitude_user_profile_api.md,Amplitude and Connected Content,"Amplitude's User Profile API serves Amplitude user profiles. This includes user properties, computed user properties, a list of cohort IDs of cohorts that include the...",partners/data_and_analytics,https://www.braze.com/docs/partners/data_and_analytics/customer_data_platform/amplitude/amplitude_user_profile_api,2026-09-02,6470,5921,765,21,2,12,56,6,company-own (technical)
docs__partners__data_and_analytics__customer_data_platform__blueconic,docs__partners__data_and_analytics__customer_data_platform__blueconic.md,BlueConic,"This reference article outlines the partnership between Braze and BlueConic, a leading pure-play customer data platform, allowing you to unify data across persistent, individual profiles...",partners/data_and_analytics,https://www.braze.com/docs/partners/data_and_analytics/customer_data_platform/blueconic,2026-09-02,6600,6108,936,8,4,0,14,0,company-own (technical)
docs__partners__data_and_analytics__customer_data_platform__celebrus,docs__partners__data_and_analytics__customer_data_platform__celebrus.md,Celebrus,Integrating Braze and Celebrus.,partners/data_and_analytics,https://www.braze.com/docs/partners/data_and_analytics/customer_data_platform/celebrus,2026-09-02,5268,4937,755,8,2,2,10,0,company-own (technical)
docs__partners__data_and_analytics__customer_data_platform__chord,docs__partners__data_and_analytics__customer_data_platform__chord.md,Chord,"Connect the Chord customer data platform (CDP) to Braze to forward eCommerce events and identity updates for messaging, segmentation, and journeys.",partners/data_and_analytics,https://www.braze.com/docs/partners/data_and_analytics/customer_data_platform/chord,2026-09-02,5660,5222,788,14,8,0,16,1,company-own (technical)
docs__partners__data_and_analytics__customer_data_platform__crowdtwist,docs__partners__data_and_analytics__customer_data_platform__crowdtwist.md,Oracle Crowdtwist,"This article outlines the partnership between Braze and Oracle Crowdtwist, by way of specially-created Braze Data-Transformation templates and Crowdtwist's Data Push Objects.",partners/data_and_analytics,https://www.braze.com/docs/partners/data_and_analytics/customer_data_platform/crowdtwist,2026-09-02,12925,12438,1760,8,4,8,14,0,company-own (technical)
docs__partners__data_and_analytics__customer_data_platform__dynamics_365_customer_insights,docs__partners__data_and_analytics__customer_data_platform__dynamics_365_customer_insights.md,Dynamics 365 Customer Insights,"This reference article outlines the partnership between Braze and Dynamics 365 Customer Insights, a leading enterprise customer data platform, that allows you export customer segments...",partners/data_and_analytics,https://www.braze.com/docs/partners/data_and_analytics/customer_data_platform/dynamics_365_customer_insights,2026-09-02,4763,4211,653,8,3,0,8,0,company-own (technical)
docs__partners__data_and_analytics__customer_data_platform__growthloop,docs__partners__data_and_analytics__customer_data_platform__growthloop.md,GrowthLoop,"This reference article outlines the partnership between Braze and GrowthLoop, a platform that allows you to segment customer data directly from data warehouses and send...",partners/data_and_analytics,https://www.braze.com/docs/partners/data_and_analytics/customer_data_platform/growthloop,2026-09-02,3589,3112,477,8,5,0,8,0,company-own (technical)
docs__partners__data_and_analytics__customer_data_platform__lemnisk,docs__partners__data_and_analytics__customer_data_platform__lemnisk.md,Lemnisk,"This reference article details the partnership between Braze and Lemnisk, an AI-enabled customer data platform-led Marketing Automation platform, allowing you to stream user data collected...",partners/data_and_analytics,https://www.braze.com/docs/partners/data_and_analytics/customer_data_platform/lemnisk,2026-09-02,3858,3370,515,7,3,0,10,0,company-own (technical)
docs__partners__data_and_analytics__customer_data_platform__lexer,docs__partners__data_and_analytics__customer_data_platform__lexer.md,Lexer,"This reference article outlines the partnership between Braze and Lexer, a customer data platform that puts customer data in the hands of marketers to inspire...",partners/data_and_analytics,https://www.braze.com/docs/partners/data_and_analytics/customer_data_platform/lexer,2026-09-02,4935,4483,714,9,4,0,10,0,company-own (technical)
docs__partners__data_and_analytics__customer_data_platform__lytics,docs__partners__data_and_analytics__customer_data_platform__lytics.md,Lytics,"This reference article covers the Braze and Lytics integration. Lytics is an enterprise Customer Data platform for marketers, analysts, and technologists. This integration allows brands...",partners/data_and_analytics,https://www.braze.com/docs/partners/data_and_analytics/customer_data_platform/lytics,2026-09-02,8216,7734,1170,17,5,6,18,1,company-own (technical)
docs__partners__data_and_analytics__customer_data_platform__merkury,docs__partners__data_and_analytics__customer_data_platform__merkury.md,Merkury,"This reference article outlines the partnership between Braze and Merkury, an enterprise identity platform for your apps, that allows you to leverages the `MerkuryID` to...",partners/data_and_analytics,https://www.braze.com/docs/partners/data_and_analytics/customer_data_platform/merkury,2026-09-02,3512,3043,436,8,3,0,21,0,company-own (technical)
docs__partners__data_and_analytics__customer_data_platform__mparticle,docs__partners__data_and_analytics__customer_data_platform__mparticle.md,mParticle,"This landing page is home to all things mParticle, including integration guidance and mParticle for Currents.",partners/data_and_analytics,https://www.braze.com/docs/partners/data_and_analytics/customer_data_platform/mparticle,2026-09-02,717,305,43,1,0,0,0,0,company-own (technical)
docs__partners__data_and_analytics__customer_data_platform__mparticle__mparticle,docs__partners__data_and_analytics__customer_data_platform__mparticle__mparticle.md,mParticle by Rokt,"This reference article outlines the partnership between Braze and mParticle, a customer data platform that collects and routes information between sources in your marketing stack....",partners/data_and_analytics,https://www.braze.com/docs/partners/data_and_analytics/customer_data_platform/mparticle/mparticle,2026-09-02,22978,22464,3414,36,5,0,56,0,company-own (technical)
docs__partners__data_and_analytics__customer_data_platform__mparticle__mparticle_for_currents,docs__partners__data_and_analytics__customer_data_platform__mparticle__mparticle_for_currents.md,mParticle for Currents,"This reference article outlines the partnership between Braze Currents and mParticle, a customer data platform that collects and routes information between sources in your marketing...",partners/data_and_analytics,https://www.braze.com/docs/partners/data_and_analytics/customer_data_platform/mparticle/mparticle_for_currents,2026-09-02,4585,4038,646,7,4,0,8,0,company-own (technical)
docs__partners__data_and_analytics__customer_data_platform__octolis,docs__partners__data_and_analytics__customer_data_platform__octolis.md,Octolis,"This reference article outlines the partnership between Braze and Octolis, a data activation platform, that allows you to integrate your data into Braze.",partners/data_and_analytics,https://www.braze.com/docs/partners/data_and_analytics/customer_data_platform/octolis,2026-09-02,5335,4885,793,9,4,0,24,0,company-own (technical)
docs__partners__data_and_analytics__customer_data_platform__redpoint,docs__partners__data_and_analytics__customer_data_platform__redpoint.md,Redpoint,The Redpoint to Braze integration allows you to onboard and enrich Braze user profiles with your first-party data.,partners/data_and_analytics,https://www.braze.com/docs/partners/data_and_analytics/customer_data_platform/redpoint,2026-09-02,8034,7620,1129,17,5,0,40,0,company-own (technical)
docs__partners__data_and_analytics__customer_data_platform__rudderstack__rudderstack,docs__partners__data_and_analytics__customer_data_platform__rudderstack__rudderstack.md,RudderStack,"This article outlines the partnership between Braze and RudderStack, an open-source customer data infrastructure offering seamless Braze integration for your Android, iOS, and web applications....",partners/data_and_analytics,https://www.braze.com/docs/partners/data_and_analytics/customer_data_platform/rudderstack/rudderstack,2026-09-02,11376,10846,1667,15,6,4,16,0,company-own (technical)
docs__partners__data_and_analytics__customer_data_platform__rudderstack__rudderstack_for_currents,docs__partners__data_and_analytics__customer_data_platform__rudderstack__rudderstack_for_currents.md,RudderStack for Currents,"This article outlines the partnership between Braze Currents and RudderStack, an open-source customer data infrastructure that offers a seamless Braze integration for your Android, iOS,...",partners/data_and_analytics,https://www.braze.com/docs/partners/data_and_analytics/customer_data_platform/rudderstack/rudderstack_for_currents,2026-09-02,2616,2055,311,7,3,0,8,0,company-own (technical)
docs__partners__data_and_analytics__customer_data_platform__segment,docs__partners__data_and_analytics__customer_data_platform__segment.md,Segment,This landing page is home to all things related to Segment—the customer data platform.,partners/data_and_analytics,https://www.braze.com/docs/partners/data_and_analytics/customer_data_platform/segment,2026-09-02,807,422,62,1,0,0,0,0,company-own (technical)
docs__partners__data_and_analytics__customer_data_platform__segment__segment,docs__partners__data_and_analytics__customer_data_platform__segment__segment.md,Segment,"This reference article outlines the partnership between Braze and Segment, a customer data platform that collects and routes information between sources in your marketing stack....",partners/data_and_analytics,https://www.braze.com/docs/partners/data_and_analytics/customer_data_platform/segment/segment,2026-09-02,33235,32741,5072,19,5,6,177,8,company-own (technical)
docs__partners__data_and_analytics__customer_data_platform__segment__segment_engage,docs__partners__data_and_analytics__customer_data_platform__segment__segment_engage.md,Segment Engage,"This reference article outlines the partnership between Braze and Segment, a customer data platform that collects and routes information between sources in your marketing stack....",partners/data_and_analytics,https://www.braze.com/docs/partners/data_and_analytics/customer_data_platform/segment/segment_engage,2026-09-02,6883,6368,1002,13,5,0,16,0,company-own (technical)
docs__partners__data_and_analytics__customer_data_platform__segment__segment_for_currents,docs__partners__data_and_analytics__customer_data_platform__segment__segment_for_currents.md,Segment for Currents,"This reference article outlines the partnership between Braze Currents and Segment, a customer data platform that collects and routes information between sources in your marketing...",partners/data_and_analytics,https://www.braze.com/docs/partners/data_and_analytics/customer_data_platform/segment/segment_for_currents,2026-09-02,3989,3454,516,8,4,0,8,0,company-own (technical)
docs__partners__data_and_analytics__customer_data_platform__simonai,docs__partners__data_and_analytics__customer_data_platform__simonai.md,Simon AI,"Use the Braze and Simon AI integration to create and sync sophisticated audiences to Braze for orchestration, in real-time and without code.",partners/data_and_analytics,https://www.braze.com/docs/partners/data_and_analytics/customer_data_platform/simonai,2026-09-02,4196,3758,601,7,3,0,8,0,company-own (technical)
docs__partners__data_and_analytics__customer_data_platform__snowplow,docs__partners__data_and_analytics__customer_data_platform__snowplow.md,Snowplow,"This reference article outlines the partnership between Braze and Snowplow, a data infrastructure platform, that allows you to forward Snowplow events to Braze in real...",partners/data_and_analytics,https://www.braze.com/docs/partners/data_and_analytics/customer_data_platform/snowplow,2026-09-02,5578,5108,736,12,6,0,10,0,company-own (technical)
docs__partners__data_and_analytics__customer_data_platform__tealium__tealium,docs__partners__data_and_analytics__customer_data_platform__tealium__tealium.md,Tealium,"This reference article outlines the partnership between Braze and Tealium, a universal data hub that enables you to connect mobile, web, and alternative data to...",partners/data_and_analytics,https://www.braze.com/docs/partners/data_and_analytics/customer_data_platform/tealium/tealium,2026-09-02,21682,21205,3281,19,6,0,85,0,company-own (technical)
docs__partners__data_and_analytics__customer_data_platform__tealium__tealium_audience_stream,docs__partners__data_and_analytics__customer_data_platform__tealium__tealium_audience_stream.md,Tealium AudienceStream,"This reference article outlines the partnership between Braze and Tealium, a universal data hub that enables you to connect mobile, web, and alternative data to...",partners/data_and_analytics,https://www.braze.com/docs/partners/data_and_analytics/customer_data_platform/tealium/tealium_audience_stream,2026-09-02,17031,16507,2585,20,4,0,40,0,company-own (technical)
docs__partners__data_and_analytics__customer_data_platform__tealium__tealium_for_currents,docs__partners__data_and_analytics__customer_data_platform__tealium__tealium_for_currents.md,Tealium for Currents,"This reference article outlines the partnership between Braze Currents and Tealium, a customer data platform that collects and routes information between sources in your marketing...",partners/data_and_analytics,https://www.braze.com/docs/partners/data_and_analytics/customer_data_platform/tealium/tealium_for_currents,2026-09-02,2756,2221,345,6,3,0,8,0,company-own (technical)
docs__partners__data_and_analytics__customer_data_platform__toovio,docs__partners__data_and_analytics__customer_data_platform__toovio.md,Toovio,"This reference article outlines the partnership between Braze and Toovio, a data-as-a-service company, that helps you discover your actionable data and use the most important...",partners/data_and_analytics,https://www.braze.com/docs/partners/data_and_analytics/customer_data_platform/toovio,2026-09-02,2340,1869,280,7,3,0,8,0,company-own (technical)
docs__partners__data_and_analytics__customer_data_platform__treasure_data__treasure_data,docs__partners__data_and_analytics__customer_data_platform__treasure_data__treasure_data.md,Treasure Data,"This reference article outlines the partnership between Braze and Treasure Data, an enterprise customer data platform that allows you to write job results directly to...",partners/data_and_analytics,https://www.braze.com/docs/partners/data_and_analytics/customer_data_platform/treasure_data/treasure_data,2026-09-02,3813,3300,485,8,4,0,23,0,company-own (technical)
docs__partners__data_and_analytics__customer_data_platform__treasure_data__treasure_data_for_currents,docs__partners__data_and_analytics__customer_data_platform__treasure_data__treasure_data_for_currents.md,Treasure Data for Currents,"This reference article outlines the partnership between Braze Currents and Treasure Data, an enterprise customer data platform that streams Braze event data into Treasure Data...",partners/data_and_analytics,https://www.braze.com/docs/partners/data_and_analytics/customer_data_platform/treasure_data/treasure_data_for_currents,2026-09-02,6370,5809,836,10,7,4,58,4,company-own (technical)
docs__partners__data_and_analytics__customer_data_platform__zeotap,docs__partners__data_and_analytics__customer_data_platform__zeotap.md,Zeotap,This landing page is home to everything Zeotap including how to integrate Zeotap and use Zeotap Symphony.,partners/data_and_analytics,https://www.braze.com/docs/partners/data_and_analytics/customer_data_platform/zeotap,2026-09-02,697,298,41,1,0,0,0,0,company-own (technical)
docs__partners__data_and_analytics__customer_data_platform__zeotap__symphony,docs__partners__data_and_analytics__customer_data_platform__zeotap__symphony.md,Zeotap Symphony,"This reference article outlines the partnership between Braze and Zeotap, a next-generation customer data platform that provides identity resolution, insights, and enrichment.",partners/data_and_analytics,https://www.braze.com/docs/partners/data_and_analytics/customer_data_platform/zeotap/symphony,2026-09-02,10701,10204,1575,13,7,0,74,0,company-own (technical)
docs__partners__data_and_analytics__customer_data_platform__zeotap__zeotap,docs__partners__data_and_analytics__customer_data_platform__zeotap__zeotap.md,Zeotap,"This reference article outlines the partnership between Braze and Zeotap, a next-generation customer data platform that provides identity resolution, insights, and enrichment.",partners/data_and_analytics,https://www.braze.com/docs/partners/data_and_analytics/customer_data_platform/zeotap/zeotap,2026-09-02,3311,2827,446,6,2,0,8,0,company-own (technical)
docs__partners__data_and_analytics__customer_data_platform__zeotap__zeotap_for_currents,docs__partners__data_and_analytics__customer_data_platform__zeotap__zeotap_for_currents.md,Zeotap for Currents,"This reference article outlines the partnership between Braze Currents and Zeotap, a next-generation customer data platform that helps you discover and understand your mobile audience...",partners/data_and_analytics,https://www.braze.com/docs/partners/data_and_analytics/customer_data_platform/zeotap/zeotap_for_currents,2026-09-02,2298,1764,263,5,2,0,6,0,company-own (technical)
docs__partners__data_and_analytics__customer_relationship_management,docs__partners__data_and_analytics__customer_relationship_management.md,Customer Relationship Management,Browse technology partner integrations for Customer Relationship Management.,partners/data_and_analytics,https://www.braze.com/docs/partners/data_and_analytics/customer_relationship_management,2026-09-02,670,269,32,2,1,0,0,0,company-own (technical)
docs__partners__data_and_analytics__customer_relationship_management__actionableme,docs__partners__data_and_analytics__customer_relationship_management__actionableme.md,actionable.me,"This reference article outlines the partnership between Braze and actionable.me, a proprietary software and processes, that allow you to get the most out of your...",partners/data_and_analytics,https://www.braze.com/docs/partners/data_and_analytics/customer_relationship_management/actionableme,2026-09-02,2747,2250,324,7,4,0,8,0,company-own (technical)
docs__partners__data_and_analytics__data_privacy,docs__partners__data_and_analytics__data_privacy.md,Data Privacy and Compliance,Browse technology partner integrations for Data Privacy and Compliance.,partners/data_and_analytics,https://www.braze.com/docs/partners/data_and_analytics/data_privacy,2026-09-02,633,282,35,2,1,0,0,0,company-own (technical)
docs__partners__data_and_analytics__data_privacy__datagrail,docs__partners__data_and_analytics__data_privacy__datagrail.md,DataGrail,"This reference article outlines the partnership between Braze and DataGrail, a privacy management platform, that allows you to detect consumer data collected and stored within...",partners/data_and_analytics,https://www.braze.com/docs/partners/data_and_analytics/data_privacy/datagrail,2026-09-02,2524,2063,298,4,3,0,8,0,company-own (technical)
docs__partners__data_and_analytics__data_privacy__ketch,docs__partners__data_and_analytics__data_privacy__ketch.md,Ketch,"This reference article covers the Braze and Ketch integration. Ketch provides simplified privacy operations and complete, dynamic data control, and intelligence.",partners/data_and_analytics,https://www.braze.com/docs/partners/data_and_analytics/data_privacy/ketch,2026-09-02,4396,3964,609,7,3,0,6,0,company-own (technical)
docs__partners__data_and_analytics__data_privacy__onetrust,docs__partners__data_and_analytics__data_privacy__onetrust.md,OneTrust,"This reference article outlines the partnership between Braze and OneTrust, a data privacy and security software provider, allowing you to use the OneTrust workflow builder...",partners/data_and_analytics,https://www.braze.com/docs/partners/data_and_analytics/data_privacy/onetrust,2026-09-02,5730,5275,789,11,4,0,8,0,company-own (technical)
docs__partners__data_and_analytics__data_warehouses,docs__partners__data_and_analytics__data_warehouses.md,Data Warehouse,Browse technology partner integrations for data warehouses.,partners/data_and_analytics,https://www.braze.com/docs/partners/data_and_analytics/data_warehouses,2026-09-02,562,230,29,2,1,0,0,0,company-own (technical)
docs__partners__data_and_analytics__data_warehouses__snowflake,docs__partners__data_and_analytics__data_warehouses__snowflake.md,Snowflake,"This article outlines the partnership between Braze and Snowflake, covering both Data Sharing (Braze to Snowflake) and Cloud Data Ingestion.",partners/data_and_analytics,https://www.braze.com/docs/partners/data_and_analytics/data_warehouses/snowflake,2026-09-02,10188,9759,1473,21,5,2,23,0,company-own (technical)
docs__partners__data_and_analytics__data_warehouses__snowflake__data_retention,docs__partners__data_and_analytics__data_warehouses__snowflake__data_retention.md,Snowflake data retention,This page covers how to retain full events data when the Braze retention policy is applied.,partners/data_and_analytics,https://www.braze.com/docs/partners/data_and_analytics/data_warehouses/snowflake/data_retention,2026-09-02,10673,10247,1391,4,3,12,12,0,company-own (technical)
docs__partners__data_and_analytics__data_warehouses__snowflake__data_sharing,docs__partners__data_and_analytics__data_warehouses__snowflake__data_sharing.md,Snowflake Data Sharing,"This reference article covers the Snowflake Secure Data Sharing integration, which allows you to access Braze engagement and campaign data directly in your Snowflake instance....",partners/data_and_analytics,https://www.braze.com/docs/partners/data_and_analytics/data_warehouses/snowflake/data_sharing,2026-09-02,10944,10437,1561,19,6,2,33,0,company-own (technical)
docs__partners__data_and_analytics__data_warehouses__snowflake__entity_relationships,docs__partners__data_and_analytics__data_warehouses__snowflake__entity_relationships.md,Entity relationships for Snowflake and Braze,Entity relationships for Snowflake and Braze These are the list of entity relationships between Snowflake and Braze for each messaging channel. important The entity relationship...,partners/data_and_analytics,https://www.braze.com/docs/partners/data_and_analytics/data_warehouses/snowflake/entity_relationships,2026-09-02,128160,127613,16694,58,15,91,84,0,company-own (technical)
docs__partners__data_and_analytics__data_warehouses__snowflake__etl_pipline_setup,docs__partners__data_and_analytics__data_warehouses__snowflake__etl_pipline_setup.md,ETL event pipeline setup,This partner page offers an example set up for an Email Clicks query to reference when setting up your own queries.,partners/data_and_analytics,https://www.braze.com/docs/partners/data_and_analytics/data_warehouses/snowflake/etl_pipline_setup,2026-09-02,3548,3092,406,3,2,12,12,0,company-own (technical)
docs__partners__data_and_analytics__data_warehouses__snowflake__faqs,docs__partners__data_and_analytics__data_warehouses__snowflake__faqs.md,Frequently asked questions,This article answers frequently asked questions about Snowflake data sharing.,partners/data_and_analytics,https://www.braze.com/docs/partners/data_and_analytics/data_warehouses/snowflake/faqs,2026-09-02,7120,6726,1075,15,14,0,0,0,company-own (technical)
docs__partners__data_and_analytics__data_warehouses__snowflake__sample_queries,docs__partners__data_and_analytics__data_warehouses__snowflake__sample_queries.md,Sample queries,This partner page offers some sample queries of possible use cases to reference when setting up your Snowflake queries.,partners/data_and_analytics,https://www.braze.com/docs/partners/data_and_analytics/data_warehouses/snowflake/sample_queries,2026-09-02,17184,16740,2142,1,0,26,26,0,company-own (technical)
docs__partners__data_and_analytics__data_warehouses__snowflake__user_attributes,docs__partners__data_and_analytics__data_warehouses__snowflake__user_attributes.md,User profile attributes,User profile attributes This page serves as a reference for the default and custom attribute views in Snowflake. There are three views for default attributes...,partners/data_and_analytics,https://www.braze.com/docs/partners/data_and_analytics/data_warehouses/snowflake/user_attributes,2026-09-02,17020,16524,1955,24,7,12,329,0,company-own (technical)
docs__partners__data_and_analytics__leads_capture,docs__partners__data_and_analytics__leads_capture.md,Leads Capture,Browse technology partner integrations for Leads Capture.,partners/data_and_analytics,https://www.braze.com/docs/partners/data_and_analytics/leads_capture,2026-09-02,670,345,40,2,1,0,0,0,company-own (technical)
docs__partners__data_and_analytics__leads_capture__facebook_via_zapier,docs__partners__data_and_analytics__leads_capture__facebook_via_zapier.md,Facebook Lead Ads via Zapier integration,"This reference article outlines the integration between Braze and Facebook Lead Ads via Zapier to automate the transfer of lead data from Facebook to Braze,...",partners/data_and_analytics,https://www.braze.com/docs/partners/data_and_analytics/leads_capture/facebook_via_zapier,2026-09-02,8576,8081,1244,13,4,2,18,1,company-own (technical)
docs__partners__data_and_analytics__leads_capture__justuno,docs__partners__data_and_analytics__leads_capture__justuno.md,Justuno,Learn how to integrate Justuno with Braze so you can leverage customer data across both platforms to create more personalized experiences for all audiences.,partners/data_and_analytics,https://www.braze.com/docs/partners/data_and_analytics/leads_capture/justuno,2026-09-02,4770,4335,685,13,4,0,13,0,company-own (technical)
docs__partners__data_and_analytics__leads_capture__outgrow,docs__partners__data_and_analytics__leads_capture__outgrow.md,Outgrow,This article provides a comprehensive guide on configuring a native integration between Outgrow and Braze for enhanced user data synchronization and personalized campaigns.,partners/data_and_analytics,https://www.braze.com/docs/partners/data_and_analytics/leads_capture/outgrow,2026-09-02,6684,6233,907,12,5,0,18,1,company-own (technical)
docs__partners__data_and_analytics__leads_capture__viralsweep,docs__partners__data_and_analytics__leads_capture__viralsweep.md,ViralSweep,"This reference article outlines the partnership between Braze and ViralSweep, a software service that allows brands to build, run, and manage digital marketing promotions like...",partners/data_and_analytics,https://www.braze.com/docs/partners/data_and_analytics/leads_capture/viralsweep,2026-09-02,3373,2907,436,11,5,0,8,1,company-own (technical)
docs__partners__data_and_analytics__loyalty,docs__partners__data_and_analytics__loyalty.md,Loyalty,Browse technology partner integrations for Loyalty.,partners/data_and_analytics,https://www.braze.com/docs/partners/data_and_analytics/loyalty,2026-09-02,679,378,41,2,1,0,0,0,company-own (technical)
docs__partners__data_and_analytics__loyalty__antavo,docs__partners__data_and_analytics__loyalty__antavo.md,Antavo Loyalty Cloud,"This reference article outlines the partnership between Braze and Antavo, a next-gen loyalty program that goes beyond rewarding purchases.",partners/data_and_analytics,https://www.braze.com/docs/partners/data_and_analytics/loyalty/antavo,2026-09-02,4921,4505,687,10,4,0,10,0,company-own (technical)
docs__partners__data_and_analytics__loyalty__convercus,docs__partners__data_and_analytics__loyalty__convercus.md,Convercus,"This reference article outlines the partnership between Braze and Convercus, a loyalty and coupon platform that enriches Braze with real-time loyalty data and lets Braze...",partners/data_and_analytics,https://www.braze.com/docs/partners/data_and_analytics/loyalty/convercus,2026-09-02,16804,16359,2216,17,7,4,129,3,company-own (technical)
docs__partners__data_and_analytics__loyalty__eagleeye,docs__partners__data_and_analytics__loyalty__eagleeye.md,Eagle Eye,Learn how to integrate Eagle Eye with Braze.,partners/data_and_analytics,https://www.braze.com/docs/partners/data_and_analytics/loyalty/eagleeye,2026-09-02,5657,5342,814,13,6,0,38,0,company-own (technical)
docs__partners__data_and_analytics__loyalty__kognitiv,docs__partners__data_and_analytics__loyalty__kognitiv.md,Kognitiv Inspire,"Kognitiv Inspire is a loyalty technology system that allows you to implement and evaluate your loyalty strategy, offering innovative capabilities and tailored member communications for...",partners/data_and_analytics,https://www.braze.com/docs/partners/data_and_analytics/loyalty/kognitiv,2026-09-02,5530,5065,648,11,5,4,12,9,company-own (technical)
docs__partners__data_and_analytics__loyalty__lji,docs__partners__data_and_analytics__loyalty__lji.md,GRAVTY® Loyalty Platform,"This article outlines the partnership between Braze and GRAVTY®, an enterprise-grade loyalty platform that enables brands to design, manage, and scale data-driven loyalty programs for...",partners/data_and_analytics,https://www.braze.com/docs/partners/data_and_analytics/loyalty/lji,2026-09-02,5922,5458,768,10,5,0,12,1,company-own (technical)
docs__partners__data_and_analytics__loyalty__openloyalty,docs__partners__data_and_analytics__loyalty__openloyalty.md,Open Loyalty,"The Braze and Open Loyalty integration allows you to sync loyalty data—such as points balance, tier changes, and expiry warnings—directly into Braze in real-time.",partners/data_and_analytics,https://www.braze.com/docs/partners/data_and_analytics/loyalty/openloyalty,2026-09-02,7212,6766,972,14,6,4,18,1,company-own (technical)
docs__partners__data_and_analytics__loyalty__punchh__code_generation,docs__partners__data_and_analytics__loyalty__punchh__code_generation.md,Dynamic code generation with Punchh,This reference article outlines how to use Punchh dynamic code generation in Braze.,partners/data_and_analytics,https://www.braze.com/docs/partners/data_and_analytics/loyalty/punchh/code_generation,2026-09-02,6406,5997,833,10,3,10,58,4,company-own (technical)
docs__partners__data_and_analytics__loyalty__punchh__punchh,docs__partners__data_and_analytics__loyalty__punchh__punchh.md,Punchh,"This reference article outlines the partnership between Braze and Punchh, a loyalty and engagement platform, enabling you to sync data across the two platforms. Data...",partners/data_and_analytics,https://www.braze.com/docs/partners/data_and_analytics/loyalty/punchh/punchh,2026-09-02,18182,17735,2696,25,7,4,12,2,company-own (technical)
docs__partners__data_and_analytics__loyalty__sessionm,docs__partners__data_and_analytics__loyalty__sessionm.md,SessionM Loyalty Platform,"This reference article outlines the partnership between Braze and SessionM, a customer engagement and loyalty platform.",partners/data_and_analytics,https://www.braze.com/docs/partners/data_and_analytics/loyalty/sessionm,2026-09-02,11567,11161,1641,16,5,10,43,0,company-own (technical)
docs__partners__data_and_analytics__loyalty__talonone,docs__partners__data_and_analytics__loyalty__talonone.md,Talon.One,"This reference article outlines the partnership between Braze and Talon.One, a promotion engine that allows you to launch contextual 1-to-1 coupon, referral, discount, and loyalty...",partners/data_and_analytics,https://www.braze.com/docs/partners/data_and_analytics/loyalty/talonone,2026-09-02,1877,1424,218,4,3,0,6,0,company-own (technical)
docs__partners__data_and_analytics__reverse_etl,docs__partners__data_and_analytics__reverse_etl.md,Reverse ETL,Browse technology partner integrations for Reverse ETL.,partners/data_and_analytics,https://www.braze.com/docs/partners/data_and_analytics/reverse_etl,2026-09-02,601,284,34,2,1,0,0,0,company-own (technical)
docs__partners__data_and_analytics__reverse_etl__census,docs__partners__data_and_analytics__reverse_etl__census.md,Census,"This reference article outlines the partnership between Braze and Census, a data integration platform that allows you to dynamically create targeted user segments with data...",partners/data_and_analytics,https://www.braze.com/docs/partners/data_and_analytics/reverse_etl/census,2026-09-02,4406,3959,628,6,3,0,22,0,company-own (technical)
docs__partners__data_and_analytics__reverse_etl__census__census_cohort_import,docs__partners__data_and_analytics__reverse_etl__census__census_cohort_import.md,Census cohort import,"This reference article outlines the cohort import functionality of Census, a data integration platform that allows you to dynamically create targeted user segments with data...",partners/data_and_analytics,https://www.braze.com/docs/partners/data_and_analytics/reverse_etl/census/census_cohort_import,2026-09-02,3102,2597,436,5,2,0,0,0,company-own (technical)
docs__partners__data_and_analytics__reverse_etl__dinmo,docs__partners__data_and_analytics__reverse_etl__dinmo.md,DinMo,"This reference article outlines the partnership between Braze and DinMo, a composable customer data platform that uses reverse ETL to sync warehouse data into Braze....",partners/data_and_analytics,https://www.braze.com/docs/partners/data_and_analytics/reverse_etl/dinmo,2026-09-02,8874,8437,1278,12,5,0,42,3,company-own (technical)
docs__partners__data_and_analytics__reverse_etl__hightouch,docs__partners__data_and_analytics__reverse_etl__hightouch.md,Hightouch,This landing page is home to all things Hightouch including integration guidance and an overview of the Hightouch Personalization API.,partners/data_and_analytics,https://www.braze.com/docs/partners/data_and_analytics/reverse_etl/hightouch,2026-09-02,638,223,31,1,0,0,0,0,company-own (technical)
docs__partners__data_and_analytics__reverse_etl__hightouch__hightouch,docs__partners__data_and_analytics__reverse_etl__hightouch__hightouch.md,Hightouch,"This reference article outlines the partnership between Braze and Hightouch, a platform to sync your customer data from your warehouse to business tools.",partners/data_and_analytics,https://www.braze.com/docs/partners/data_and_analytics/reverse_etl/hightouch/hightouch,2026-09-02,3523,3068,463,9,4,0,17,2,company-own (technical)
docs__partners__data_and_analytics__reverse_etl__hightouch__hightouch_cohort_import,docs__partners__data_and_analytics__reverse_etl__hightouch__hightouch_cohort_import.md,Hightouch cohort import,"This reference article outlines the cohort import functionality of Hightouch, a platform to sync your customer data from your warehouse to business tools.",partners/data_and_analytics,https://www.braze.com/docs/partners/data_and_analytics/reverse_etl/hightouch/hightouch_cohort_import,2026-09-02,2746,2248,360,8,2,0,0,0,company-own (technical)
docs__partners__data_and_analytics__reverse_etl__hightouch__hightouch_personalization_api,docs__partners__data_and_analytics__reverse_etl__hightouch__hightouch_personalization_api.md,Hightouch Personalization API,"This reference article outlines the integration between Braze and Hightouch's Personalization API, a managed service for hosting a low-latency data API based on any dataset...",partners/data_and_analytics,https://www.braze.com/docs/partners/data_and_analytics/reverse_etl/hightouch/hightouch_personalization_api,2026-09-02,8801,8264,1194,10,3,4,22,3,company-own (technical)
docs__partners__data_and_analytics__workflow_automation,docs__partners__data_and_analytics__workflow_automation.md,Workflow Automation,Browse technology partner integrations for Workflow Automation.,partners/data_and_analytics,https://www.braze.com/docs/partners/data_and_analytics/workflow_automation,2026-09-02,676,327,36,2,1,0,0,0,company-own (technical)
docs__partners__data_and_analytics__workflow_automation__airbyte,docs__partners__data_and_analytics__workflow_automation__airbyte.md,Airbyte,This reference article covers the Braze and Airbyte integration. Airbyte is an open-source data integration engine that helps you consolidate your data in your data...,partners/data_and_analytics,https://www.braze.com/docs/partners/data_and_analytics/workflow_automation/airbyte,2026-09-02,2432,1974,265,6,3,0,12,0,company-own (technical)
docs__partners__data_and_analytics__workflow_automation__fivetran,docs__partners__data_and_analytics__workflow_automation__fivetran.md,Fivetran,"This reference article outlines the partnership between Braze and Fivetran, a workflow automation tool that can assist you in data-backed decision making by delivering ready-to-query...",partners/data_and_analytics,https://www.braze.com/docs/partners/data_and_analytics/workflow_automation/fivetran,2026-09-02,6214,5735,891,13,2,2,14,0,company-own (technical)
docs__partners__data_and_analytics__workflow_automation__metarouter,docs__partners__data_and_analytics__workflow_automation__metarouter.md,MetaRouter,"Elevate your customer data management in Braze, with MetaRouter. This high-performance, server-side tag management solution offers maximum compliance and control with seamless deployment options, whether...",partners/data_and_analytics,https://www.braze.com/docs/partners/data_and_analytics/workflow_automation/metarouter,2026-09-02,2707,2201,323,7,4,0,8,0,company-own (technical)
docs__partners__data_and_analytics__workflow_automation__mozart_data,docs__partners__data_and_analytics__workflow_automation__mozart_data.md,Mozart Data,"This reference article outlines the partnership between Braze and Mozart Data, an all-in-one modern data platform, allowing you to use Fivetran to import data to...",partners/data_and_analytics,https://www.braze.com/docs/partners/data_and_analytics/workflow_automation/mozart_data,2026-09-02,6194,5727,899,16,3,2,10,0,company-own (technical)
docs__partners__data_and_analytics__workflow_automation__nexla,docs__partners__data_and_analytics__workflow_automation__nexla.md,Nexla,"This reference article outlines the partnership between Braze and Nexla, a unified data operations platform that allows Braze Currents users to extract, transform, and load...",partners/data_and_analytics,https://www.braze.com/docs/partners/data_and_analytics/workflow_automation/nexla,2026-09-02,3705,3245,528,11,4,0,8,0,company-own (technical)
docs__partners__data_and_analytics__workflow_automation__zapier,docs__partners__data_and_analytics__workflow_automation__zapier.md,Zapier integration,"This reference article outlines the partnership between Braze and Zapier, an automation web tool that allows you to share data between web apps, and use...",partners/data_and_analytics,https://www.braze.com/docs/partners/data_and_analytics/workflow_automation/zapier,2026-09-02,4078,3623,560,8,3,2,8,2,company-own (technical)
docs__partners__ecommerce,docs__partners__ecommerce.md,eCommerce,"Explore Braze technology partners that connect commerce platforms, catalogs, loyalty, payments, and related retail workflows to Braze.",partners/ecommerce,https://www.braze.com/docs/partners/ecommerce,2026-09-02,875,533,63,2,1,0,0,0,company-own (technical)
docs__partners__ecommerce__analytics_workflow,docs__partners__ecommerce__analytics_workflow.md,eCommerce Analytics and Workflow,Browse technology partner integrations for eCommerce Analytics and Workflow.,partners/ecommerce,https://www.braze.com/docs/partners/ecommerce/analytics_workflow,2026-09-02,685,339,39,2,1,0,0,0,company-own (technical)
docs__partners__ecommerce__analytics_workflow__okendo,docs__partners__ecommerce__analytics_workflow__okendo.md,Okendo,Learn how to integrate Okendo with Braze.,partners/ecommerce,https://www.braze.com/docs/partners/ecommerce/analytics_workflow/okendo,2026-09-02,3445,3145,440,15,5,0,8,0,company-own (technical)
docs__partners__ecommerce__analytics_workflow__peak,docs__partners__ecommerce__analytics_workflow__peak.md,Peak,"This reference article outlines the partnership between Braze and Peak, a decision intelligence platform, allows you to take predicted churn probability and attributes based on...",partners/ecommerce,https://www.braze.com/docs/partners/ecommerce/analytics_workflow/peak,2026-09-02,3143,2711,408,7,3,0,8,0,company-own (technical)
docs__partners__ecommerce__analytics_workflow__tangerine,docs__partners__ecommerce__analytics_workflow__tangerine.md,Tangerine Store360,"This article outlines the partnership between Braze and Tangerine Store360, an omnichannel platform that connects physical stores with online stores to provide superior in-store experiences...",partners/ecommerce,https://www.braze.com/docs/partners/ecommerce/analytics_workflow/tangerine,2026-09-02,3852,3383,494,13,5,0,8,0,company-own (technical)
docs__partners__ecommerce__analytics_workflow__wunderkind,docs__partners__ecommerce__analytics_workflow__wunderkind.md,Wunderkind (Signals),"This reference article covers the Wunderkind Signals integration with Braze, including behavioral signals that trigger Canvas journeys, setup with the Canvas Entry API, the Canvas...",partners/ecommerce,https://www.braze.com/docs/partners/ecommerce/analytics_workflow/wunderkind,2026-09-02,16060,15597,2062,20,8,16,121,23,company-own (technical)
docs__partners__ecommerce__dynamic_pricing_promotions,docs__partners__ecommerce__dynamic_pricing_promotions.md,Dynamic Pricing and Promotions,Browse technology partner integrations for Dynamic Pricing and Promotions.,partners/ecommerce,https://www.braze.com/docs/partners/ecommerce/dynamic_pricing_promotions,2026-09-02,653,295,36,2,1,0,0,0,company-own (technical)
docs__partners__ecommerce__loyalty,docs__partners__ecommerce__loyalty.md,Loyalty,Browse technology partner integrations for Loyalty.,partners/ecommerce,https://www.braze.com/docs/partners/ecommerce/loyalty,2026-09-02,565,291,34,2,1,0,0,0,company-own (technical)
docs__partners__ecommerce__loyalty__swym,docs__partners__ecommerce__loyalty__swym.md,Swym,"This reference article outlines the partnership between Braze and Swym, which empowers shoppers to save products and seamlessly continue their journey across websites, mobile apps,...",partners/ecommerce,https://www.braze.com/docs/partners/ecommerce/loyalty/swym,2026-09-02,5156,4742,731,10,4,0,32,0,company-own (technical)
docs__partners__ecommerce__loyalty__voucherify,docs__partners__ecommerce__loyalty__voucherify.md,Voucherify,"This reference article outlines the partnership between Braze and Voucherify, an all-in-one promotional platform that allows users to automatically send personalized coupons, gift cards, loyalty...",partners/ecommerce,https://www.braze.com/docs/partners/ecommerce/loyalty/voucherify,2026-09-02,2267,1821,238,5,4,0,0,0,company-own (technical)
docs__partners__ecommerce__mobile_app_platform,docs__partners__ecommerce__mobile_app_platform.md,Mobile app platform,Browse technology partner integrations for Mobile app platform.,partners/ecommerce,https://www.braze.com/docs/partners/ecommerce/mobile_app_platform,2026-09-02,555,233,31,2,1,0,0,0,company-own (technical)
docs__partners__ecommerce__mobile_app_platform__poq,docs__partners__ecommerce__mobile_app_platform__poq.md,Poq,"Learn about the Poq and Braze integration for native mobile app experiences, including push, in-app messages, analytics, Content Cards, and Banners.",partners/ecommerce,https://www.braze.com/docs/partners/ecommerce/mobile_app_platform/poq,2026-09-02,2664,2264,331,5,4,0,18,0,company-own (technical)
docs__partners__ecommerce__ordering_payments_subscription,docs__partners__ecommerce__ordering_payments_subscription.md,"Ordering, Payments, and Subscription Management","Browse technology partner integrations for Ordering, Payments, and Subscription Management.",partners/ecommerce,https://www.braze.com/docs/partners/ecommerce/ordering_payments_subscription,2026-09-02,746,346,39,2,1,0,0,0,company-own (technical)
docs__partners__ecommerce__ordering_payments_subscription__narvar,docs__partners__ecommerce__ordering_payments_subscription__narvar.md,Narvar,Learn how to integrate Narvar with Braze.,partners/ecommerce,https://www.braze.com/docs/partners/ecommerce/ordering_payments_subscription/narvar,2026-09-02,2393,2069,292,5,4,0,14,0,company-own (technical)
docs__partners__ecommerce__ordering_payments_subscription__olo,docs__partners__ecommerce__ordering_payments_subscription__olo.md,Olo,"This article outlines the partnership between Braze and Olo, a leading open SaaS platform for restaurants that enables hospitality at every touchpoint.",partners/ecommerce,https://www.braze.com/docs/partners/ecommerce/ordering_payments_subscription/olo,2026-09-02,11821,11396,1694,17,6,6,12,0,company-own (technical)
docs__partners__ecommerce__ordering_payments_subscription__recurly,docs__partners__ecommerce__ordering_payments_subscription__recurly.md,Recurly,Recurly is the leading subscription management and billing platform for direct-to-consumer brands seeking to grow their subscriptions and recurring revenue.,partners/ecommerce,https://www.braze.com/docs/partners/ecommerce/ordering_payments_subscription/recurly,2026-09-02,5668,5226,729,9,4,2,36,1,company-own (technical)
docs__partners__ecommerce__ordering_payments_subscription__revenuecat,docs__partners__ecommerce__ordering_payments_subscription__revenuecat.md,RevenueCat,The RevenueCat and Braze integration allows you to automatically sync your customer's purchase and subscription lifecycle events across platforms. This allows you to build campaigns...,partners/ecommerce,https://www.braze.com/docs/partners/ecommerce/ordering_payments_subscription/revenuecat,2026-09-02,7596,7117,1034,12,6,6,44,0,company-own (technical)
docs__partners__ecommerce__ordering_payments_subscription__stripe,docs__partners__ecommerce__ordering_payments_subscription__stripe.md,Stripe,This article outlines the partnership between Braze and Stripe.,partners/ecommerce,https://www.braze.com/docs/partners/ecommerce/ordering_payments_subscription/stripe,2026-09-02,11462,11116,1527,12,5,6,12,3,company-own (technical)
docs__partners__ecommerce__payments,docs__partners__ecommerce__payments.md,Payments,Browse technology partner integrations for Payments.,partners/ecommerce,https://www.braze.com/docs/partners/ecommerce/payments,2026-09-02,495,217,27,2,1,0,0,0,company-own (technical)
docs__partners__ecommerce__payments__transcend,docs__partners__ecommerce__payments__transcend.md,Transcend,"This reference article outlines the partnership between Braze and Transcend, a data privacy infrastructure platform, that helps Braze users automate fulfillment of data subject requests....",partners/ecommerce,https://www.braze.com/docs/partners/ecommerce/payments/transcend,2026-09-02,4490,4053,636,7,4,0,6,3,company-own (technical)
docs__partners__ecommerce__product_search_recommendations,docs__partners__ecommerce__product_search_recommendations.md,Product Search and Recommendations,Browse technology partner integrations for Product Search and Recommendations.,partners/ecommerce,https://www.braze.com/docs/partners/ecommerce/product_search_recommendations,2026-09-02,675,301,35,2,1,0,0,0,company-own (technical)
docs__partners__ecommerce__product_search_recommendations__algolia,docs__partners__ecommerce__product_search_recommendations__algolia.md,Algolia,Learn how to use Algolia with Braze Connected Content to dynamically deliver personalized search results and product recommendations in your Braze messages.,partners/ecommerce,https://www.braze.com/docs/partners/ecommerce/product_search_recommendations/algolia,2026-09-02,7537,7095,953,18,4,16,24,5,company-own (technical)
docs__partners__ecommerce__product_search_recommendations__constructor,docs__partners__ecommerce__product_search_recommendations__constructor.md,Constructor,This reference article outlines the partnership between Braze and Constructor. This partnership allows you to leverage Constructor's Offsite Product Discovery to dynamically generate and deliver...,partners/ecommerce,https://www.braze.com/docs/partners/ecommerce/product_search_recommendations/constructor,2026-09-02,4372,3877,527,8,4,2,26,2,company-own (technical)
docs__partners__ecommerce__shopify,docs__partners__ecommerce__shopify.md,Shopify,"This landing page is home to all things Shopify including an overview, setting up the Shopify standard integration, Shopify features, and more.",partners/ecommerce,https://www.braze.com/docs/partners/ecommerce/shopify,2026-09-02,1080,714,89,3,2,0,0,0,company-own (technical)
docs__partners__ecommerce__shopify__discount_codes,docs__partners__ecommerce__shopify__discount_codes.md,Send unique discount codes through Shopify,This reference article covers a community-submitted use case of using Braze promotion codes with the Shopify Bulk Discount Code Bot to send unique discount codes...,partners/ecommerce,https://www.braze.com/docs/partners/ecommerce/shopify/discount_codes,2026-09-02,3841,3388,549,8,3,0,6,0,company-own (technical)
docs__partners__ecommerce__shopify__multiple_stores,docs__partners__ecommerce__shopify__multiple_stores.md,Connect multiple Shopify stores,This reference article covers how to connect and configure multiple Shopify stores to a single workspace.,partners/ecommerce,https://www.braze.com/docs/partners/ecommerce/shopify/multiple_stores,2026-09-02,7367,6982,973,14,4,0,18,0,company-own (technical)
docs__partners__ecommerce__shopify__shopify_catalogs,docs__partners__ecommerce__shopify__shopify_catalogs.md,Shopify product sync,This reference article covers how to import your products from Shopify into Braze catalogs.,partners/ecommerce,https://www.braze.com/docs/partners/ecommerce/shopify/shopify_catalogs,2026-09-02,34181,33819,4690,20,5,20,151,3,company-own (technical)
docs__partners__ecommerce__shopify__shopify_catalogs__faq,docs__partners__ecommerce__shopify__shopify_catalogs__faq.md,Frequently asked questions,This page provides answers to frequently asked questions about syncing Shopify products to Braze catalogs.,partners/ecommerce,https://www.braze.com/docs/partners/ecommerce/shopify/shopify_catalogs/faq,2026-09-02,5441,5049,790,20,4,0,0,0,company-own (technical)
docs__partners__ecommerce__shopify__shopify_custom_integration,docs__partners__ecommerce__shopify__shopify_custom_integration.md,Shopify custom integration setup,This reference article covers how to connect with a Shopify Hydrogen store or any headless Shopify store by using a custom storefront.,partners/ecommerce,https://www.braze.com/docs/partners/ecommerce/shopify/shopify_custom_integration,2026-09-02,29478,29041,4124,32,2,34,54,1,company-own (technical)
docs__partners__ecommerce__shopify__shopify_data_features,docs__partners__ecommerce__shopify__shopify_data_features.md,Shopify data features,This reference article covers Shopify data features.,partners/ecommerce,https://www.braze.com/docs/partners/ecommerce/shopify/shopify_data_features,2026-09-02,31276,30942,3414,9,5,26,430,13,company-own (technical)
docs__partners__ecommerce__shopify__shopify_overview,docs__partners__ecommerce__shopify__shopify_overview.md,Shopify overview,"This reference article outlines the partnership with Braze and Shopify, a global commerce company that allows you to seamlessly connect their Shopify store with Braze...",partners/ecommerce,https://www.braze.com/docs/partners/ecommerce/shopify/shopify_overview,2026-09-02,12423,11987,1784,14,4,0,32,0,company-own (technical)
docs__partners__ecommerce__shopify__shopify_segments_sync,docs__partners__ecommerce__shopify__shopify_segments_sync.md,Shopify segments sync,This reference article explains how to sync Shopify segments into Braze as cohorts for unified audience management and targeting.,partners/ecommerce,https://www.braze.com/docs/partners/ecommerce/shopify/shopify_segments_sync,2026-09-02,8990,8579,1337,18,8,0,24,0,company-own (technical)
docs__partners__ecommerce__shopify__shopify_standard_integration,docs__partners__ecommerce__shopify__shopify_standard_integration.md,Shopify standard integration setup,This reference article outlines how to set up the standard Shopify integration.,partners/ecommerce,https://www.braze.com/docs/partners/ecommerce/shopify/shopify_standard_integration,2026-09-02,14173,13785,2040,25,7,6,32,1,company-own (technical)
docs__partners__ecommerce__shopify__shopify_standard_integration_third_party_tagging,docs__partners__ecommerce__shopify__shopify_standard_integration_third_party_tagging.md,Shopify standard integration with third-party tagging tool,This reference article outlines how to set up the standard Shopify integration withn a third-party tagging tool.,partners/ecommerce,https://www.braze.com/docs/partners/ecommerce/shopify/shopify_standard_integration_third_party_tagging,2026-09-02,4312,3827,607,5,4,0,0,0,company-own (technical)
docs__partners__ecommerce__tapcart,docs__partners__ecommerce__tapcart.md,Tapcart,Learn about Tapcart's integration with Braze.,partners/ecommerce,https://www.braze.com/docs/partners/ecommerce/tapcart,2026-09-02,1485,1217,166,3,2,0,6,0,company-own (technical)
docs__partners__home,docs__partners__home.md,Technology Partners,"Browse Braze technology partners (Alloys) alphabetically. Find integration documentation for personalization, orchestration, data, eCommerce, Audience Sync, and more.",partners/home,https://www.braze.com/docs/partners/home,2026-09-02,5706,5337,626,29,26,0,0,0,company-own (technical)
docs__partners__message_orchestration,docs__partners__message_orchestration.md,Message orchestration,"Explore Braze technology partners for message orchestration, including attribution, deeplinking, retargeting, templates, and CMS/DAM tools.",partners/message_orchestration,https://www.braze.com/docs/partners/message_orchestration,2026-09-02,803,408,50,2,1,0,0,0,company-own (technical)
docs__partners__message_orchestration__ab_testing,docs__partners__message_orchestration__ab_testing.md,A/B Testing,Browse technology partner integrations for A/B Testing.,partners/message_orchestration,https://www.braze.com/docs/partners/message_orchestration/ab_testing,2026-09-02,546,222,31,2,1,0,0,0,company-own (technical)
docs__partners__message_orchestration__attribution,docs__partners__message_orchestration__attribution.md,Deeplinking and Attribution,Browse technology partner integrations for Deeplinking and Attribution.,partners/message_orchestration,https://www.braze.com/docs/partners/message_orchestration/attribution,2026-09-02,717,359,39,2,1,0,0,0,company-own (technical)
docs__partners__message_orchestration__attribution__adjust,docs__partners__message_orchestration__attribution__adjust.md,Adjust,"This reference article outlines the partnership between Braze and Adjust, a mobile attribution and analytics company that lets you import non-organic install attribution data to...",partners/message_orchestration,https://www.braze.com/docs/partners/message_orchestration/attribution/adjust,2026-09-02,6828,6367,952,13,6,6,24,0,company-own (technical)
docs__partners__message_orchestration__attribution__airbridge,docs__partners__message_orchestration__attribution__airbridge.md,Airbridge,"This reference article outlines the partnership between Braze and Airbridge, which offers people-based attribution and incrementally measurement to measure true marketing effectiveness across devices, identities,...",partners/message_orchestration,https://www.braze.com/docs/partners/message_orchestration/attribution/airbridge,2026-09-02,9583,9078,1189,17,6,20,43,0,company-own (technical)
docs__partners__message_orchestration__attribution__branch_for_attribution,docs__partners__message_orchestration__attribution__branch_for_attribution.md,Branch for attribution,"This reference article outlines the partnership between Braze and Branch, a mobile linking platform that helps you acquire, engage, and measure across all devices, channels,...",partners/message_orchestration,https://www.braze.com/docs/partners/message_orchestration/attribution/branch_for_attribution,2026-09-02,7073,6568,954,13,6,12,30,0,company-own (technical)
docs__partners__message_orchestration__attribution__kochava,docs__partners__message_orchestration__attribution__kochava.md,Kochava,"This reference article outlines the partnership between Braze and Kochava, a mobile attribution platform that offers attribution and analytics insights to help you harness your...",partners/message_orchestration,https://www.braze.com/docs/partners/message_orchestration/attribution/kochava,2026-09-02,6557,6094,912,14,5,10,18,0,company-own (technical)
docs__partners__message_orchestration__attribution__linkrunner,docs__partners__message_orchestration__attribution__linkrunner.md,Linkrunner,"This reference article outlines the partnership between Braze and Linkrunner, a mobile attribution and analytics platform that lets you import attribution data to better understand...",partners/message_orchestration,https://www.braze.com/docs/partners/message_orchestration/attribution/linkrunner,2026-09-02,3539,3063,446,9,4,4,14,0,company-own (technical)
docs__partners__message_orchestration__attribution__singular,docs__partners__message_orchestration__attribution__singular.md,Singular,"This reference article outlines the partnership between Braze and Singular, a unified marketing analytics platform that allows you to import paid install attribution data.",partners/message_orchestration,https://www.braze.com/docs/partners/message_orchestration/attribution/singular,2026-09-02,6152,5694,811,11,5,10,18,0,company-own (technical)
docs__partners__message_orchestration__cms_dam,docs__partners__message_orchestration__cms_dam.md,CMS and DAM,Browse technology partner integrations for CMS and DAM.,partners/message_orchestration,https://www.braze.com/docs/partners/message_orchestration/cms_dam,2026-09-02,555,237,32,2,1,0,0,0,company-own (technical)
docs__partners__message_orchestration__cms_dam__bynder,docs__partners__message_orchestration__cms_dam__bynder.md,Bynder,"This reference article outlines the partnership between Braze and Bynder, a digital asset management (DAM) platform that lets you search for and insert approved asset...",partners/message_orchestration,https://www.braze.com/docs/partners/message_orchestration/cms_dam/bynder,2026-09-02,6828,6386,998,15,7,2,20,2,company-own (technical)
docs__partners__message_orchestration__cms_dam__contentful,docs__partners__message_orchestration__cms_dam__contentful.md,Contentful,"This reference article outlines the partnership between Braze and Contentful, a content management system that allows you to dynamically use Connected Content to pull content...",partners/message_orchestration,https://www.braze.com/docs/partners/message_orchestration/cms_dam/contentful,2026-09-02,6516,6054,866,10,4,4,10,2,company-own (technical)
docs__partners__message_orchestration__deeplinking,docs__partners__message_orchestration__deeplinking.md,Deeplinking,Browse technology partner integrations for Deeplinking.,partners/message_orchestration,https://www.braze.com/docs/partners/message_orchestration/deeplinking,2026-09-02,606,280,33,2,1,0,0,0,company-own (technical)
docs__partners__message_orchestration__deeplinking__appsflyer__appsflyer,docs__partners__message_orchestration__deeplinking__appsflyer__appsflyer.md,AppsFlyer,"This reference article outlines the partnership between Braze and AppsFlyer, a mobile marketing analytics and attribution platform that helps you analyze and optimize your apps....",partners/message_orchestration,https://www.braze.com/docs/partners/message_orchestration/deeplinking/appsflyer/appsflyer,2026-09-02,13240,12749,1897,23,8,14,36,1,company-own (technical)
docs__partners__message_orchestration__deeplinking__branch_for_deeplinking,docs__partners__message_orchestration__deeplinking__branch_for_deeplinking.md,Branch for deep linking,This reference article describes the partnership between Braze and Branch and how to use it to support your deep linking practices.,partners/message_orchestration,https://www.braze.com/docs/partners/message_orchestration/deeplinking/branch_for_deeplinking,2026-09-02,5915,5454,774,13,3,10,28,1,company-own (technical)
docs__partners__message_orchestration__deeplinking__vizbee_for_tv_deeplinking,docs__partners__message_orchestration__deeplinking__vizbee_for_tv_deeplinking.md,Vizbee,This reference article describes the partnership between Braze and Vizbee and how to use it to support TV deep linking.,partners/message_orchestration,https://www.braze.com/docs/partners/message_orchestration/deeplinking/vizbee_for_tv_deeplinking,2026-09-02,2424,1986,311,5,3,0,8,0,company-own (technical)
docs__partners__message_orchestration__retargeting,docs__partners__message_orchestration__retargeting.md,Retargeting,Browse technology partner integrations for Retargeting.,partners/message_orchestration,https://www.braze.com/docs/partners/message_orchestration/retargeting,2026-09-02,674,348,36,2,1,0,0,0,company-own (technical)
docs__partners__message_orchestration__retargeting__adikteev,docs__partners__message_orchestration__retargeting__adikteev.md,Adikteev Churn Prediction,"This reference article outlines the partnership between Braze and Adikteev, a user retention engine combining churn prediction with full service app retargeting",partners/message_orchestration,https://www.braze.com/docs/partners/message_orchestration/retargeting/adikteev,2026-09-02,3822,3358,523,13,9,0,8,0,company-own (technical)
docs__partners__message_orchestration__retargeting__facebook,docs__partners__message_orchestration__retargeting__facebook.md,Facebook Audience export,"This reference article outlines the partnership between Braze and Facebook, a leading social platform for brands to reach and engage with their customers.",partners/message_orchestration,https://www.braze.com/docs/partners/message_orchestration/retargeting/facebook,2026-09-02,8351,7894,1224,10,3,0,8,0,company-own (technical)
docs__partners__message_orchestration__retargeting__jampp,docs__partners__message_orchestration__retargeting__jampp.md,Jampp,"This reference article outlines the partnership between Braze and Jampp, a performance marketing platform used for acquiring and retargeting mobile customers.",partners/message_orchestration,https://www.braze.com/docs/partners/message_orchestration/retargeting/jampp,2026-09-02,4629,4193,592,8,3,2,15,1,company-own (technical)
docs__partners__message_orchestration__retargeting__quikly,docs__partners__message_orchestration__retargeting__quikly.md,Quikly,"This reference article outlines the partnership between Braze and Quickly, a urgency marketing platform, that allows you to accelerate conversions on events within a Braze...",partners/message_orchestration,https://www.braze.com/docs/partners/message_orchestration/retargeting/quikly,2026-09-02,9447,8992,1342,18,5,10,20,1,company-own (technical)
docs__partners__message_orchestration__retargeting__remerge,docs__partners__message_orchestration__retargeting__remerge.md,Remerge,"This reference article outlines the partnership between Braze and Remerge, a purpose-built app for retargeting at scale, arming you with tools to efficiently segment app...",partners/message_orchestration,https://www.braze.com/docs/partners/message_orchestration/retargeting/remerge,2026-09-02,4004,3548,492,8,4,2,17,2,company-own (technical)
docs__partners__message_orchestration__templates,docs__partners__message_orchestration__templates.md,Templates,Browse technology partner integrations for Templates.,partners/message_orchestration,https://www.braze.com/docs/partners/message_orchestration/templates,2026-09-02,786,468,50,2,1,0,0,0,company-own (technical)
docs__partners__message_orchestration__templates__Mailizio,docs__partners__message_orchestration__templates__Mailizio.md,Mailizio,"This reference article outlines the partnership between Braze and Mailizio, an email creation and management platform that lets you design reusable, brand-safe content and export...",partners/message_orchestration,https://www.braze.com/docs/partners/message_orchestration/templates/Mailizio,2026-09-02,3216,2752,418,8,5,0,8,0,company-own (technical)
docs__partners__message_orchestration__templates__alpaco,docs__partners__message_orchestration__templates__alpaco.md,Alpaco,"The Braze and Alpaco integration allows you to export on-brand, Liquid-compatible email templates and content blocks to Braze, ready for use in email and in-app...",partners/message_orchestration,https://www.braze.com/docs/partners/message_orchestration/templates/alpaco,2026-09-02,3350,2910,443,9,5,0,8,1,company-own (technical)
docs__partners__message_orchestration__templates__better_email,docs__partners__message_orchestration__templates__better_email.md,Better Email,"This reference article outlines the partnership between Braze and Better Email, a collaborative email creation platform built around an Email Design System that lets you...",partners/message_orchestration,https://www.braze.com/docs/partners/message_orchestration/templates/better_email,2026-09-02,4166,3699,558,11,6,0,8,0,company-own (technical)
docs__partners__message_orchestration__templates__blayer,docs__partners__message_orchestration__templates__blayer.md,B.Layer,"This reference article outlines the partnership between Braze and B.Layer, an in-app message builder, you can use to create custom-designed in-app messages simply, rapidly, and...",partners/message_orchestration,https://www.braze.com/docs/partners/message_orchestration/templates/blayer,2026-09-02,2801,2344,399,11,5,0,4,0,company-own (technical)
docs__partners__message_orchestration__templates__copy_pastd,docs__partners__message_orchestration__templates__copy_pastd.md,Copy Pastd,"This reference article outlines the partnership between Braze and Copy Pastd, a drag-and-drop email builder that pushes Liquid-powered Content Blocks and templates directly into your...",partners/message_orchestration,https://www.braze.com/docs/partners/message_orchestration/templates/copy_pastd,2026-09-02,14790,14316,2205,20,8,0,12,0,company-own (technical)
docs__partners__message_orchestration__templates__denada,docs__partners__message_orchestration__templates__denada.md,Denada,"This reference article outlines the partnership between Braze and Denada, an AI-powered marketing creative platform that lets you create on-brand email templates through natural conversation...",partners/message_orchestration,https://www.braze.com/docs/partners/message_orchestration/templates/denada,2026-09-02,3408,2938,449,8,5,0,8,0,company-own (technical)
docs__partners__message_orchestration__templates__dyspatch,docs__partners__message_orchestration__templates__dyspatch.md,Dyspatch,"This reference article outlines the partnership between Braze and Dyspatch, a drag-and-drop email builder that allows you to create beautiful, responsive, and engaging emails without...",partners/message_orchestration,https://www.braze.com/docs/partners/message_orchestration/templates/dyspatch,2026-09-02,2809,2341,359,7,3,0,6,0,company-own (technical)
docs__partners__message_orchestration__templates__email_love,docs__partners__message_orchestration__templates__email_love.md,Email Love,"Learn how to integrate Braze with Email Love, a Figma plugin that enables you to design and export responsive and accessible HTML emails directly from...",partners/message_orchestration,https://www.braze.com/docs/partners/message_orchestration/templates/email_love,2026-09-02,2832,2390,386,10,3,0,6,0,company-own (technical)
docs__partners__message_orchestration__templates__emailshepherd,docs__partners__message_orchestration__templates__emailshepherd.md,EmailShepherd,"This reference article outlines the partnership between Braze and EmailShepherd, an agentic email creation platform built on your Email Design System that publishes approved emails...",partners/message_orchestration,https://www.braze.com/docs/partners/message_orchestration/templates/emailshepherd,2026-09-02,3565,3084,453,10,6,0,8,0,company-own (technical)
docs__partners__message_orchestration__templates__iam_studio,docs__partners__message_orchestration__templates__iam_studio.md,IAM Studio,"This reference article outlines the partnership between Braze and IAM Studio, a message personalization platform which allows you to create personalized, rich in-app experiences and...",partners/message_orchestration,https://www.braze.com/docs/partners/message_orchestration/templates/iam_studio,2026-09-02,2331,1858,280,9,4,0,4,0,company-own (technical)
docs__partners__message_orchestration__templates__jasper,docs__partners__message_orchestration__templates__jasper.md,Jasper,This reference article outlines the integration between Braze and Jasper.,partners/message_orchestration,https://www.braze.com/docs/partners/message_orchestration/templates/jasper,2026-09-02,8329,7979,1085,13,7,10,38,4,company-own (technical)
docs__partners__message_orchestration__templates__knak,docs__partners__message_orchestration__templates__knak.md,Knak,"This reference article outlines the partnership between Braze and Knak, a campaign creation platform that allows you to create fully responsive emails in minutes or...",partners/message_orchestration,https://www.braze.com/docs/partners/message_orchestration/templates/knak,2026-09-02,2555,2117,336,8,5,0,8,0,company-own (technical)
docs__partners__message_orchestration__templates__sageflo,docs__partners__message_orchestration__templates__sageflo.md,Sageflo Radiate,"This reference article outlines the partnership between Braze and Sageflo, a distributed marketing tool that empowers teams to easily send their own emails using marketing-approved...",partners/message_orchestration,https://www.braze.com/docs/partners/message_orchestration/templates/sageflo,2026-09-02,2564,2093,296,5,4,0,8,1,company-own (technical)
docs__partners__message_orchestration__templates__smartersends,docs__partners__message_orchestration__templates__smartersends.md,SmarterSends,"This reference article outlines the partnership between Braze and SmarterSends, an easy-to-use interface designed for non-marketers to create, schedule, and deploy brand compliant emails campaigns....",partners/message_orchestration,https://www.braze.com/docs/partners/message_orchestration/templates/smartersends,2026-09-02,5467,4972,728,9,5,0,10,0,company-own (technical)
docs__partners__message_orchestration__templates__stensul,docs__partners__message_orchestration__templates__stensul.md,Stensul,"This reference article outlines the partnership between Braze and Stensul, an enterprise email platform for creating mobile-responsive email templates across channels.",partners/message_orchestration,https://www.braze.com/docs/partners/message_orchestration/templates/stensul,2026-09-02,2178,1731,264,7,4,0,8,0,company-own (technical)
docs__partners__message_orchestration__templates__stripo,docs__partners__message_orchestration__templates__stripo.md,Stripo,"This reference article outlines the partnership between Braze and Stripo, a drag-and-drop email template builder for creating sophisticated emails with interactive elements.",partners/message_orchestration,https://www.braze.com/docs/partners/message_orchestration/templates/stripo,2026-09-02,1945,1495,226,7,4,0,8,0,company-own (technical)
docs__partners__message_orchestration__templates__taxi_for_email,docs__partners__message_orchestration__templates__taxi_for_email.md,Taxi for Email,"This reference article outlines the partnership between Braze and Taxi for Email, an online email marketing tool that allows Braze customers to create intelligent email...",partners/message_orchestration,https://www.braze.com/docs/partners/message_orchestration/templates/taxi_for_email,2026-09-02,2339,1867,285,7,4,0,8,1,company-own (technical)
docs__partners__message_personalization,docs__partners__message_personalization.md,Message personalization,Explore Braze technology partners that add personalization to your campaigns and Canvases.,partners/message_personalization,https://www.braze.com/docs/partners/message_personalization,2026-09-02,747,393,47,2,1,0,0,0,company-own (technical)
docs__partners__message_personalization__creative_studio,docs__partners__message_personalization__creative_studio.md,Creative Studio,Browse technology partner integrations for Creative Studio.,partners/message_personalization,https://www.braze.com/docs/partners/message_personalization/creative_studio,2026-09-02,587,239,30,2,1,0,0,0,company-own (technical)
docs__partners__message_personalization__creative_studio__canva,docs__partners__message_personalization__creative_studio__canva.md,Canva,This reference article outlines the partnership between Braze and Canva for pushing media assets into the Braze media library and publishing Canva email designs as...,partners/message_personalization,https://www.braze.com/docs/partners/message_personalization/creative_studio/canva,2026-09-02,3754,3296,544,7,4,0,6,0,company-own (technical)
docs__partners__message_personalization__creative_studio__figma,docs__partners__message_personalization__creative_studio__figma.md,Figma,This reference article outlines the partnership between Braze and Figma that allows you to send images and visual assets into the Braze media library.,partners/message_personalization,https://www.braze.com/docs/partners/message_personalization/creative_studio/figma,2026-09-02,2194,1752,279,8,3,0,8,0,company-own (technical)
docs__partners__message_personalization__dynamic_content,docs__partners__message_personalization__dynamic_content.md,Dynamic Content,Browse technology partner integrations for Dynamic Content.,partners/message_personalization,https://www.braze.com/docs/partners/message_personalization/dynamic_content,2026-09-02,724,376,41,2,1,0,0,0,company-own (technical)
docs__partners__message_personalization__dynamic_content__content_optimization_testing,docs__partners__message_personalization__dynamic_content__content_optimization_testing.md,Content Optimization and Testing,Browse technology partner integrations for Content Optimization and Testing.,partners/message_personalization,https://www.braze.com/docs/partners/message_personalization/dynamic_content/content_optimization_testing,2026-09-02,735,294,35,2,1,0,0,0,company-own (technical)
docs__partners__message_personalization__dynamic_content__content_optimization_testing__jacquard,docs__partners__message_personalization__dynamic_content__content_optimization_testing__jacquard.md,Jacquard Dynamic Optimisation,This reference article outlines the partnership between Braze and Jacquard Dynamic Optimisation that uses Braze Currents and Connected Content to collect click tracking information from...,partners/message_personalization,https://www.braze.com/docs/partners/message_personalization/dynamic_content/content_optimization_testing/jacquard,2026-09-02,3369,2800,420,7,2,0,8,0,company-own (technical)
docs__partners__message_personalization__dynamic_content__content_optimization_testing__notify,docs__partners__message_personalization__dynamic_content__content_optimization_testing__notify.md,Notify,"This reference article outlines the partnership between Braze and Notify, a real-time, omnichannel personalization solution that offers personalization across the customer lifecycle.",partners/message_personalization,https://www.braze.com/docs/partners/message_personalization/dynamic_content/content_optimization_testing/notify,2026-09-02,2737,2201,330,7,2,0,8,0,company-own (technical)
docs__partners__message_personalization__dynamic_content__content_optimization_testing__trustpilot,docs__partners__message_personalization__dynamic_content__content_optimization_testing__trustpilot.md,Trustpilot,"This page covers how to integrate Trustpilot with Braze, send review invitations, and personalize messages with product review insights.",partners/message_personalization,https://www.braze.com/docs/partners/message_personalization/dynamic_content/content_optimization_testing/trustpilot,2026-09-02,4467,3965,557,8,4,6,13,4,company-own (technical)
docs__partners__message_personalization__dynamic_content__otherlevels,docs__partners__message_personalization__dynamic_content__otherlevels.md,OtherLevels,This article covers the integration between OtherLevels Experience Platform and Braze.,partners/message_personalization,https://www.braze.com/docs/partners/message_personalization/dynamic_content/otherlevels,2026-09-02,11623,11227,1548,12,6,8,66,3,company-own (technical)
docs__partners__message_personalization__dynamic_content__personalization_engines,docs__partners__message_personalization__dynamic_content__personalization_engines.md,Personalization Engines,Browse technology partner integrations for Personalization Engines.,partners/message_personalization,https://www.braze.com/docs/partners/message_personalization/dynamic_content/personalization_engines,2026-09-02,736,323,36,2,1,0,0,0,company-own (technical)
docs__partners__message_personalization__dynamic_content__personalization_engines__dynamic_yield,docs__partners__message_personalization__dynamic_content__personalization_engines__dynamic_yield.md,Dynamic Yield,This reference article outlines the partnership between Braze and Dynamic Yield. This partnership allows you to use Dynamic Yield's recommendation and segmentation engine to create...,partners/message_personalization,https://www.braze.com/docs/partners/message_personalization/dynamic_content/personalization_engines/dynamic_yield,2026-09-02,5812,5264,789,9,3,0,4,0,company-own (technical)
docs__partners__message_personalization__dynamic_content__personalization_engines__limbik,docs__partners__message_personalization__dynamic_content__personalization_engines__limbik.md,Limbik,"This reference article outlines the partnership between Braze and Limbik, an AI resonance layer that predicts how audiences interpret and respond to messages using synthetic...",partners/message_personalization,https://www.braze.com/docs/partners/message_personalization/dynamic_content/personalization_engines/limbik,2026-09-02,12413,11893,1666,13,5,30,40,6,company-own (technical)
docs__partners__message_personalization__dynamic_content__personalization_engines__sheetlabs,docs__partners__message_personalization__dynamic_content__personalization_engines__sheetlabs.md,Sheetlabs,"This reference article outlines the partnership between Braze and Sheetlabs, a service that lets you personalize your marketing campaigns with data sourced from spreadsheets.",partners/message_personalization,https://www.braze.com/docs/partners/message_personalization/dynamic_content/personalization_engines/sheetlabs,2026-09-02,3999,3472,534,8,4,2,6,2,company-own (technical)
docs__partners__message_personalization__dynamic_content__personalized_recommendations,docs__partners__message_personalization__dynamic_content__personalized_recommendations.md,Personalized Recommendations,Browse technology partner integrations for Personalized Recommendations.,partners/message_personalization,https://www.braze.com/docs/partners/message_personalization/dynamic_content/personalized_recommendations,2026-09-02,804,371,39,2,1,0,0,0,company-own (technical)
docs__partners__message_personalization__dynamic_content__personalized_recommendations__amazon_personalize__amazon_personalize,docs__partners__message_personalization__dynamic_content__personalized_recommendations__amazon_personalize__amazon_personalize.md,Amazon Personalize,This reference article outlines a reference architecture for and integration between Braze and Amazon Personalize. This reference article will help you understand the use cases...,partners/message_personalization,https://www.braze.com/docs/partners/message_personalization/dynamic_content/personalized_recommendations/amazon_personalize/amazon_personalize,2026-09-02,9626,9018,1351,10,5,6,14,5,company-own (technical)
docs__partners__message_personalization__dynamic_content__personalized_recommendations__amazon_personalize__workshop,docs__partners__message_personalization__dynamic_content__personalized_recommendations__amazon_personalize__workshop.md,Amazon Personalize workshop,This reference article outlines the process of configuring Amazon Personalize and integrating it into your Braze environment using Connected Content.,partners/message_personalization,https://www.braze.com/docs/partners/message_personalization/dynamic_content/personalized_recommendations/amazon_personalize/workshop,2026-09-02,6598,6031,940,9,4,0,0,0,company-own (technical)
docs__partners__message_personalization__dynamic_content__personalized_recommendations__certona,docs__partners__message_personalization__dynamic_content__personalized_recommendations__certona.md,Certona,"This reference article outlines the partnership between Braze and Certona, a real-time, omnichannel personalization solution that offers personalization across the customer lifecycle. Use Certona with...",partners/message_personalization,https://www.braze.com/docs/partners/message_personalization/dynamic_content/personalized_recommendations/certona,2026-09-02,1983,1423,188,4,3,2,8,0,company-own (technical)
docs__partners__message_personalization__dynamic_content__personalized_recommendations__fullstory,docs__partners__message_personalization__dynamic_content__personalized_recommendations__fullstory.md,Fullstory,This reference article outlines the partnership between Braze and Fullstory.,partners/message_personalization,https://www.braze.com/docs/partners/message_personalization/dynamic_content/personalized_recommendations/fullstory,2026-09-02,8581,8142,1190,11,4,4,16,1,company-own (technical)
docs__partners__message_personalization__dynamic_content__personalized_recommendations__personalize,docs__partners__message_personalization__dynamic_content__personalized_recommendations__personalize.md,Personalize.AI,"This reference article outlines the partnership between Braze and Personalize.AI, an AI-based SaaS business platform that drives revenue growth from personalized recommendations.",partners/message_personalization,https://www.braze.com/docs/partners/message_personalization/dynamic_content/personalized_recommendations/personalize,2026-09-02,4258,3708,506,6,4,0,28,0,company-own (technical)
docs__partners__message_personalization__dynamic_content__visual_and_interactive_content,docs__partners__message_personalization__dynamic_content__visual_and_interactive_content.md,Visual and Interactive Content,Browse technology partner integrations for Visual and Interactive Content.,partners/message_personalization,https://www.braze.com/docs/partners/message_personalization/dynamic_content/visual_and_interactive_content,2026-09-02,973,532,54,2,1,0,0,0,company-own (technical)
docs__partners__message_personalization__dynamic_content__visual_and_interactive_content__blings,docs__partners__message_personalization__dynamic_content__visual_and_interactive_content__blings.md,Blings,This reference article outlines the integration between Braze and Blings.,partners/message_personalization,https://www.braze.com/docs/partners/message_personalization/dynamic_content/visual_and_interactive_content/blings,2026-09-02,1871,1440,214,9,3,0,4,0,company-own (technical)
docs__partners__message_personalization__dynamic_content__visual_and_interactive_content__cataboom,docs__partners__message_personalization__dynamic_content__visual_and_interactive_content__cataboom.md,CataBoom,"Learn how to connect CataBoom gamified experiences to Braze using Catapult, Request Unique URLs, and Connected Content.",partners/message_personalization,https://www.braze.com/docs/partners/message_personalization/dynamic_content/visual_and_interactive_content/cataboom,2026-09-02,4963,4480,696,5,4,2,10,1,company-own (technical)
docs__partners__message_personalization__dynamic_content__visual_and_interactive_content__cloudinary,docs__partners__message_personalization__dynamic_content__visual_and_interactive_content__cloudinary.md,Cloudinary,This reference article outlines the partnership between Braze and cloudinary.,partners/message_personalization,https://www.braze.com/docs/partners/message_personalization/dynamic_content/visual_and_interactive_content/cloudinary,2026-09-02,9892,9445,1344,21,7,18,22,10,company-own (technical)
docs__partners__message_personalization__dynamic_content__visual_and_interactive_content__dailyplay,docs__partners__message_personalization__dynamic_content__visual_and_interactive_content__dailyplay.md,DailyPlay,"Learn how to connect DailyPlay branded games and rewards to Braze to sync gameplay data, segment audiences, and trigger personalized campaigns.",partners/message_personalization,https://www.braze.com/docs/partners/message_personalization/dynamic_content/visual_and_interactive_content/dailyplay,2026-09-02,5272,4762,701,13,6,4,12,0,company-own (technical)
docs__partners__message_personalization__dynamic_content__visual_and_interactive_content__future_anthem,docs__partners__message_personalization__dynamic_content__visual_and_interactive_content__future_anthem.md,Future Anthem,"This reference article outlines the partnership between Braze and Future Anthem, a real-time AI platform for sports betting and iGaming personalization.",partners/message_personalization,https://www.braze.com/docs/partners/message_personalization/dynamic_content/visual_and_interactive_content/future_anthem,2026-09-02,4916,4385,564,5,4,0,102,0,company-own (technical)
docs__partners__message_personalization__dynamic_content__visual_and_interactive_content__judo,docs__partners__message_personalization__dynamic_content__visual_and_interactive_content__judo.md,Judo,"This reference article outlines the partnership between Braze and Judo, a no-code server-driven UI platform that allows you to add location context and tracking to...",partners/message_personalization,https://www.braze.com/docs/partners/message_personalization/dynamic_content/visual_and_interactive_content/judo,2026-09-02,4785,4267,661,11,5,2,8,0,company-own (technical)
docs__partners__message_personalization__dynamic_content__visual_and_interactive_content__movable_ink,docs__partners__message_personalization__dynamic_content__visual_and_interactive_content__movable_ink.md,Movable Ink,"This reference article outlines the partnership between Braze and Movable Ink, a cloud-based software platform that offers digital marketers a way to create compelling and...",partners/message_personalization,https://www.braze.com/docs/partners/message_personalization/dynamic_content/visual_and_interactive_content/movable_ink,2026-09-02,10506,9959,1550,13,6,4,74,6,company-own (technical)
docs__partners__message_personalization__dynamic_content__visual_and_interactive_content__movable_ink__customer_data_api,docs__partners__message_personalization__dynamic_content__visual_and_interactive_content__movable_ink__customer_data_api.md,Connect to the Movable Ink Customer Data API,This reference article outlines how to connect to activate customer event data stored in Braze to generate personalized content within Movable Ink using the Customer...,partners/message_personalization,https://www.braze.com/docs/partners/message_personalization/dynamic_content/visual_and_interactive_content/movable_ink/customer_data_api,2026-09-02,14473,13862,2031,23,4,18,39,9,company-own (technical)
docs__partners__message_personalization__dynamic_content__visual_and_interactive_content__movable_ink__da_vinci,docs__partners__message_personalization__dynamic_content__visual_and_interactive_content__movable_ink__da_vinci.md,Movable Ink Da Vinci,The Braze and Movable Ink Da Vinci integration empowers brands to deliver highly personalized messaging by leveraging Da Vinci's AI-driven content decisioning engine. Da Vinci...,partners/message_personalization,https://www.braze.com/docs/partners/message_personalization/dynamic_content/visual_and_interactive_content/movable_ink/da_vinci,2026-09-02,2604,2025,311,3,2,0,10,0,company-own (technical)
docs__partners__message_personalization__dynamic_content__visual_and_interactive_content__movable_ink__dynamic_sms_link,docs__partners__message_personalization__dynamic_content__visual_and_interactive_content__movable_ink__dynamic_sms_link.md,Dynamic SMS link preview,This reference article outlines how to turn on and use Movable Ink's SMS link preview feature.,partners/message_personalization,https://www.braze.com/docs/partners/message_personalization/dynamic_content/visual_and_interactive_content/movable_ink/dynamic_sms_link,2026-09-02,3166,2651,434,8,3,0,12,0,company-own (technical)
docs__partners__message_personalization__dynamic_content__visual_and_interactive_content__multiplied_media,docs__partners__message_personalization__dynamic_content__visual_and_interactive_content__multiplied_media.md,Multiplied Media,"Learn how to use Multiplied Media with Braze to send personalized images, GIFs, and video through email, push notifications, in-app messages, Content Cards, and WhatsApp....",partners/message_personalization,https://www.braze.com/docs/partners/message_personalization/dynamic_content/visual_and_interactive_content/multiplied_media,2026-09-02,6601,6040,925,10,6,2,14,1,company-own (technical)
docs__partners__message_personalization__dynamic_content__visual_and_interactive_content__niftyimages,docs__partners__message_personalization__dynamic_content__visual_and_interactive_content__niftyimages.md,NiftyImages,"Learn how to connect NiftyImages to Braze to create personalized dynamic visuals, sync contact properties, and publish assets as reusable Content Blocks.",partners/message_personalization,https://www.braze.com/docs/partners/message_personalization/dynamic_content/visual_and_interactive_content/niftyimages,2026-09-02,8632,8106,1114,17,8,0,22,0,company-own (technical)
docs__partners__message_personalization__dynamic_content__visual_and_interactive_content__odicci,docs__partners__message_personalization__dynamic_content__visual_and_interactive_content__odicci.md,Integrate Odicci with Braze,Step-by-step guide to integrating Odicci with Braze for personalized marketing campaigns,partners/message_personalization,https://www.braze.com/docs/partners/message_personalization/dynamic_content/visual_and_interactive_content/odicci,2026-09-02,3718,3251,471,14,5,0,6,0,company-own (technical)
docs__partners__message_personalization__dynamic_content__visual_and_interactive_content__playable,docs__partners__message_personalization__dynamic_content__visual_and_interactive_content__playable.md,Playable,"This reference article outlines the partnership between Braze and Playable, a video platform that allows you to add video content to your Braze email campaigns....",partners/message_personalization,https://www.braze.com/docs/partners/message_personalization/dynamic_content/visual_and_interactive_content/playable,2026-09-02,2711,2184,339,7,3,0,6,0,company-own (technical)
docs__partners__message_personalization__dynamic_content__visual_and_interactive_content__seen,docs__partners__message_personalization__dynamic_content__visual_and_interactive_content__seen.md,Seen,"Seen enables personalized video experiences at scale, helping brands drive higher engagement across the customer journey.",partners/message_personalization,https://www.braze.com/docs/partners/message_personalization/dynamic_content/visual_and_interactive_content/seen,2026-09-02,6213,5740,839,10,5,4,20,1,company-own (technical)
docs__partners__message_personalization__dynamic_content__visual_and_interactive_content__stayfilm,docs__partners__message_personalization__dynamic_content__visual_and_interactive_content__stayfilm.md,Stayfilm,"Learn how to integrate Stayfilm personalized video rendering with Braze using webhook campaigns, Connected Content, and Data Transformation.",partners/message_personalization,https://www.braze.com/docs/partners/message_personalization/dynamic_content/visual_and_interactive_content/stayfilm,2026-09-02,14750,14246,1906,14,7,12,54,4,company-own (technical)
docs__partners__message_personalization__dynamic_content__visual_and_interactive_content__storyly,docs__partners__message_personalization__dynamic_content__visual_and_interactive_content__storyly.md,Storyly,"This reference article outlines the partnership between Braze and Storyly, a lightweight SDK, that allows app owners to target their segments and feed Braze with...",partners/message_personalization,https://www.braze.com/docs/partners/message_personalization/dynamic_content/visual_and_interactive_content/storyly,2026-09-02,3533,3008,448,7,4,0,10,0,company-own (technical)
docs__partners__message_personalization__dynamic_content__visual_and_interactive_content__stylitics,docs__partners__message_personalization__dynamic_content__visual_and_interactive_content__stylitics.md,Stylitics,"This reference article outlines the partnership between Braze and Stylitics, a cloud-based SaaS platform that allows you to enhance your existing email campaigns with engaging...",partners/message_personalization,https://www.braze.com/docs/partners/message_personalization/dynamic_content/visual_and_interactive_content/stylitics,2026-09-02,5213,4668,734,13,8,0,4,0,company-own (technical)
docs__partners__message_personalization__dynamic_content__visual_and_interactive_content__videosmart,docs__partners__message_personalization__dynamic_content__visual_and_interactive_content__videosmart.md,VideoSmart,"This reference article outlines the partnership between Braze and VideoSmart, a personalized, interactive video technology that enables brands to deliver data-driven, non-linear content at scale....",partners/message_personalization,https://www.braze.com/docs/partners/message_personalization/dynamic_content/visual_and_interactive_content/videosmart,2026-09-02,7819,7251,988,16,7,2,23,0,company-own (technical)
docs__partners__message_personalization__dynamic_content__visual_and_interactive_content__worthy,docs__partners__message_personalization__dynamic_content__visual_and_interactive_content__worthy.md,Worthy,"This reference article outlines the partnership between Braze and Worthy, a message personalization platform which allows you to create personalized, rich in-app experiences and deliver...",partners/message_personalization,https://www.braze.com/docs/partners/message_personalization/dynamic_content/visual_and_interactive_content/worthy,2026-09-02,2524,1978,297,8,4,0,6,0,company-own (technical)
docs__partners__message_personalization__dynamic_content__visual_and_interactive_content__wsc_sports,docs__partners__message_personalization__dynamic_content__visual_and_interactive_content__wsc_sports.md,WSC Sports,"This reference article outlines the partnership between Braze and WSC Sports, a sports video platform that allows you to include rich and robust sports media...",partners/message_personalization,https://www.braze.com/docs/partners/message_personalization/dynamic_content/visual_and_interactive_content/wsc_sports,2026-09-02,2346,1816,276,7,3,2,8,0,company-own (technical)
docs__partners__message_personalization__dynamic_content__visual_and_interactive_content__wyng,docs__partners__message_personalization__dynamic_content__visual_and_interactive_content__wyng.md,Wyng,"This reference article outlines the partnership between Braze and Wyng, a zero-party data platform used to collect, use, and integrate customer preferences and attributes via...",partners/message_personalization,https://www.braze.com/docs/partners/message_personalization/dynamic_content/visual_and_interactive_content/wyng,2026-09-02,4062,3533,550,10,5,0,6,0,company-own (technical)
docs__partners__message_personalization__dynamic_content__visual_and_interactive_content__yotpo,docs__partners__message_personalization__dynamic_content__visual_and_interactive_content__yotpo.md,Yotpo,"This reference article outlines the partnership between Braze and Yotpo, a leading eCommerce marketing platform that helps thousands of forward-thinking brands accelerate direct-to-consumer growth.",partners/message_personalization,https://www.braze.com/docs/partners/message_personalization/dynamic_content/visual_and_interactive_content/yotpo,2026-09-02,7198,6646,1018,12,4,8,16,4,company-own (technical)
docs__partners__message_personalization__localization,docs__partners__message_personalization__localization.md,Localization,Browse technology partner integrations for Localization.,partners/message_personalization,https://www.braze.com/docs/partners/message_personalization/localization,2026-09-02,646,310,33,2,1,0,0,0,company-own (technical)
docs__partners__message_personalization__localization__crowdin,docs__partners__message_personalization__localization__crowdin.md,Crowdin,"Use the Crowdin integration to translate campaigns, Canvas experiences, email templates, and Content Blocks with Translation Memory, glossaries, and machine translation.",partners/message_personalization,https://www.braze.com/docs/partners/message_personalization/localization/crowdin,2026-09-02,7783,7322,1059,19,4,0,27,3,company-own (technical)
docs__partners__message_personalization__localization__lilt,docs__partners__message_personalization__localization__lilt.md,LILT,This reference article outlines the partnership between Braze and LILT.,partners/message_personalization,https://www.braze.com/docs/partners/message_personalization/localization/lilt,2026-09-02,4572,4218,586,10,4,0,8,0,company-own (technical)
docs__partners__message_personalization__localization__lokalise,docs__partners__message_personalization__localization__lokalise.md,Lokalise,"This reference article outlines the partnership between Braze and Lokalise, a translation management service for agile teams.",partners/message_personalization,https://www.braze.com/docs/partners/message_personalization/localization/lokalise,2026-09-02,8872,8452,1279,22,4,0,20,2,company-own (technical)
docs__partners__message_personalization__localization__phrase,docs__partners__message_personalization__localization__phrase.md,Phrase,"This reference article outlines the partnership between Braze and Phrase, a cloud-based software for localization. This integration allows you to translate email templates and Content...",partners/message_personalization,https://www.braze.com/docs/partners/message_personalization/localization/phrase,2026-09-02,4315,3840,523,6,5,6,14,0,company-own (technical)
docs__partners__message_personalization__localization__smartling,docs__partners__message_personalization__localization__smartling.md,Smartling,"This reference article outlines the partnership between Braze and Smartling, a cloud-based software for localization. The Braze Connector supports the translation of HTML email templates,...",partners/message_personalization,https://www.braze.com/docs/partners/message_personalization/localization/smartling,2026-09-02,5104,4616,659,13,4,0,33,0,company-own (technical)
docs__partners__message_personalization__localization__transifex,docs__partners__message_personalization__localization__transifex.md,Transifex,"This reference article outlines the partnership between Braze and Transifex, a localization platform that allows you to automate translation freeing up your teams to focus...",partners/message_personalization,https://www.braze.com/docs/partners/message_personalization/localization/transifex,2026-09-02,3626,3154,404,5,4,4,8,3,company-own (technical)
docs__partners__message_personalization__location,docs__partners__message_personalization__location.md,Contextual Location,Browse technology partner integrations for Contextual Location.,partners/message_personalization,https://www.braze.com/docs/partners/message_personalization/location,2026-09-02,668,326,35,2,1,0,0,0,company-own (technical)
docs__partners__message_personalization__location__accuweather,docs__partners__message_personalization__location__accuweather.md,AccuWeather,"This reference article outlines the partnership between Braze and AccuWeather, a weather API you can use to personalize your marketing campaigns.",partners/message_personalization,https://www.braze.com/docs/partners/message_personalization/location/accuweather,2026-09-02,6807,6366,858,6,3,10,34,6,company-own (technical)
docs__partners__message_personalization__location__bluedot,docs__partners__message_personalization__location__bluedot.md,Bluedot,"This reference article outlines the partnership between Braze and Bluedot, a location platform, providing accurate and straightforward geofencing platform for your apps.",partners/message_personalization,https://www.braze.com/docs/partners/message_personalization/location/bluedot,2026-09-02,2574,2121,323,11,4,0,4,0,company-own (technical)
docs__partners__message_personalization__location__flybuy,docs__partners__message_personalization__location__flybuy.md,Flybuy,"This reference article outlines the partnership between Braze and Flybuy, a location services platform, to add location intelligence to your operations and marketing capabilities.",partners/message_personalization,https://www.braze.com/docs/partners/message_personalization/location/flybuy,2026-09-02,3417,2957,443,12,5,0,6,0,company-own (technical)
docs__partners__message_personalization__location__foursquare,docs__partners__message_personalization__location__foursquare.md,Foursquare,"This reference article outlines the partnership between Braze and Foursquare, a location data platform, providing real-time event triggering based on location.",partners/message_personalization,https://www.braze.com/docs/partners/message_personalization/location/foursquare,2026-09-02,3577,3125,496,7,4,0,8,0,company-own (technical)
docs__partners__message_personalization__location__infillion,docs__partners__message_personalization__location__infillion.md,Infillion,"This reference article outlines the partnership between Braze and Infillion, which enables you to perfect your marketing relevance using location data.",partners/message_personalization,https://www.braze.com/docs/partners/message_personalization/location/infillion,2026-09-02,2971,2530,368,3,2,0,8,0,company-own (technical)
docs__partners__message_personalization__location__loplat,docs__partners__message_personalization__location__loplat.md,loplat,"This reference article outlines the partnership between Braze and loplat, an offline location-based marketing platform, to allow you to execute proximity marketing campaigns by adding...",partners/message_personalization,https://www.braze.com/docs/partners/message_personalization/location/loplat,2026-09-02,3808,3341,523,9,4,0,8,0,company-own (technical)
docs__partners__message_personalization__location__radar,docs__partners__message_personalization__location__radar.md,Radar,"This reference article outlines the partnership between Braze and Radar, a geofencing platform, to add location context and tracking to your iOS and Android apps....",partners/message_personalization,https://www.braze.com/docs/partners/message_personalization/location/radar,2026-09-02,8116,7673,1098,8,5,6,24,2,company-own (technical)
docs__partners__message_personalization__referrals,docs__partners__message_personalization__referrals.md,Referrals,Browse technology partner integrations for Referrals.,partners/message_personalization,https://www.braze.com/docs/partners/message_personalization/referrals,2026-09-02,605,281,32,2,1,0,0,0,company-own (technical)
docs__partners__message_personalization__referrals__extole,docs__partners__message_personalization__referrals__extole.md,Extole,"This article outlines the partnership between Braze and Extole, a referral marketing company, that allows you to pull customer events and attributes from refer-a-friend and...",partners/message_personalization,https://www.braze.com/docs/partners/message_personalization/referrals/extole,2026-09-02,7424,6966,1038,12,6,0,68,0,company-own (technical)
docs__partners__message_personalization__referrals__friendbuy,docs__partners__message_personalization__referrals__friendbuy.md,Friendbuy,Learn how to integrate Friendbuy with Braze.,partners/message_personalization,https://www.braze.com/docs/partners/message_personalization/referrals/friendbuy,2026-09-02,3820,3484,504,6,3,0,54,1,company-own (technical)
docs__partners__message_personalization__referrals__mention_me,docs__partners__message_personalization__referrals__mention_me.md,Mention Me,Mention Me Integration Setup Guide,partners/message_personalization,https://www.braze.com/docs/partners/message_personalization/referrals/mention_me,2026-09-02,2445,2116,328,5,4,0,8,0,company-own (technical)
docs__partners__message_personalization__referrals__talkable,docs__partners__message_personalization__referrals__talkable.md,Talkable,"This reference article outlines the partnership between Braze and Talkable, a referral marketing platform that syncs marketing email opt-ins from referral campaigns to Braze in...",partners/message_personalization,https://www.braze.com/docs/partners/message_personalization/referrals/talkable,2026-09-02,10947,10479,1581,22,10,0,61,2,company-own (technical)
docs__partners__third_party_liability,docs__partners__third_party_liability.md,Third party liability,This reference article details policies around liability Braze holds in reference to its associated third parties.,partners/third_party_liability,https://www.braze.com/docs/partners/third_party_liability,2026-09-02,853,483,78,1,0,0,0,0,company-own (technical)
docs__releases__2025__10_14_25,docs__releases__2025__10_14_25.md,"October 14, 2025 release","This article contains release notes for October 14, 2025.",releases/2025,https://www.braze.com/docs/releases/2025/10_14_25,2026-09-02,7375,7091,989,24,7,0,0,0,company-own (technical)
docs__releases__2025__11_11_25,docs__releases__2025__11_11_25.md,"November 11, 2025 release","This article contains release notes for November 11, 2025.",releases/2025,https://www.braze.com/docs/releases/2025/11_11_25,2026-09-02,8687,8401,1246,24,5,0,0,0,company-own (technical)
docs__releases__2025__12_9_25,docs__releases__2025__12_9_25.md,"December 9, 2025 release","This article contains release notes for December 9, 2025.",releases/2025,https://www.braze.com/docs/releases/2025/12_9_25,2026-09-02,2359,2077,314,13,5,0,0,0,company-own (technical)
docs__releases__2025__3_4_25,docs__releases__2025__3_4_25.md,"March 4, 2025 release","This article contains release notes for March 4, 2025.",releases/2025,https://www.braze.com/docs/releases/2025/3_4_25,2026-09-02,5082,4808,746,23,7,0,6,0,company-own (technical)
docs__releases__2025__4_1_25,docs__releases__2025__4_1_25.md,"April 1, 2025 release","This article contains release notes for April 1, 2025.",releases/2025,https://www.braze.com/docs/releases/2025/4_1_25,2026-09-02,7614,7340,1148,28,6,0,0,0,company-own (technical)
docs__releases__2025__4_29_25,docs__releases__2025__4_29_25.md,"April 29, 2025 release","This article contains release notes for April 1, 2025.",releases/2025,https://www.braze.com/docs/releases/2025/4_29_25,2026-09-02,6509,6232,981,28,7,0,0,0,company-own (technical)
docs__releases__2025__5_27_25,docs__releases__2025__5_27_25.md,"May 27, 2025 release","This article contains release notes for May 27, 2025.",releases/2025,https://www.braze.com/docs/releases/2025/5_27_25,2026-09-02,7769,7495,1192,23,6,0,0,0,company-own (technical)
docs__releases__2025__6_24_25,docs__releases__2025__6_24_25.md,"June 24, 2025 release","This article contains release notes for June 24, 2025.",releases/2025,https://www.braze.com/docs/releases/2025/6_24_25,2026-09-02,3439,3163,500,15,6,0,0,0,company-own (technical)
docs__releases__2025__7_22_25,docs__releases__2025__7_22_25.md,"July 22, 2025 release","This article contains release notes for July 22, 2025.",releases/2025,https://www.braze.com/docs/releases/2025/7_22_25,2026-09-02,7865,7589,1183,23,6,0,0,0,company-own (technical)
docs__releases__2025__8_19_25,docs__releases__2025__8_19_25.md,"August 19, 2025 release","This article contains release notes for August 19, 2025.",releases/2025,https://www.braze.com/docs/releases/2025/8_19_25,2026-09-02,6729,6449,1009,18,6,0,0,0,company-own (technical)
docs__releases__2025__9_16_25,docs__releases__2025__9_16_25.md,"September 16, 2025 release","This article contains release notes for September 16, 2025.",releases/2025,https://www.braze.com/docs/releases/2025/9_16_25,2026-09-02,2933,2647,418,12,4,0,0,0,company-own (technical)
docs__releases__2026__1_8_26,docs__releases__2026__1_8_26.md,"January 8, 2026 release",This article contains release notes for 1/8/2026.,releases/2026,https://www.braze.com/docs/releases/2026/1_8_26,2026-09-02,3852,3581,550,12,4,0,0,0,company-own (technical)
docs__releases__2026__2_5_26,docs__releases__2026__2_5_26.md,"February 5, 2026 release",This article contains release notes for 2/5/2026.,releases/2026,https://www.braze.com/docs/releases/2026/2_5_26,2026-09-02,8798,8526,1229,27,7,0,0,0,company-own (technical)
docs__releases__2026__3_5_26,docs__releases__2026__3_5_26.md,"March 5, 2026 release",This article contains release notes for 3/5/2026.,releases/2026,https://www.braze.com/docs/releases/2026/3_5_26,2026-09-02,11478,11209,1673,34,6,0,0,0,company-own (technical)
docs__releases__2026__4_2_26,docs__releases__2026__4_2_26.md,"April 2, 2026 release",This article contains release notes for 4/2/26.,releases/2026,https://www.braze.com/docs/releases/2026/4_2_26,2026-09-02,6463,6196,912,21,6,0,0,0,company-own (technical)
docs__releases__2026__4_30_26,docs__releases__2026__4_30_26.md,"April 30, 2026 release","This article contains release notes for April 30, 2026.",releases/2026,https://www.braze.com/docs/releases/2026/4_30_26,2026-09-02,5702,5424,778,21,6,0,0,0,company-own (technical)
docs__releases__2026__5_28_26,docs__releases__2026__5_28_26.md,"May 28, 2026 release",This article contains release notes for 5/28/26.,releases/2026,https://www.braze.com/docs/releases/2026/5_28_26,2026-09-02,6056,5787,866,19,6,0,0,0,company-own (technical)
docs__releases__2026__6_25_26,docs__releases__2026__6_25_26.md,"June 25, 2026 release",This article contains release notes for 6/25/26.,releases/2026,https://www.braze.com/docs/releases/2026/6_25_26,2026-09-02,12734,12464,1880,30,5,0,0,0,company-own (technical)
docs__releases__2026__7_23_26,docs__releases__2026__7_23_26.md,"July 23, 2026 release","This article contains release notes for July 23, 2026.",releases/2026,https://www.braze.com/docs/releases/2026/7_23_26,2026-09-02,8298,8022,1200,25,6,0,0,2,company-own (technical)
docs__releases__2026__8_20_26,docs__releases__2026__8_20_26.md,"August 20, 2026 release","This article contains release notes for August 20, 2026.",releases/2026,https://www.braze.com/docs/releases/2026/8_20_26,2026-09-02,11551,11271,1713,31,6,0,0,0,company-own (technical)
docs__releases__deprecations,docs__releases__deprecations.md,Deprecations,This page includes references to deprecated articles and provides a list of deprecated and unsupported features.,releases/deprecations,https://www.braze.com/docs/releases/deprecations,2026-09-02,6765,6433,995,20,2,0,0,0,company-own (technical)
docs__releases__deprecations__apptimize,docs__releases__deprecations__apptimize.md,Apptimize,This archived article covers the partnership between Apptimize and Braze. Braze has deprecated support for the Apptimize partnership as of September 2019.,releases/deprecations,https://www.braze.com/docs/releases/deprecations/apptimize,2026-09-02,16078,15686,1748,9,3,12,12,0,company-own (technical)
docs__releases__deprecations__custom_broadcast_receiver,docs__releases__deprecations__custom_broadcast_receiver.md,"Custom handling for push receipts, opens, dismissals, and key-value pairs via Broadcast Receiver",This reference article covers creating a custom Broadcast Receiver for Android push notifications,releases/deprecations,https://www.braze.com/docs/releases/deprecations/custom_broadcast_receiver,2026-09-02,6171,5717,714,4,3,10,10,0,company-own (technical)
docs__releases__deprecations__shopify_checkout,docs__releases__deprecations__shopify_checkout.md,Shopify checkout.liquid deprecation,"This article explains the deprecation of Shopify checkout.liquid, including the impact to your Shopify integration and guidance for developers.",releases/deprecations,https://www.braze.com/docs/releases/deprecations/shopify_checkout,2026-09-02,3474,3053,473,7,2,2,2,0,company-own (technical)
docs__releases__deprecations__tls_deprecation,docs__releases__deprecations__tls_deprecation.md,TLS 1.0 & 1.1 deprecation,"This article describes Braze's deprecation of TLS 1.0 and TLS 1.1, completed in May 2018.",releases/deprecations,https://www.braze.com/docs/releases/deprecations/tls_deprecation,2026-09-02,7000,6645,1122,6,3,0,0,0,company-own (technical)
docs__releases__deprecations__twilio,docs__releases__deprecations__twilio.md,Twilio,This article outlines the partnership between Braze and Twilio.,releases/deprecations,https://www.braze.com/docs/releases/deprecations/twilio,2026-09-02,2766,2474,394,5,4,0,7,1,company-own (technical)
docs__releases__home,docs__releases__home.md,What’s new in Braze,"Braze release notes are published monthly so you can stay up-to-date on major product releases, ongoing product improvements, Braze partnerships,.",releases/home,https://www.braze.com/docs/releases/home,2026-09-02,69677,69326,10289,209,8,0,0,2,company-own (technical)
docs__user_guide__administer,docs__user_guide__administer.md,Administer,"Set up and manage your Braze dashboard, including workspaces, user permissions, security, and billing.",user_guide/administer,https://www.braze.com/docs/user_guide/administer,2026-09-02,1076,756,96,4,3,0,0,0,company-own (technical)
docs__user_guide__administer__global,docs__user_guide__administer__global.md,Global,"Configure company-wide and workspace-level settings, including user management, authentication, billing, and privacy.",user_guide/administer,https://www.braze.com/docs/user_guide/administer/global,2026-09-02,753,407,47,2,1,0,0,0,company-own (technical)
docs__user_guide__administer__global__admin_settings,docs__user_guide__administer__global__admin_settings.md,Admin settings,"Manage company-wide admin settings that apply across all workspaces, including contact information, notification preferences, security policies, and OAuth access.",user_guide/administer,https://www.braze.com/docs/user_guide/administer/global/admin_settings,2026-09-02,1248,818,106,2,1,0,0,0,company-own (technical)
docs__user_guide__administer__global__admin_settings__contact_information,docs__user_guide__administer__global__admin_settings__contact_information.md,Contact information,This reference article covers important information for admins on managing your company's contact information and time zone in Braze.,user_guide/administer,https://www.braze.com/docs/user_guide/administer/global/admin_settings/contact_information,2026-09-02,1838,1391,224,2,1,0,0,0,company-own (technical)
docs__user_guide__administer__global__admin_settings__notification_preferences,docs__user_guide__administer__global__admin_settings__notification_preferences.md,Notification preferences,This reference article covers your available options for monitoring messaging and activity in your company account.,user_guide/administer,https://www.braze.com/docs/user_guide/administer/global/admin_settings/notification_preferences,2026-09-02,5051,4607,655,3,2,0,54,0,company-own (technical)
docs__user_guide__administer__global__admin_settings__oauth_admin,docs__user_guide__administer__global__admin_settings__oauth_admin.md,Manage OAuth settings,Learn how to manage MCP OAuth access for the Braze MCP server.,user_guide/administer,https://www.braze.com/docs/user_guide/administer/global/admin_settings/oauth_admin,2026-09-02,3548,3186,485,6,5,0,15,0,company-own (technical)
docs__user_guide__administer__global__admin_settings__security_settings,docs__user_guide__administer__global__admin_settings__security_settings.md,Security settings,"This reference article covers generic cross-company security settings, including authentication rules, IP allowlisting, PII, and two-factor authentication (2FA).",user_guide/administer,https://www.braze.com/docs/user_guide/administer/global/admin_settings/security_settings,2026-09-02,18779,18310,2791,45,10,0,48,0,company-own (technical)
docs__user_guide__administer__global__admin_settings__security_settings__security_export_s3,docs__user_guide__administer__global__admin_settings__security_settings__security_export_s3.md,Security events export with Amazon S3,This reference article covers how to automatically export security events every day at midnight UTC to Amazon S3.,user_guide/administer,https://www.braze.com/docs/user_guide/administer/global/admin_settings/security_settings/security_export_s3,2026-09-02,6238,5758,902,12,2,4,4,0,company-own (technical)
docs__user_guide__administer__global__admin_settings__workspace_time_zone,docs__user_guide__administer__global__admin_settings__workspace_time_zone.md,Workspace time zones,"This reference article covers how to configure different time zones for your Braze workspaces, providing more control over campaign and Canvas scheduling for teams operating...",user_guide/administer,https://www.braze.com/docs/user_guide/administer/global/admin_settings/workspace_time_zone,2026-09-02,5514,5023,866,7,4,0,0,0,company-own (technical)
docs__user_guide__administer__global__billing,docs__user_guide__administer__global__billing.md,Billing,"This reference article covers the Billing page, where you can monitor and check your data consumption.",user_guide/administer,https://www.braze.com/docs/user_guide/administer/global/billing,2026-09-02,5065,4716,774,14,4,0,0,0,company-own (technical)
docs__user_guide__administer__global__billing__credits_usage,docs__user_guide__administer__global__billing__credits_usage.md,Credits Usage dashboard,"This reference article covers the Credits Usage dashboard, where you can view self-service insights into your credit usage.",user_guide/administer,https://www.braze.com/docs/user_guide/administer/global/billing/credits_usage,2026-09-02,11039,10624,1624,31,3,0,0,0,company-own (technical)
docs__user_guide__administer__global__create_and_manage_workspaces,docs__user_guide__administer__global__create_and_manage_workspaces.md,Create and manage workspaces,"This article covers how to create, set up, and manage your workspaces.",user_guide/administer,https://www.braze.com/docs/user_guide/administer/global/create_and_manage_workspaces,2026-09-02,9055,8675,1424,23,6,0,0,0,company-own (technical)
docs__user_guide__administer__global__create_and_manage_workspaces__migrate_workspace_data,docs__user_guide__administer__global__create_and_manage_workspaces__migrate_workspace_data.md,Migrate data between workspaces and instances,"Learn how workspace data is isolated, what Braze can copy or import across workspaces, and how to plan moves between staging, production, or separate dashboard...",user_guide/administer,https://www.braze.com/docs/user_guide/administer/global/create_and_manage_workspaces/migrate_workspace_data,2026-09-02,8258,7722,1181,14,3,0,10,0,company-own (technical)
docs__user_guide__administer__global__privacy,docs__user_guide__administer__global__privacy.md,Privacy,"Understand spam regulations, manage user consent, and use Braze in compliance with data protection laws and regulations.",user_guide/administer,https://www.braze.com/docs/user_guide/administer/global/privacy,2026-09-02,969,602,83,3,2,0,0,0,company-own (technical)
docs__user_guide__administer__global__privacy__managing_consent,docs__user_guide__administer__global__privacy__managing_consent.md,Manage consent,This reference article provides tips on how to manage consent using Braze.,user_guide/administer,https://www.braze.com/docs/user_guide/administer/global/privacy/managing_consent,2026-09-02,1954,1591,241,1,0,0,0,0,company-own (technical)
docs__user_guide__administer__global__privacy__spam_regulations,docs__user_guide__administer__global__privacy__spam_regulations.md,Spam regulations,This article provides summaries and resources on various spam regulations that may affect you or your users.,user_guide/administer,https://www.braze.com/docs/user_guide/administer/global/privacy/spam_regulations,2026-09-02,7504,7105,1148,18,4,0,0,0,company-own (technical)
docs__user_guide__administer__global__saml_single_sign_on,docs__user_guide__administer__global__saml_single_sign_on.md,SAML and Single Sign-On,"This landing page is home to articles on single sign-on (SSO). Here, you can find help setting up supported identity providers, or performing a custom...",user_guide/administer,https://www.braze.com/docs/user_guide/administer/global/saml_single_sign_on,2026-09-02,1210,770,112,2,1,0,0,0,company-own (technical)
docs__user_guide__administer__global__saml_single_sign_on__microsoft_entra_sso,docs__user_guide__administer__global__saml_single_sign_on__microsoft_entra_sso.md,Microsoft Entra SSO,This article walks you through how to set up Microsoft Entra single sign-on capabilities with Braze.,user_guide/administer,https://www.braze.com/docs/user_guide/administer/global/saml_single_sign_on/microsoft_entra_sso,2026-09-02,5748,5324,809,6,2,0,16,2,company-own (technical)
docs__user_guide__administer__global__saml_single_sign_on__okta,docs__user_guide__administer__global__saml_single_sign_on__okta.md,Okta,This article will walk you through how to configure Braze to use Okta for single sign-on.,user_guide/administer,https://www.braze.com/docs/user_guide/administer/global/saml_single_sign_on/okta,2026-09-02,3030,2662,430,7,4,0,18,0,company-own (technical)
docs__user_guide__administer__global__saml_single_sign_on__onelogin,docs__user_guide__administer__global__saml_single_sign_on__onelogin.md,OneLogin,This article will walk you through how to configure Braze to use OneLogin for single sign-on.,user_guide/administer,https://www.braze.com/docs/user_guide/administer/global/saml_single_sign_on/onelogin,2026-09-02,3977,3593,572,6,3,0,18,4,company-own (technical)
docs__user_guide__administer__global__saml_single_sign_on__saml_just_in_time_provisioning,docs__user_guide__administer__global__saml_single_sign_on__saml_just_in_time_provisioning.md,SAML just-in-time provisioning,This article will walk you through how to configure SAML just-in-time provisioning to allow new company users to create a Braze account on their first...,user_guide/administer,https://www.braze.com/docs/user_guide/administer/global/saml_single_sign_on/saml_just_in_time_provisioning,2026-09-02,5335,4825,758,11,5,0,10,0,company-own (technical)
docs__user_guide__administer__global__saml_single_sign_on__saml_sso_setup,docs__user_guide__administer__global__saml_single_sign_on__saml_sso_setup.md,Service Provider (SP) initiated login,This article will walk you through how to enable SAML single sign-on for your Braze account.,user_guide/administer,https://www.braze.com/docs/user_guide/administer/global/saml_single_sign_on/saml_sso_setup,2026-09-02,15218,14794,2221,33,11,4,32,7,company-own (technical)
docs__user_guide__administer__global__user_management,docs__user_guide__administer__global__user_management.md,User management,"This section covers managing Braze dashboard users, permissions, teams, and automated provisioning.",user_guide/administer,https://www.braze.com/docs/user_guide/administer/global/user_management,2026-09-02,594,224,22,2,1,0,0,0,company-own (technical)
docs__user_guide__administer__global__user_management__automated_user_provisioning,docs__user_guide__administer__global__user_management__automated_user_provisioning.md,Automated user provisioning,This reference article covers what information you need to provide for automated user provisioning and how and where to use your generated System for Cross-domain...,user_guide/administer,https://www.braze.com/docs/user_guide/administer/global/user_management/automated_user_provisioning,2026-09-02,9476,8971,1407,22,9,0,0,0,company-own (technical)
docs__user_guide__administer__global__user_management__internal_groups,docs__user_guide__administer__global__user_management__internal_groups.md,Internal groups,"This reference article describes internal groups, a great way to get insight into your test device's SDK or API logs when testing SDK integration.",user_guide/administer,https://www.braze.com/docs/user_guide/administer/global/user_management/internal_groups,2026-09-02,7226,6776,1122,9,2,0,16,0,company-own (technical)
docs__user_guide__administer__global__user_management__manage_company_users,docs__user_guide__administer__global__user_management__manage_company_users.md,Manage company users,"This page covers managing your company users, such as adding and deleting users, setting user permissions, creating Teams, and managing company settings.",user_guide/administer,https://www.braze.com/docs/user_guide/administer/global/user_management/manage_company_users,2026-09-02,7575,7103,1102,13,6,0,12,0,company-own (technical)
docs__user_guide__administer__global__user_management__permissions,docs__user_guide__administer__global__user_management__permissions.md,Braze permissions,"This reference article covers how user permissions work at Braze. Here, you can learn how to edit and set user permissions, choosing who can.",user_guide/administer,https://www.braze.com/docs/user_guide/administer/global/user_management/permissions,2026-09-02,30106,29667,3831,24,8,0,549,0,company-own (technical)
docs__user_guide__administer__global__user_management__teams,docs__user_guide__administer__global__user_management__teams.md,Teams,"This reference article covers how to use Braze Teams in the dashboard. Here, you can learn how to create Teams, assign roles, and assign tags...",user_guide/administer,https://www.braze.com/docs/user_guide/administer/global/user_management/teams,2026-09-02,11717,11299,1736,12,6,0,18,0,company-own (technical)
docs__user_guide__administer__global__workspace_settings,docs__user_guide__administer__global__workspace_settings.md,Workspace settings,"This section covers workspace-level settings—APIs and identifiers, brand guidelines, email preferences, logs and alerts, and more.",user_guide/administer,https://www.braze.com/docs/user_guide/administer/global/workspace_settings,2026-09-02,1240,828,110,2,1,0,0,0,company-own (technical)
docs__user_guide__administer__global__workspace_settings__apis_and_identifiers,docs__user_guide__administer__global__workspace_settings__apis_and_identifiers.md,API keys,"This article covers the APIs and Identifiers page, which displays API identifications for your workspace.",user_guide/administer,https://www.braze.com/docs/user_guide/administer/global/workspace_settings/apis_and_identifiers,2026-09-02,2884,2466,411,6,3,0,0,0,company-own (technical)
docs__user_guide__administer__global__workspace_settings__brand_guidelines,docs__user_guide__administer__global__workspace_settings__brand_guidelines.md,Brand guidelines,"This reference article describes how to create, manage, and add brand guidelines as context for Operator and agents.",user_guide/administer,https://www.braze.com/docs/user_guide/administer/global/workspace_settings/brand_guidelines,2026-09-02,4717,4288,649,10,4,0,21,0,company-own (technical)
docs__user_guide__administer__global__workspace_settings__email_preferences,docs__user_guide__administer__global__workspace_settings__email_preferences.md,Email preferences,"This reference article covers email preferences in the Braze dashboard, including sending configurations, open tracking pixels, subscription page and footers, and more.",user_guide/administer,https://www.braze.com/docs/user_guide/administer/global/workspace_settings/email_preferences,2026-09-02,26613,26129,4134,26,8,4,36,3,company-own (technical)
docs__user_guide__administer__global__workspace_settings__email_preferences__bot_filtering,docs__user_guide__administer__global__workspace_settings__email_preferences__bot_filtering.md,Bot filtering for emails,This article provides an overview of bot filtering for email.,user_guide/administer,https://www.braze.com/docs/user_guide/administer/global/workspace_settings/email_preferences/bot_filtering,2026-09-02,4995,4582,680,10,6,0,9,0,company-own (technical)
docs__user_guide__administer__global__workspace_settings__logs_and_alerts,docs__user_guide__administer__global__workspace_settings__logs_and_alerts.md,Logs and alerts,"This section covers workspace logs and alerts—API usage alerts, event user log, exports log, and message activity log.",user_guide/administer,https://www.braze.com/docs/user_guide/administer/global/workspace_settings/logs_and_alerts,2026-09-02,1125,695,103,2,1,0,0,0,company-own (technical)
docs__user_guide__administer__global__workspace_settings__logs_and_alerts__api_usage_alerts,docs__user_guide__administer__global__workspace_settings__logs_and_alerts__api_usage_alerts.md,API usage alerts,"This article provides an overview of the API usage alerts, which allows you to proactively detect unexpected traffic.",user_guide/administer,https://www.braze.com/docs/user_guide/administer/global/workspace_settings/logs_and_alerts/api_usage_alerts,2026-09-02,7698,7235,1041,9,5,2,109,0,company-own (technical)
docs__user_guide__administer__global__workspace_settings__logs_and_alerts__event_user_log,docs__user_guide__administer__global__workspace_settings__logs_and_alerts__event_user_log.md,Event User Log,"This reference article covers the Event User Log, which can help you debug or troubleshoot issues in your Braze Integration.",user_guide/administer,https://www.braze.com/docs/user_guide/administer/global/workspace_settings/logs_and_alerts/event_user_log,2026-09-02,3862,3398,575,6,1,0,0,0,company-own (technical)
docs__user_guide__administer__global__workspace_settings__logs_and_alerts__exports_log,docs__user_guide__administer__global__workspace_settings__logs_and_alerts__exports_log.md,Exports log,"This page covers the exports log, which lets you view the status of export jobs and cancel ongoing exports.",user_guide/administer,https://www.braze.com/docs/user_guide/administer/global/workspace_settings/logs_and_alerts/exports_log,2026-09-02,3287,2849,416,7,6,0,48,0,company-own (technical)
docs__user_guide__administer__global__workspace_settings__logs_and_alerts__message_activity_log,docs__user_guide__administer__global__workspace_settings__logs_and_alerts__message_activity_log.md,Message Activity Log,"This reference article describes the Message Activity Log shows you messages associated with your campaigns and sends. Here, you can also find.",user_guide/administer,https://www.braze.com/docs/user_guide/administer/global/workspace_settings/logs_and_alerts/message_activity_log,2026-09-02,7963,7462,1180,8,3,0,15,0,company-own (technical)
docs__user_guide__administer__global__workspace_settings__messaging_rate_limits,docs__user_guide__administer__global__workspace_settings__messaging_rate_limits.md,Workspace messaging rate limits,This reference article describes workspace messaging rate limits and how they work with your messages.,user_guide/administer,https://www.braze.com/docs/user_guide/administer/global/workspace_settings/messaging_rate_limits,2026-09-02,5656,5216,852,6,3,0,21,0,company-own (technical)
docs__user_guide__administer__global__workspace_settings__multi_language_settings,docs__user_guide__administer__global__workspace_settings__multi_language_settings.md,Localization settings,This article provides an overview of multi-language settings in the Braze dashboard and how to use locales in your messaging.,user_guide/administer,https://www.braze.com/docs/user_guide/administer/global/workspace_settings/multi_language_settings,2026-09-02,3604,3147,486,9,4,0,4,0,company-own (technical)
docs__user_guide__administer__global__workspace_settings__oauth_settings,docs__user_guide__administer__global__workspace_settings__oauth_settings.md,OAuth and MCP access in a workspace,"Learn what OAuth and MCP access you can control per workspace, and what remains company-wide in Admin settings.",user_guide/administer,https://www.braze.com/docs/user_guide/administer/global/workspace_settings/oauth_settings,2026-09-02,1832,1393,226,3,2,0,12,0,company-own (technical)
docs__user_guide__administer__global__workspace_settings__push_settings,docs__user_guide__administer__global__workspace_settings__push_settings.md,Push Settings,This article provides an overview of the Push Settings in the Braze dashboard.,user_guide/administer,https://www.braze.com/docs/user_guide/administer/global/workspace_settings/push_settings,2026-09-02,3170,2788,418,4,3,0,19,0,company-own (technical)
docs__user_guide__administer__global__workspace_settings__tags,docs__user_guide__administer__global__workspace_settings__tags.md,Managing tags,"This reference article covers how to manage tags in the Braze dashboard, including nesting, renaming, and organizing tags across campaigns, Canvases, and segments.",user_guide/administer,https://www.braze.com/docs/user_guide/administer/global/workspace_settings/tags,2026-09-02,3204,2755,425,7,3,0,12,0,company-own (technical)
docs__user_guide__administer__personal,docs__user_guide__administer__personal.md,Personal,"This landing page covers personal settings and access—how to get into your Braze account, navigate the dashboard, set language preferences, and reach support.",user_guide/administer,https://www.braze.com/docs/user_guide/administer/personal,2026-09-02,801,406,49,2,1,0,0,0,company-own (technical)
docs__user_guide__administer__personal__accessing_your_account,docs__user_guide__administer__personal__accessing_your_account.md,Access your account,"This article covers how to get your Braze account, how to log in after granted access, and how to troubleshoot your dashboard access and dashboard...",user_guide/administer,https://www.braze.com/docs/user_guide/administer/personal/accessing_your_account,2026-09-02,18180,17738,2842,29,5,0,8,0,company-own (technical)
docs__user_guide__administer__personal__braze_certification,docs__user_guide__administer__personal__braze_certification.md,Braze Certification,"This reference article covers how to find Braze Certification and skills badges, prepare through Braze Learning, and register for exams on Certiverse.",user_guide/administer,https://www.braze.com/docs/user_guide/administer/personal/braze_certification,2026-09-02,2696,2259,327,8,4,0,0,0,company-own (technical)
docs__user_guide__administer__personal__braze_support,docs__user_guide__administer__personal__braze_support.md,Braze Support,This page helps you locate the Braze Support Portal to submit Braze product feedback. This page is only accessible to Braze customers.,user_guide/administer,https://www.braze.com/docs/user_guide/administer/personal/braze_support,2026-09-02,4489,4086,649,13,6,0,0,0,company-own (technical)
docs__user_guide__administer__personal__language_settings,docs__user_guide__administer__personal__language_settings.md,Language settings,This article describes how to change the language the Braze dashboard appears in.,user_guide/administer,https://www.braze.com/docs/user_guide/administer/personal/language_settings,2026-09-02,1019,657,88,3,1,0,0,0,company-own (technical)
docs__user_guide__administer__personal__product_portal,docs__user_guide__administer__personal__product_portal.md,Product portal,This reference article covers how to access and use the Braze Product Portal to provide feedback from the dashboard.,user_guide/administer,https://www.braze.com/docs/user_guide/administer/personal/product_portal,2026-09-02,4001,3613,574,5,4,0,20,0,company-own (technical)
docs__user_guide__administer__personal__sdk_endpoints,docs__user_guide__administer__personal__sdk_endpoints.md,API and SDK endpoints,"Look up the correct dashboard URL, REST API endpoint, and SDK endpoint for your Braze instance.",user_guide/administer,https://www.braze.com/docs/user_guide/administer/personal/sdk_endpoints,2026-09-02,2766,2394,408,1,0,0,64,30,company-own (technical)
docs__user_guide__administer__personal__the_braze_dashboard,docs__user_guide__administer__personal__the_braze_dashboard.md,The Braze dashboard,"The Braze dashboard is your central workspace for building, managing, and analyzing customer engagement. It brings together messaging tools, audience insights, segmentation, and real-time performance...",user_guide/administer,https://www.braze.com/docs/user_guide/administer/personal/the_braze_dashboard,2026-09-02,7632,7143,1048,23,8,0,10,0,company-own (technical)
docs__user_guide__analytics,docs__user_guide__analytics.md,Analytics,"Use Braze analytics to measure campaign performance, track user engagement, and access detailed reports and dashboards.",user_guide/analytics,https://www.braze.com/docs/user_guide/analytics,2026-09-02,1737,1404,201,6,2,0,0,0,company-own (technical)
docs__user_guide__analytics__dashboards,docs__user_guide__analytics__dashboards.md,Dashboards,"Use Braze dashboards to monitor app performance, channel engagement, conversions, deliverability, API usage, and more.",user_guide/analytics,https://www.braze.com/docs/user_guide/analytics/dashboards,2026-09-02,701,345,38,2,1,0,0,0,company-own (technical)
docs__user_guide__analytics__dashboards__api_usage,docs__user_guide__analytics__dashboards__api_usage.md,API usage dashboard,This article provides an overview of the API usage dashboard.,user_guide/analytics,https://www.braze.com/docs/user_guide/analytics/dashboards/api_usage,2026-09-02,3248,2919,464,10,5,0,8,0,company-own (technical)
docs__user_guide__analytics__dashboards__channel_performance,docs__user_guide__analytics__dashboards__channel_performance.md,Channel performance dashboards,"This reference article covers the channel performance dashboard, which allows you to view performance metrics for entire channels across both campaigns and Canvases.",user_guide/analytics,https://www.braze.com/docs/user_guide/analytics/dashboards/channel_performance,2026-09-02,13765,13301,2131,18,4,0,72,0,company-own (technical)
docs__user_guide__analytics__dashboards__conversions,docs__user_guide__analytics__dashboards__conversions.md,Conversions dashboard,"The conversions dashboard allows you to analyze conversions across campaigns, Canvases, and channels, using different attribution methods.",user_guide/analytics,https://www.braze.com/docs/user_guide/analytics/dashboards/conversions,2026-09-02,9007,8595,1302,15,4,0,42,0,company-own (technical)
docs__user_guide__analytics__dashboards__dashboard_builder,docs__user_guide__analytics__dashboards__dashboard_builder.md,Dashboard Builder,This reference article covers how to use Dashboard Builder to create dashboards and visualizations using reports created in Query Builder.,user_guide/analytics,https://www.braze.com/docs/user_guide/analytics/dashboards/dashboard_builder,2026-09-02,12018,11598,1690,13,4,0,113,0,company-own (technical)
docs__user_guide__analytics__dashboards__dashboard_builder__diagnostics_dashboard,docs__user_guide__analytics__dashboards__dashboard_builder__diagnostics_dashboard.md,Messaging diagnostics dashboard,"This reference article covers the messaging diagnostics dashboard, which helps you understand why messages from your campaigns or Canvases may not have been sent as...",user_guide/analytics,https://www.braze.com/docs/user_guide/analytics/dashboards/dashboard_builder/diagnostics_dashboard,2026-09-02,16088,15580,2436,20,4,0,86,0,company-own (technical)
docs__user_guide__analytics__dashboards__dashboard_builder__ecommerce_revenue_dashboard,docs__user_guide__analytics__dashboards__dashboard_builder__ecommerce_revenue_dashboard.md,eCommerce revenue dashboard,This article provides an overview of the eCommerce Revenue - Last Touch Attribution dashboard.,user_guide/analytics,https://www.braze.com/docs/user_guide/analytics/dashboards/dashboard_builder/ecommerce_revenue_dashboard,2026-09-02,3773,3330,447,6,4,0,20,0,company-own (technical)
docs__user_guide__analytics__dashboards__dashboard_builder__industry_benchmarks_dashboard,docs__user_guide__analytics__dashboards__dashboard_builder__industry_benchmarks_dashboard.md,Industry Benchmarks dashboard,This article provides an overview of the Industry Benchmarks dashboard.,user_guide/analytics,https://www.braze.com/docs/user_guide/analytics/dashboards/dashboard_builder/industry_benchmarks_dashboard,2026-09-02,5829,5403,788,8,4,0,56,0,company-own (technical)
docs__user_guide__analytics__dashboards__deliverability_center,docs__user_guide__analytics__dashboards__deliverability_center.md,Deliverability Center,"This reference article covers how to set up the Deliverability Center, a feature that allows marketers to view their email sending domains and IP reputations...",user_guide/analytics,https://www.braze.com/docs/user_guide/analytics/dashboards/deliverability_center,2026-09-02,14424,13970,2112,18,4,0,50,0,company-own (technical)
docs__user_guide__analytics__dashboards__home,docs__user_guide__analytics__dashboards__home.md,Home dashboard,"This reference article describes your Home dashboard, and provides definitions for statistics available on this page.",user_guide/analytics,https://www.braze.com/docs/user_guide/analytics/dashboards/home,2026-09-02,10968,10598,1762,17,3,0,20,0,company-own (technical)
docs__user_guide__analytics__metrics_glossary,docs__user_guide__analytics__metrics_glossary.md,Metrics Glossary,This glossary defines terms you'll find in your reports in your Braze account.,user_guide/analytics,https://www.braze.com/docs/user_guide/analytics/metrics_glossary,2026-09-02,30875,30541,4798,72,71,0,78,0,company-own (technical)
docs__user_guide__analytics__reports,docs__user_guide__analytics__reports.md,Reports,"Explore Braze reporting options including campaign analytics, the Report Builder, the Query Builder, engagement reports, and more.",user_guide/analytics,https://www.braze.com/docs/user_guide/analytics/reports,2026-09-02,2437,2078,269,4,3,0,33,0,company-own (technical)
docs__user_guide__analytics__reports__campaign_analytics,docs__user_guide__analytics__reports__campaign_analytics.md,Campaign analytics,This landing page covers campaign reporting for each messaging channel and retention and funnel reports.,user_guide/analytics,https://www.braze.com/docs/user_guide/analytics/reports/campaign_analytics,2026-09-02,1001,618,83,3,2,0,0,0,company-own (technical)
docs__user_guide__analytics__reports__configure_reporting,docs__user_guide__analytics__reports__configure_reporting.md,Configure reporting,This page describes the automatically generated analytics report provided by Braze.,user_guide/analytics,https://www.braze.com/docs/user_guide/analytics/reports/configure_reporting,2026-09-02,1113,748,114,3,2,0,0,0,company-own (technical)
docs__user_guide__analytics__reports__custom_events_report,docs__user_guide__analytics__reports__custom_events_report.md,Custom events report,"This page describes how to use the custom events report to view occurrences of custom events over time, broken down by segment.",user_guide/analytics,https://www.braze.com/docs/user_guide/analytics/reports/custom_events_report,2026-09-02,3718,3306,536,7,4,0,10,0,company-own (technical)
docs__user_guide__analytics__reports__engagement_reports,docs__user_guide__analytics__reports__engagement_reports.md,Engagement reports,"This how-to article walks you through creating, personalizing, and scheduling engagement reports for campaigns and Canvases.",user_guide/analytics,https://www.braze.com/docs/user_guide/analytics/reports/engagement_reports,2026-09-02,10876,10473,1677,20,2,0,22,0,company-own (technical)
docs__user_guide__analytics__reports__funnel_reports,docs__user_guide__analytics__reports__funnel_reports.md,Funnel reports,"This page covers the benefits of funnel reports, how to set them up, and how to interpret your report.",user_guide/analytics,https://www.braze.com/docs/user_guide/analytics/reports/funnel_reports,2026-09-02,9510,9141,1490,16,4,0,4,0,company-own (technical)
docs__user_guide__analytics__reports__query_builder,docs__user_guide__analytics__reports__query_builder.md,Query Builder,This reference article describes how to build reports using Braze data from Snowflake in the Query Builder.,user_guide/analytics,https://www.braze.com/docs/user_guide/analytics/reports/query_builder,2026-09-02,14887,14516,2185,30,5,10,33,0,company-own (technical)
docs__user_guide__analytics__reports__query_builder__building_queries,docs__user_guide__analytics__reports__query_builder__building_queries.md,Build queries in the Query Builder,This reference article describes how to build reports using Braze data from Snowflake in the Query Builder.,user_guide/analytics,https://www.braze.com/docs/user_guide/analytics/reports/query_builder/building_queries,2026-09-02,8087,7660,1229,13,6,8,16,0,company-own (technical)
docs__user_guide__analytics__reports__query_builder__data_by_segments,docs__user_guide__analytics__reports__query_builder__data_by_segments.md,Metrics by segments,"This page describes how you can use Query Builder report templates to break down performance metrics for campaigns, Canvas, variants, and steps by segments.",user_guide/analytics,https://www.braze.com/docs/user_guide/analytics/reports/query_builder/data_by_segments,2026-09-02,10113,9652,1458,18,1,0,0,0,company-own (technical)
docs__user_guide__analytics__reports__query_builder__query_templates,docs__user_guide__analytics__reports__query_builder__query_templates.md,Query Builder templates,This reference article lists the types of reports you can create using Braze data from Snowflake in the Query Builder.,user_guide/analytics,https://www.braze.com/docs/user_guide/analytics/reports/query_builder/query_templates,2026-09-02,8897,8472,1316,8,7,0,68,0,company-own (technical)
docs__user_guide__analytics__reports__query_builder__sql_variables,docs__user_guide__analytics__reports__query_builder__sql_variables.md,Query Builder SQL variables,"Learn how to use variables in the Query Builder, so you can reuse your queries and avoid hard-coding any data in your code.",user_guide/analytics,https://www.braze.com/docs/user_guide/analytics/reports/query_builder/sql_variables,2026-09-02,13373,12943,1739,32,5,80,111,0,company-own (technical)
docs__user_guide__analytics__reports__report_builder,docs__user_guide__analytics__reports__report_builder.md,Report Builder,This reference article describes the Report Builder feature.,user_guide/analytics,https://www.braze.com/docs/user_guide/analytics/reports/report_builder,2026-09-02,9403,9076,1442,14,8,0,20,0,company-own (technical)
docs__user_guide__analytics__reports__report_builder__report_builder_legacy,docs__user_guide__analytics__reports__report_builder__report_builder_legacy.md,Report Builder (legacy),"This page covers how to run a report using the legacy report builder including campaign and Canvas creating comparison reports, and building reports and charts....",user_guide/analytics,https://www.braze.com/docs/user_guide/analytics/reports/report_builder/report_builder_legacy,2026-09-02,9746,9262,1529,16,7,0,12,0,company-own (technical)
docs__user_guide__analytics__reports__retention_reports,docs__user_guide__analytics__reports__retention_reports.md,Retention reports,This page goes over how to measure user retention for users who performed a selected retention event in a specific campaign or Canvas.,user_guide/analytics,https://www.braze.com/docs/user_guide/analytics/reports/retention_reports,2026-09-02,10520,10110,1712,14,3,0,0,0,company-own (technical)
docs__user_guide__analytics__reports__revenue_report,docs__user_guide__analytics__reports__revenue_report.md,Revenue report,"This page describes how to use the Revenue Report page to view data on revenue over specific periods of time, a specific product revenue, and...",user_guide/analytics,https://www.braze.com/docs/user_guide/analytics/reports/revenue_report,2026-09-02,3100,2689,412,7,4,0,12,0,company-own (technical)
docs__user_guide__analytics__tracking,docs__user_guide__analytics__tracking.md,Tracking,"This landing page covers tracking features in Braze, including uninstall tracking, influenced opens, and segment analytics tracking.",user_guide/analytics,https://www.braze.com/docs/user_guide/analytics/tracking,2026-09-02,789,425,54,3,2,0,0,0,company-own (technical)
docs__user_guide__analytics__tracking__influenced_opens,docs__user_guide__analytics__tracking__influenced_opens.md,Influenced opens,This reference article explains influenced opens and how you can track them to provide a richer level of detail into your push campaigns.,user_guide/analytics,https://www.braze.com/docs/user_guide/analytics/tracking/influenced_opens,2026-09-02,2347,1935,331,3,2,0,0,0,company-own (technical)
docs__user_guide__analytics__tracking__segment_analytics_tracking,docs__user_guide__analytics__tracking__segment_analytics_tracking.md,Segment analytics tracking,"This reference article covers segment analytics tracking and how to view revenue and purchases over time, sessions over time, and custom events over time.",user_guide/analytics,https://www.braze.com/docs/user_guide/analytics/tracking/segment_analytics_tracking,2026-09-02,3032,2573,406,8,6,0,0,0,company-own (technical)
docs__user_guide__analytics__tracking__uninstall_tracking,docs__user_guide__analytics__tracking__uninstall_tracking.md,Uninstall tracking,This reference article covers implementing uninstall tracking for campaign-level and app-level statistics.,user_guide/analytics,https://www.braze.com/docs/user_guide/analytics/tracking/uninstall_tracking,2026-09-02,8963,8576,1354,14,5,0,0,0,company-own (technical)
docs__user_guide__audience,docs__user_guide__audience.md,Audience,"This section covers audience management in Braze—segments, user profiles, subscription preferences, and location targeting.",user_guide/audience,https://www.braze.com/docs/user_guide/audience,2026-09-02,865,530,65,2,1,0,0,0,company-own (technical)
docs__user_guide__audience__global_control_group,docs__user_guide__audience__global_control_group.md,Global Control Group,Learn how to set up and use the Global Control Group to measure the overall impact of your messaging efforts over time.,user_guide/audience,https://www.braze.com/docs/user_guide/audience/global_control_group,2026-09-02,19546,19162,3168,31,8,0,36,0,company-own (technical)
docs__user_guide__audience__locations_and_geofences,docs__user_guide__audience__locations_and_geofences.md,Locations and geofences,"This landing page is home to articles on locations and geofences. Here, you can find resources on location tracking, creating geofences, and more.",user_guide/audience,https://www.braze.com/docs/user_guide/audience/locations_and_geofences,2026-09-02,1871,1451,227,3,2,0,0,0,company-own (technical)
docs__user_guide__audience__locations_and_geofences__creating_geofences,docs__user_guide__audience__locations_and_geofences__creating_geofences.md,Geofences,"Learn how to set up location permissions, create a location permission primer, and build geofences for location-based campaigns.",user_guide/audience,https://www.braze.com/docs/user_guide/audience/locations_and_geofences/creating_geofences,2026-09-02,20923,20496,3186,37,13,2,58,0,company-own (technical)
docs__user_guide__audience__locations_and_geofences__location_tracking,docs__user_guide__audience__locations_and_geofences__location_tracking.md,Location tracking,This reference article explains how to use location tracking and location targeting in your apps and which partners support location tracking.,user_guide/audience,https://www.braze.com/docs/user_guide/audience/locations_and_geofences/location_tracking,2026-09-02,7962,7515,1172,16,7,2,14,1,company-own (technical)
docs__user_guide__audience__manage_audience,docs__user_guide__audience__manage_audience.md,Manage audience,This section covers importing users and merging duplicate user profiles in Braze.,user_guide/audience,https://www.braze.com/docs/user_guide/audience/manage_audience,2026-09-02,566,235,30,2,1,0,0,0,company-own (technical)
docs__user_guide__audience__manage_audience__import_users,docs__user_guide__audience__manage_audience__import_users.md,Import users,"Learn about Braze's various user import options, like CSV import, REST API, Cloud Data Ingestion, and more.",user_guide/audience,https://www.braze.com/docs/user_guide/audience/manage_audience/import_users,2026-09-02,3421,3040,460,8,2,4,21,0,company-own (technical)
docs__user_guide__audience__manage_audience__import_users__csv_import,docs__user_guide__audience__manage_audience__import_users__csv_import.md,CSV import,Learn how to record and update user attributes and custom events using CSV import.,user_guide/audience,https://www.braze.com/docs/user_guide/audience/manage_audience/import_users/csv_import,2026-09-02,36232,35855,5508,45,4,2,287,0,company-own (technical)
docs__user_guide__audience__manage_audience__merge_duplicate_users,docs__user_guide__audience__manage_audience__merge_duplicate_users.md,Merge duplicate users,Learn how to find and merge duplicate users in your Braze dashboard.,user_guide/audience,https://www.braze.com/docs/user_guide/audience/manage_audience/merge_duplicate_users,2026-09-02,8067,7698,1188,17,7,0,32,0,company-own (technical)
docs__user_guide__audience__manage_audience__merge_duplicate_users__merge_behavior,docs__user_guide__audience__manage_audience__merge_duplicate_users__merge_behavior.md,User merge behavior,"Learn how Braze handles user merging for users marked for deletion, test users, and Global Control Group users.",user_guide/audience,https://www.braze.com/docs/user_guide/audience/manage_audience/merge_duplicate_users/merge_behavior,2026-09-02,3769,3328,509,7,6,0,51,0,company-own (technical)
docs__user_guide__audience__manage_audience__user_profiles,docs__user_guide__audience__manage_audience__user_profiles.md,User profiles,"This reference article describes how to access a user's profile in the dashboard, profile use cases, and what each profile contains.",user_guide/audience,https://www.braze.com/docs/user_guide/audience/manage_audience/user_profiles,2026-09-02,15681,15272,2393,19,5,0,60,0,company-own (technical)
docs__user_guide__audience__manage_audience__user_profiles__delete_users,docs__user_guide__audience__manage_audience__user_profiles__delete_users.md,Delete users,Learn how to delete an individual user or a segment of users directly through the Braze dashboard.,user_guide/audience,https://www.braze.com/docs/user_guide/audience/manage_audience/user_profiles/delete_users,2026-09-02,7158,6757,1076,20,7,0,24,0,company-own (technical)
docs__user_guide__audience__segments,docs__user_guide__audience__segments.md,Segments,"This landing page covers articles on Segmentation within dashboard campaigns. Here, you can find information on how to set up a segment, filters, funnels, insights,...",user_guide/audience,https://www.braze.com/docs/user_guide/audience/segments,2026-09-02,3464,3068,456,6,3,0,0,0,company-own (technical)
docs__user_guide__audience__segments__calculated_filters,docs__user_guide__audience__segments__calculated_filters.md,Calculated filters,"This reference article covers how calculated filters work, how they compare to SQL Segment Extensions, and how to create and manage calculated filters.",user_guide/audience,https://www.braze.com/docs/user_guide/audience/segments/calculated_filters,2026-09-02,12496,12067,1889,22,6,0,29,0,company-own (technical)
docs__user_guide__audience__segments__creating_a_segment,docs__user_guide__audience__segments__creating_a_segment.md,Create a segment,This how-to article walks you through how to set up and create a segment using Braze.,user_guide/audience,https://www.braze.com/docs/user_guide/audience/segments/creating_a_segment,2026-09-02,13900,13539,2310,19,8,0,0,0,company-own (technical)
docs__user_guide__audience__segments__location_targeting,docs__user_guide__audience__segments__location_targeting.md,Location targeting,"This how-to article will walk you through how to set up Location targeting, allowing you to segment users by location.",user_guide/audience,https://www.braze.com/docs/user_guide/audience/segments/location_targeting,2026-09-02,2058,1662,250,7,3,0,0,0,company-own (technical)
docs__user_guide__audience__segments__managing_segments,docs__user_guide__audience__segments__managing_segments.md,Manage segments,"This article covers the actions you can take to manage your segments, such as filtering a list of segments, creating segments, and editing segments.",user_guide/audience,https://www.braze.com/docs/user_guide/audience/segments/managing_segments,2026-09-02,4738,4317,685,11,4,0,0,0,company-own (technical)
docs__user_guide__audience__segments__measuring_segment_size,docs__user_guide__audience__segments__measuring_segment_size.md,Measure segment size,This page covers how you can monitor your segment’s membership and size.,user_guide/audience,https://www.braze.com/docs/user_guide/audience/segments/measuring_segment_size,2026-09-02,12481,12119,1977,12,5,0,22,0,company-own (technical)
docs__user_guide__audience__segments__regex,docs__user_guide__audience__segments__regex.md,Regular expressions,"This reference article covers what regular expressions (regex) are, how to begin using them, and offers debugger functionality to validate and test regular expressions.",user_guide/audience,https://www.braze.com/docs/user_guide/audience/segments/regex,2026-09-02,6084,5663,968,11,3,12,12,0,company-own (technical)
docs__user_guide__audience__segments__segment_data,docs__user_guide__audience__segments__segment_data.md,Segment data,"This page explains the segments section of your Braze dashboard, and includes a summary of the statistics provided.",user_guide/audience,https://www.braze.com/docs/user_guide/audience/segments/segment_data,2026-09-02,7065,6690,1108,11,5,0,12,0,company-own (technical)
docs__user_guide__audience__segments__segment_extension,docs__user_guide__audience__segments__segment_extension.md,Segment Extensions,This how-to article will walk you through how to set up and use a Segment Extension to enhance your segmentation capabilities.,user_guide/audience,https://www.braze.com/docs/user_guide/audience/segments/segment_extension,2026-09-02,14857,14455,2333,20,3,0,0,0,company-own (technical)
docs__user_guide__audience__segments__segment_extension__cdi_segments,docs__user_guide__audience__segments__segment_extension__cdi_segments.md,CDI Segment Extensions,This article explains how CDI Segment Extensions use Cloud Data Ingestion to query your data warehouse and define audiences in Braze.,user_guide/audience,https://www.braze.com/docs/user_guide/audience/segments/segment_extension/cdi_segments,2026-09-02,3667,3227,521,7,4,0,0,0,company-own (technical)
docs__user_guide__audience__segments__segment_extension__sql_segments,docs__user_guide__audience__segments__segment_extension__sql_segments.md,SQL Segment Extensions,This article describes how to create a SQL Segment Extension using Snowflake queries.,user_guide/audience,https://www.braze.com/docs/user_guide/audience/segments/segment_extension/sql_segments,2026-09-02,16977,16585,2683,20,5,4,4,0,company-own (technical)
docs__user_guide__audience__segments__segment_extension__sql_segments__catalog_segments,docs__user_guide__audience__segments__segment_extension__sql_segments__catalog_segments.md,Catalog segments,"This article describes how to create catalog segments, which use catalog data in SQL Segment Extensions to build audiences of users.",user_guide/audience,https://www.braze.com/docs/user_guide/audience/segments/segment_extension/sql_segments/catalog_segments,2026-09-02,11000,10532,1669,16,4,2,40,0,company-own (technical)
docs__user_guide__audience__segments__segment_extension__sql_segments__rfm_segments,docs__user_guide__audience__segments__segment_extension__sql_segments__rfm_segments.md,RFM SQL segments,"This article describes how to create RFM Segment Extensions, which identify your best users by measuring their purchasing habits.",user_guide/audience,https://www.braze.com/docs/user_guide/audience/segments/segment_extension/sql_segments/rfm_segments,2026-09-02,4670,4213,669,4,2,0,78,0,company-own (technical)
docs__user_guide__audience__segments__segment_extension__sql_segments__sql_segments_tables,docs__user_guide__audience__segments__segment_extension__sql_segments__sql_segments_tables.md,SQL table reference,"This page is a reference of the Snowflake SQL tables and columns used across the Query Builder, SQL Segment Extensions, and Snowflake Data Sharing.",user_guide/audience,https://www.braze.com/docs/user_guide/audience/segments/segment_extension/sql_segments/sql_segments_tables,2026-09-02,238609,238117,30497,144,13,0,8191,0,company-own (technical)
docs__user_guide__audience__segments__segment_extension__sql_segments__use_cases,docs__user_guide__audience__segments__segment_extension__sql_segments__use_cases.md,SQL Segment Extensions Use Cases,This article contains tested and proven queries for SQL Segment Extensions.,user_guide/audience,https://www.braze.com/docs/user_guide/audience/segments/segment_extension/sql_segments/use_cases,2026-09-02,11265,10852,1492,17,16,32,32,0,company-own (technical)
docs__user_guide__audience__segments__segment_insights,docs__user_guide__audience__segments__segment_insights.md,Segment Insights,"This how-to article will walk you through how to use, interpret, and share Segment Insights.",user_guide/audience,https://www.braze.com/docs/user_guide/audience/segments/segment_insights,2026-09-02,5730,5366,834,6,3,0,21,0,company-own (technical)
docs__user_guide__audience__segments__segment_with_nested_custom_attributes,docs__user_guide__audience__segments__segment_with_nested_custom_attributes.md,Use case: Segment with nested custom attributes,"Build segments using nested custom attributes: the Nested Custom Attributes filter, paths and comparators, time filters, multi-criteria segmentation, schema generation, and the nested object explorer....",user_guide/audience,https://www.braze.com/docs/user_guide/audience/segments/segment_with_nested_custom_attributes,2026-09-02,8006,7458,1224,11,4,6,10,0,company-own (technical)
docs__user_guide__audience__segments__segmentation_filters,docs__user_guide__audience__segments__segmentation_filters.md,Segmentation Filters,This glossary lists available filters to segment and target your users.,user_guide/audience,https://www.braze.com/docs/user_guide/audience/segments/segmentation_filters,2026-09-02,51620,51265,8257,1,0,0,0,0,company-own (technical)
docs__user_guide__audience__segments__troubleshooting,docs__user_guide__audience__segments__troubleshooting.md,Troubleshoot segments,"This reference article covers troubleshooting for segment errors, user eligibility, filter issues, and analytics mismatches. For filter definitions, see Segmentation filters. For segment size estimates...",user_guide/audience,https://www.braze.com/docs/user_guide/audience/segments/troubleshooting,2026-09-02,13938,13459,2175,19,8,4,26,0,company-own (technical)
docs__user_guide__audience__subscription_preferences,docs__user_guide__audience__subscription_preferences.md,Subscription preferences,"This section covers subscription preferences in Braze, including subscription status, subscription groups, preference centers, and subscription management.",user_guide/audience,https://www.braze.com/docs/user_guide/audience/subscription_preferences,2026-09-02,953,521,60,4,3,0,0,0,company-own (technical)
docs__user_guide__audience__subscription_preferences__preference_center,docs__user_guide__audience__subscription_preferences__preference_center.md,Preference center,This landing page includes articles on the Braze email preference center and how to use the Preference Center API.,user_guide/audience,https://www.braze.com/docs/user_guide/audience/subscription_preferences/preference_center,2026-09-02,1713,1292,199,5,2,0,0,0,company-own (technical)
docs__user_guide__audience__subscription_preferences__preference_center__api_preference_center,docs__user_guide__audience__subscription_preferences__preference_center__api_preference_center.md,API email preference center,This article describes the API email preference center and how to customize it.,user_guide/audience,https://www.braze.com/docs/user_guide/audience/subscription_preferences/preference_center/api_preference_center,2026-09-02,11964,11523,1756,20,4,12,38,5,company-own (technical)
docs__user_guide__audience__subscription_preferences__preference_center__dnd_preference_center,docs__user_guide__audience__subscription_preferences__preference_center__dnd_preference_center.md,Create an email preference center with drag-and-drop,This reference page covers how to create an email preference center with the drag-and-drop editor.,user_guide/audience,https://www.braze.com/docs/user_guide/audience/subscription_preferences/preference_center/dnd_preference_center,2026-09-02,9585,9100,1445,18,11,0,15,0,company-own (technical)
docs__user_guide__audience__subscription_preferences__subscription_groups,docs__user_guide__audience__subscription_preferences__subscription_groups.md,Subscription groups,"Learn how subscription groups work across Braze channels, how to create and manage them, and channel-specific behavior for email, WhatsApp, SMS, MMS, RCS, and LINE....",user_guide/audience,https://www.braze.com/docs/user_guide/audience/subscription_preferences/subscription_groups,2026-09-02,9581,9101,1346,15,7,0,33,0,company-own (technical)
docs__user_guide__audience__subscription_preferences__subscription_status,docs__user_guide__audience__subscription_preferences__subscription_status.md,Subscription status,"Learn how Braze tracks subscription status across email, LINE, SMS, RCS, and WhatsApp, and how status gates message delivery.",user_guide/audience,https://www.braze.com/docs/user_guide/audience/subscription_preferences/subscription_status,2026-09-02,8815,8377,1240,14,6,0,35,0,company-own (technical)
docs__user_guide__audience__suppression_lists,docs__user_guide__audience__suppression_lists.md,Suppression lists,This page covers how to use suppression lists to specify which users should never receive your messages.,user_guide/audience,https://www.braze.com/docs/user_guide/audience/suppression_lists,2026-09-02,6091,5731,933,7,3,0,0,0,company-own (technical)
docs__user_guide__audience__your_audience,docs__user_guide__audience__your_audience.md,Your Braze audience,"Learn how Braze defines and manages your users, identifies users, and leverages user data to power segmentation, personalization, and messaging across channels.",user_guide/audience,https://www.braze.com/docs/user_guide/audience/your_audience,2026-09-02,6567,6157,882,12,7,0,12,0,company-own (technical)
docs__user_guide__brazeai,docs__user_guide__brazeai.md,BrazeAITM,"BrazeAITM powers a collection of accessible, easy-to-use tools that lower the barriers to entry for creativity, personalization and optimization for your engagement strategy.",user_guide/brazeai,https://www.braze.com/docs/user_guide/brazeai,2026-09-02,2542,2160,294,6,3,0,16,0,company-own (technical)
docs__user_guide__brazeai__agents,docs__user_guide__brazeai__agents.md,Braze Agents in Agent Console,"Braze Agents can generate content, make intelligent decisions, and enrich your data so you can deliver more personalized customer experiences.",user_guide/brazeai,https://www.braze.com/docs/user_guide/brazeai/agents,2026-09-02,9496,9111,1441,11,8,0,18,0,company-own (technical)
docs__user_guide__brazeai__agents__creating_agents,docs__user_guide__brazeai__agents__creating_agents.md,Create custom agents,"Learn how to create agents, what to prepare before you start, and how to put them to work across messaging, decisioning, and data management.",user_guide/brazeai,https://www.braze.com/docs/user_guide/brazeai/agents/creating_agents,2026-09-02,12347,11939,1884,17,5,0,40,0,company-own (technical)
docs__user_guide__brazeai__agents__deploying_agents,docs__user_guide__brazeai__agents__deploying_agents.md,Deploy custom agents,Learn how to put custom agents to use in Braze after you create them.,user_guide/brazeai,https://www.braze.com/docs/user_guide/brazeai/agents/deploying_agents,2026-09-02,16555,16217,2612,20,6,0,56,0,company-own (technical)
docs__user_guide__brazeai__agents__examples,docs__user_guide__brazeai__agents__examples.md,Examples for agent instructions,"Browse a filterable library of ready-to-adapt agent instructions for Braze Agents, organized by example category.",user_guide/brazeai,https://www.braze.com/docs/user_guide/brazeai/agents/examples,2026-09-02,52184,51807,7414,17,11,22,22,0,company-own (technical)
docs__user_guide__brazeai__agents__faq,docs__user_guide__brazeai__agents__faq.md,Agents frequently asked questions,This article provides answers to frequently asked questions about Braze Agents.,user_guide/brazeai,https://www.braze.com/docs/user_guide/brazeai/agents/faq,2026-09-02,7650,7315,1165,18,3,0,10,0,company-own (technical)
docs__user_guide__brazeai__agents__knowledge_sources,docs__user_guide__brazeai__agents__knowledge_sources.md,Knowledge sources,This reference article covers how to create and manage knowledge sources for your BrazeAI agents.,user_guide/brazeai,https://www.braze.com/docs/user_guide/brazeai/agents/knowledge_sources,2026-09-02,5373,5008,782,9,4,4,4,0,company-own (technical)
docs__user_guide__brazeai__agents__reference,docs__user_guide__brazeai__agents__reference.md,Reference for agents,Reference key details about Braze Agents.,user_guide/brazeai,https://www.braze.com/docs/user_guide/brazeai/agents/reference,2026-09-02,21747,21451,3359,26,10,4,66,0,company-own (technical)
docs__user_guide__brazeai__content_optimizer,docs__user_guide__brazeai__content_optimizer.md,Content Optimizer,"Content Optimizer helps you test and optimize message content at scale, using AI to generate and evaluate high volumes of content variants.",user_guide/brazeai,https://www.braze.com/docs/user_guide/brazeai/content_optimizer,2026-09-02,9743,9351,1366,13,7,0,51,0,company-own (technical)
docs__user_guide__brazeai__decisioning_studio,docs__user_guide__brazeai__decisioning_studio.md,BrazeAI Decisioning Studio™,Get started with BrazeAI Decisioning StudioTM to make 1:1 AI decisions that maximize any business metric,user_guide/brazeai,https://www.braze.com/docs/user_guide/brazeai/decisioning_studio,2026-09-02,6050,5679,832,11,5,0,0,0,company-own (technical)
docs__user_guide__brazeai__decisioning_studio__audience,docs__user_guide__brazeai__decisioning_studio__audience.md,Define your audience,"Learn how to define and configure the audience for your BrazeAI Decisioning Studio agent, including treatment groups and platform-specific setup steps.",user_guide/brazeai,https://www.braze.com/docs/user_guide/brazeai/decisioning_studio/audience,2026-09-02,2769,2341,329,6,3,0,10,0,company-own (technical)
docs__user_guide__brazeai__decisioning_studio__decisioning_studio_go,docs__user_guide__brazeai__decisioning_studio__decisioning_studio_go.md,BrazeAI Decisioning Studio™ Go,Learn how to set up and integrate BrazeAI Decisioning StudioTM Go into Braze.,user_guide/brazeai,https://www.braze.com/docs/user_guide/brazeai/decisioning_studio/decisioning_studio_go,2026-09-02,4603,4211,653,7,2,0,12,0,company-own (technical)
docs__user_guide__brazeai__decisioning_studio__decisioning_studio_go__examples,docs__user_guide__brazeai__decisioning_studio__decisioning_studio_go__examples.md,Examples for Decisioning Studio Go,Review common email program types to determine whether Decisioning Studio Go is a strong fit for your scenario.,user_guide/brazeai,https://www.braze.com/docs/user_guide/brazeai/decisioning_studio/decisioning_studio_go/examples,2026-09-02,8228,7781,1190,12,5,0,77,0,company-own (technical)
docs__user_guide__brazeai__decisioning_studio__decisioning_studio_go__faq,docs__user_guide__brazeai__decisioning_studio__decisioning_studio_go__faq.md,Frequently asked questions,This page provides answers to frequently asked questions about Decisioning Studio Go.,user_guide/brazeai,https://www.braze.com/docs/user_guide/brazeai/decisioning_studio/decisioning_studio_go/faq,2026-09-02,8981,8578,1381,31,6,0,0,0,company-own (technical)
docs__user_guide__brazeai__decisioning_studio__decisioning_studio_go__setup,docs__user_guide__brazeai__decisioning_studio__decisioning_studio_go__setup.md,Set up your Decisioning Studio Go agent,"This article describes the Decisioning Studio Go setup flow to configure audience, schedule, creatives, constraints, and launch your agent.",user_guide/brazeai,https://www.braze.com/docs/user_guide/brazeai/decisioning_studio/decisioning_studio_go/setup,2026-09-02,12525,12051,1878,27,10,0,24,0,company-own (technical)
docs__user_guide__brazeai__decisioning_studio__design_agents,docs__user_guide__brazeai__decisioning_studio__design_agents.md,Design decisioning agents,This reference article covers key concepts and best practices for designing and configuring your decisioning agent.,user_guide/brazeai,https://www.braze.com/docs/user_guide/brazeai/decisioning_studio/design_agents,2026-09-02,8615,8208,1189,10,4,0,12,0,company-own (technical)
docs__user_guide__brazeai__decisioning_studio__faq,docs__user_guide__brazeai__decisioning_studio__faq.md,Frequently asked questions,This page provides answers to frequently asked questions about Decisioning Studio.,user_guide/brazeai,https://www.braze.com/docs/user_guide/brazeai/decisioning_studio/faq,2026-09-02,2649,2294,346,8,1,0,0,0,company-own (technical)
docs__user_guide__brazeai__decisioning_studio__get_started,docs__user_guide__brazeai__decisioning_studio__get_started.md,Get Started with Decisioning Studio,"This section provides an introduction to Decisioning Studio, and how you can use it to design and deploy decisioning agents that optimize any business metric....",user_guide/brazeai,https://www.braze.com/docs/user_guide/brazeai/decisioning_studio/get_started,2026-09-02,3415,2956,380,6,5,0,33,0,company-own (technical)
docs__user_guide__brazeai__decisioning_studio__launch_agents,docs__user_guide__brazeai__decisioning_studio__launch_agents.md,Launch your agent,Learn how to launch your Decisioning Studio agent and close the AI decisioning loop for self-learning optimization.,user_guide/brazeai,https://www.braze.com/docs/user_guide/brazeai/decisioning_studio/launch_agents,2026-09-02,2745,2346,328,5,4,0,0,0,company-own (technical)
docs__user_guide__brazeai__decisioning_studio__orchestration_setup,docs__user_guide__brazeai__decisioning_studio__orchestration_setup.md,Set up orchestration,"This article explains how to set up orchestration for BrazeAI Decisioning Studio, including choosing your CEP, gathering required credentials, and configuring your integration.",user_guide/brazeai,https://www.braze.com/docs/user_guide/brazeai/decisioning_studio/orchestration_setup,2026-09-02,12595,12120,1663,22,10,0,116,1,company-own (technical)
docs__user_guide__brazeai__decisioning_studio__prepare_data,docs__user_guide__brazeai__decisioning_studio__prepare_data.md,Prepare your data,"This landing page covers how to prepare your data for BrazeAI Decisioning Studio, including data principles, required assets, snapshots versus event streams, identity, feature engineering,...",user_guide/brazeai,https://www.braze.com/docs/user_guide/brazeai/decisioning_studio/prepare_data,2026-09-02,1072,599,81,2,1,0,0,0,company-own (technical)
docs__user_guide__brazeai__decisioning_studio__prepare_data__backfill_best_practices,docs__user_guide__brazeai__decisioning_studio__prepare_data__backfill_best_practices.md,Backfill best practices,"Learn how to correctly backfill historical data for BrazeAI Decisioning Studio, including requirements, common pitfalls, and how to avoid data quality issues that affect AI...",user_guide/brazeai,https://www.braze.com/docs/user_guide/brazeai/decisioning_studio/prepare_data/backfill_best_practices,2026-09-02,5292,4780,722,8,3,0,12,0,company-own (technical)
docs__user_guide__brazeai__decisioning_studio__prepare_data__braze_external_id,docs__user_guide__brazeai__decisioning_studio__prepare_data__braze_external_id.md,Use Braze external ID,This reference article explains why Decisioning Studio uses Braze external ID as the unit of customer identity and what happens if a different identifier structure...,user_guide/brazeai,https://www.braze.com/docs/user_guide/brazeai/decisioning_studio/prepare_data/braze_external_id,2026-09-02,5303,4814,700,11,2,0,0,0,company-own (technical)
docs__user_guide__brazeai__decisioning_studio__prepare_data__choose_features,docs__user_guide__brazeai__decisioning_studio__prepare_data__choose_features.md,Choose good features,"This reference article covers how to construct effective customer features for BrazeAI Decisioning Studio, including feature types, general guidelines, behavioral feature construction, and the relationship...",user_guide/brazeai,https://www.braze.com/docs/user_guide/brazeai/decisioning_studio/prepare_data/choose_features,2026-09-02,7705,7179,1041,10,4,0,15,0,company-own (technical)
docs__user_guide__brazeai__decisioning_studio__prepare_data__connect_data_sources,docs__user_guide__brazeai__decisioning_studio__prepare_data__connect_data_sources.md,Connect your data,Learn how to connect customer data sources to BrazeAI Decisioning Studio for personalized AI decisioning.,user_guide/brazeai,https://www.braze.com/docs/user_guide/brazeai/decisioning_studio/prepare_data/connect_data_sources,2026-09-02,6996,6566,934,11,6,0,30,0,company-own (technical)
docs__user_guide__brazeai__decisioning_studio__prepare_data__data_assets,docs__user_guide__brazeai__decisioning_studio__prepare_data__data_assets.md,Critical data assets,"This reference article covers the required and optional data assets for BrazeAI Decisioning Studio, including the feedback data needed to close the AI decisioning loop....",user_guide/brazeai,https://www.braze.com/docs/user_guide/brazeai/decisioning_studio/prepare_data/data_assets,2026-09-02,5124,4643,634,10,3,0,10,0,company-own (technical)
docs__user_guide__brazeai__decisioning_studio__prepare_data__data_principles,docs__user_guide__brazeai__decisioning_studio__prepare_data__data_principles.md,General principles,This reference article covers the general data principles that apply to all data assets used by BrazeAI Decisioning Studio.,user_guide/brazeai,https://www.braze.com/docs/user_guide/brazeai/decisioning_studio/prepare_data/data_principles,2026-09-02,4934,4495,665,5,4,0,16,0,company-own (technical)
docs__user_guide__brazeai__decisioning_studio__prepare_data__data_streams,docs__user_guide__brazeai__decisioning_studio__prepare_data__data_streams.md,Snapshots versus event streams,"This reference article explains the difference between snapshot data and event stream data, and how each should be structured and delivered to BrazeAI Decisioning Studio....",user_guide/brazeai,https://www.braze.com/docs/user_guide/brazeai/decisioning_studio/prepare_data/data_streams,2026-09-02,6941,6446,939,15,4,6,24,0,company-own (technical)
docs__user_guide__brazeai__decisioning_studio__reporting,docs__user_guide__brazeai__decisioning_studio__reporting.md,Reports and insights,"Learn how to view BrazeAI Decisioning Studio™ reports in Braze, so you can understand how AI-powered decisions impact your campaigns.",user_guide/brazeai,https://www.braze.com/docs/user_guide/brazeai/decisioning_studio/reporting,2026-09-02,2236,1822,265,5,4,0,0,0,company-own (technical)
docs__user_guide__brazeai__decisioning_studio__reporting__diagnostics,docs__user_guide__brazeai__decisioning_studio__reporting__diagnostics.md,Diagnostics report,Learn how to use the Diagnostics report to monitor outbound and inbound data health in BrazeAI Decisioning Studio.,user_guide/brazeai,https://www.braze.com/docs/user_guide/brazeai/decisioning_studio/reporting/diagnostics,2026-09-02,1818,1402,212,1,0,0,16,0,company-own (technical)
docs__user_guide__brazeai__decisioning_studio__reporting__insights,docs__user_guide__brazeai__decisioning_studio__reporting__insights.md,Insights report,Learn how to use the Insights report to understand how recommendation options in your action bank are generated in BrazeAI Decisioning Studio.,user_guide/brazeai,https://www.braze.com/docs/user_guide/brazeai/decisioning_studio/reporting/insights,2026-09-02,1960,1525,219,1,0,0,18,0,company-own (technical)
docs__user_guide__brazeai__decisioning_studio__reporting__performance,docs__user_guide__brazeai__decisioning_studio__reporting__performance.md,Performance report,Learn how to use the Performance report to compare treatment groups and control groups in BrazeAI Decisioning Studio.,user_guide/brazeai,https://www.braze.com/docs/user_guide/brazeai/decisioning_studio/reporting/performance,2026-09-02,11470,11051,1684,17,8,0,0,0,company-own (technical)
docs__user_guide__brazeai__decisioning_studio__reporting__timeline,docs__user_guide__brazeai__decisioning_studio__reporting__timeline.md,Timeline report,Learn how to use the Timeline report to view key events alongside performance metrics in BrazeAI Decisioning Studio.,user_guide/brazeai,https://www.braze.com/docs/user_guide/brazeai/decisioning_studio/reporting/timeline,2026-09-02,1337,928,130,1,0,0,12,0,company-own (technical)
docs__user_guide__brazeai__decisioning_studio__use_case,docs__user_guide__brazeai__decisioning_studio__use_case.md,Use case: Win back lapsed customers with a revenue-focused decisioning agent,This example shows how a fictional brand uses Braze AI item recommendations to deliver personalized content and product suggestions across key customer moments.,user_guide/brazeai,https://www.braze.com/docs/user_guide/brazeai/decisioning_studio/use_case,2026-09-02,4164,3671,557,5,4,0,0,0,company-own (technical)
docs__user_guide__brazeai__generative_ai,docs__user_guide__brazeai__generative_ai.md,Generative AI,"BrazeAITM generative AI capabilities are accessible through BrazeAI Operator™, the unified AI assistant built into the Braze dashboard.",user_guide/brazeai,https://www.braze.com/docs/user_guide/brazeai/generative_ai,2026-09-02,928,550,66,2,1,0,0,0,company-own (technical)
docs__user_guide__brazeai__generative_ai__content_qa,docs__user_guide__brazeai__generative_ai__content_qa.md,Content review with Operator,"This reference article covers how to perform quality assurance on your message content, catching spelling errors, grammar issues, inappropriate tone, and offensive language before sending....",user_guide/brazeai,https://www.braze.com/docs/user_guide/brazeai/generative_ai/content_qa,2026-09-02,1444,974,144,2,1,0,0,0,company-own (technical)
docs__user_guide__brazeai__generative_ai__copywriting,docs__user_guide__brazeai__generative_ai__copywriting.md,Generate copy,"This reference article covers how to generate marketing copy for SMS, push, and Canvas messages using Operator.",user_guide/brazeai,https://www.braze.com/docs/user_guide/brazeai/generative_ai/copywriting,2026-09-02,1214,837,124,2,1,0,0,0,company-own (technical)
docs__user_guide__brazeai__generative_ai__data_transformation,docs__user_guide__brazeai__generative_ai__data_transformation.md,Generate data transformation code,This reference article covers how to generate Data Transformation code using Operator.,user_guide/brazeai,https://www.braze.com/docs/user_guide/brazeai/generative_ai/data_transformation,2026-09-02,1191,803,116,2,1,0,0,0,company-own (technical)
docs__user_guide__brazeai__generative_ai__images,docs__user_guide__brazeai__generative_ai__images.md,Generate images,This reference article covers how to generate images for your media library using Operator.,user_guide/brazeai,https://www.braze.com/docs/user_guide/brazeai/generative_ai/images,2026-09-02,1345,996,158,2,1,0,0,0,company-own (technical)
docs__user_guide__brazeai__generative_ai__liquid,docs__user_guide__brazeai__generative_ai__liquid.md,Generate Liquid code,"This article covers how to generate Liquid snippets for your messaging using Operator, including supported channels and best practices.",user_guide/brazeai,https://www.braze.com/docs/user_guide/brazeai/generative_ai/liquid,2026-09-02,1291,893,127,2,1,0,0,0,company-own (technical)
docs__user_guide__brazeai__generative_ai__sql_queries,docs__user_guide__brazeai__generative_ai__sql_queries.md,Query Builder,This reference article describes how to build reports using Braze data from Snowflake in the Query Builder.,user_guide/brazeai,https://www.braze.com/docs/user_guide/brazeai/generative_ai/sql_queries,2026-09-02,8012,7639,1225,13,6,8,16,0,company-own (technical)
docs__user_guide__brazeai__generative_ai__sql_segment_extensions,docs__user_guide__brazeai__generative_ai__sql_segment_extensions.md,SQL Segment Extensions,This article describes how to create a SQL Segment Extension using Snowflake queries.,user_guide/brazeai,https://www.braze.com/docs/user_guide/brazeai/generative_ai/sql_segment_extensions,2026-09-02,16967,16585,2683,20,5,4,4,0,company-own (technical)
docs__user_guide__brazeai__intelligence_suite,docs__user_guide__brazeai__intelligence_suite.md,The Intelligence Suite,"The Braze Intelligence Suite automates decision-making with data-based insights. From delivery time to channel selection, brands can use these tools and features to create dynamic,...",user_guide/brazeai,https://www.braze.com/docs/user_guide/brazeai/intelligence_suite,2026-09-02,1869,1426,206,5,1,0,0,0,company-own (technical)
docs__user_guide__brazeai__intelligence_suite__intelligent_channel,docs__user_guide__brazeai__intelligence_suite__intelligent_channel.md,Intelligent Channel filter,"This article covers the Intelligent Channel filter, a filter that selects the portion of your audience for whom the selected messaging channel is their best...",user_guide/brazeai,https://www.braze.com/docs/user_guide/brazeai/intelligence_suite/intelligent_channel,2026-09-02,6818,6354,1030,11,6,0,0,0,company-own (technical)
docs__user_guide__brazeai__intelligence_suite__intelligent_timing,docs__user_guide__brazeai__intelligence_suite__intelligent_timing.md,Intelligent Timing,This article provides an overview of Intelligent Timing (previously Intelligent Delivery) and how you can leverage this feature in your campaigns.,user_guide/brazeai,https://www.braze.com/docs/user_guide/brazeai/intelligence_suite/intelligent_timing,2026-09-02,23821,23380,3970,46,6,0,0,0,company-own (technical)
docs__user_guide__brazeai__intelligence_suite__use_case,docs__user_guide__brazeai__intelligence_suite__use_case.md,Use case: Turn past app behavior into personalized offers on the right channel,New to the Braze intelligence suite? Read this use case on how Intelligent Timing can be leveraged to send personalized promotions in a unified Canvas....,user_guide/brazeai,https://www.braze.com/docs/user_guide/brazeai/intelligence_suite/use_case,2026-09-02,4583,4094,657,5,4,0,0,0,company-own (technical)
docs__user_guide__brazeai__intelligence_suite__variant_selection,docs__user_guide__brazeai__intelligence_suite__variant_selection.md,Optimizing A/B tests with BrazeAI™,Learn how Optimize with BrazeAI automatically selects and distributes the best-performing variants in single-send and multi-send campaigns.,user_guide/brazeai,https://www.braze.com/docs/user_guide/brazeai/intelligence_suite/variant_selection,2026-09-02,3706,3256,475,11,6,0,10,0,company-own (technical)
docs__user_guide__brazeai__item_recommendations,docs__user_guide__brazeai__item_recommendations.md,Item recommendations,Learn all about item recommendation engines in Braze.,user_guide/brazeai,https://www.braze.com/docs/user_guide/brazeai/item_recommendations,2026-09-02,22421,22106,3324,23,4,0,12,0,company-own (technical)
docs__user_guide__brazeai__item_recommendations__creating_recommendations__ai,docs__user_guide__brazeai__item_recommendations__creating_recommendations__ai.md,Create AI item recommendations,This reference article covers how to create an AI item recommendation for items in a catalog.,user_guide/brazeai,https://www.braze.com/docs/user_guide/brazeai/item_recommendations/creating_recommendations/ai,2026-09-02,13806,13383,2071,22,3,12,39,0,company-own (technical)
docs__user_guide__brazeai__item_recommendations__creating_recommendations__rules_based,docs__user_guide__brazeai__item_recommendations__creating_recommendations__rules_based.md,Create rules-based item recommendations,This reference article covers how to create an AI item recommendation for items in a catalog.,user_guide/brazeai,https://www.braze.com/docs/user_guide/brazeai/item_recommendations/creating_recommendations/rules_based,2026-09-02,12907,12457,1650,6,3,18,122,4,company-own (technical)
docs__user_guide__brazeai__item_recommendations__use_case,docs__user_guide__brazeai__item_recommendations__use_case.md,Use case: Drive content discovery after viewing,This example shows how a fictional brand uses Braze AI item recommendations to deliver personalized content and product suggestions across key customer moments.,user_guide/brazeai,https://www.braze.com/docs/user_guide/brazeai/item_recommendations/use_case,2026-09-02,5132,4664,675,4,3,6,6,0,company-own (technical)
docs__user_guide__brazeai__item_recommendations__using_recommendations,docs__user_guide__brazeai__item_recommendations__using_recommendations.md,Use item recommendations in your messaging,This article describes how to use item recommendations in your message.,user_guide/brazeai,https://www.braze.com/docs/user_guide/brazeai/item_recommendations/using_recommendations,2026-09-02,5555,5155,726,5,2,10,34,0,company-own (technical)
docs__user_guide__brazeai__item_recommendations__viewing_analytics,docs__user_guide__brazeai__item_recommendations__viewing_analytics.md,Item recommendation analytics,Learn about item recommendation analytics and how to view them in Braze.,user_guide/brazeai,https://www.braze.com/docs/user_guide/brazeai/item_recommendations/viewing_analytics,2026-09-02,3607,3227,466,6,2,0,16,0,company-own (technical)
docs__user_guide__brazeai__mcp_server,docs__user_guide__brazeai__mcp_server.md,The Braze MCP server,"Learn about the Braze MCP server, a secure connection that lets AI tools like Claude and Cursor access non-PII Braze data to answer questions,.",user_guide/brazeai,https://www.braze.com/docs/user_guide/brazeai/mcp_server,2026-09-02,6526,6141,971,19,5,0,0,2,company-own (technical)
docs__user_guide__brazeai__mcp_server__available_api_functions,docs__user_guide__brazeai__mcp_server__available_api_functions.md,Braze MCP server functions,List of read and write Braze API functions accessible through the Braze MCP server.,user_guide/brazeai,https://www.braze.com/docs/user_guide/brazeai/mcp_server/available_api_functions,2026-09-02,12575,12195,1471,21,3,0,348,0,company-own (technical)
docs__user_guide__brazeai__mcp_server__setup,docs__user_guide__brazeai__mcp_server__setup.md,Setting up the Braze MCP server,"Learn how to set up the Braze MCP server, so you can interact with your Braze data using natural-language tools like Claude and Cursor.",user_guide/brazeai,https://www.braze.com/docs/user_guide/brazeai/mcp_server/setup,2026-09-02,9469,9068,1459,23,7,0,10,6,company-own (technical)
docs__user_guide__brazeai__mcp_server__usage,docs__user_guide__brazeai__mcp_server__usage.md,Using the Braze MCP server,Learn how to interact with your Braze data using natural-language tools like Claude and Cursor.,user_guide/brazeai,https://www.braze.com/docs/user_guide/brazeai/mcp_server/usage,2026-09-02,7298,6942,1052,14,6,0,0,0,company-own (technical)
docs__user_guide__brazeai__operator,docs__user_guide__brazeai__operator.md,BrazeAI Operator,"Learn how to access and use BrazeAI OperatorTM, an AI-powered assistant built into the Braze dashboard, including its features and best.",user_guide/brazeai,https://www.braze.com/docs/user_guide/brazeai/operator,2026-09-02,7765,7395,1142,18,8,0,0,0,company-own (technical)
docs__user_guide__brazeai__operator__capabilities,docs__user_guide__brazeai__operator__capabilities.md,What you can do with Operator,"This reference article covers what BrazeAI Operator™ can do across the dashboard, including building campaigns, Canvases, segments, reports, dashboards, and agents; generating copy, messages, Liquid,...",user_guide/brazeai,https://www.braze.com/docs/user_guide/brazeai/operator/capabilities,2026-09-02,22704,22226,3464,35,14,0,0,0,company-own (technical)
docs__user_guide__brazeai__operator__data_privacy_security,docs__user_guide__brazeai__operator__data_privacy_security.md,Data privacy and security for BrazeAI Operator,"This reference article covers how BrazeAI Operator handles data, including HIPAA compliance, data retention, PII minimization, and governance.",user_guide/brazeai,https://www.braze.com/docs/user_guide/brazeai/operator/data_privacy_security,2026-09-02,7736,7285,1119,19,5,0,6,0,company-own (technical)
docs__user_guide__brazeai__operator__prompt_library,docs__user_guide__brazeai__operator__prompt_library.md,Prompt library for BrazeAI Operator,"Browse example prompts for BrazeAI Operator, organized by what you want to accomplish.",user_guide/brazeai,https://www.braze.com/docs/user_guide/brazeai/operator/prompt_library,2026-09-02,9328,8958,1492,1,0,0,0,0,company-own (technical)
docs__user_guide__brazeai__operator__reviewing_actions,docs__user_guide__brazeai__operator__reviewing_actions.md,Reviewing BrazeAI Operator actions,Learn how to review and approve actions when BrazeAI Operator proposes changes in the dashboard.,user_guide/brazeai,https://www.braze.com/docs/user_guide/brazeai/operator/reviewing_actions,2026-09-02,2987,2602,402,5,3,0,0,0,company-own (technical)
docs__user_guide__brazeai__operator__support_tickets,docs__user_guide__brazeai__operator__support_tickets.md,File support tickets with BrazeAI Operator,Learn how to file support tickets directly from BrazeAI Operator without leaving the Braze dashboard.,user_guide/brazeai,https://www.braze.com/docs/user_guide/brazeai/operator/support_tickets,2026-09-02,1723,1329,198,4,3,0,0,0,company-own (technical)
docs__user_guide__brazeai__operator__troubleshooting,docs__user_guide__brazeai__operator__troubleshooting.md,Troubleshooting BrazeAI Operator,Common issues and solutions for BrazeAI OperatorTM.,user_guide/brazeai,https://www.braze.com/docs/user_guide/brazeai/operator/troubleshooting,2026-09-02,1193,859,125,2,1,0,10,0,company-own (technical)
docs__user_guide__brazeai__predictive_suite,docs__user_guide__brazeai__predictive_suite.md,Predictive Suite,"The Braze Predictive Suite puts machine learning tools directly in your hands, making it easy to leverage data for identifying, engaging, and retaining your users....",user_guide/brazeai,https://www.braze.com/docs/user_guide/brazeai/predictive_suite,2026-09-02,853,437,62,2,1,0,0,0,company-own (technical)
docs__user_guide__brazeai__predictive_suite__predictive_churn,docs__user_guide__brazeai__predictive_suite__predictive_churn.md,Predictive Churn,"This landing page covers Predictive Churn, a tool in the Braze Predictive Suite that allows you to define what churn means for your business as...",user_guide/brazeai,https://www.braze.com/docs/user_guide/brazeai/predictive_suite/predictive_churn,2026-09-02,2275,1844,306,3,2,0,0,0,company-own (technical)
docs__user_guide__brazeai__predictive_suite__predictive_churn__analytics,docs__user_guide__brazeai__predictive_suite__predictive_churn__analytics.md,Predictive churn analytics,"This reference article covers the different components included in the Churn Prediction Analytics page and how they can be used to make insightful, driven decisions....",user_guide/brazeai,https://www.braze.com/docs/user_guide/brazeai/predictive_suite/predictive_churn/analytics,2026-09-02,9413,8929,1486,10,5,0,10,0,company-own (technical)
docs__user_guide__brazeai__predictive_suite__predictive_churn__creating_a_churn_prediction,docs__user_guide__brazeai__predictive_suite__predictive_churn__creating_a_churn_prediction.md,Create a churn prediction,This article covers how to create a churn prediction within the Braze dashboard.,user_guide/brazeai,https://www.braze.com/docs/user_guide/brazeai/predictive_suite/predictive_churn/creating_a_churn_prediction,2026-09-02,11543,11112,1881,10,7,0,0,0,company-own (technical)
docs__user_guide__brazeai__predictive_suite__predictive_churn__messaging_users,docs__user_guide__brazeai__predictive_suite__predictive_churn__messaging_users.md,Messaging users,This reference article covers potential next steps after you have created a churn prediction such as implementing filter and strategic considerations.,user_guide/brazeai,https://www.braze.com/docs/user_guide/brazeai/predictive_suite/predictive_churn/messaging_users,2026-09-02,3007,2540,422,3,2,0,0,0,company-own (technical)
docs__user_guide__brazeai__predictive_suite__predictive_churn__troubleshooting,docs__user_guide__brazeai__predictive_suite__predictive_churn__troubleshooting.md,Troubleshoot Predictive Churn,Diagnose Predictive Churn training and audience errors using a symptom index and data requirements.,user_guide/brazeai,https://www.braze.com/docs/user_guide/brazeai/predictive_suite/predictive_churn/troubleshooting,2026-09-02,5382,4952,788,8,7,0,12,0,company-own (technical)
docs__user_guide__brazeai__predictive_suite__predictive_churn__use_case,docs__user_guide__brazeai__predictive_suite__predictive_churn__use_case.md,Use case: Reduce churn with timely content re-engagement,This example shows how a fictional brand uses Predictive Churn to proactively reduce user drop-off.,user_guide/brazeai,https://www.braze.com/docs/user_guide/brazeai/predictive_suite/predictive_churn/use_case,2026-09-02,6750,6307,1011,6,4,0,0,0,company-own (technical)
docs__user_guide__brazeai__predictive_suite__predictive_events,docs__user_guide__brazeai__predictive_suite__predictive_events.md,Predictive Events,"This article covers Predictive Events (previously Predictive Purchases), a tool in the Braze Predictive Suite that gives marketers the ability to identify and message users...",user_guide/brazeai,https://www.braze.com/docs/user_guide/brazeai/predictive_suite/predictive_events,2026-09-02,2261,1798,288,3,2,0,0,0,company-own (technical)
docs__user_guide__brazeai__predictive_suite__predictive_events__analytics,docs__user_guide__brazeai__predictive_suite__predictive_events__analytics.md,Predictive event analytics,This reference article covers the different components included in the Predictive Events Analytics page and how they can be used to make insightful driven decisions....,user_guide/brazeai,https://www.braze.com/docs/user_guide/brazeai/predictive_suite/predictive_events/analytics,2026-09-02,11251,10765,1757,13,6,0,10,0,company-own (technical)
docs__user_guide__brazeai__predictive_suite__predictive_events__creating_an_event_prediction,docs__user_guide__brazeai__predictive_suite__predictive_events__creating_an_event_prediction.md,Create an event prediction,This article covers how to create an event prediction within the Braze dashboard.,user_guide/brazeai,https://www.braze.com/docs/user_guide/brazeai/predictive_suite/predictive_events/creating_an_event_prediction,2026-09-02,7723,7286,1228,9,3,0,0,0,company-own (technical)
docs__user_guide__brazeai__predictive_suite__predictive_events__messaging_users,docs__user_guide__brazeai__predictive_suite__predictive_events__messaging_users.md,Messaging users,"This reference article covers potential next steps after you have created an event prediction, such as filter implementation and strategic considerations.",user_guide/brazeai,https://www.braze.com/docs/user_guide/brazeai/predictive_suite/predictive_events/messaging_users,2026-09-02,3332,2859,468,6,2,0,0,0,company-own (technical)
docs__user_guide__brazeai__predictive_suite__predictive_events__use_case,docs__user_guide__brazeai__predictive_suite__predictive_events__use_case.md,Use case: Predict subscription upgrades with smarter targeting,This example shows how a fictional brand uses Braze Predictive Events to define the outcomes that matter to their business—like upgrading to a pro membership—and...,user_guide/brazeai,https://www.braze.com/docs/user_guide/brazeai/predictive_suite/predictive_events/use_case,2026-09-02,8619,8099,1264,6,4,0,0,0,company-own (technical)
docs__user_guide__channels,docs__user_guide__channels.md,Channels,Reach your users through in-product and out-of-product messaging channels in Braze.,user_guide/channels,https://www.braze.com/docs/user_guide/channels,2026-09-02,2608,2315,346,5,4,0,0,0,company-own (technical)
docs__user_guide__channels__banners,docs__user_guide__channels__banners.md,Banners,"This landing page is home to the Braze Banners channel. Here, you can find articles on creating Banners, reporting, testing, and more.",user_guide/channels,https://www.braze.com/docs/user_guide/channels/banners,2026-09-02,9291,8931,1383,14,6,0,10,0,company-own (technical)
docs__user_guide__channels__banners__create_a_banner,docs__user_guide__channels__banners__create_a_banner.md,Create a Banner,"This reference article covers how to create, compose, configure and send Banners using Braze campaigns and Canvases.",user_guide/channels,https://www.braze.com/docs/user_guide/channels/banners/create_a_banner,2026-09-02,14733,14350,2319,19,2,4,24,3,company-own (technical)
docs__user_guide__channels__banners__custom_code,docs__user_guide__channels__banners__custom_code.md,Custom code and JavaScript bridge for Banners,Learn how to use custom HTML in Banners and the JavaScript bridge to log clicks and trigger Braze actions.,user_guide/channels,https://www.braze.com/docs/user_guide/channels/banners/custom_code,2026-09-02,9476,9081,1299,5,1,6,79,0,company-own (technical)
docs__user_guide__channels__banners__faq,docs__user_guide__channels__banners__faq.md,Frequently asked questions,These are answers to frequently asked questions about Banners in Braze.,user_guide/channels,https://www.braze.com/docs/user_guide/channels/banners/faq,2026-09-02,7718,7393,1176,15,14,0,18,0,company-own (technical)
docs__user_guide__channels__banners__reporting,docs__user_guide__channels__banners__reporting.md,Banner analytics,"Learn how to review analytics for your Banners, which includes campaign details, message performance, and historical performance.",user_guide/channels,https://www.braze.com/docs/user_guide/channels/banners/reporting,2026-09-02,9584,9199,1446,15,3,0,26,0,company-own (technical)
docs__user_guide__channels__content_cards,docs__user_guide__channels__content_cards.md,Content Cards,"Send a dynamic stream of rich content to your users with Content Cards, embedded directly in your app or website.",user_guide/channels,https://www.braze.com/docs/user_guide/channels/content_cards,2026-09-02,5699,5342,832,7,5,0,0,0,company-own (technical)
docs__user_guide__channels__content_cards__best_practices,docs__user_guide__channels__content_cards__best_practices.md,Content Card best practices,This landing page is home to best practices that highlight things that you should know and check for prior to card send.,user_guide/channels,https://www.braze.com/docs/user_guide/channels/content_cards/best_practices,2026-09-02,691,282,39,2,1,0,0,0,company-own (technical)
docs__user_guide__channels__content_cards__best_practices__improving_low_latency_requirements,docs__user_guide__channels__content_cards__best_practices__improving_low_latency_requirements.md,Improve latency for Content Cards as banners,This article covers strategies to ensure low-latency requirements are met with Content Cards.,user_guide/channels,https://www.braze.com/docs/user_guide/channels/content_cards/best_practices/improving_low_latency_requirements,2026-09-02,4157,3687,619,6,5,0,0,0,company-own (technical)
docs__user_guide__channels__content_cards__create_a_content_card,docs__user_guide__channels__content_cards__create_a_content_card.md,Create a Content Card,"This reference article covers how to create, compose, configure, and send Content Cards using Braze campaigns and Canvases.",user_guide/channels,https://www.braze.com/docs/user_guide/channels/content_cards/create_a_content_card,2026-09-02,25002,24582,4031,41,8,0,22,2,company-own (technical)
docs__user_guide__channels__content_cards__create_a_content_card__card_creation,docs__user_guide__channels__content_cards__create_a_content_card__card_creation.md,Card creation,This article describes the differences between Content Card creation at campaign launch or Canvas step entry versus at first impression.,user_guide/channels,https://www.braze.com/docs/user_guide/channels/content_cards/create_a_content_card/card_creation,2026-09-02,8417,7963,1260,12,3,0,18,0,company-own (technical)
docs__user_guide__channels__content_cards__creative_details,docs__user_guide__channels__content_cards__creative_details.md,Creative details for Content Cards,This article covers creative details such as image size recommendations and dismissal behavior across the three standard Content Card types.,user_guide/channels,https://www.braze.com/docs/user_guide/channels/content_cards/creative_details,2026-09-02,3939,3499,581,5,2,0,32,0,company-own (technical)
docs__user_guide__channels__content_cards__reporting,docs__user_guide__channels__content_cards__reporting.md,Content Card reporting,This reference article provides an overview of the different Content Card reporting metrics and analytics options provided in the Braze dashboard.,user_guide/channels,https://www.braze.com/docs/user_guide/channels/content_cards/reporting,2026-09-02,11687,11267,1830,19,4,0,20,0,company-own (technical)
docs__user_guide__channels__email,docs__user_guide__channels__email.md,Email,"Create customized and personalized email campaigns in Braze with drag-and-drop and HTML editors, subscription management, and more.",user_guide/channels,https://www.braze.com/docs/user_guide/channels/email,2026-09-02,4091,3740,540,12,7,0,14,0,company-own (technical)
docs__user_guide__channels__email__best_practices,docs__user_guide__channels__email__best_practices.md,Email best practices,"This landing page is home to email best practices. Here, you can find tips, use cases, and best practices to refine your email messaging.",user_guide/channels,https://www.braze.com/docs/user_guide/channels/email/best_practices,2026-09-02,737,334,42,2,1,0,0,0,company-own (technical)
docs__user_guide__channels__email__best_practices__apple_mail,docs__user_guide__channels__email__best_practices__apple_mail.md,Apple Mail,This landing page includes reference articles related to Apple Mail when building Braze email campaigns.,user_guide/channels,https://www.braze.com/docs/user_guide/channels/email/best_practices/apple_mail,2026-09-02,707,324,51,2,1,0,0,0,company-own (technical)
docs__user_guide__channels__email__best_practices__apple_mail__email_private_relay_apple_SSO,docs__user_guide__channels__email__best_practices__apple_mail__email_private_relay_apple_SSO.md,Send emails to Apple Private Relay,This article covers the process of sending emails to Apple Private Relay.,user_guide/channels,https://www.braze.com/docs/user_guide/channels/email/best_practices/apple_mail/email_private_relay_apple_SSO,2026-09-02,3530,3093,489,3,1,0,9,0,company-own (technical)
docs__user_guide__channels__email__best_practices__apple_mail__mpp,docs__user_guide__channels__email__best_practices__apple_mail__mpp.md,Apple’s Mail Privacy Protection,"This reference article covers the Apple Mail Privacy Protection privacy update, who will be affected by it, and some next steps to prepare for the...",user_guide/channels,https://www.braze.com/docs/user_guide/channels/email/best_practices/apple_mail/mpp,2026-09-02,2770,2310,369,4,2,0,0,0,company-own (technical)
docs__user_guide__channels__email__best_practices__email_guidelines,docs__user_guide__channels__email__best_practices__email_guidelines.md,Email guidelines,This article covers general tips and tricks to keep in mind as you build email campaigns for various use cases and topics.,user_guide/channels,https://www.braze.com/docs/user_guide/channels/email/best_practices/email_guidelines,2026-09-02,9797,9378,1227,13,8,0,0,0,company-own (technical)
docs__user_guide__channels__email__best_practices__email_styling,docs__user_guide__channels__email__best_practices__email_styling.md,Email styling,This article outlines email styling best practices to reference as you build your email campaigns.,user_guide/channels,https://www.braze.com/docs/user_guide/channels/email/best_practices/email_styling,2026-09-02,10513,10127,1641,15,8,0,56,0,company-own (technical)
docs__user_guide__channels__email__best_practices__improve_deliverability,docs__user_guide__channels__email__best_practices__improve_deliverability.md,Improve email deliverability,"This reference article explains why marketing email can reach the spam folder and how sending patterns, message content, and recipient behavior affect inbox placement.",user_guide/channels,https://www.braze.com/docs/user_guide/channels/email/best_practices/improve_deliverability,2026-09-02,4149,3661,566,5,4,0,0,0,company-own (technical)
docs__user_guide__channels__email__best_practices__sunset_policies,docs__user_guide__channels__email__best_practices__sunset_policies.md,Sunset policies,This article covers best practices surrounding sunset policies and understanding situations when it's better to discontinue messages to disengaged users.,user_guide/channels,https://www.braze.com/docs/user_guide/channels/email/best_practices/sunset_policies,2026-09-02,5408,4961,781,4,3,0,0,0,company-own (technical)
docs__user_guide__channels__email__customize,docs__user_guide__channels__email__customize.md,Customize,"Customize email global style settings, footers, AMP, and universal links in Braze.",user_guide/channels,https://www.braze.com/docs/user_guide/channels/email/customize,2026-09-02,620,293,39,2,1,0,0,0,company-own (technical)
docs__user_guide__channels__email__customize__amp_for_email,docs__user_guide__channels__email__customize__amp_for_email.md,AMP for email,This reference article provides an overview of AMP for Email and common use cases.,user_guide/channels,https://www.braze.com/docs/user_guide/channels/email/customize/amp_for_email,2026-09-02,13913,13553,2090,16,5,2,69,5,company-own (technical)
docs__user_guide__channels__email__customize__custom_email_footer,docs__user_guide__channels__email__customize__custom_email_footer.md,Custom email footer,This article describes how to set up a workspace-wide custom email footer.,user_guide/channels,https://www.braze.com/docs/user_guide/channels/email/customize/custom_email_footer,2026-09-02,5513,5143,766,11,4,0,12,1,company-own (technical)
docs__user_guide__channels__email__customize__email_global_style_settings,docs__user_guide__channels__email__customize__email_global_style_settings.md,Email global style settings,This reference article covers how to set global email style settings in the drag-and-drop editor for your campaigns and Canvases.,user_guide/channels,https://www.braze.com/docs/user_guide/channels/email/customize/email_global_style_settings,2026-09-02,6284,5835,956,12,8,0,0,0,company-own (technical)
docs__user_guide__channels__email__customize__universal_links_and_app_links,docs__user_guide__channels__email__customize__universal_links_and_app_links.md,Universal links and App Links,This article describes how to set up Apple universal links and Android App Links.,user_guide/channels,https://www.braze.com/docs/user_guide/channels/email/customize/universal_links_and_app_links,2026-09-02,23204,22797,3690,40,5,15,27,18,company-own (technical)
docs__user_guide__channels__email__drag_and_drop,docs__user_guide__channels__email__drag_and_drop.md,Create an email with drag-and-drop,This article covers how to set up and properly use the drag-and-drop editor for email messages.,user_guide/channels,https://www.braze.com/docs/user_guide/channels/email/drag_and_drop,2026-09-02,19628,19255,3060,28,3,0,82,5,company-own (technical)
docs__user_guide__channels__email__drag_and_drop__faq,docs__user_guide__channels__email__drag_and_drop__faq.md,Frequently asked questions,Frequently asked questions about the drag-and-drop email editor.,user_guide/channels,https://www.braze.com/docs/user_guide/channels/email/drag_and_drop/faq,2026-09-02,8271,7928,1369,18,17,0,0,0,company-own (technical)
docs__user_guide__channels__email__email_setup,docs__user_guide__channels__email__email_setup.md,Email setup,"This landing page includes resources on getting started with email campaigns, including setting up your IPs and domains, IP warming, email validation, and more.",user_guide/channels,https://www.braze.com/docs/user_guide/channels/email/email_setup,2026-09-02,4208,3797,606,5,4,0,15,0,company-own (technical)
docs__user_guide__channels__email__email_setup__authentication,docs__user_guide__channels__email__email_setup__authentication.md,Email authentication,"This reference article covers email authentication, a collection of techniques aimed at equipping your email with verifiable information about its origin.",user_guide/channels,https://www.braze.com/docs/user_guide/channels/email/email_setup/authentication,2026-09-02,6656,6211,988,8,1,0,8,0,company-own (technical)
docs__user_guide__channels__email__email_setup__consent_and_address_collection,docs__user_guide__channels__email__email_setup__consent_and_address_collection.md,Consent and address collection,This reference article covers best practices for gathering consent and user email addresses and defines the different possible user subscriber states.,user_guide/channels,https://www.braze.com/docs/user_guide/channels/email/email_setup/consent_and_address_collection,2026-09-02,3575,3092,501,8,2,0,8,0,company-own (technical)
docs__user_guide__channels__email__email_setup__deliverability_pitfalls_and_spam_traps,docs__user_guide__channels__email__email_setup__deliverability_pitfalls_and_spam_traps.md,Deliverability pitfalls and spam traps,"This reference article covers potential email deliverability pitfalls, spam traps, and how to avoid them.",user_guide/channels,https://www.braze.com/docs/user_guide/channels/email/email_setup/deliverability_pitfalls_and_spam_traps,2026-09-02,3232,2770,432,6,5,0,12,1,company-own (technical)
docs__user_guide__channels__email__email_setup__email_validation,docs__user_guide__channels__email__email_setup__email_validation.md,Email validation,This reference article covers local and host part validation rules for email addresses.,user_guide/channels,https://www.braze.com/docs/user_guide/channels/email/email_setup/email_validation,2026-09-02,5335,4957,778,8,3,2,2,0,company-own (technical)
docs__user_guide__channels__email__email_setup__import_your_email_list,docs__user_guide__channels__email__email_setup__import_your_email_list.md,Import your email list into Braze,This reference article covers best practices for importing your email list into Braze.,user_guide/channels,https://www.braze.com/docs/user_guide/channels/email/email_setup/import_your_email_list,2026-09-02,3935,3529,580,7,2,0,0,0,company-own (technical)
docs__user_guide__channels__email__email_setup__ip_warming,docs__user_guide__channels__email__email_setup__ip_warming.md,IP warming,This reference article covers the topic of IP warming and best practices.,user_guide/channels,https://www.braze.com/docs/user_guide/channels/email/email_setup/ip_warming,2026-09-02,12487,12141,1985,14,6,0,136,0,company-own (technical)
docs__user_guide__channels__email__email_setup__ip_warming__automated_ip_warming,docs__user_guide__channels__email__email_setup__ip_warming__automated_ip_warming.md,Automated IP warming,This reference article covers automated IP warming and how to monitor your IP warming.,user_guide/channels,https://www.braze.com/docs/user_guide/channels/email/email_setup/ip_warming/automated_ip_warming,2026-09-02,9193,8781,1424,15,7,0,6,0,company-own (technical)
docs__user_guide__channels__email__email_setup__ip_warming__faq,docs__user_guide__channels__email__email_setup__ip_warming__faq.md,Automated IP warming FAQ,Answers to frequently asked questions about automated IP warming in Braze.,user_guide/channels,https://www.braze.com/docs/user_guide/channels/email/email_setup/ip_warming/faq,2026-09-02,5109,4739,798,16,15,0,0,0,company-own (technical)
docs__user_guide__channels__email__email_setup__open_pixel_and_click_tracking,docs__user_guide__channels__email__email_setup__open_pixel_and_click_tracking.md,Email open pixel and click tracking,This reference article covers how to implement open pixel and click tracking.,user_guide/channels,https://www.braze.com/docs/user_guide/channels/email/email_setup/open_pixel_and_click_tracking,2026-09-02,1965,1552,248,4,2,0,0,3,company-own (technical)
docs__user_guide__channels__email__email_setup__setting_up_ips_and_domains,docs__user_guide__channels__email__email_setup__setting_up_ips_and_domains.md,Set up IPs and domains,"This how-to article covers how to set up IP addresses, IP pools, domains, and subdomains for sending email with Braze.",user_guide/channels,https://www.braze.com/docs/user_guide/channels/email/email_setup/setting_up_ips_and_domains,2026-09-02,6355,5920,941,13,2,0,16,0,company-own (technical)
docs__user_guide__channels__email__email_setup__setting_up_ips_and_domains__amazon_ses,docs__user_guide__channels__email__email_setup__setting_up_ips_and_domains__amazon_ses.md,Amazon SES setup,This reference article covers how to set up Amazon SES as your email service provider.,user_guide/channels,https://www.braze.com/docs/user_guide/channels/email/email_setup/setting_up_ips_and_domains/amazon_ses,2026-09-02,3933,3513,479,8,5,0,55,0,company-own (technical)
docs__user_guide__channels__email__email_setup__setting_up_ips_and_domains__email_self_serve,docs__user_guide__channels__email__email_setup__setting_up_ips_and_domains__email_self_serve.md,Email self-serve,This how-to article covers how to set up sending and tracking domains with email self-serve in Braze.,user_guide/channels,https://www.braze.com/docs/user_guide/channels/email/email_setup/setting_up_ips_and_domains/email_self_serve,2026-09-02,9196,8749,1400,20,6,0,9,0,company-own (technical)
docs__user_guide__channels__email__email_setup__setting_up_ips_and_domains__understanding_dns_records,docs__user_guide__channels__email__email_setup__setting_up_ips_and_domains__understanding_dns_records.md,Understanding DNS records,"This reference article explains how DNS records work across Braze email service providers, including SPF, DKIM, DMARC, and ESP-specific record structures.",user_guide/channels,https://www.braze.com/docs/user_guide/channels/email/email_setup/setting_up_ips_and_domains/understanding_dns_records,2026-09-02,11913,11386,1682,20,5,0,76,0,company-own (technical)
docs__user_guide__channels__email__email_setup__setting_up_ips_and_domains__verified_domains,docs__user_guide__channels__email__email_setup__setting_up_ips_and_domains__verified_domains.md,Verified domains,This how-to article covers how to set up verified domains so Braze can manage DNS for email sending and HTTPS click tracking.,user_guide/channels,https://www.braze.com/docs/user_guide/channels/email/email_setup/setting_up_ips_and_domains/verified_domains,2026-09-02,4963,4492,698,6,5,0,0,0,company-own (technical)
docs__user_guide__channels__email__email_setup__ssl,docs__user_guide__channels__email__email_setup__ssl.md,SSL at Braze,"This reference article covers SSL, what it is used for, and how it is used at Braze.",user_guide/channels,https://www.braze.com/docs/user_guide/channels/email/email_setup/ssl,2026-09-02,7782,7437,1151,12,6,0,57,1,company-own (technical)
docs__user_guide__channels__email__email_setup__ssl__troubleshooting,docs__user_guide__channels__email__email_setup__ssl__troubleshooting.md,Troubleshoot SSL click tracking,Diagnose SSL click tracking and CDN configuration issues using a symptom index and standard investigation path.,user_guide/channels,https://www.braze.com/docs/user_guide/channels/email/email_setup/ssl/troubleshooting,2026-09-02,22774,22350,3482,22,13,10,63,16,company-own (technical)
docs__user_guide__channels__email__faq,docs__user_guide__channels__email__faq.md,Frequently asked questions,This page provides answers to frequently asked questions about email messaging.,user_guide/channels,https://www.braze.com/docs/user_guide/channels/email/faq,2026-09-02,40054,39725,6372,55,1,6,30,3,company-own (technical)
docs__user_guide__channels__email__html_editor,docs__user_guide__channels__email__html_editor.md,Create an email with custom HTML,"This reference article covers how to create an email using the Braze platform. Included are best practices on how to compose your messages, preview your...",user_guide/channels,https://www.braze.com/docs/user_guide/channels/email/html_editor,2026-09-02,17160,16733,2718,18,5,4,22,1,company-own (technical)
docs__user_guide__channels__email__html_editor__css_inline,docs__user_guide__channels__email__html_editor__css_inline.md,CSS inlining,This reference article covers how to enable CSS inlining and some best practices.,user_guide/channels,https://www.braze.com/docs/user_guide/channels/email/html_editor/css_inline,2026-09-02,3301,2945,479,7,4,0,0,0,company-own (technical)
docs__user_guide__channels__email__html_editor__gmail_promotions_tab,docs__user_guide__channels__email__html_editor__gmail_promotions_tab.md,Gmail Promotions tab,This reference article covers how to use Braze to help you build the Gmail mobile promotions card from your email campaign.,user_guide/channels,https://www.braze.com/docs/user_guide/channels/email/html_editor/gmail_promotions_tab,2026-09-02,10816,10390,1710,21,5,0,10,0,company-own (technical)
docs__user_guide__channels__email__html_editor__troubleshooting,docs__user_guide__channels__email__html_editor__troubleshooting.md,Troubleshoot HTML emails,Diagnose HTML email rendering and editor issues using a symptom index and standard troubleshooting steps.,user_guide/channels,https://www.braze.com/docs/user_guide/channels/email/html_editor/troubleshooting,2026-09-02,9874,9472,1411,23,4,14,32,10,company-own (technical)
docs__user_guide__channels__email__inbox_vision,docs__user_guide__channels__email__inbox_vision.md,Inbox Vision,"This page covers how to set up Inbox Vision, a feature that allows marketers to view their emails from the perspective of various email clients...",user_guide/channels,https://www.braze.com/docs/user_guide/channels/email/inbox_vision,2026-09-02,12374,11974,1853,19,5,0,24,0,company-own (technical)
docs__user_guide__channels__email__reporting,docs__user_guide__channels__email__reporting.md,Email reporting,This reference article covers the different components of email reporting and where it can be found in the dashboard.,user_guide/channels,https://www.braze.com/docs/user_guide/channels/email/reporting,2026-09-02,27839,27471,4427,31,4,0,32,0,company-own (technical)
docs__user_guide__channels__email__reporting__analytics_glossary,docs__user_guide__channels__email__reporting__analytics_glossary.md,Email analytics glossary,"This glossary includes the terms you will find in the analytics section of your email campaign or Canvas, post-launch. This glossary does not include Currents...",user_guide/channels,https://www.braze.com/docs/user_guide/channels/email/reporting/analytics_glossary,2026-09-02,19251,18791,3006,36,1,0,0,0,company-own (technical)
docs__user_guide__channels__email__reporting__deliverability_glossary,docs__user_guide__channels__email__reporting__deliverability_glossary.md,Email deliverability glossary,This glossary defines common email deliverability and email infrastructure terms you may encounter when sending email through Braze.,user_guide/channels,https://www.braze.com/docs/user_guide/channels/email/reporting/deliverability_glossary,2026-09-02,9382,8936,1411,1,0,0,0,0,company-own (technical)
docs__user_guide__channels__email__subscriptions,docs__user_guide__channels__email__subscriptions.md,Email subscriptions,"This reference article covers the different user subscription states, how to manage email subscriptions, and how to segment users based on their.",user_guide/channels,https://www.braze.com/docs/user_guide/channels/email/subscriptions,2026-09-02,11380,10972,1632,19,6,0,18,0,company-own (technical)
docs__user_guide__channels__email__use_cases,docs__user_guide__channels__email__use_cases.md,Email use cases,This article covers content-specific tips and tricks for various email use cases.,user_guide/channels,https://www.braze.com/docs/user_guide/channels/email/use_cases,2026-09-02,3577,3245,539,7,6,0,0,0,company-own (technical)
docs__user_guide__channels__in_app_messages,docs__user_guide__channels__in_app_messages.md,In-app messages,Engage users with customized in-app messages that enhance the user experience using a variety of layouts and personalization tools in Braze.,user_guide/channels,https://www.braze.com/docs/user_guide/channels/in_app_messages,2026-09-02,4110,3720,594,5,4,0,10,0,company-own (technical)
docs__user_guide__channels__in_app_messages__best_practices,docs__user_guide__channels__in_app_messages__best_practices.md,In-app message best practices,This landing page is home to best practices for building and sending in-app messages.,user_guide/channels,https://www.braze.com/docs/user_guide/channels/in_app_messages/best_practices,2026-09-02,642,262,40,2,1,0,0,0,company-own (technical)
docs__user_guide__channels__in_app_messages__best_practices__ios_app_rating_prompt,docs__user_guide__channels__in_app_messages__best_practices__ios_app_rating_prompt.md,In-app rating prompt for iOS,This article describes approaches and implications for using Braze to ask users to review your app.,user_guide/channels,https://www.braze.com/docs/user_guide/channels/in_app_messages/best_practices/ios_app_rating_prompt,2026-09-02,2872,2434,434,5,1,0,0,0,company-own (technical)
docs__user_guide__channels__in_app_messages__best_practices__prep_guide,docs__user_guide__channels__in_app_messages__best_practices__prep_guide.md,In-app message prep guide,"This article covers questions and best practices to consider before building in-app messages, including targeting, scheduling, content, performance, and conversions.",user_guide/channels,https://www.braze.com/docs/user_guide/channels/in_app_messages/best_practices/prep_guide,2026-09-02,10689,10210,1620,18,7,8,11,4,company-own (technical)
docs__user_guide__channels__in_app_messages__customize,docs__user_guide__channels__in_app_messages__customize.md,Customize in-app messages,"This landing page covers customization options for in-app messages, including style settings, dark mode themes, color profiles, CSS templates, and video.",user_guide/channels,https://www.braze.com/docs/user_guide/channels/in_app_messages/customize,2026-09-02,799,365,53,3,2,0,0,0,company-own (technical)
docs__user_guide__channels__in_app_messages__customize__dark_mode_themes,docs__user_guide__channels__in_app_messages__customize__dark_mode_themes.md,Dark Mode themes,"This reference article covers Braze in-app message dark mode support, including how to set a dark mode theme and compatibility considerations.",user_guide/channels,https://www.braze.com/docs/user_guide/channels/in_app_messages/customize/dark_mode_themes,2026-09-02,3452,3003,517,6,4,2,2,0,company-own (technical)
docs__user_guide__channels__in_app_messages__customize__style_settings,docs__user_guide__channels__in_app_messages__customize__style_settings.md,In-app message style settings,This reference article covers the styling options available when creating an in-app message with the drag-and-drop editor.,user_guide/channels,https://www.braze.com/docs/user_guide/channels/in_app_messages/customize/style_settings,2026-09-02,9118,8680,1419,20,3,2,13,3,company-own (technical)
docs__user_guide__channels__in_app_messages__customize__video_in_custom_html,docs__user_guide__channels__in_app_messages__customize__video_in_custom_html.md,Video in custom HTML  in-app messages,This article describes how to embed videos into your HTML in-app messages.,user_guide/channels,https://www.braze.com/docs/user_guide/channels/in_app_messages/customize/video_in_custom_html,2026-09-02,4210,3800,592,7,6,4,4,3,company-own (technical)
docs__user_guide__channels__in_app_messages__drag_and_drop,docs__user_guide__channels__in_app_messages__drag_and_drop.md,Create an in-app message with drag-and-drop,"This reference article covers creating an in-app message with the drag-and-drop editor, prerequisites, creative details, and more.",user_guide/channels,https://www.braze.com/docs/user_guide/channels/in_app_messages/drag_and_drop,2026-09-02,10867,10430,1759,20,7,0,8,0,company-own (technical)
docs__user_guide__channels__in_app_messages__drag_and_drop__surveys,docs__user_guide__channels__in_app_messages__drag_and_drop__surveys.md,In-app message surveys,"Learn how to create surveys in the in-app message drag-and-drop editor, review responses, and retarget users.",user_guide/channels,https://www.braze.com/docs/user_guide/channels/in_app_messages/drag_and_drop/surveys,2026-09-02,3674,3262,497,12,7,0,0,0,company-own (technical)
docs__user_guide__channels__in_app_messages__faq,docs__user_guide__channels__in_app_messages__faq.md,Frequently asked questions,This article provides answers to frequently asked questions about In-App Messages.,user_guide/channels,https://www.braze.com/docs/user_guide/channels/in_app_messages/faq,2026-09-02,18322,17970,2965,30,16,2,11,0,company-own (technical)
docs__user_guide__channels__in_app_messages__message_types,docs__user_guide__channels__in_app_messages__message_types.md,In-app message types,"This landing page covers the different types of in-app messages available in Braze, including fullscreen, modal, slideup, custom HTML, email capture forms, and simple surveys....",user_guide/channels,https://www.braze.com/docs/user_guide/channels/in_app_messages/message_types,2026-09-02,933,471,64,3,2,0,0,0,company-own (technical)
docs__user_guide__channels__in_app_messages__message_types__custom_html,docs__user_guide__channels__in_app_messages__message_types__custom_html.md,Custom HTML in-app messages,"This article provides an overview of custom code in-app messages, including JavaScript methods, button tracking, and using the interactive HTML preview in Braze.",user_guide/channels,https://www.braze.com/docs/user_guide/channels/in_app_messages/message_types/custom_html,2026-09-02,19306,18829,2795,25,5,6,109,4,company-own (technical)
docs__user_guide__channels__in_app_messages__message_types__email_capture_form,docs__user_guide__channels__in_app_messages__message_types__email_capture_form.md,Email capture form,This article provides an overview of email capture in-app message type.,user_guide/channels,https://www.braze.com/docs/user_guide/channels/in_app_messages/message_types/email_capture_form,2026-09-02,5530,5138,829,6,5,0,0,0,company-own (technical)
docs__user_guide__channels__in_app_messages__message_types__fullscreen,docs__user_guide__channels__in_app_messages__message_types__fullscreen.md,Fullscreen in-app messages,This reference article covers the message and design requirements of fullscreen in-app messages.,user_guide/channels,https://www.braze.com/docs/user_guide/channels/in_app_messages/message_types/fullscreen,2026-09-02,2765,2356,400,6,2,0,18,0,company-own (technical)
docs__user_guide__channels__in_app_messages__message_types__modal,docs__user_guide__channels__in_app_messages__message_types__modal.md,Modal in-app messages,This reference article covers the message and design requirements of modal in-app messages.,user_guide/channels,https://www.braze.com/docs/user_guide/channels/in_app_messages/message_types/modal,2026-09-02,4217,3828,639,3,2,0,44,0,company-own (technical)
docs__user_guide__channels__in_app_messages__message_types__simple_survey,docs__user_guide__channels__in_app_messages__message_types__simple_survey.md,Simple survey,"This reference article covers how to collect user attributes, insights, and preferences to power your campaign strategy using the in-app message surveys.",user_guide/channels,https://www.braze.com/docs/user_guide/channels/in_app_messages/message_types/simple_survey,2026-09-02,11449,10990,1619,18,4,0,96,0,company-own (technical)
docs__user_guide__channels__in_app_messages__message_types__slideup,docs__user_guide__channels__in_app_messages__message_types__slideup.md,Slideup in-app messages,This reference article covers the message and design requirements of slideup in-app messages.,user_guide/channels,https://www.braze.com/docs/user_guide/channels/in_app_messages/message_types/slideup,2026-09-02,3180,2783,480,5,4,0,6,0,company-own (technical)
docs__user_guide__channels__in_app_messages__reporting,docs__user_guide__channels__in_app_messages__reporting.md,In-app message reporting,"This reference article covers in-app message reporting and analytics including campaign details, message performance, and historical performance.",user_guide/channels,https://www.braze.com/docs/user_guide/channels/in_app_messages/reporting,2026-09-02,19710,19285,3154,18,5,0,65,0,company-own (technical)
docs__user_guide__channels__in_app_messages__traditional,docs__user_guide__channels__in_app_messages__traditional.md,Create an in-app message with the traditional editor,This reference article covers how to create an in-app message using the Braze platform using campaigns or Canvas.,user_guide/channels,https://www.braze.com/docs/user_guide/channels/in_app_messages/traditional,2026-09-02,23885,23460,3837,37,9,0,92,2,company-own (technical)
docs__user_guide__channels__kakaotalk__create_kakaotalk_message,docs__user_guide__channels__kakaotalk__create_kakaotalk_message.md,Create a KakaoTalk message,This reference article outlines how to create a KakaoTalk message.,user_guide/channels,https://www.braze.com/docs/user_guide/channels/kakaotalk/create_kakaotalk_message,2026-09-02,10782,10416,1610,20,6,0,84,1,company-own (technical)
docs__user_guide__channels__kakaotalk__kakaotalk_click_tracking,docs__user_guide__channels__kakaotalk__kakaotalk_click_tracking.md,KakaoTalk click tracking,"This page covers how to turn on click tracking in your KakaoTalk messages, test shortened links, use your custom domain in tracked links, and more....",user_guide/channels,https://www.braze.com/docs/user_guide/channels/kakaotalk/kakaotalk_click_tracking,2026-09-02,6575,6127,972,19,8,4,4,5,company-own (technical)
docs__user_guide__channels__kakaotalk__kakaotalk_reporting,docs__user_guide__channels__kakaotalk__kakaotalk_reporting.md,KakaoTalk reporting,This reference article provides an overview of KakaoTalk reporting metrics and analytics in the Braze dashboard.,user_guide/channels,https://www.braze.com/docs/user_guide/channels/kakaotalk/kakaotalk_reporting,2026-09-02,7501,7106,1114,14,4,0,22,0,company-own (technical)
docs__user_guide__channels__kakaotalk__kakaotalk_setup,docs__user_guide__channels__kakaotalk__kakaotalk_setup.md,Set up KakaoTalk,"This reference article outlines how to set up your KakaoTalk channel, including how to set up users, reconcile user IDs, and create test users.",user_guide/channels,https://www.braze.com/docs/user_guide/channels/kakaotalk/kakaotalk_setup,2026-09-02,7322,6907,981,13,3,0,42,0,company-own (technical)
docs__user_guide__channels__line,docs__user_guide__channels__line.md,LINE,"This landing page is home to the LINE channel. Here, you can find articles on setting up LINE, LINE subscription groups, LINE campaigns, LINE reporting,...",user_guide/channels,https://www.braze.com/docs/user_guide/channels/line,2026-09-02,2040,1668,229,4,3,0,12,0,company-own (technical)
docs__user_guide__channels__line__create_a_line_message,docs__user_guide__channels__line__create_a_line_message.md,Create a LINE message,"Create a LINE message and configure channel-specific message types, fields, click tracking, delivery settings, and behavior.",user_guide/channels,https://www.braze.com/docs/user_guide/channels/line/create_a_line_message,2026-09-02,7696,7293,1138,17,3,0,25,3,company-own (technical)
docs__user_guide__channels__line__create_a_line_message__line_click_tracking,docs__user_guide__channels__line__create_a_line_message__line_click_tracking.md,LINE click tracking,"This page covers how to turn on click tracking in your LINE messages, test shortened links, use your custom domain in tracked links, and more....",user_guide/channels,https://www.braze.com/docs/user_guide/channels/line/create_a_line_message/line_click_tracking,2026-09-02,6707,6244,1002,20,9,4,4,5,company-own (technical)
docs__user_guide__channels__line__create_a_line_message__message_types,docs__user_guide__channels__line__create_a_line_message__message_types.md,LINE message types,This article covers the different types of LINE messages.,user_guide/channels,https://www.braze.com/docs/user_guide/channels/line/create_a_line_message/message_types,2026-09-02,3913,3551,522,12,4,0,48,1,company-own (technical)
docs__user_guide__channels__line__line_setup,docs__user_guide__channels__line__line_setup.md,LINE setup,"This article covers how to set up the Braze LINE channel, including prerequisites and suggested next steps.",user_guide/channels,https://www.braze.com/docs/user_guide/channels/line/line_setup,2026-09-02,20142,19789,3029,31,13,12,30,3,company-own (technical)
docs__user_guide__channels__line__message_users,docs__user_guide__channels__line__message_users.md,Message LINE users,This reference article covers how chat with users by using templated campaigns and Canvases.,user_guide/channels,https://www.braze.com/docs/user_guide/channels/line/message_users,2026-09-02,2584,2232,351,7,2,0,0,0,company-own (technical)
docs__user_guide__channels__line__message_users__subscription_groups,docs__user_guide__channels__line__message_users__subscription_groups.md,LINE subscription groups,This article covers LINE message subscription groups.,user_guide/channels,https://www.braze.com/docs/user_guide/channels/line/message_users/subscription_groups,2026-09-02,2061,1701,248,3,2,0,6,0,company-own (technical)
docs__user_guide__channels__line__message_users__user_management,docs__user_guide__channels__line__message_users__user_management.md,LINE user management,This article covers the LINE user ID and how to set it.,user_guide/channels,https://www.braze.com/docs/user_guide/channels/line/message_users/user_management,2026-09-02,4415,4065,648,3,2,0,27,0,company-own (technical)
docs__user_guide__channels__line__reporting,docs__user_guide__channels__line__reporting.md,LINE reporting,"This reference article covers LINE metrics used at Braze, as well as how to view them in your LINE campaigns.",user_guide/channels,https://www.braze.com/docs/user_guide/channels/line/reporting,2026-09-02,3925,3568,584,9,1,0,12,0,company-own (technical)
docs__user_guide__channels__push,docs__user_guide__channels__push.md,Push,Send time-sensitive calls to action through mobile and web push notifications to re-engage users and drive action.,user_guide/channels,https://www.braze.com/docs/user_guide/channels/push,2026-09-02,4114,3783,602,7,5,0,20,0,company-own (technical)
docs__user_guide__channels__push__best_practices,docs__user_guide__channels__push__best_practices.md,Push best practices,This page contains push best practices and use cases to make sure your push messages inspire engagement rather than annoyance.,user_guide/channels,https://www.braze.com/docs/user_guide/channels/push/best_practices,2026-09-02,11968,11579,1861,19,8,0,16,0,company-own (technical)
docs__user_guide__channels__push__best_practices__chinese_push_deliverability,docs__user_guide__channels__push__best_practices__chinese_push_deliverability.md,Push deliverability for Chinese Android devices,This article covers push deliverability nuances you should be aware of when targeting users on Android devices manufactured by Chinese OEMs.,user_guide/channels,https://www.braze.com/docs/user_guide/channels/push/best_practices/chinese_push_deliverability,2026-09-02,3065,2577,397,3,2,0,0,0,company-own (technical)
docs__user_guide__channels__push__best_practices__push_primer_messages,docs__user_guide__channels__push__best_practices__push_primer_messages.md,Push primer in-app messages,This article covers the prerequisites for push primer in-app messages and how to set them up.,user_guide/channels,https://www.braze.com/docs/user_guide/channels/push/best_practices/push_primer_messages,2026-09-02,13689,13282,2154,14,7,14,20,0,company-own (technical)
docs__user_guide__channels__push__create_a_push_message,docs__user_guide__channels__push__create_a_push_message.md,Create a push message,"This tutorial page covers the different components involved in creating a Push Message, including configuration, sending, targeting, and more.",user_guide/channels,https://www.braze.com/docs/user_guide/channels/push/create_a_push_message,2026-09-02,14803,14382,2348,21,7,0,8,2,company-own (technical)
docs__user_guide__channels__push__create_a_push_message__message_and_image_formats,docs__user_guide__channels__push__create_a_push_message__message_and_image_formats.md,Push message and image formats,This article describes message and image formats for push notifications.,user_guide/channels,https://www.braze.com/docs/user_guide/channels/push/create_a_push_message/message_and_image_formats,2026-09-02,3376,2963,433,3,2,0,108,0,company-own (technical)
docs__user_guide__channels__push__create_a_push_message__multiple_platform_push,docs__user_guide__channels__push__create_a_push_message__multiple_platform_push.md,Multiple platform push messages,This article describes things to know when creating a push campaign or Canvas with multiple platforms selected.,user_guide/channels,https://www.braze.com/docs/user_guide/channels/push/create_a_push_message/multiple_platform_push,2026-09-02,3604,3157,485,12,4,0,0,0,company-own (technical)
docs__user_guide__channels__push__create_a_push_message__push_action_buttons,docs__user_guide__channels__push__create_a_push_message__push_action_buttons.md,Push action buttons,This reference article covers what push action buttons are and the difference across iOS and Android platforms.,user_guide/channels,https://www.braze.com/docs/user_guide/channels/push/create_a_push_message/push_action_buttons,2026-09-02,3052,2623,412,5,1,0,8,0,company-own (technical)
docs__user_guide__channels__push__create_a_push_message__push_stories,docs__user_guide__channels__push__create_a_push_message__push_stories.md,Push Stories,"This reference article covers what Push Stories are, how to create one, as well as some frequently asked questions.",user_guide/channels,https://www.braze.com/docs/user_guide/channels/push/create_a_push_message/push_stories,2026-09-02,4236,3824,622,13,3,0,4,2,company-own (technical)
docs__user_guide__channels__push__faqs,docs__user_guide__channels__push__faqs.md,Frequently asked questions,This article addresses some of the most frequently asked questions that arise when setting up push campaigns.,user_guide/channels,https://www.braze.com/docs/user_guide/channels/push/faqs,2026-09-02,7133,6774,1111,10,9,0,9,0,company-own (technical)
docs__user_guide__channels__push__platform_specific_resources,docs__user_guide__channels__push__platform_specific_resources.md,Platform-specific resources,"Platform-specific push notification configuration for iOS, Android, and Web in Braze.",user_guide/channels,https://www.braze.com/docs/user_guide/channels/push/platform_specific_resources,2026-09-02,833,451,48,4,3,0,0,0,company-own (technical)
docs__user_guide__channels__push__platform_specific_resources__android,docs__user_guide__channels__push__platform_specific_resources__android.md,Android push options,This landing page list all things solely Android push for Braze.,user_guide/channels,https://www.braze.com/docs/user_guide/channels/push/platform_specific_resources/android,2026-09-02,617,246,27,2,1,0,0,0,company-own (technical)
docs__user_guide__channels__push__platform_specific_resources__android__advanced_campaign_settings,docs__user_guide__channels__push__platform_specific_resources__android__advanced_campaign_settings.md,Advanced push campaign settings,"This reference article covers advanced Android push campaign settings like priority, custom URLs, delivery options, and more.",user_guide/channels,https://www.braze.com/docs/user_guide/channels/push/platform_specific_resources/android/advanced_campaign_settings,2026-09-02,11656,11158,1687,13,9,0,69,0,company-own (technical)
docs__user_guide__channels__push__platform_specific_resources__android__notification_channels,docs__user_guide__channels__push__platform_specific_resources__android__notification_channels.md,Notification channels,"This reference article covers Android push notification channel topics like Android O transition, how to add a channel to Braze, setting a fallback channel, and...",user_guide/channels,https://www.braze.com/docs/user_guide/channels/push/platform_specific_resources/android/notification_channels,2026-09-02,9494,8978,1388,6,5,0,10,0,company-own (technical)
docs__user_guide__channels__push__platform_specific_resources__android__notification_options,docs__user_guide__channels__push__platform_specific_resources__android__notification_options.md,Notification options,This reference article covers several Android notification options and how to best use them within Braze campaigns.,user_guide/channels,https://www.braze.com/docs/user_guide/channels/push/platform_specific_resources/android/notification_options,2026-09-02,1889,1424,222,3,2,0,0,0,company-own (technical)
docs__user_guide__channels__push__platform_specific_resources__android__push_max,docs__user_guide__channels__push__platform_specific_resources__android__push_max.md,Push Max,Push Max amplifies Android push notifications by tracking failed push notifications and resending the push when the user is more likely to receive it.,user_guide/channels,https://www.braze.com/docs/user_guide/channels/push/platform_specific_resources/android/push_max,2026-09-02,3702,3238,521,10,5,0,0,0,company-own (technical)
docs__user_guide__channels__push__platform_specific_resources__android__rich_notifications,docs__user_guide__channels__push__platform_specific_resources__android__rich_notifications.md,Create rich push notifications for Android,This tutorial covers how to set up Android Rich notifications for your Braze campaigns.,user_guide/channels,https://www.braze.com/docs/user_guide/channels/push/platform_specific_resources/android/rich_notifications,2026-09-02,2783,2328,359,7,2,0,0,0,company-own (technical)
docs__user_guide__channels__push__platform_specific_resources__ios,docs__user_guide__channels__push__platform_specific_resources__ios.md,iOS push options,This landing page lists all things solely iOS push for Braze.,user_guide/channels,https://www.braze.com/docs/user_guide/channels/push/platform_specific_resources/ios,2026-09-02,617,261,31,2,1,0,0,0,company-own (technical)
docs__user_guide__channels__push__platform_specific_resources__ios__custom_app_icon_feature_ios_103,docs__user_guide__channels__push__platform_specific_resources__ios__custom_app_icon_feature_ios_103.md,Custom app icon feature (iOS 10.3),This reference article covers the iOS 10.3 update on Customizable App Icon.,user_guide/channels,https://www.braze.com/docs/user_guide/channels/push/platform_specific_resources/ios/custom_app_icon_feature_ios_103,2026-09-02,1667,1214,220,1,0,0,0,0,company-own (technical)
docs__user_guide__channels__push__platform_specific_resources__ios__notification_options,docs__user_guide__channels__push__platform_specific_resources__ios__notification_options.md,Notification options,"This reference article covers iOS notification options like critical alerts, quiet notifications, provisional push notifications, and more.",user_guide/channels,https://www.braze.com/docs/user_guide/channels/push/platform_specific_resources/ios/notification_options,2026-09-02,9928,9447,1415,8,1,6,30,0,company-own (technical)
docs__user_guide__channels__push__platform_specific_resources__ios__rich_notifications,docs__user_guide__channels__push__platform_specific_resources__ios__rich_notifications.md,Create rich push notifications for iOS,This tutorial covers the requirements and steps on how to create iOS Rich Notifications for your Braze campaigns.,user_guide/channels,https://www.braze.com/docs/user_guide/channels/push/platform_specific_resources/ios/rich_notifications,2026-09-02,5686,5217,851,9,2,0,6,0,company-own (technical)
docs__user_guide__channels__push__platform_specific_resources__ios__utilizing_badge_count,docs__user_guide__channels__push__platform_specific_resources__ios__utilizing_badge_count.md,Utilizing badge count,"This article covers using the iOS badge count to re-engage users who didn't notice a push, or who have disabled foreground push notifications.",user_guide/channels,https://www.braze.com/docs/user_guide/channels/push/platform_specific_resources/ios/utilizing_badge_count,2026-09-02,2606,2119,356,6,2,0,0,0,company-own (technical)
docs__user_guide__channels__push__platform_specific_resources__web,docs__user_guide__channels__push__platform_specific_resources__web.md,Web push,"This reference page briefly covers web push notifications, and links out to the necessary steps to create one.",user_guide/channels,https://www.braze.com/docs/user_guide/channels/push/platform_specific_resources/web,2026-09-02,4178,3781,586,7,5,0,10,0,company-own (technical)
docs__user_guide__channels__push__push_error_codes,docs__user_guide__channels__push__push_error_codes.md,Common push error messages,"This article covers common push-related error messages for iOS and Android, and walks you through potential solutions.",user_guide/channels,https://www.braze.com/docs/user_guide/channels/push/push_error_codes,2026-09-02,8820,8428,1285,12,1,0,0,0,company-own (technical)
docs__user_guide__channels__push__push_setup,docs__user_guide__channels__push__push_setup.md,Push setup,Learn about push token lifecycle and subscription states for push notifications in Braze.,user_guide/channels,https://www.braze.com/docs/user_guide/channels/push/push_setup,2026-09-02,1118,783,124,4,3,0,0,0,company-own (technical)
docs__user_guide__channels__push__push_setup__push_subscription_states,docs__user_guide__channels__push__push_setup__push_subscription_states.md,Push enablement and push subscription,"This reference article covers the concepts of push enabled and push subscription states in Braze, including the fundamental differences in behavior across iOS, Android, and...",user_guide/channels,https://www.braze.com/docs/user_guide/channels/push/push_setup/push_subscription_states,2026-09-02,26310,25811,4061,28,9,4,59,0,company-own (technical)
docs__user_guide__channels__push__push_setup__push_token_lifecycle,docs__user_guide__channels__push__push_setup__push_token_lifecycle.md,Push token lifecycle,This reference article discusses what it means to be registered for push and how we send push messages and deal with push tokens and push...,user_guide/channels,https://www.braze.com/docs/user_guide/channels/push/push_setup/push_token_lifecycle,2026-09-02,10075,9636,1587,12,4,0,36,0,company-own (technical)
docs__user_guide__channels__push__reporting,docs__user_guide__channels__push__reporting.md,Push reporting,"This article covers push reporting, which you can use to view and analyze the success of your push campaigns.",user_guide/channels,https://www.braze.com/docs/user_guide/channels/push/reporting,2026-09-02,13546,13189,2092,18,3,0,22,0,company-own (technical)
docs__user_guide__channels__push__troubleshooting,docs__user_guide__channels__push__troubleshooting.md,Troubleshoot push,"Diagnose push delivery, click behavior, and credential issues using a symptom index and standard investigation path.",user_guide/channels,https://www.braze.com/docs/user_guide/channels/push/troubleshooting,2026-09-02,18246,17867,2788,33,11,0,35,1,company-own (technical)
docs__user_guide__channels__push__types,docs__user_guide__channels__push__types.md,Push message types,This reference article lists the different types of push notifications you can send with Braze.,user_guide/channels,https://www.braze.com/docs/user_guide/channels/push/types,2026-09-02,4057,3718,581,12,11,0,0,0,company-own (technical)
docs__user_guide__channels__sms_mms_and_rcs,docs__user_guide__channels__sms_mms_and_rcs.md,"SMS, MMS, and RCS","This landing page is home to SMS (Short Messaging Service), MMS (Multimedia Messaging Service), and RCS (Rich Communication Services). These services offer a more direct...",user_guide/channels,https://www.braze.com/docs/user_guide/channels/sms_mms_and_rcs,2026-09-02,4291,3867,569,10,5,0,12,0,company-own (technical)
docs__user_guide__channels__sms_mms_and_rcs__billing_calculator,docs__user_guide__channels__sms_mms_and_rcs__billing_calculator.md,SMS and RCS billing calculators,"This reference article covers what an SMS segment is, how they are counted for billing, as well as things to keep in mind when creating...",user_guide/channels,https://www.braze.com/docs/user_guide/channels/sms_mms_and_rcs/billing_calculator,2026-09-02,8726,8283,1319,11,2,0,44,0,company-own (technical)
docs__user_guide__channels__sms_mms_and_rcs__compliance_and_delivery,docs__user_guide__channels__sms_mms_and_rcs__compliance_and_delivery.md,Compliance and delivery,"Manage compliance and deliverability for SMS, MMS, and RCS messaging, including laws and regulations, opt-ins, and traffic pumping fraud.",user_guide/channels,https://www.braze.com/docs/user_guide/channels/sms_mms_and_rcs/compliance_and_delivery,2026-09-02,769,325,43,2,1,0,0,0,company-own (technical)
docs__user_guide__channels__sms_mms_and_rcs__compliance_and_delivery__best_practices,docs__user_guide__channels__sms_mms_and_rcs__compliance_and_delivery__best_practices.md,"Best practices for SMS, MMS, and RCS",This reference article covers best practices for SMS/MMS.,user_guide/channels,https://www.braze.com/docs/user_guide/channels/sms_mms_and_rcs/compliance_and_delivery/best_practices,2026-09-02,10617,10209,1630,16,6,2,5,0,company-own (technical)
docs__user_guide__channels__sms_mms_and_rcs__compliance_and_delivery__collecting_user_opt_ins,docs__user_guide__channels__sms_mms_and_rcs__compliance_and_delivery__collecting_user_opt_ins.md,Collect user opt-ins,This reference article covers three best practices for collecting user opt-ins.,user_guide/channels,https://www.braze.com/docs/user_guide/channels/sms_mms_and_rcs/compliance_and_delivery/collecting_user_opt_ins,2026-09-02,3333,2901,438,4,3,4,4,2,company-own (technical)
docs__user_guide__channels__sms_mms_and_rcs__compliance_and_delivery__laws_and_regulations,docs__user_guide__channels__sms_mms_and_rcs__compliance_and_delivery__laws_and_regulations.md,"Laws, regulations, and abuse prevention for SMS, MMS, and RCS","This reference article covers laws and regulations surrounding SMS, MMS, and RCS.",user_guide/channels,https://www.braze.com/docs/user_guide/channels/sms_mms_and_rcs/compliance_and_delivery/laws_and_regulations,2026-09-02,8725,8256,1301,12,4,0,0,0,company-own (technical)
docs__user_guide__channels__sms_mms_and_rcs__compliance_and_delivery__sms_traffic_pumping_fraud,docs__user_guide__channels__sms_mms_and_rcs__compliance_and_delivery__sms_traffic_pumping_fraud.md,"Understanding and preventing SMS, MMS, and RCS traffic pumping fraud","Learn how SMS, MMS, and RCS traffic pumping fraud works, why Braze marks certain destinations as High Fraud Risk, and how to reduce exposure with...",user_guide/channels,https://www.braze.com/docs/user_guide/channels/sms_mms_and_rcs/compliance_and_delivery/sms_traffic_pumping_fraud,2026-09-02,4247,3694,533,10,0,0,0,0,company-own (technical)
docs__user_guide__channels__sms_mms_and_rcs__create,docs__user_guide__channels__sms_mms_and_rcs__create.md,"Create an SMS, MMS, or RCS message","Create an SMS, MMS, or RCS message and configure channel-specific message types, fields, link shortening, delivery settings, and behavior.",user_guide/channels,https://www.braze.com/docs/user_guide/channels/sms_mms_and_rcs/create,2026-09-02,13430,13008,2027,20,3,0,60,4,company-own (technical)
docs__user_guide__channels__sms_mms_and_rcs__create__contact_card,docs__user_guide__channels__sms_mms_and_rcs__create__contact_card.md,Contact cards,This reference article covers how to create a contact card to include in your MMS and SMS messages.,user_guide/channels,https://www.braze.com/docs/user_guide/channels/sms_mms_and_rcs/create/contact_card,2026-09-02,3482,3093,516,9,2,0,0,0,company-own (technical)
docs__user_guide__channels__sms_mms_and_rcs__faqs,docs__user_guide__channels__sms_mms_and_rcs__faqs.md,Frequently asked questions,"This article addresses frequently asked questions about SMS, MMS, and RCS messaging.",user_guide/channels,https://www.braze.com/docs/user_guide/channels/sms_mms_and_rcs/faqs,2026-09-02,15841,15485,2583,38,7,0,0,0,company-own (technical)
docs__user_guide__channels__sms_mms_and_rcs__message_features_and_optimization,docs__user_guide__channels__sms_mms_and_rcs__message_features_and_optimization.md,Features and optimization,"Optimize SMS, MMS, and RCS messages with link shortening, keyword processing, and more in Braze.",user_guide/channels,https://www.braze.com/docs/user_guide/channels/sms_mms_and_rcs/message_features_and_optimization,2026-09-02,752,327,38,2,1,0,0,0,company-own (technical)
docs__user_guide__channels__sms_mms_and_rcs__message_features_and_optimization__bot_click_filtering,docs__user_guide__channels__sms_mms_and_rcs__message_features_and_optimization__bot_click_filtering.md,SMS and RCS bot click filtering,This reference article covers SMS and RCS bot click filtering.,user_guide/channels,https://www.braze.com/docs/user_guide/channels/sms_mms_and_rcs/message_features_and_optimization/bot_click_filtering,2026-09-02,4099,3661,515,9,5,0,9,0,company-own (technical)
docs__user_guide__channels__sms_mms_and_rcs__message_features_and_optimization__custom_domains,docs__user_guide__channels__sms_mms_and_rcs__message_features_and_optimization__custom_domains.md,Self-serve custom domains,This page covers how to use custom domains with link shortening to personalize the look and feel of your shortened URLs.,user_guide/channels,https://www.braze.com/docs/user_guide/channels/sms_mms_and_rcs/message_features_and_optimization/custom_domains,2026-09-02,6267,5787,924,15,6,0,0,0,company-own (technical)
docs__user_guide__channels__sms_mms_and_rcs__message_features_and_optimization__keyword_processing,docs__user_guide__channels__sms_mms_and_rcs__message_features_and_optimization__keyword_processing.md,Keyword processing,"This landing page includes articles relating to SMS keyword processing such as opt-in and opt-out keywords, custom keyword handling, how to handle unknown phone numbers,...",user_guide/channels,https://www.braze.com/docs/user_guide/channels/sms_mms_and_rcs/message_features_and_optimization/keyword_processing,2026-09-02,1182,649,100,2,1,0,0,0,company-own (technical)
docs__user_guide__channels__sms_mms_and_rcs__message_features_and_optimization__keyword_processing__double_opt_in,docs__user_guide__channels__sms_mms_and_rcs__message_features_and_optimization__keyword_processing__double_opt_in.md,Double opt-in,"This reference article covers the double opt-in feature, and explains how to enable the feature, select opt-in keywords and reply messages, and enter users into...",user_guide/channels,https://www.braze.com/docs/user_guide/channels/sms_mms_and_rcs/message_features_and_optimization/keyword_processing/double_opt_in,2026-09-02,6389,5841,918,9,5,0,29,0,company-own (technical)
docs__user_guide__channels__sms_mms_and_rcs__message_features_and_optimization__keyword_processing__fuzzy_opt_out,docs__user_guide__channels__sms_mms_and_rcs__message_features_and_optimization__keyword_processing__fuzzy_opt_out.md,Fuzzy opt-out,"This reference article covers how to configure fuzzy opt-out, a setting that attempts to recognize when an inbound message does not match an opt-out keyword....",user_guide/channels,https://www.braze.com/docs/user_guide/channels/sms_mms_and_rcs/message_features_and_optimization/keyword_processing/fuzzy_opt_out,2026-09-02,6246,5701,899,6,3,0,8,0,company-own (technical)
docs__user_guide__channels__sms_mms_and_rcs__message_features_and_optimization__keyword_processing__keyword_handling,docs__user_guide__channels__sms_mms_and_rcs__message_features_and_optimization__keyword_processing__keyword_handling.md,Custom keyword handling,"This reference article covers how Braze deals with two-way SMS, MMS, and RCS messaging and auto-responses. This includes explanations on how keyword triggering works as...",user_guide/channels,https://www.braze.com/docs/user_guide/channels/sms_mms_and_rcs/message_features_and_optimization/keyword_processing/keyword_handling,2026-09-02,7950,7378,1156,14,4,0,8,0,company-own (technical)
docs__user_guide__channels__sms_mms_and_rcs__message_features_and_optimization__keyword_processing__optin_optout,docs__user_guide__channels__sms_mms_and_rcs__message_features_and_optimization__keyword_processing__optin_optout.md,Opt-in and opt-out keywords,This reference article covers how Braze processes basic opt-in and opt-out keywords for SMS messaging.,user_guide/channels,https://www.braze.com/docs/user_guide/channels/sms_mms_and_rcs/message_features_and_optimization/keyword_processing/optin_optout,2026-09-02,3185,2686,423,3,2,0,12,0,company-own (technical)
docs__user_guide__channels__sms_mms_and_rcs__message_features_and_optimization__keyword_processing__unknown_phone_numbers,docs__user_guide__channels__sms_mms_and_rcs__message_features_and_optimization__keyword_processing__unknown_phone_numbers.md,Handle unknown phone numbers - new users,This reference article covers how Braze processes unknown phone numbers from new users.,user_guide/channels,https://www.braze.com/docs/user_guide/channels/sms_mms_and_rcs/message_features_and_optimization/keyword_processing/unknown_phone_numbers,2026-09-02,1465,950,150,2,1,0,0,0,company-own (technical)
docs__user_guide__channels__sms_mms_and_rcs__message_features_and_optimization__link_shortening,docs__user_guide__channels__sms_mms_and_rcs__message_features_and_optimization__link_shortening.md,Link shortening,This reference article covers how to turn on link shortening in your SMS messages and some frequently asked questions.,user_guide/channels,https://www.braze.com/docs/user_guide/channels/sms_mms_and_rcs/message_features_and_optimization/link_shortening,2026-09-02,17385,16915,2643,35,14,8,20,16,company-own (technical)
docs__user_guide__channels__sms_mms_and_rcs__message_features_and_optimization__user_retargeting,docs__user_guide__channels__sms_mms_and_rcs__message_features_and_optimization__user_retargeting.md,User retargeting,This reference article covers how users can retarget their messages by a user's SMS and RCS interactions.,user_guide/channels,https://www.braze.com/docs/user_guide/channels/sms_mms_and_rcs/message_features_and_optimization/user_retargeting,2026-09-02,6205,5745,924,19,2,4,4,0,company-own (technical)
docs__user_guide__channels__sms_mms_and_rcs__message_setup,docs__user_guide__channels__sms_mms_and_rcs__message_setup.md,Message setup,"Set up SMS, MMS, and RCS messaging in Braze, including sender configuration, subscription groups, and phone numbers.",user_guide/channels,https://www.braze.com/docs/user_guide/channels/sms_mms_and_rcs/message_setup,2026-09-02,814,421,55,2,1,0,0,0,company-own (technical)
docs__user_guide__channels__sms_mms_and_rcs__message_setup__rcs_setup,docs__user_guide__channels__sms_mms_and_rcs__message_setup__rcs_setup.md,Set up RCS,This reference article covers the requirements needed to get RCS up and running.,user_guide/channels,https://www.braze.com/docs/user_guide/channels/sms_mms_and_rcs/message_setup/rcs_setup,2026-09-02,4553,4178,676,8,4,0,0,0,company-own (technical)
docs__user_guide__channels__sms_mms_and_rcs__message_setup__sender_setup,docs__user_guide__channels__sms_mms_and_rcs__message_setup__sender_setup.md,SMS and RCS senders,"This article provides an overview of the codes and senders available for sending SMS, MMS, and RCS messages.",user_guide/channels,https://www.braze.com/docs/user_guide/channels/sms_mms_and_rcs/message_setup/sender_setup,2026-09-02,22696,22278,3498,36,5,0,102,0,company-own (technical)
docs__user_guide__channels__sms_mms_and_rcs__message_setup__sender_setup__10dlc,docs__user_guide__channels__sms_mms_and_rcs__message_setup__sender_setup__10dlc.md,Application-to-Person 10-Digit Long Codes,"This article covers A2P 10DLC, why 10DLC registration is necessary for US long code customers, helpful costs and throughput information, and how to get started...",user_guide/channels,https://www.braze.com/docs/user_guide/channels/sms_mms_and_rcs/message_setup/sender_setup/10dlc,2026-09-02,7554,7047,1080,10,3,0,92,0,company-own (technical)
docs__user_guide__channels__sms_mms_and_rcs__message_setup__sender_setup__10dlc__10dlc_application,docs__user_guide__channels__sms_mms_and_rcs__message_setup__sender_setup__10dlc__10dlc_application.md,Required information for 10DLC application,This article covers the company and SMS campaign information Braze needs if you're working with us to register your 10DLC.,user_guide/channels,https://www.braze.com/docs/user_guide/channels/sms_mms_and_rcs/message_setup/sender_setup/10dlc/10dlc_application,2026-09-02,9785,9280,1298,3,2,0,132,0,company-own (technical)
docs__user_guide__channels__sms_mms_and_rcs__message_setup__sms_sending,docs__user_guide__channels__sms_mms_and_rcs__message_setup__sms_sending.md,SMS message sending,"Review subscription groups, message billing, and keyword fundamentals for sending SMS messages.",user_guide/channels,https://www.braze.com/docs/user_guide/channels/sms_mms_and_rcs/message_setup/sms_sending,2026-09-02,1624,1221,175,6,1,0,0,0,company-own (technical)
docs__user_guide__channels__sms_mms_and_rcs__message_setup__subscription_groups,docs__user_guide__channels__sms_mms_and_rcs__message_setup__subscription_groups.md,"SMS, MMS, and RCS subscription groups","This reference article covers subscription groups, subscription states, and the subscription group setup process for SMS, MMS, and RCS channels.",user_guide/channels,https://www.braze.com/docs/user_guide/channels/sms_mms_and_rcs/message_setup/subscription_groups,2026-09-02,15722,15236,2408,21,8,2,14,0,company-own (technical)
docs__user_guide__channels__sms_mms_and_rcs__message_setup__subscription_groups__geographic_permissions,docs__user_guide__channels__sms_mms_and_rcs__message_setup__subscription_groups__geographic_permissions.md,Geographic permissions,"This article covers the country allowlist for Geographic Permissions, which allows you to choose which countries SMS, MMS, and RCS can be delivered to.",user_guide/channels,https://www.braze.com/docs/user_guide/channels/sms_mms_and_rcs/message_setup/subscription_groups/geographic_permissions,2026-09-02,5853,5328,813,10,4,0,0,0,company-own (technical)
docs__user_guide__channels__sms_mms_and_rcs__message_setup__terms,docs__user_guide__channels__sms_mms_and_rcs__message_setup__terms.md,Terms to Know,"This glossary defines various SMS, MMS, and RCS terms you should know.",user_guide/channels,https://www.braze.com/docs/user_guide/channels/sms_mms_and_rcs/message_setup/terms,2026-09-02,8183,7823,1310,1,0,0,0,0,company-own (technical)
docs__user_guide__channels__sms_mms_and_rcs__message_setup__user_phone_numbers,docs__user_guide__channels__sms_mms_and_rcs__message_setup__user_phone_numbers.md,User phone numbers,"This reference article covers SMS phone number formatting, how to importing phone numbers, as well as how to add users to SMS subscription groups.",user_guide/channels,https://www.braze.com/docs/user_guide/channels/sms_mms_and_rcs/message_setup/user_phone_numbers,2026-09-02,5328,4861,766,9,7,0,16,0,company-own (technical)
docs__user_guide__channels__sms_mms_and_rcs__reporting,docs__user_guide__channels__sms_mms_and_rcs__reporting.md,"Reporting for SMS, MMS, and RCS","This reference article covers SMS, MMS, and RCS metrics used at Braze, as well as how to view them in your SMS, MMS, and RCS...",user_guide/channels,https://www.braze.com/docs/user_guide/channels/sms_mms_and_rcs/reporting,2026-09-02,14136,13722,2132,22,7,2,52,0,company-own (technical)
docs__user_guide__channels__transactional_email,docs__user_guide__channels__transactional_email.md,Transactional email,"Send transactional emails for critical, time-sensitive notifications triggered by API calls in Braze.",user_guide/channels,https://www.braze.com/docs/user_guide/channels/transactional_email,2026-09-02,2307,1944,261,5,4,0,10,0,company-own (technical)
docs__user_guide__channels__transactional_email__create_a_transactional_email,docs__user_guide__channels__transactional_email__create_a_transactional_email.md,Create a transactional email,This reference article covers how to create and configure a new Braze Transactional Email campaign.,user_guide/channels,https://www.braze.com/docs/user_guide/channels/transactional_email/create_a_transactional_email,2026-09-02,5104,4675,706,4,2,0,0,0,company-own (technical)
docs__user_guide__channels__transactional_email__tracking,docs__user_guide__channels__transactional_email__tracking.md,Track transactional emails,This reference article covers how to set up real-time tracking for transactional email campaigns.,user_guide/channels,https://www.braze.com/docs/user_guide/channels/transactional_email/tracking,2026-09-02,7095,6710,942,6,1,4,16,0,company-own (technical)
docs__user_guide__channels__webhooks,docs__user_guide__channels__webhooks.md,Webhooks,"Connect your systems with webhooks in Braze, triggered by custom events to send data and programmatic messages to external endpoints.",user_guide/channels,https://www.braze.com/docs/user_guide/channels/webhooks,2026-09-02,3589,3227,512,6,5,0,0,0,company-own (technical)
docs__user_guide__channels__webhooks__create_a_webhook,docs__user_guide__channels__webhooks__create_a_webhook.md,Create a webhook campaign,This reference article covers how to create and configure a webhook campaign.,user_guide/channels,https://www.braze.com/docs/user_guide/channels/webhooks/create_a_webhook,2026-09-02,17780,17422,2854,27,7,4,35,1,company-own (technical)
docs__user_guide__channels__webhooks__reporting,docs__user_guide__channels__webhooks__reporting.md,Webhook reporting,This reference article provides an overview of the different webhook reporting metrics and analytics options provided in the Braze dashboard.,user_guide/channels,https://www.braze.com/docs/user_guide/channels/webhooks/reporting,2026-09-02,6838,6438,1026,14,3,0,14,0,company-own (technical)
docs__user_guide__channels__webhooks__use_case_create_a_braze_to_braze_webhook,docs__user_guide__channels__webhooks__use_case_create_a_braze_to_braze_webhook.md,Create a Braze-to-Braze webhook,This reference article covers when to use User Update versus Braze-to-Braze webhooks and how to create a Braze-to-Braze webhook.,user_guide/channels,https://www.braze.com/docs/user_guide/channels/webhooks/use_case_create_a_braze_to_braze_webhook,2026-09-02,7069,6606,1060,10,7,2,2,1,company-own (technical)
docs__user_guide__channels__whatsapp,docs__user_guide__channels__whatsapp.md,WhatsApp,"Reach customers with personalized WhatsApp messages for support, notifications, and promotional campaigns through Braze.",user_guide/channels,https://www.braze.com/docs/user_guide/channels/whatsapp,2026-09-02,2734,2385,327,8,4,0,12,0,company-own (technical)
docs__user_guide__channels__whatsapp__best_practices,docs__user_guide__channels__whatsapp__best_practices.md,WhatsApp best practices,"This article outlines suggested best practices when using the WhatsApp messaging channel, including how to maintain a high phone quality rating and avoid a high...",user_guide/channels,https://www.braze.com/docs/user_guide/channels/whatsapp/best_practices,2026-09-02,3116,2678,430,6,1,0,0,0,company-own (technical)
docs__user_guide__channels__whatsapp__create_a_whatsapp_message,docs__user_guide__channels__whatsapp__create_a_whatsapp_message.md,Create a WhatsApp message,"This reference article covers how to create a WhatsApp message and configure WhatsApp-specific fields, settings, and message behavior.",user_guide/channels,https://www.braze.com/docs/user_guide/channels/whatsapp/create_a_whatsapp_message,2026-09-02,11028,10595,1551,18,8,0,108,2,company-own (technical)
docs__user_guide__channels__whatsapp__create_a_whatsapp_message__message_and_image_formats,docs__user_guide__channels__whatsapp__create_a_whatsapp_message__message_and_image_formats.md,WhatsApp message and image formats,"This reference article covers message structure, component limits, and media asset requirements for creating WhatsApp messages and templates.",user_guide/channels,https://www.braze.com/docs/user_guide/channels/whatsapp/create_a_whatsapp_message/message_and_image_formats,2026-09-02,14071,13569,1936,27,4,0,279,0,company-own (technical)
docs__user_guide__channels__whatsapp__faq,docs__user_guide__channels__whatsapp__faq.md,Frequently asked questions,This article addresses some of the most frequently asked questions that arise when setting up WhatsApp campaigns.,user_guide/channels,https://www.braze.com/docs/user_guide/channels/whatsapp/faq,2026-09-02,21510,21141,3345,69,1,0,12,0,company-own (technical)
docs__user_guide__channels__whatsapp__message_features_and_optimization,docs__user_guide__channels__whatsapp__message_features_and_optimization.md,Features and optimization,"Optimize WhatsApp messages with delivery, click tracking, Flows, and more in Braze.",user_guide/channels,https://www.braze.com/docs/user_guide/channels/whatsapp/message_features_and_optimization,2026-09-02,730,332,37,2,1,0,0,0,company-own (technical)
docs__user_guide__channels__whatsapp__message_features_and_optimization__click_tracking,docs__user_guide__channels__whatsapp__message_features_and_optimization__click_tracking.md,Click tracking,"This reference article covers how to turn on click tracking in your WhatsApp messages, test shortened links, use your custom domain in tracked links, and...",user_guide/channels,https://www.braze.com/docs/user_guide/channels/whatsapp/message_features_and_optimization/click_tracking,2026-09-02,10153,9662,1528,25,8,4,4,6,company-own (technical)
docs__user_guide__channels__whatsapp__message_features_and_optimization__optimized_delivery,docs__user_guide__channels__whatsapp__message_features_and_optimization__optimized_delivery.md,WhatsApp messages with optimized delivery,This reference article covers the steps involved in building out and creating a WhatsApp message with optimized delivery.,user_guide/channels,https://www.braze.com/docs/user_guide/channels/whatsapp/message_features_and_optimization/optimized_delivery,2026-09-02,4454,3963,607,7,3,0,0,0,company-own (technical)
docs__user_guide__channels__whatsapp__message_features_and_optimization__product_messages,docs__user_guide__channels__whatsapp__message_features_and_optimization__product_messages.md,Product messages,This page covers how to use WhatsApp product messages to send interactive WhatsApp messages that showcase products from your Meta catalog.,user_guide/channels,https://www.braze.com/docs/user_guide/channels/whatsapp/message_features_and_optimization/product_messages,2026-09-02,11236,10757,1585,21,8,2,17,1,company-own (technical)
docs__user_guide__channels__whatsapp__message_features_and_optimization__template_builder,docs__user_guide__channels__whatsapp__message_features_and_optimization__template_builder.md,WhatsApp Template Builder,"Learn how to create, configure, and submit WhatsApp message templates directly in Braze using the WhatsApp Template Builder.",user_guide/channels,https://www.braze.com/docs/user_guide/channels/whatsapp/message_features_and_optimization/template_builder,2026-09-02,10447,9973,1485,23,5,0,39,0,company-own (technical)
docs__user_guide__channels__whatsapp__message_features_and_optimization__template_builder__template_builder_liquid,docs__user_guide__channels__whatsapp__message_features_and_optimization__template_builder__template_builder_liquid.md,Liquid in the WhatsApp Template Builder,This reference article covers Message Extras and conditional Liquid logic in the WhatsApp Template Builder.,user_guide/channels,https://www.braze.com/docs/user_guide/channels/whatsapp/message_features_and_optimization/template_builder/template_builder_liquid,2026-09-02,10032,9512,1404,15,3,16,39,0,company-own (technical)
docs__user_guide__channels__whatsapp__message_features_and_optimization__template_builder__whatsapp_carousel_templates,docs__user_guide__channels__whatsapp__message_features_and_optimization__template_builder__whatsapp_carousel_templates.md,WhatsApp carousel templates,This reference article covers WhatsApp carousel templates.,user_guide/channels,https://www.braze.com/docs/user_guide/channels/whatsapp/message_features_and_optimization/template_builder/whatsapp_carousel_templates,2026-09-02,10436,9969,1476,22,5,0,22,0,company-own (technical)
docs__user_guide__channels__whatsapp__message_features_and_optimization__user_retargeting,docs__user_guide__channels__whatsapp__message_features_and_optimization__user_retargeting.md,User retargeting,This reference article covers how users can retarget their messages by users WhatsApp interactions.,user_guide/channels,https://www.braze.com/docs/user_guide/channels/whatsapp/message_features_and_optimization/user_retargeting,2026-09-02,2707,2267,350,9,1,0,0,0,company-own (technical)
docs__user_guide__channels__whatsapp__message_features_and_optimization__whatsapp_flows,docs__user_guide__channels__whatsapp__message_features_and_optimization__whatsapp_flows.md,WhatsApp Flows,This reference article covers the steps involved in building out and creating a WhatsApp Flows message.,user_guide/channels,https://www.braze.com/docs/user_guide/channels/whatsapp/message_features_and_optimization/whatsapp_flows,2026-09-02,8751,8313,1293,13,5,0,1,0,company-own (technical)
docs__user_guide__channels__whatsapp__message_processing,docs__user_guide__channels__whatsapp__message_processing.md,Message processing,"Learn how Braze and Meta handle WhatsApp quality rating, messaging limits, opt-ins and opt-outs, user messages, and unknown phone numbers.",user_guide/channels,https://www.braze.com/docs/user_guide/channels/whatsapp/message_processing,2026-09-02,798,382,51,2,1,0,0,0,company-own (technical)
docs__user_guide__channels__whatsapp__message_processing__handling_unknown_phone_numbers,docs__user_guide__channels__whatsapp__message_processing__handling_unknown_phone_numbers.md,Handle unknown phone numbers,This reference article covers how Braze will go about handling unknown phone numbers for WhatsApp users.,user_guide/channels,https://www.braze.com/docs/user_guide/channels/whatsapp/message_processing/handling_unknown_phone_numbers,2026-09-02,1736,1281,210,2,1,0,0,0,company-own (technical)
docs__user_guide__channels__whatsapp__message_processing__messaging_users,docs__user_guide__channels__whatsapp__message_processing__messaging_users.md,User messages,This reference article covers how Braze will go about handling user messages.,user_guide/channels,https://www.braze.com/docs/user_guide/channels/whatsapp/message_processing/messaging_users,2026-09-02,10094,9711,1559,20,5,1,0,0,company-own (technical)
docs__user_guide__channels__whatsapp__message_processing__opt_ins_and_opt_outs,docs__user_guide__channels__whatsapp__message_processing__opt_ins_and_opt_outs.md,Opt-in and opt-out,This reference article covers different WhatsApp opt-in and opt-out methods.,user_guide/channels,https://www.braze.com/docs/user_guide/channels/whatsapp/message_processing/opt_ins_and_opt_outs,2026-09-02,14006,13609,2120,25,5,4,16,1,company-own (technical)
docs__user_guide__channels__whatsapp__message_processing__quality_rating_and_messaging_limits,docs__user_guide__channels__whatsapp__message_processing__quality_rating_and_messaging_limits.md,Quality rating and messaging limits,This reference article covers how Meta influences your quality rating and messaging limits for the WhatsApp channel.,user_guide/channels,https://www.braze.com/docs/user_guide/channels/whatsapp/message_processing/quality_rating_and_messaging_limits,2026-09-02,2467,1983,297,5,4,0,6,0,company-own (technical)
docs__user_guide__channels__whatsapp__meta_resources,docs__user_guide__channels__whatsapp__meta_resources.md,Meta resources,"This article provides helpful Meta documentation, information, and resources to improve your understanding of the WhatsApp integration.",user_guide/channels,https://www.braze.com/docs/user_guide/channels/whatsapp/meta_resources,2026-09-02,22472,22071,3383,33,3,0,0,0,company-own (technical)
docs__user_guide__channels__whatsapp__reporting,docs__user_guide__channels__whatsapp__reporting.md,WhatsApp reporting,"This reference article covers WhatsApp metrics used at Braze, as well as how to view them in your WhatsApp campaigns.",user_guide/channels,https://www.braze.com/docs/user_guide/channels/whatsapp/reporting,2026-09-02,7488,7111,1109,15,1,0,16,0,company-own (technical)
docs__user_guide__channels__whatsapp__send_failures,docs__user_guide__channels__whatsapp__send_failures.md,Investigate WhatsApp send failures,"Use campaign analytics, the Message Activity Log, and Currents to investigate WhatsApp send failures and common Meta error codes.",user_guide/channels,https://www.braze.com/docs/user_guide/channels/whatsapp/send_failures,2026-09-02,1870,1457,214,3,2,0,12,0,company-own (technical)
docs__user_guide__channels__whatsapp__use_cases__ads_that_click_to_whatsapp,docs__user_guide__channels__whatsapp__use_cases__ads_that_click_to_whatsapp.md,Ads That Click to WhatsApp,This reference article provides a step-by-step guide for setting up and using Ads That Click to WhatsApp.,user_guide/channels,https://www.braze.com/docs/user_guide/channels/whatsapp/use_cases/ads_that_click_to_whatsapp,2026-09-02,3284,2856,490,3,2,0,0,0,company-own (technical)
docs__user_guide__channels__whatsapp__use_cases__whatsapp_and_external_systems,docs__user_guide__channels__whatsapp__use_cases__whatsapp_and_external_systems.md,Integrate Braze and WhatsApp with an external AI or communication system,This reference article provides a step-by-step guide for integrating the Braze and WhatsApp integration with an external AI or communication system.,user_guide/channels,https://www.braze.com/docs/user_guide/channels/whatsapp/use_cases/whatsapp_and_external_systems,2026-09-02,5633,5110,751,8,3,4,12,0,company-own (technical)
docs__user_guide__channels__whatsapp__whatsapp_setup,docs__user_guide__channels__whatsapp__whatsapp_setup.md,WhatsApp setup,"This article covers how to set up the Braze WhatsApp channel, including prerequisites and suggested next steps.",user_guide/channels,https://www.braze.com/docs/user_guide/channels/whatsapp/whatsapp_setup,2026-09-02,5889,5512,833,10,3,0,8,0,company-own (technical)
docs__user_guide__channels__whatsapp__whatsapp_setup__byo_connector,docs__user_guide__channels__whatsapp__whatsapp_setup__byo_connector.md,Bring Your Own WhatsApp connector,"This reference article provides a step-by-step walkthrough for setting up a Bring Your Own WhatsApp connector, which gives Braze access to your Infobip WhatsApp Business...",user_guide/channels,https://www.braze.com/docs/user_guide/channels/whatsapp/whatsapp_setup/byo_connector,2026-09-02,5705,5219,765,11,7,0,16,0,company-own (technical)
docs__user_guide__channels__whatsapp__whatsapp_setup__embedded_signup,docs__user_guide__channels__whatsapp__whatsapp_setup__embedded_signup.md,WhatsApp embedded signup,This reference article provides a step-by-step walkthrough for the WhatsApp embedded signup workflow in Braze.,user_guide/channels,https://www.braze.com/docs/user_guide/channels/whatsapp/whatsapp_setup/embedded_signup,2026-09-02,3031,2612,386,3,2,0,0,0,company-own (technical)
docs__user_guide__channels__whatsapp__whatsapp_setup__multiple_business_accounts,docs__user_guide__channels__whatsapp__whatsapp_setup__multiple_business_accounts.md,Multiple WhatsApp Business accounts and phone numbers,This reference article covers the steps to add WhatsApp Business accounts and phone numbers.,user_guide/channels,https://www.braze.com/docs/user_guide/channels/whatsapp/whatsapp_setup/multiple_business_accounts,2026-09-02,3172,2720,404,6,2,0,0,0,company-own (technical)
docs__user_guide__channels__whatsapp__whatsapp_setup__subscription_groups,docs__user_guide__channels__whatsapp__whatsapp_setup__subscription_groups.md,WhatsApp subscription groups,"This article outlines WhatsApp subscription groups, what subscription states are offered, and how subscription groups are set.",user_guide/channels,https://www.braze.com/docs/user_guide/channels/whatsapp/whatsapp_setup/subscription_groups,2026-09-02,4571,4124,606,7,4,2,2,0,company-own (technical)
docs__user_guide__channels__whatsapp__whatsapp_setup__user_phone_numbers,docs__user_guide__channels__whatsapp__whatsapp_setup__user_phone_numbers.md,User phone numbers,"This reference article covers WhatsApp phone number formatting, how to importing phone numbers, as well as how to add users to WhatsApp subscription groups.",user_guide/channels,https://www.braze.com/docs/user_guide/channels/whatsapp/whatsapp_setup/user_phone_numbers,2026-09-02,2636,2171,357,5,1,0,16,0,company-own (technical)
docs__user_guide__channels__whatsapp__whatsapp_setup__whatsapp_phone_numbers,docs__user_guide__channels__whatsapp__whatsapp_setup__whatsapp_phone_numbers.md,WhatsApp phone numbers,"Manage WhatsApp Business phone numbers including acquisition, migration, and workspace transfers.",user_guide/channels,https://www.braze.com/docs/user_guide/channels/whatsapp/whatsapp_setup/whatsapp_phone_numbers,2026-09-02,730,312,37,2,1,0,0,0,company-own (technical)
docs__user_guide__channels__whatsapp__whatsapp_setup__whatsapp_phone_numbers__acquire_a_phone_number,docs__user_guide__channels__whatsapp__whatsapp_setup__whatsapp_phone_numbers__acquire_a_phone_number.md,Acquire a WhatsApp phone number,This reference article covers how to acquire a phone number from Twilio and Infobip.,user_guide/channels,https://www.braze.com/docs/user_guide/channels/whatsapp/whatsapp_setup/whatsapp_phone_numbers/acquire_a_phone_number,2026-09-02,4854,4393,710,7,3,0,0,1,company-own (technical)
docs__user_guide__channels__whatsapp__whatsapp_setup__whatsapp_phone_numbers__migrate_a_phone_number,docs__user_guide__channels__whatsapp__whatsapp_setup__whatsapp_phone_numbers__migrate_a_phone_number.md,Migrate a WhatsApp phone number,This reference article covers how to migrate your WhatsApp phone number.,user_guide/channels,https://www.braze.com/docs/user_guide/channels/whatsapp/whatsapp_setup/whatsapp_phone_numbers/migrate_a_phone_number,2026-09-02,3474,3025,450,7,4,0,8,0,company-own (technical)
docs__user_guide__channels__whatsapp__whatsapp_setup__whatsapp_phone_numbers__transfer_between_workspaces,docs__user_guide__channels__whatsapp__whatsapp_setup__whatsapp_phone_numbers__transfer_between_workspaces.md,Transfer WhatsApp phone numbers and subscription groups between workspaces,This reference article covers how to transfer your WhatsApp phone number and subscription groups between workspaces.,user_guide/channels,https://www.braze.com/docs/user_guide/channels/whatsapp/whatsapp_setup/whatsapp_phone_numbers/transfer_between_workspaces,2026-09-02,2761,2215,326,7,3,0,0,0,company-own (technical)
docs__user_guide__data,docs__user_guide__data.md,Braze Data Platform,"Learn about the Braze Data Platform, including how to unify, activate, and distribute your data.",user_guide/data,https://www.braze.com/docs/user_guide/data,2026-09-02,4391,4086,597,7,3,0,0,0,company-own (technical)
docs__user_guide__data__activation,docs__user_guide__data__activation.md,Data activation,"Activate your data with custom attributes, events, and catalogs. Understand data types, manage custom data, and build targeted messages.",user_guide/data,https://www.braze.com/docs/user_guide/data/activation,2026-09-02,1072,708,96,3,2,0,0,0,company-own (technical)
docs__user_guide__data__activation__accounts,docs__user_guide__data__activation__accounts.md,Account objects,"Use account objects to segment users, personalize messages with account data, and manage account records.",user_guide/data,https://www.braze.com/docs/user_guide/data/activation/accounts,2026-09-02,6169,5817,804,16,9,4,76,0,company-own (technical)
docs__user_guide__data__activation__attributes,docs__user_guide__data__activation__attributes.md,Attributes,"Attributes store information about your users. Learn about standard attributes, custom attributes, data types, arrays of objects, and nested attributes.",user_guide/data,https://www.braze.com/docs/user_guide/data/activation/attributes,2026-09-02,1061,663,86,2,1,0,0,0,company-own (technical)
docs__user_guide__data__activation__attributes__array_of_objects,docs__user_guide__data__activation__attributes__array_of_objects.md,Array of objects,"This reference article covers using an array of objects as a data type for custom attributes, including limitations and usage examples.",user_guide/data,https://www.braze.com/docs/user_guide/data/activation/attributes/array_of_objects,2026-09-02,17524,17102,2544,11,7,44,60,0,company-own (technical)
docs__user_guide__data__activation__attributes__custom_attributes,docs__user_guide__data__activation__attributes__custom_attributes.md,Custom attributes,This page describes custom attributes and explains the various custom attribute data types.,user_guide/data,https://www.braze.com/docs/user_guide/data/activation/attributes/custom_attributes,2026-09-02,10921,10540,1636,19,6,0,6,0,company-own (technical)
docs__user_guide__data__activation__attributes__nested_custom_attribute_support,docs__user_guide__data__activation__attributes__nested_custom_attribute_support.md,Nested custom attributes,"This reference article covers using nested custom attributes as a data type for custom attributes, including limitations and usage examples.",user_guide/data,https://www.braze.com/docs/user_guide/data/activation/attributes/nested_custom_attribute_support,2026-09-02,18353,17888,2568,17,12,40,56,0,company-own (technical)
docs__user_guide__data__activation__attributes__standard_attributes,docs__user_guide__data__activation__attributes__standard_attributes.md,Standard attributes,This reference article lists Braze's standard user attributes (reserved keys) and the syntax requirements for each.,user_guide/data,https://www.braze.com/docs/user_guide/data/activation/attributes/standard_attributes,2026-09-02,10069,9658,1384,11,10,4,109,1,company-own (technical)
docs__user_guide__data__activation__catalogs,docs__user_guide__data__activation__catalogs.md,Catalogs,This landing page is home to catalogs. Use catalogs and filtered sets to leverage non-user data in your Braze campaigns to send personalized messages.,user_guide/data,https://www.braze.com/docs/user_guide/data/activation/catalogs,2026-09-02,4345,3955,597,9,5,0,0,0,company-own (technical)
docs__user_guide__data__activation__catalogs__catalog_triggers__back_in_stock_notifications,docs__user_guide__data__activation__catalogs__catalog_triggers__back_in_stock_notifications.md,Back-in-stock notifications,"Learn how to set up back-in-stock notifications using your catalog and custom events, so you can automatically subscribe customers to receive notifications when an item...",user_guide/data,https://www.braze.com/docs/user_guide/data/activation/catalogs/catalog_triggers/back_in_stock_notifications,2026-09-02,7489,6967,1107,6,4,8,8,0,company-own (technical)
docs__user_guide__data__activation__catalogs__catalog_triggers__price_drop_notifications,docs__user_guide__data__activation__catalogs__catalog_triggers__price_drop_notifications.md,Price drop notifications,This reference article describes how to create price drop notifications in Braze catalogs.,user_guide/data,https://www.braze.com/docs/user_guide/data/activation/catalogs/catalog_triggers/price_drop_notifications,2026-09-02,7147,6715,1074,8,5,2,12,0,company-own (technical)
docs__user_guide__data__activation__catalogs__create,docs__user_guide__data__activation__catalogs__create.md,Create a catalog,This reference article covers how to create catalogs that reference non-user data in your Braze campaigns through Liquid.,user_guide/data,https://www.braze.com/docs/user_guide/data/activation/catalogs/create,2026-09-02,11802,11418,1810,21,9,2,104,2,company-own (technical)
docs__user_guide__data__activation__catalogs__selections,docs__user_guide__data__activation__catalogs__selections.md,Selections,This reference article covers how to create and use selections with your catalogs to reference data in your Braze campaigns.,user_guide/data,https://www.braze.com/docs/user_guide/data/activation/catalogs/selections,2026-09-02,6371,5982,926,10,5,2,8,0,company-own (technical)
docs__user_guide__data__activation__catalogs__use,docs__user_guide__data__activation__catalogs__use.md,Using catalogs,This reference article covers how to use catalogs to reference non-user data in your Braze campaigns through Liquid.,user_guide/data,https://www.braze.com/docs/user_guide/data/activation/catalogs/use,2026-09-02,11671,11300,1770,19,5,22,33,0,company-own (technical)
docs__user_guide__data__activation__custom_data,docs__user_guide__data__activation__custom_data.md,Custom data,"Custom data powers your engagement strategy in Braze. Learn about custom attributes, events, catalogs, data types, and how to manage your data integrity.",user_guide/data,https://www.braze.com/docs/user_guide/data/activation/custom_data,2026-09-02,4611,4209,656,9,4,0,0,0,company-own (technical)
docs__user_guide__data__activation__custom_data__blocklist_custom_data,docs__user_guide__data__activation__custom_data__blocklist_custom_data.md,Blocklist custom data,This reference article covers how to blocklist and delete custom events and attributes in Braze.,user_guide/data,https://www.braze.com/docs/user_guide/data/activation/custom_data/blocklist_custom_data,2026-09-02,8450,8050,1241,8,2,0,0,0,company-own (technical)
docs__user_guide__data__activation__custom_data__data_types,docs__user_guide__data__activation__custom_data__data_types.md,Data types,"Reference for supported data types for custom attributes, event properties, and catalogs in Braze.",user_guide/data,https://www.braze.com/docs/user_guide/data/activation/custom_data/data_types,2026-09-02,28781,28412,4529,28,10,0,287,0,company-own (technical)
docs__user_guide__data__activation__custom_data__managing_custom_data,docs__user_guide__data__activation__custom_data__managing_custom_data.md,Manage custom data,"This reference article covers how to manage custom events and attributes—pre-populating, adding descriptions and tags, managing event properties, forcing data types, and marking attributes as...",user_guide/data,https://www.braze.com/docs/user_guide/data/activation/custom_data/managing_custom_data,2026-09-02,6561,6066,993,8,4,0,12,0,company-own (technical)
docs__user_guide__data__activation__events,docs__user_guide__data__activation__events.md,Events,"Events in Braze track what your users do. Learn about custom events, recommended events, purchase events, and event naming conventions.",user_guide/data,https://www.braze.com/docs/user_guide/data/activation/events,2026-09-02,1147,778,111,2,1,0,0,0,company-own (technical)
docs__user_guide__data__activation__events__custom_events,docs__user_guide__data__activation__events__custom_events.md,Custom events,"This article describes custom events and properties, segmentation, usage, Canvas entry properties, where to view relevant analytics, and more.",user_guide/data,https://www.braze.com/docs/user_guide/data/activation/events/custom_events,2026-09-02,9895,9483,1515,16,9,0,33,0,company-own (technical)
docs__user_guide__data__activation__events__custom_events__custom_event_properties,docs__user_guide__data__activation__events__custom_events__custom_event_properties.md,Custom event properties,"This article describes custom event properties, their expected format, how to use them, and custom event property storage.",user_guide/data,https://www.braze.com/docs/user_guide/data/activation/events/custom_events/custom_event_properties,2026-09-02,13510,13059,2028,17,4,6,14,0,company-own (technical)
docs__user_guide__data__activation__events__custom_events__nested_objects,docs__user_guide__data__activation__events__custom_events__nested_objects.md,Nested objects in custom events,"This article describes how to send nested JSON data as properties of custom events and purchases, and how to use those nested objects in your...",user_guide/data,https://www.braze.com/docs/user_guide/data/activation/events/custom_events/nested_objects,2026-09-02,8104,7641,1143,16,5,4,4,0,company-own (technical)
docs__user_guide__data__activation__events__event_naming_conventions,docs__user_guide__data__activation__events__event_naming_conventions.md,Event naming conventions,This reference article covers proper event naming conventions and best practices.,user_guide/data,https://www.braze.com/docs/user_guide/data/activation/events/event_naming_conventions,2026-09-02,2376,1992,303,7,3,0,0,0,company-own (technical)
docs__user_guide__data__activation__events__purchase_events,docs__user_guide__data__activation__events__purchase_events.md,Purchase events,"This reference article describes purchase events and properties, their usage, segmentation, where to view relevant analytics, and more.",user_guide/data,https://www.braze.com/docs/user_guide/data/activation/events/purchase_events,2026-09-02,15826,15415,2407,19,5,6,18,0,company-own (technical)
docs__user_guide__data__activation__events__recommended_events,docs__user_guide__data__activation__events__recommended_events.md,Recommended events,"This reference article describes recommended events, which are recommendations provided by Braze for eCommerce events.",user_guide/data,https://www.braze.com/docs/user_guide/data/activation/events/recommended_events,2026-09-02,34860,34457,4661,43,3,14,506,16,company-own (technical)
docs__user_guide__data__activation__events__recommended_events__ecommerce_events,docs__user_guide__data__activation__events__recommended_events__ecommerce_events.md,How to use eCommerce Events,"Learn how to use eCommerce recommended events in Braze, including supported features, key metrics, and best practices for segmentation, messaging,.",user_guide/data,https://www.braze.com/docs/user_guide/data/activation/events/recommended_events/ecommerce_events,2026-09-02,13054,12578,1811,14,3,0,64,0,company-own (technical)
docs__user_guide__data__distribution,docs__user_guide__data__distribution.md,Data distribution,This section includes articles related to data distribution in the Braze Data Platform.,user_guide/data,https://www.braze.com/docs/user_guide/data/distribution,2026-09-02,1030,709,99,3,2,0,0,0,company-own (technical)
docs__user_guide__data__distribution__braze_currents,docs__user_guide__data__distribution__braze_currents.md,Braze Currents,"This landing page lists articles about the Braze data product called Currents. Here, you can find out how to set up Currents, available partners, delivery...",user_guide/data,https://www.braze.com/docs/user_guide/data/distribution/braze_currents,2026-09-02,2848,2429,366,5,4,0,0,0,company-own (technical)
docs__user_guide__data__distribution__braze_currents__event_glossary,docs__user_guide__data__distribution__braze_currents__event_glossary.md,Currents event glossary,"A reference for all Braze Currents events, including message engagement events, customer behavior events, and user profile events.",user_guide/data,https://www.braze.com/docs/user_guide/data/distribution/braze_currents/event_glossary,2026-09-02,759,327,43,3,2,0,0,0,company-own (technical)
docs__user_guide__data__distribution__braze_currents__event_glossary__currents_changelogs,docs__user_guide__data__distribution__braze_currents__event_glossary__currents_changelogs.md,Currents changelog,This page includes the event changes for each Currents release.,user_guide/data,https://www.braze.com/docs/user_guide/data/distribution/braze_currents/event_glossary/currents_changelogs,2026-09-02,20749,20348,2962,23,11,0,0,0,company-own (technical)
docs__user_guide__data__distribution__braze_currents__event_glossary__customer_behavior_events,docs__user_guide__data__distribution__braze_currents__event_glossary__customer_behavior_events.md,Customer behavior and user events,This glossary lists the various Customer Behavior and User Events that Braze can track and send to chosen Data Warehouses using Currents.,user_guide/data,https://www.braze.com/docs/user_guide/data/distribution/braze_currents/event_glossary/customer_behavior_events,2026-09-02,81149,80649,11146,25,12,104,120,0,company-own (technical)
docs__user_guide__data__distribution__braze_currents__event_glossary__message_engagement_events,docs__user_guide__data__distribution__braze_currents__event_glossary__message_engagement_events.md,Message engagement events,This glossary lists the various Message Engagement Events that Braze can track and send to chosen Data Warehouses using Currents.,user_guide/data,https://www.braze.com/docs/user_guide/data/distribution/braze_currents/event_glossary/message_engagement_events,2026-09-02,65523,65037,9144,137,87,0,75,0,company-own (technical)
docs__user_guide__data__distribution__braze_currents__event_glossary__user_profiles_events,docs__user_guide__data__distribution__braze_currents__event_glossary__user_profiles_events.md,User profiles,This glossary lists the user profile updates that Braze can track and send to chosen Data Warehouses using Currents.,user_guide/data,https://www.braze.com/docs/user_guide/data/distribution/braze_currents/event_glossary/user_profiles_events,2026-09-02,8504,8053,1190,5,3,12,12,0,company-own (technical)
docs__user_guide__data__distribution__braze_currents__faq,docs__user_guide__data__distribution__braze_currents__faq.md,Frequently asked questions,This article addresses some of the most frequently asked questions that arise when setting up Braze Currents.,user_guide/data,https://www.braze.com/docs/user_guide/data/distribution/braze_currents/faq,2026-09-02,14280,13888,2229,33,32,0,0,0,company-own (technical)
docs__user_guide__data__distribution__braze_currents__setting_up_currents,docs__user_guide__data__distribution__braze_currents__setting_up_currents.md,Set up Currents,This how-to article walks you through the process for integrating and configuring Braze Currents.,user_guide/data,https://www.braze.com/docs/user_guide/data/distribution/braze_currents/setting_up_currents,2026-09-02,10286,9885,1622,16,5,0,20,0,company-own (technical)
docs__user_guide__data__distribution__braze_currents__setting_up_currents__available_partners,docs__user_guide__data__distribution__braze_currents__setting_up_currents__available_partners.md,Available partners,"This reference article outlines the data partners you can use to integrate with Braze Currents, and their use cases.",user_guide/data,https://www.braze.com/docs/user_guide/data/distribution/braze_currents/setting_up_currents/available_partners,2026-09-02,1957,1495,219,5,4,0,0,0,company-own (technical)
docs__user_guide__data__distribution__braze_currents__setting_up_currents__custom_http_connector,docs__user_guide__data__distribution__braze_currents__setting_up_currents__custom_http_connector.md,Custom Currents Export,This reference article outlines how to set up a Custom Currents Export to stream Braze Currents event data directly to your own HTTP endpoint in...,user_guide/data,https://www.braze.com/docs/user_guide/data/distribution/braze_currents/setting_up_currents/custom_http_connector,2026-09-02,9578,9075,1416,13,8,8,41,0,company-own (technical)
docs__user_guide__data__distribution__braze_currents__setting_up_currents__event_delivery_semantics,docs__user_guide__data__distribution__braze_currents__setting_up_currents__event_delivery_semantics.md,Event delivery semantics,This reference article outlines and defines how Currents manages flat file event data we send to Data Warehouse Storage partners.,user_guide/data,https://www.braze.com/docs/user_guide/data/distribution/braze_currents/setting_up_currents/event_delivery_semantics,2026-09-02,8093,7600,1183,10,4,6,28,0,company-own (technical)
docs__user_guide__data__distribution__braze_currents__use_cases,docs__user_guide__data__distribution__braze_currents__use_cases.md,Currents use cases,"This landing page covers common use cases for Braze Currents, including transferring data to Snowflake, Redshift, and understanding how Braze uses Currents.",user_guide/data,https://www.braze.com/docs/user_guide/data/distribution/braze_currents/use_cases,2026-09-02,717,274,37,2,1,0,0,0,company-own (technical)
docs__user_guide__data__distribution__braze_currents__use_cases__how_braze_uses_currents,docs__user_guide__data__distribution__braze_currents__use_cases__how_braze_uses_currents.md,How Braze uses Currents,"This Currents how-to article will walk you through the basic process for setting up proper intakes for event data, as well as moving it into...",user_guide/data,https://www.braze.com/docs/user_guide/data/distribution/braze_currents/use_cases/how_braze_uses_currents,2026-09-02,3256,2772,458,7,4,0,0,0,company-own (technical)
docs__user_guide__data__distribution__braze_currents__use_cases__s3_to_snowflake,docs__user_guide__data__distribution__braze_currents__use_cases__s3_to_snowflake.md,Transfer data from Amazon S3 to Snowflake,"This how-to article will walk you through transferring data from cloud storage (like Amazon S3) to a warehouse (like Snowflake) using the Extract, Transform, Load...",user_guide/data,https://www.braze.com/docs/user_guide/data/distribution/braze_currents/use_cases/s3_to_snowflake,2026-09-02,8794,8286,1205,6,3,16,16,0,company-own (technical)
docs__user_guide__data__distribution__braze_currents__use_cases__transferring_data_to_redshift,docs__user_guide__data__distribution__braze_currents__use_cases__transferring_data_to_redshift.md,Transfer data to Redshift,"This how-to article will walk you through how to transfer data from Amazon S3 to Redshift through an Extract, Transform, Load (ETL) process.",user_guide/data,https://www.braze.com/docs/user_guide/data/distribution/braze_currents/use_cases/transferring_data_to_redshift,2026-09-02,7436,6941,968,22,4,8,8,0,company-own (technical)
docs__user_guide__data__distribution__export_braze_data,docs__user_guide__data__distribution__export_braze_data.md,Exporting Braze Data,"This landing page is home to resources on exporting Braze data, such as how to export campaign and Canvas results, segment data, overview and revenue...",user_guide/data,https://www.braze.com/docs/user_guide/data/distribution/export_braze_data,2026-09-02,1464,1038,155,4,3,0,0,0,company-own (technical)
docs__user_guide__data__distribution__export_braze_data__export_apis,docs__user_guide__data__distribution__export_braze_data__export_apis.md,Export APIs,This reference article helps you decide when to use export APIs instead of CSV downloads from the dashboard.,user_guide/data,https://www.braze.com/docs/user_guide/data/distribution/export_braze_data/export_apis,2026-09-02,1851,1453,227,2,1,0,12,0,company-own (technical)
docs__user_guide__data__distribution__export_braze_data__export_campaign_results_data,docs__user_guide__data__distribution__export_braze_data__export_campaign_results_data.md,Export campaign data,"This reference article covers how to export campaign results data from single, multi-channel, or multivariate campaigns. The article also lists how to export user data...",user_guide/data,https://www.braze.com/docs/user_guide/data/distribution/export_braze_data/export_campaign_results_data,2026-09-02,4058,3555,567,4,3,0,0,0,company-own (technical)
docs__user_guide__data__distribution__export_braze_data__export_canvas_data,docs__user_guide__data__distribution__export_braze_data__export_canvas_data.md,Export Canvas data,This reference article covers how to export Canvas analytics.,user_guide/data,https://www.braze.com/docs/user_guide/data/distribution/export_braze_data/export_canvas_data,2026-09-02,2616,2244,367,4,3,0,0,0,company-own (technical)
docs__user_guide__data__distribution__export_braze_data__export_troubleshooting,docs__user_guide__data__distribution__export_braze_data__export_troubleshooting.md,Export troubleshooting,"Diagnose CSV and API export failures using a symptom index, standard investigation path, and storage-specific error guidance.",user_guide/data,https://www.braze.com/docs/user_guide/data/distribution/export_braze_data/export_troubleshooting,2026-09-02,13682,13234,2156,24,8,0,16,0,company-own (technical)
docs__user_guide__data__distribution__export_braze_data__faqs,docs__user_guide__data__distribution__export_braze_data__faqs.md,Frequently asked questions,This article covers some frequently asked questions for API and CSV exports.,user_guide/data,https://www.braze.com/docs/user_guide/data/distribution/export_braze_data/faqs,2026-09-02,2699,2332,397,8,7,0,0,0,company-own (technical)
docs__user_guide__data__distribution__export_braze_data__message_archiving,docs__user_guide__data__distribution__export_braze_data__message_archiving.md,Message archiving,"This reference article covers message archiving, a feature that allows you to save a copy of messages sent to users.",user_guide/data,https://www.braze.com/docs/user_guide/data/distribution/export_braze_data/message_archiving,2026-09-02,13031,12607,1842,18,5,6,9,0,company-own (technical)
docs__user_guide__data__distribution__export_braze_data__segment_data_to_csv,docs__user_guide__data__distribution__export_braze_data__segment_data_to_csv.md,Export segment data to CSV,"This reference article covers how to export segment data to CSV, required Export User Data permissions, Canvas step exports, and fields included in the export....",user_guide/data,https://www.braze.com/docs/user_guide/data/distribution/export_braze_data/segment_data_to_csv,2026-09-02,6805,6322,925,6,3,0,94,0,company-own (technical)
docs__user_guide__data__infrastructure,docs__user_guide__data__infrastructure.md,Data infrastructure,This section includes articles related to the data infrastructure in Braze.,user_guide/data,https://www.braze.com/docs/user_guide/data/infrastructure,2026-09-02,802,487,70,2,1,0,0,0,company-own (technical)
docs__user_guide__data__infrastructure__data_centers,docs__user_guide__data__infrastructure__data_centers.md,Data centers,"This reference article covers information about data centers, including where they're located and how to sign up for region-specific data centers.",user_guide/data,https://www.braze.com/docs/user_guide/data/infrastructure/data_centers,2026-09-02,3847,3441,546,10,3,0,63,30,company-own (technical)
docs__user_guide__data__infrastructure__data_points,docs__user_guide__data__infrastructure__data_points.md,Data points,This reference article outlines what data points are at Braze and how you can be aware of their usage.,user_guide/data,https://www.braze.com/docs/user_guide/data/infrastructure/data_points,2026-09-02,8757,8398,1193,12,4,0,133,0,company-own (technical)
docs__user_guide__data__infrastructure__field_level_encryption,docs__user_guide__data__infrastructure__field_level_encryption.md,Identifier field-level encryption,This reference article covers how to encrypt email addresses to minimize personally identifiable information (PII) shared in Braze.,user_guide/data,https://www.braze.com/docs/user_guide/data/infrastructure/field_level_encryption,2026-09-02,7884,7452,1182,18,7,0,0,0,company-own (technical)
docs__user_guide__data__unification,docs__user_guide__data__unification.md,Data unification,This section includes articles related to data unification in the Braze Data Platform.,user_guide/data,https://www.braze.com/docs/user_guide/data/unification,2026-09-02,762,445,63,3,2,0,0,0,company-own (technical)
docs__user_guide__data__unification__cloud_ingestion,docs__user_guide__data__unification__cloud_ingestion.md,Braze Cloud Data Ingestion,This reference article covers Braze Cloud Data Ingestion sources and data setup recommendations.,user_guide/data,https://www.braze.com/docs/user_guide/data/unification/cloud_ingestion,2026-09-02,7132,6762,1052,12,7,0,28,2,company-own (technical)
docs__user_guide__data__unification__cloud_ingestion__best_practices,docs__user_guide__data__unification__cloud_ingestion__best_practices.md,Best practices,"This page provides an overview of Cloud Data Ingestion, best practices, and product limitations.",user_guide/data,https://www.braze.com/docs/user_guide/data/unification/cloud_ingestion/best_practices,2026-09-02,21063,20674,3041,20,7,36,208,0,company-own (technical)
docs__user_guide__data__unification__cloud_ingestion__connected_sources,docs__user_guide__data__unification__cloud_ingestion__connected_sources.md,Connected Sources,"This page covers how to use Braze Cloud Data Ingestion to sync relevant data with your Snowflake, Redshift, BigQuery, and Databricks integration.",user_guide/data,https://www.braze.com/docs/user_guide/data/unification/cloud_ingestion/connected_sources,2026-09-02,35523,35076,6014,37,3,10,10,0,company-own (technical)
docs__user_guide__data__unification__cloud_ingestion__decisioning_studio,docs__user_guide__data__unification__cloud_ingestion__decisioning_studio.md,Sync BrazeAI Decisioning Studio data,Learn how to sync data warehouse tables to BrazeAI Decisioning Studio using Cloud Data Ingestion.,user_guide/data,https://www.braze.com/docs/user_guide/data/unification/cloud_ingestion/decisioning_studio,2026-09-02,6199,5779,938,11,5,2,12,0,company-own (technical)
docs__user_guide__data__unification__cloud_ingestion__delete_users,docs__user_guide__data__unification__cloud_ingestion__delete_users.md,Delete users with Cloud Data Ingestion,This page provides an overview of the process for deleting users with Cloud Data Ingestion.,user_guide/data,https://www.braze.com/docs/user_guide/data/unification/cloud_ingestion/delete_users,2026-09-02,5723,5319,776,6,2,6,42,0,company-own (technical)
docs__user_guide__data__unification__cloud_ingestion__faqs,docs__user_guide__data__unification__cloud_ingestion__faqs.md,Frequently asked questions,This page answers frequently asked questions about Cloud Data Ingestion.,user_guide/data,https://www.braze.com/docs/user_guide/data/unification/cloud_ingestion/faqs,2026-09-02,14531,14174,2361,38,12,4,4,0,company-own (technical)
docs__user_guide__data__unification__cloud_ingestion__file_storage_integrations,docs__user_guide__data__unification__cloud_ingestion__file_storage_integrations.md,File storage integrations,This page covers Braze Cloud Data Ingestion and how to sync relevant data from Amazon S3 or Google Cloud Storage to Braze.,user_guide/data,https://www.braze.com/docs/user_guide/data/unification/cloud_ingestion/file_storage_integrations,2026-09-02,32315,31867,4790,37,10,40,92,0,company-own (technical)
docs__user_guide__data__unification__cloud_ingestion__integrations,docs__user_guide__data__unification__cloud_ingestion__integrations.md,Data warehouse storage integrations,"This page covers how to use Braze Cloud Data Ingestion to sync relevant data with your Snowflake, Redshift, BigQuery, and Databricks integration.",user_guide/data,https://www.braze.com/docs/user_guide/data/unification/cloud_ingestion/integrations,2026-09-02,53302,52847,8681,53,3,28,82,1,company-own (technical)
docs__user_guide__data__unification__cloud_ingestion__sql_editor,docs__user_guide__data__unification__cloud_ingestion__sql_editor.md,Cloud Data Ingestion: SQL Editor,Learn how to create and validate Cloud Data Ingestion syncs with SQL queries.,user_guide/data,https://www.braze.com/docs/user_guide/data/unification/cloud_ingestion/sql_editor,2026-09-02,11413,11033,1616,33,7,12,38,0,company-own (technical)
docs__user_guide__data__unification__cloud_ingestion__sync_catalogs_data,docs__user_guide__data__unification__cloud_ingestion__sync_catalogs_data.md,Sync and delete catalog data,This page provides an overview of how to sync catalog data.,user_guide/data,https://www.braze.com/docs/user_guide/data/unification/cloud_ingestion/sync_catalogs_data,2026-09-02,14156,13782,2027,4,3,33,77,0,company-own (technical)
docs__user_guide__data__unification__cloud_ingestion__sync_logs,docs__user_guide__data__unification__cloud_ingestion__sync_logs.md,Sync logs and observability,This page provides an overview of the observability features available in CDI.,user_guide/data,https://www.braze.com/docs/user_guide/data/unification/cloud_ingestion/sync_logs,2026-09-02,6086,5712,943,10,2,0,0,0,company-own (technical)
docs__user_guide__data__unification__cloud_ingestion__table_setup,docs__user_guide__data__unification__cloud_ingestion__table_setup.md,Cloud Data Ingestion table setup,Learn how to set up your CDI source table and how that setup differs from payload formatting requirements.,user_guide/data,https://www.braze.com/docs/user_guide/data/unification/cloud_ingestion/table_setup,2026-09-02,4880,4469,607,7,4,8,22,0,company-own (technical)
docs__user_guide__data__unification__cloud_ingestion__visual_mapper,docs__user_guide__data__unification__cloud_ingestion__visual_mapper.md,Cloud Data Ingestion: Visual mapper,"Learn how to sync a table or view from your data warehouse with Cloud Data Ingestion's visual mapper, without writing SQL.",user_guide/data,https://www.braze.com/docs/user_guide/data/unification/cloud_ingestion/visual_mapper,2026-09-02,7332,6898,1139,14,4,0,10,0,company-own (technical)
docs__user_guide__data__unification__cloud_ingestion__zero_copy_sync,docs__user_guide__data__unification__cloud_ingestion__zero_copy_sync.md,Zero-copy personalization using CDI,This page provides an overview of how to trigger Braze Canvases using CDI.,user_guide/data,https://www.braze.com/docs/user_guide/data/unification/cloud_ingestion/zero_copy_sync,2026-09-02,17065,16677,2468,25,1,18,76,0,company-own (technical)
docs__user_guide__data__unification__creating_a_formula,docs__user_guide__data__unification__creating_a_formula.md,Create a formula,"This reference article covers creating and managing formulas, which help you easily understand complex relationships that exist in your data.",user_guide/data,https://www.braze.com/docs/user_guide/data/unification/creating_a_formula,2026-09-02,3245,2834,429,7,3,0,22,0,company-own (technical)
docs__user_guide__data__unification__data_transformation,docs__user_guide__data__unification__data_transformation.md,Data Transformation,"This landing page is home to articles about Braze Data Transformation, including how to create a data transformation and uses cases.",user_guide/data,https://www.braze.com/docs/user_guide/data/unification/data_transformation,2026-09-02,4891,4484,698,11,4,0,9,0,company-own (technical)
docs__user_guide__data__unification__data_transformation__creating_a_transformation,docs__user_guide__data__unification__data_transformation__creating_a_transformation.md,Create a transformation,This reference article provides steps to create a transformation using Braze Data Transformation.,user_guide/data,https://www.braze.com/docs/user_guide/data/unification/data_transformation/creating_a_transformation,2026-09-02,13662,13233,1953,8,6,4,10,0,company-own (technical)
docs__user_guide__data__unification__data_transformation__use_cases,docs__user_guide__data__unification__data_transformation__use_cases.md,Data Transformation use cases,This reference article provides some use cases for Braze Data Transformation.,user_guide/data,https://www.braze.com/docs/user_guide/data/unification/data_transformation/use_cases,2026-09-02,3985,3602,479,6,5,6,6,0,company-own (technical)
docs__user_guide__data__unification__user_data,docs__user_guide__data__unification__user_data.md,User data in Braze,"This landing page is home to articles on user data collection. Here, you can find resources on archival definitions, importing users, the user profile lifecycle,...",user_guide/data,https://www.braze.com/docs/user_guide/data/unification/user_data,2026-09-02,1445,1027,155,2,1,0,0,0,company-own (technical)
docs__user_guide__data__unification__user_data__best_practices,docs__user_guide__data__unification__user_data__best_practices.md,Collection best practices,The following article helps clarify different methods and best practices for collecting new and existing user data.,user_guide/data,https://www.braze.com/docs/user_guide/data/unification/user_data/best_practices,2026-09-02,5103,4696,769,9,5,0,0,0,company-own (technical)
docs__user_guide__data__unification__user_data__collection_use_case,docs__user_guide__data__unification__user_data__collection_use_case.md,Collection use case,This reference article covers a user data collection use case on how a ride-sharing app might decide what user data to collect.,user_guide/data,https://www.braze.com/docs/user_guide/data/unification/user_data/collection_use_case,2026-09-02,3482,3059,479,4,3,0,0,0,company-own (technical)
docs__user_guide__data__unification__user_data__language_codes,docs__user_guide__data__unification__user_data__language_codes.md,Language codes,These are the user language codes that are currently supported by Braze.,user_guide/data,https://www.braze.com/docs/user_guide/data/unification/user_data/language_codes,2026-09-02,4068,3715,390,2,1,0,342,0,company-own (technical)
docs__user_guide__data__unification__user_data__sdk_data_collection,docs__user_guide__data__unification__user_data__sdk_data_collection.md,SDK data collection,"This reference article addresses the data that is collected by the SDK through a personalized integration, automatically collected integration,.",user_guide/data,https://www.braze.com/docs/user_guide/data/unification/user_data/sdk_data_collection,2026-09-02,11027,10587,1590,6,4,0,123,0,company-own (technical)
docs__user_guide__data__unification__user_data__user_profile_lifecycle,docs__user_guide__data__unification__user_data__user_profile_lifecycle.md,User profile lifecycle,"This reference article describes the Braze user profile lifecycle, and the various ways a user profile can be identified and referenced.",user_guide/data,https://www.braze.com/docs/user_guide/data/unification/user_data/user_profile_lifecycle,2026-09-02,10564,10123,1678,16,4,0,0,0,company-own (technical)
docs__user_guide__data__unification__user_data__user_profile_lifecycle__anonymous_users,docs__user_guide__data__unification__user_data__user_profile_lifecycle__anonymous_users.md,Anonymous users,"This article provides an overview of anonymous users and user aliases, outlining their significance and how they can be leveraged in your messages.",user_guide/data,https://www.braze.com/docs/user_guide/data/unification/user_data/user_profile_lifecycle/anonymous_users,2026-09-02,5547,5069,818,8,5,4,4,0,company-own (technical)
docs__user_guide__example_library,docs__user_guide__example_library.md,Example library,Explore example patterns that combine Braze features to help you accomplish messaging and engagement goals.,user_guide/example_library,https://www.braze.com/docs/user_guide/example_library,2026-09-02,1990,1645,245,4,3,0,0,0,company-own (technical)
docs__user_guide__example_library__analytics__ecommerce_order_placed_sql_dashboards,docs__user_guide__example_library__analytics__ecommerce_order_placed_sql_dashboards.md,Report on eCommerce Order Placed events in Dashboard Builder,Use Query Builder SQL on ecommerce.order_placed events to build revenue and order tiles in Dashboard Builder for eCommerce reporting.,user_guide/example_library,https://www.braze.com/docs/user_guide/example_library/analytics/ecommerce_order_placed_sql_dashboards,2026-09-02,8273,7759,1123,13,4,10,18,0,company-own (technical)
docs__user_guide__example_library__catalogs__filter_catalog_items_by_date_range,docs__user_guide__example_library__catalogs__filter_catalog_items_by_date_range.md,Filter catalog items by date range,"Use catalog selections with Liquid date expressions to surface catalog items within a rolling time window, such as events in the next seven days.",user_guide/example_library,https://www.braze.com/docs/user_guide/example_library/catalogs/filter_catalog_items_by_date_range,2026-09-02,5938,5446,803,10,4,8,49,0,company-own (technical)
docs__user_guide__example_library__catalogs__manage_localized_content_with_catalogs,docs__user_guide__example_library__catalogs__manage_localized_content_with_catalogs.md,Manage localized content with Braze catalogs,"Store localized product copy, prices, and image URLs in Braze catalogs and resolve the correct language at send time.",user_guide/example_library,https://www.braze.com/docs/user_guide/example_library/catalogs/manage_localized_content_with_catalogs,2026-09-02,9930,9448,1325,10,4,8,77,4,company-own (technical)
docs__user_guide__example_library__catalogs__match_catalog_items_to_attribute_array,docs__user_guide__example_library__catalogs__match_catalog_items_to_attribute_array.md,Match catalog items to a custom attribute array,"Use a catalog selection and Liquid to show catalog rows whose names or IDs appear in a custom attribute array, such as a wishlist.",user_guide/example_library,https://www.braze.com/docs/user_guide/example_library/catalogs/match_catalog_items_to_attribute_array,2026-09-02,5143,4645,687,8,4,2,10,0,company-own (technical)
docs__user_guide__example_library__data__compare_data_ingestion_options,docs__user_guide__example_library__data__compare_data_ingestion_options.md,Compare persistent and zero-copy data ingestion options,"Compare Cloud Data Ingestion standard syncs, CDI Segments, CDI Canvas triggers, and the /users/track API to choose how warehouse or application data reaches Braze profiles,...",user_guide/example_library,https://www.braze.com/docs/user_guide/example_library/data/compare_data_ingestion_options,2026-09-02,7453,6926,1000,9,4,0,65,0,company-own (technical)
docs__user_guide__example_library__localization__compare_translation_approaches,docs__user_guide__example_library__localization__compare_translation_approaches.md,Compare approaches for managing multi-language translations,"Compare manual Liquid, Content Blocks, catalogs, multi-language messages, translation partners, and Connected Content to choose how Kitchenerie manages localized copy.",user_guide/example_library,https://www.braze.com/docs/user_guide/example_library/localization/compare_translation_approaches,2026-09-02,7522,6983,926,9,4,0,105,0,company-own (technical)
docs__user_guide__example_library__personalize__test_messages_with_mock_json,docs__user_guide__example_library__personalize__test_messages_with_mock_json.md,Test messages with mock JSON in preview,Use Liquid capture and json_parse to mock Connected Content or entry-style JSON in the message composer preview without launching a campaign or sending test messages....,user_guide/example_library,https://www.braze.com/docs/user_guide/example_library/personalize/test_messages_with_mock_json,2026-09-02,4570,4055,594,9,4,6,15,2,company-own (technical)
docs__user_guide__example_library__web__link_cross_domain_users_via_device_id,docs__user_guide__example_library__web__link_cross_domain_users_via_device_id.md,Link cross-domain Web SDK users through device ID,Pass the Braze Web SDK device ID from Kitchenerie's marketing site to a separate shop domain so anonymous activity shares one user profile.,user_guide/example_library,https://www.braze.com/docs/user_guide/example_library/web/link_cross_domain_users_via_device_id,2026-09-02,5954,5457,816,8,4,6,6,0,company-own (technical)
docs__user_guide__get_started,docs__user_guide__get_started.md,Get started: Braze overview,Get acquainted with the core concepts you'll need to know when working in Braze.,user_guide/get_started,https://www.braze.com/docs/user_guide/get_started,2026-09-02,6471,6153,979,6,5,0,0,0,company-own (technical)
docs__user_guide__get_started__b2b_use_cases,docs__user_guide__get_started__b2b_use_cases.md,B2B use cases,Check out the different ways you can use Braze to support your B2B use cases.,user_guide/get_started,https://www.braze.com/docs/user_guide/get_started/b2b_use_cases,2026-09-02,959,629,87,2,1,0,0,0,company-own (technical)
docs__user_guide__get_started__b2b_use_cases__account_based_segmentation,docs__user_guide__get_started__b2b_use_cases__account_based_segmentation.md,Set up account-based segmentation,Learn how to use various Braze features to power your B2B account-based segmentation use cases.,user_guide/get_started,https://www.braze.com/docs/user_guide/get_started/b2b_use_cases/account_based_segmentation,2026-09-02,5528,5105,707,8,2,4,18,0,company-own (technical)
docs__user_guide__get_started__b2b_use_cases__b2b_data_models,docs__user_guide__get_started__b2b_use_cases__b2b_data_models.md,Create a B2B data model,Learn how to use Braze data tools to create B2B models.,user_guide/get_started,https://www.braze.com/docs/user_guide/get_started/b2b_use_cases/b2b_data_models,2026-09-02,8620,8269,1206,11,2,2,81,0,company-own (technical)
docs__user_guide__get_started__b2b_use_cases__b2b_salesforce_sales_cloud,docs__user_guide__get_started__b2b_use_cases__b2b_salesforce_sales_cloud.md,Manage leads with Salesforce Sales Cloud,Learn how to use Braze webhooks to create and update leads in Salesforce Sales Cloud through the Salesforce sobjects/Lead endpoint.,user_guide/get_started,https://www.braze.com/docs/user_guide/get_started/b2b_use_cases/b2b_salesforce_sales_cloud,2026-09-02,9302,8836,1309,20,6,0,42,5,company-own (technical)
docs__user_guide__get_started__b2b_use_cases__lead_scoring,docs__user_guide__get_started__b2b_use_cases__lead_scoring.md,Create a lead-scoring workflow,"Learn how to use Braze to do simple lead scoring, external lead scoring, and lead handoffs.",user_guide/get_started,https://www.braze.com/docs/user_guide/get_started/b2b_use_cases/lead_scoring,2026-09-02,9278,8890,1405,25,3,2,16,2,company-own (technical)
docs__user_guide__get_started__braze_pilot,docs__user_guide__get_started__braze_pilot.md,Braze Pilot,Check out the different ways you can use Braze to launch messages from the Braze dashboard to your phone.,user_guide/get_started,https://www.braze.com/docs/user_guide/get_started/braze_pilot,2026-09-02,5679,5327,829,13,6,0,0,0,company-own (technical)
docs__user_guide__get_started__braze_pilot__data_dictionary,docs__user_guide__get_started__braze_pilot__data_dictionary.md,Data dictionary,This reference article briefly covers the integration steps required from your engineers or developers.,user_guide/get_started,https://www.braze.com/docs/user_guide/get_started/braze_pilot/data_dictionary,2026-09-02,3531,3144,384,3,2,0,95,0,company-own (technical)
docs__user_guide__get_started__braze_pilot__deep_links,docs__user_guide__get_started__braze_pilot__deep_links.md,Navigation deep links in Braze Pilot,This reference article briefly covers the integration steps required from your engineers or developers.,user_guide/get_started,https://www.braze.com/docs/user_guide/get_started/braze_pilot/deep_links,2026-09-02,7620,7222,912,18,4,0,246,6,company-own (technical)
docs__user_guide__get_started__braze_pilot__getting_started,docs__user_guide__get_started__braze_pilot__getting_started.md,Get started with Braze Pilot,This reference article briefly covers the integration steps required from your engineers or developers.,user_guide/get_started,https://www.braze.com/docs/user_guide/get_started/braze_pilot/getting_started,2026-09-02,3579,3179,544,8,5,0,4,0,company-own (technical)
docs__user_guide__get_started__campaigns_and_canvases,docs__user_guide__get_started__campaigns_and_canvases.md,Get started: Campaigns and Canvases,This article provides an overview of the different ways you can send messages with Braze.,user_guide/get_started,https://www.braze.com/docs/user_guide/get_started/campaigns_and_canvases,2026-09-02,5944,5562,848,4,3,0,34,0,company-own (technical)
docs__user_guide__get_started__integrations,docs__user_guide__get_started__integrations.md,Integration,This reference article briefly covers the integration steps required from your engineers or developers.,user_guide/get_started,https://www.braze.com/docs/user_guide/get_started/integrations,2026-09-02,6047,5695,933,8,2,0,14,0,company-own (technical)
docs__user_guide__get_started__sdk_overview,docs__user_guide__get_started__sdk_overview.md,SDK overview,This reference article covers the basics of the Braze SDK.,user_guide/get_started,https://www.braze.com/docs/user_guide/get_started/sdk_overview,2026-09-02,4601,4293,704,8,7,0,0,0,company-own (technical)
docs__user_guide__get_started__terms_to_know,docs__user_guide__get_started__terms_to_know.md,Terms to Know,This glossary covers important terms to know as you go through the Braze onboarding process.,user_guide/get_started,https://www.braze.com/docs/user_guide/get_started/terms_to_know,2026-09-02,13517,13172,2080,1,0,0,0,0,company-own (technical)
docs__user_guide__get_started__users_and_segments,docs__user_guide__get_started__users_and_segments.md,Get started: Users and segments,"This article provides an overview of users and segments, outlining their significance and how they can be used to engage your audience.",user_guide/get_started,https://www.braze.com/docs/user_guide/get_started/users_and_segments,2026-09-02,9494,9078,1417,12,2,0,0,0,company-own (technical)
docs__user_guide__get_started__workspaces,docs__user_guide__get_started__workspaces.md,Get started: Workspaces,Everything you do in the Braze platform happens within a workspace. This article describes how they work and what important considerations to keep.,user_guide/get_started,https://www.braze.com/docs/user_guide/get_started/workspaces,2026-09-02,12015,11611,1787,18,4,0,43,0,company-own (technical)
docs__user_guide__home,docs__user_guide__home.md,Braze User Guide,"This is the User Guide landing page. Here, marketers and administrators can learn everything they need to know to get started with Braze, and how...",user_guide/home,https://www.braze.com/docs/user_guide/home,2026-09-02,992,638,94,1,0,0,0,0,company-own (technical)
docs__user_guide__messaging,docs__user_guide__messaging.md,Messaging,"Create, manage, and optimize messaging across campaigns and Canvases in Braze.",user_guide/messaging,https://www.braze.com/docs/user_guide/messaging,2026-09-02,701,409,48,2,1,0,0,0,company-own (technical)
docs__user_guide__messaging__ab_testing,docs__user_guide__messaging__ab_testing.md,A/B tests,Set up and analyze A/B tests and multivariate experiments in Braze.,user_guide/messaging,https://www.braze.com/docs/user_guide/messaging/ab_testing,2026-09-02,1951,1647,242,4,3,0,0,0,company-own (technical)
docs__user_guide__messaging__ab_testing__analytics,docs__user_guide__messaging__ab_testing__analytics.md,Multivariate and A/B test analytics,This article explains how to view and interpret the results of a multivariate or A/B campaign.,user_guide/messaging,https://www.braze.com/docs/user_guide/messaging/ab_testing/analytics,2026-09-02,17553,17175,2808,21,5,0,0,0,company-own (technical)
docs__user_guide__messaging__ab_testing__concepts,docs__user_guide__messaging__ab_testing__concepts.md,A/B testing concepts,Core concepts for A/B testing and experimentation in Braze.,user_guide/messaging,https://www.braze.com/docs/user_guide/messaging/ab_testing/concepts,2026-09-02,655,329,38,2,1,0,0,0,company-own (technical)
docs__user_guide__messaging__ab_testing__concepts__conversion_correlation,docs__user_guide__messaging__ab_testing__concepts__conversion_correlation.md,Conversion correlation,This reference article explains the conversion correlation analysis on the Campaign Analytics page.,user_guide/messaging,https://www.braze.com/docs/user_guide/messaging/ab_testing/concepts/conversion_correlation,2026-09-02,3327,2912,471,5,4,0,0,0,company-own (technical)
docs__user_guide__messaging__ab_testing__concepts__race_conditions,docs__user_guide__messaging__ab_testing__concepts__race_conditions.md,Race conditions,This article covers best practices to avoid race conditions from affecting your messaging campaigns.,user_guide/messaging,https://www.braze.com/docs/user_guide/messaging/ab_testing/concepts/race_conditions,2026-09-02,11580,11185,1852,22,5,2,2,0,company-own (technical)
docs__user_guide__messaging__ab_testing__concepts__random_bucket_numbers,docs__user_guide__messaging__ab_testing__concepts__random_bucket_numbers.md,Random bucket numbers,"This article covers the concept of random bucket numbers, and how you can use them to create variants and control groups.",user_guide/messaging,https://www.braze.com/docs/user_guide/messaging/ab_testing/concepts/random_bucket_numbers,2026-09-02,4631,4197,689,7,2,0,0,0,company-own (technical)
docs__user_guide__messaging__ab_testing__concepts__variant_distribution,docs__user_guide__messaging__ab_testing__concepts__variant_distribution.md,Variant distribution,This reference article explains how Braze distributes users across variants in A/B and multivariate tests.,user_guide/messaging,https://www.braze.com/docs/user_guide/messaging/ab_testing/concepts/variant_distribution,2026-09-02,2678,2262,376,3,2,0,0,0,company-own (technical)
docs__user_guide__messaging__ab_testing__create_tests,docs__user_guide__messaging__ab_testing__create_tests.md,Create multivariate and A/B tests,This article explains how to create multivariate and A/B tests with Braze.,user_guide/messaging,https://www.braze.com/docs/user_guide/messaging/ab_testing/create_tests,2026-09-02,10354,9992,1599,15,7,0,12,0,company-own (technical)
docs__user_guide__messaging__ab_testing__faq,docs__user_guide__messaging__ab_testing__faq.md,Multivariate and A/B test FAQ,This article covers FAQs for multivariate and A/B tests with Braze.,user_guide/messaging,https://www.braze.com/docs/user_guide/messaging/ab_testing/faq,2026-09-02,7020,6687,1034,16,3,0,0,0,company-own (technical)
docs__user_guide__messaging__ab_testing__optimizations,docs__user_guide__messaging__ab_testing__optimizations.md,Optimizing A/B tests,Learn how to optimize multivariate and A/B campaign tests with BrazeAI.,user_guide/messaging,https://www.braze.com/docs/user_guide/messaging/ab_testing/optimizations,2026-09-02,1434,1086,165,1,0,0,0,0,company-own (technical)
docs__user_guide__messaging__campaigns,docs__user_guide__messaging__campaigns.md,Campaigns,"This landing page is home to Braze dashboard campaigns. Here, you can find resources on creating your campaign, managing and testing campaigns, and helpful ideas...",user_guide/messaging,https://www.braze.com/docs/user_guide/messaging/campaigns,2026-09-02,875,476,68,2,1,0,0,0,company-own (technical)
docs__user_guide__messaging__campaigns__campaign_basics,docs__user_guide__messaging__campaigns__campaign_basics.md,Campaigns basics,"This reference article covers the basics of campaigns, covering various questions you should ask yourself as you set up your first campaigns.",user_guide/messaging,https://www.braze.com/docs/user_guide/messaging/campaigns/campaign_basics,2026-09-02,4631,4215,635,9,2,0,14,0,company-own (technical)
docs__user_guide__messaging__campaigns__creating_campaign,docs__user_guide__messaging__campaigns__creating_campaign.md,Create a campaign,"Learn how to create a Braze messaging campaign from compose through launch—including multichannel sends—and how to schedule delivery, target audiences, assign conversion events, send tests,...",user_guide/messaging,https://www.braze.com/docs/user_guide/messaging/campaigns/creating_campaign,2026-09-02,10219,9743,1477,29,8,0,20,0,company-own (technical)
docs__user_guide__messaging__campaigns__faq,docs__user_guide__messaging__campaigns__faq.md,Frequently asked questions,This page provides answers to frequently asked questions about campaigns.,user_guide/messaging,https://www.braze.com/docs/user_guide/messaging/campaigns/faq,2026-09-02,27483,27149,4519,39,1,0,8,0,company-own (technical)
docs__user_guide__messaging__campaigns__ideas_and_strategies,docs__user_guide__messaging__campaigns__ideas_and_strategies.md,Ideas and strategies,"This landing page is home to campaign ideas and strategies. Here, you can find articles on topics like localization, retargeting, best practices, and more.",user_guide/messaging,https://www.braze.com/docs/user_guide/messaging/campaigns/ideas_and_strategies,2026-09-02,1240,796,99,3,2,0,0,0,company-own (technical)
docs__user_guide__messaging__campaigns__ideas_and_strategies__active_user_campaigns,docs__user_guide__messaging__campaigns__ideas_and_strategies__active_user_campaigns.md,Active user campaigns,This how-to article describes the benefits of active user campaigns within the Braze dashboard and the steps to create and set up one.,user_guide/messaging,https://www.braze.com/docs/user_guide/messaging/campaigns/ideas_and_strategies/active_user_campaigns,2026-09-02,2966,2497,420,6,3,0,0,0,company-own (technical)
docs__user_guide__messaging__campaigns__ideas_and_strategies__add_to_calendar_links,docs__user_guide__messaging__campaigns__ideas_and_strategies__add_to_calendar_links.md,Add-to-calendar links,This article describes how to include an add-to-calendar link in your email campaigns.,user_guide/messaging,https://www.braze.com/docs/user_guide/messaging/campaigns/ideas_and_strategies/add_to_calendar_links,2026-09-02,5009,4588,746,6,2,6,6,4,company-own (technical)
docs__user_guide__messaging__campaigns__ideas_and_strategies__best_practices,docs__user_guide__messaging__campaigns__ideas_and_strategies__best_practices.md,Campaign best practices,This article provides best practices for creating and customizing your campaigns.,user_guide/messaging,https://www.braze.com/docs/user_guide/messaging/campaigns/ideas_and_strategies/best_practices,2026-09-02,5500,5096,836,10,5,0,0,0,company-own (technical)
docs__user_guide__messaging__campaigns__ideas_and_strategies__booking_use_case,docs__user_guide__messaging__campaigns__ideas_and_strategies__booking_use_case.md,Use case: Booking reminder email system,Learn how to use Braze to create a booking reminder email messaging system that allows users to create bookings and receive reminder emails.,user_guide/messaging,https://www.braze.com/docs/user_guide/messaging/campaigns/ideas_and_strategies/booking_use_case,2026-09-02,8828,8345,1265,19,3,20,23,0,company-own (technical)
docs__user_guide__messaging__campaigns__ideas_and_strategies__capturing_lapsing_users,docs__user_guide__messaging__campaigns__ideas_and_strategies__capturing_lapsing_users.md,Capture lapsing users,This how-to article addresses the issue of lapsing users and how to effectively use Braze campaigns to re-engage those users.,user_guide/messaging,https://www.braze.com/docs/user_guide/messaging/campaigns/ideas_and_strategies/capturing_lapsing_users,2026-09-02,2693,2229,398,4,3,0,0,0,company-own (technical)
docs__user_guide__messaging__campaigns__ideas_and_strategies__install_attribution,docs__user_guide__messaging__campaigns__ideas_and_strategies__install_attribution.md,Understanding user installs,This reference article describes user installs (install attribution tracking) and different ways to apply this information within your campaign.,user_guide/messaging,https://www.braze.com/docs/user_guide/messaging/campaigns/ideas_and_strategies/install_attribution,2026-09-02,2634,2153,351,6,3,0,0,0,company-own (technical)
docs__user_guide__messaging__campaigns__ideas_and_strategies__new_features,docs__user_guide__messaging__campaigns__ideas_and_strategies__new_features.md,Feature awareness and new app version,This reference article discusses how to keep your users knowledgeable and excited about when you release new features or versions.,user_guide/messaging,https://www.braze.com/docs/user_guide/messaging/campaigns/ideas_and_strategies/new_features,2026-09-02,6094,5631,965,9,1,0,15,0,company-own (technical)
docs__user_guide__messaging__campaigns__ideas_and_strategies__retargeting_campaigns,docs__user_guide__messaging__campaigns__ideas_and_strategies__retargeting_campaigns.md,Retarget campaigns,This reference article goes over how and why you should consider retargeting campaigns based on messages your users receive.,user_guide/messaging,https://www.braze.com/docs/user_guide/messaging/campaigns/ideas_and_strategies/retargeting_campaigns,2026-09-02,5606,5150,859,13,2,0,0,0,company-own (technical)
docs__user_guide__messaging__campaigns__ideas_and_strategies__zoom,docs__user_guide__messaging__campaigns__ideas_and_strategies__zoom.md,Automate Zoom registration,"This article describes how to automate Zoom attendee registration in your email, push, and in-app message campaigns.",user_guide/messaging,https://www.braze.com/docs/user_guide/messaging/campaigns/ideas_and_strategies/zoom,2026-09-02,3583,3161,492,1,0,4,4,2,company-own (technical)
docs__user_guide__messaging__campaigns__manage_campaigns,docs__user_guide__messaging__campaigns__manage_campaigns.md,Manage campaigns,"This landing page covers managing campaigns. Here, you can find articles on campaign approval, duplication, alerts, archiving, changing your campaign after launch, and more.",user_guide/messaging,https://www.braze.com/docs/user_guide/messaging/campaigns/manage_campaigns,2026-09-02,992,542,73,3,2,0,0,0,company-own (technical)
docs__user_guide__messaging__campaigns__manage_campaigns__campaign_alerts,docs__user_guide__messaging__campaigns__manage_campaigns__campaign_alerts.md,Campaign alerts,"This reference article gives an overview of campaign alerts, their benefits, as well as how to set them up to help provide you peace of...",user_guide/messaging,https://www.braze.com/docs/user_guide/messaging/campaigns/manage_campaigns/campaign_alerts,2026-09-02,2806,2359,361,3,2,2,2,2,company-own (technical)
docs__user_guide__messaging__campaigns__manage_campaigns__change_your_campaign_after_launch,docs__user_guide__messaging__campaigns__manage_campaigns__change_your_campaign_after_launch.md,Edit your campaign after launch,"This reference article gives an overview of the result of editing certain aspects of a campaign post-launch, including how changes propagate for in-app message campaigns....",user_guide/messaging,https://www.braze.com/docs/user_guide/messaging/campaigns/manage_campaigns/change_your_campaign_after_launch,2026-09-02,9437,8903,1421,17,6,0,0,0,company-own (technical)
docs__user_guide__messaging__campaigns__manage_campaigns__search_campaigns,docs__user_guide__messaging__campaigns__manage_campaigns__search_campaigns.md,Search for campaigns,This article describes the various ways you can search for campaigns on the campaign list page.,user_guide/messaging,https://www.braze.com/docs/user_guide/messaging/campaigns/manage_campaigns/search_campaigns,2026-09-02,2611,2200,345,5,1,0,0,0,company-own (technical)
docs__user_guide__messaging__campaigns__schedule_your_campaign,docs__user_guide__messaging__campaigns__schedule_your_campaign.md,Schedule your campaign,"This section goes over the three different campaign delivery methods (Scheduled Delivery, Action-based Deliver, and API-triggered Delivery) and how to set up and use them....",user_guide/messaging,https://www.braze.com/docs/user_guide/messaging/campaigns/schedule_your_campaign,2026-09-02,1597,1128,168,3,2,0,0,0,company-own (technical)
docs__user_guide__messaging__campaigns__schedule_your_campaign__api_triggered_delivery,docs__user_guide__messaging__campaigns__schedule_your_campaign__api_triggered_delivery.md,API-triggered delivery,This reference article describes how to schedule and set up an API-triggered campaign.,user_guide/messaging,https://www.braze.com/docs/user_guide/messaging/campaigns/schedule_your_campaign/api_triggered_delivery,2026-09-02,4010,3582,561,5,4,0,0,0,company-own (technical)
docs__user_guide__messaging__campaigns__schedule_your_campaign__campaign_calendar,docs__user_guide__messaging__campaigns__schedule_your_campaign__campaign_calendar.md,Content calendar,This reference page describes the components of the content calendar.,user_guide/messaging,https://www.braze.com/docs/user_guide/messaging/campaigns/schedule_your_campaign/campaign_calendar,2026-09-02,1852,1457,219,3,2,0,0,0,company-own (technical)
docs__user_guide__messaging__campaigns__schedule_your_campaign__scheduled_delivery,docs__user_guide__messaging__campaigns__schedule_your_campaign__scheduled_delivery.md,Scheduled delivery,This reference article describes the differences between the time-based scheduling options for campaign delivery.,user_guide/messaging,https://www.braze.com/docs/user_guide/messaging/campaigns/schedule_your_campaign/scheduled_delivery,2026-09-02,7180,6737,1128,14,5,0,0,0,company-own (technical)
docs__user_guide__messaging__campaigns__schedule_your_campaign__triggered_delivery,docs__user_guide__messaging__campaigns__schedule_your_campaign__triggered_delivery.md,Action-based delivery,This reference article describes how to trigger campaigns to send after a user completes a certain event.,user_guide/messaging,https://www.braze.com/docs/user_guide/messaging/campaigns/schedule_your_campaign/triggered_delivery,2026-09-02,17537,17099,2762,15,3,0,0,0,company-own (technical)
docs__user_guide__messaging__campaigns__schedule_your_campaign__triggered_delivery__attribute_triggers,docs__user_guide__messaging__campaigns__schedule_your_campaign__triggered_delivery__attribute_triggers.md,Attribute triggers,This reference article gives an overview of attribute triggers and how you can use them to send action-based messages to users.,user_guide/messaging,https://www.braze.com/docs/user_guide/messaging/campaigns/schedule_your_campaign/triggered_delivery/attribute_triggers,2026-09-02,5656,5160,831,6,3,2,2,0,company-own (technical)
docs__user_guide__messaging__campaigns__schedule_your_campaign__triggered_delivery__campaign_connector,docs__user_guide__messaging__campaigns__schedule_your_campaign__triggered_delivery__campaign_connector.md,Campaign Connector,"This how-to article goes over what Campaign Connector is and how to use it to deliver targeted, relevant content at the right time.",user_guide/messaging,https://www.braze.com/docs/user_guide/messaging/campaigns/schedule_your_campaign/triggered_delivery/campaign_connector,2026-09-02,5282,4782,773,9,3,0,0,0,company-own (technical)
docs__user_guide__messaging__campaigns__test_campaigns,docs__user_guide__messaging__campaigns__test_campaigns.md,Test campaigns,"This landing page is home to campaign testing and tips. Here, you can find resources on testing campaigns, such as sending test messages, performing A/B...",user_guide/messaging,https://www.braze.com/docs/user_guide/messaging/campaigns/test_campaigns,2026-09-02,994,568,78,3,2,0,0,0,company-own (technical)
docs__user_guide__messaging__campaigns__test_campaigns__triggered_action_based,docs__user_guide__messaging__campaigns__test_campaigns__triggered_action_based.md,API-triggered and action-based campaigns,This reference article explains how to test API-triggered and action-based campaigns.,user_guide/messaging,https://www.braze.com/docs/user_guide/messaging/campaigns/test_campaigns/triggered_action_based,2026-09-02,3225,2796,469,5,4,0,0,0,company-own (technical)
docs__user_guide__messaging__canvas,docs__user_guide__messaging__canvas.md,Canvas,"This landing page is home to Canvas articles. Here, you'll find resources on building Canvases, using Canvas components, managing and testing Canvases, and applying various...",user_guide/messaging,https://www.braze.com/docs/user_guide/messaging/canvas,2026-09-02,1115,714,98,2,1,0,0,0,company-own (technical)
docs__user_guide__messaging__canvas__canvas_basics,docs__user_guide__messaging__canvas__canvas_basics.md,Canvas basics,"This reference article covers the basics of Canvas, covering various questions you should ask yourself as you set up your first Canvas.",user_guide/messaging,https://www.braze.com/docs/user_guide/messaging/canvas/canvas_basics,2026-09-02,9421,9024,1504,14,4,0,14,0,company-own (technical)
docs__user_guide__messaging__canvas__canvas_components,docs__user_guide__messaging__canvas__canvas_components.md,Canvas components,"This landing page is home to Canvas component articles that will help you create more advanced Canvases. Some of these components include the message step,...",user_guide/messaging,https://www.braze.com/docs/user_guide/messaging/canvas/canvas_components,2026-09-02,2627,2195,334,6,2,0,0,0,company-own (technical)
docs__user_guide__messaging__canvas__canvas_components__action_paths,docs__user_guide__messaging__canvas__canvas_components__action_paths.md,Action Paths,"This reference article covers how to use Action Paths, a component that allows you to sort users based on their actions.",user_guide/messaging,https://www.braze.com/docs/user_guide/messaging/canvas/canvas_components/action_paths,2026-09-02,7037,6621,1103,8,1,0,6,0,company-own (technical)
docs__user_guide__messaging__canvas__canvas_components__agent_step,docs__user_guide__messaging__canvas__canvas_components__agent_step.md,Agent step,This reference article covers how to use the Agent step in Canvas to generate content or make intelligent decisions in real time.,user_guide/messaging,https://www.braze.com/docs/user_guide/messaging/canvas/canvas_components/agent_step,2026-09-02,10832,10413,1671,18,8,0,20,0,company-own (technical)
docs__user_guide__messaging__canvas__canvas_components__audience_paths,docs__user_guide__messaging__canvas__canvas_components__audience_paths.md,Audience Paths,This reference article describes how to use Audience Paths in your Canvas to intuitively filter and segment users on a large scale by sending each...,user_guide/messaging,https://www.braze.com/docs/user_guide/messaging/canvas/canvas_components/audience_paths,2026-09-02,9080,8629,1421,11,3,0,0,0,company-own (technical)
docs__user_guide__messaging__canvas__canvas_components__content_optimizer_step,docs__user_guide__messaging__canvas__canvas_components__content_optimizer_step.md,Content Optimizer step,The Content Optimizer step lets you configure and test multiple versions of content components within a single step. It helps you experiment with content variations...,user_guide/messaging,https://www.braze.com/docs/user_guide/messaging/canvas/canvas_components/content_optimizer_step,2026-09-02,23391,22898,3523,24,7,2,117,1,company-own (technical)
docs__user_guide__messaging__canvas__canvas_components__context,docs__user_guide__messaging__canvas__canvas_components__context.md,Context,This reference article covers how to create and use Context steps in your Canvas.,user_guide/messaging,https://www.braze.com/docs/user_guide/messaging/canvas/canvas_components/context,2026-09-02,16981,16619,2564,23,8,12,43,1,company-own (technical)
docs__user_guide__messaging__canvas__canvas_components__decision_split,docs__user_guide__messaging__canvas__canvas_components__decision_split.md,Decision split,This reference article covers how to create and use decision splits in your Canvas.,user_guide/messaging,https://www.braze.com/docs/user_guide/messaging/canvas/canvas_components/decision_split,2026-09-02,3234,2849,487,6,3,0,8,0,company-own (technical)
docs__user_guide__messaging__canvas__canvas_components__delay_step,docs__user_guide__messaging__canvas__canvas_components__delay_step.md,Delay,This reference article covers how to add a delay to your Canvas without needing to add an associated message.,user_guide/messaging,https://www.braze.com/docs/user_guide/messaging/canvas/canvas_components/delay_step,2026-09-02,12542,12148,2175,19,6,0,10,0,company-own (technical)
docs__user_guide__messaging__canvas__canvas_components__experiment_step,docs__user_guide__messaging__canvas__canvas_components__experiment_step.md,Experiment Paths,"This article covers Experiment Paths, a component allowing you to test multiple Canvas paths against each other and a control group at any point in...",user_guide/messaging,https://www.braze.com/docs/user_guide/messaging/canvas/canvas_components/experiment_step,2026-09-02,10159,9703,1544,13,5,0,0,0,company-own (technical)
docs__user_guide__messaging__canvas__canvas_components__experiment_step__winning_path,docs__user_guide__messaging__canvas__canvas_components__experiment_step__winning_path.md,Winning Path in Experiment Paths,"This reference article covers Winning Path, a feature that lets you automate your A/B tests when turned on for an Experiment Path step.",user_guide/messaging,https://www.braze.com/docs/user_guide/messaging/canvas/canvas_components/experiment_step/winning_path,2026-09-02,5617,5133,856,11,3,0,0,0,company-own (technical)
docs__user_guide__messaging__canvas__canvas_components__feature_flags,docs__user_guide__messaging__canvas__canvas_components__feature_flags.md,Feature Flag,This reference article covers how feature flags can be used in Canvas.,user_guide/messaging,https://www.braze.com/docs/user_guide/messaging/canvas/canvas_components/feature_flags,2026-09-02,3841,3473,571,5,4,0,0,0,company-own (technical)
docs__user_guide__messaging__canvas__canvas_components__message_step,docs__user_guide__messaging__canvas__canvas_components__message_step.md,Message,This reference article covers how to create a stand-alone message using the Message step.,user_guide/messaging,https://www.braze.com/docs/user_guide/messaging/canvas/canvas_components/message_step,2026-09-02,7833,7453,1159,10,4,0,14,0,company-own (technical)
docs__user_guide__messaging__canvas__canvas_components__send_to_destination,docs__user_guide__messaging__canvas__canvas_components__send_to_destination.md,Send to Destination step,This reference article covers the Send to Destination component and how to use it in your Canvases.,user_guide/messaging,https://www.braze.com/docs/user_guide/messaging/canvas/canvas_components/send_to_destination,2026-09-02,5341,4920,814,15,3,0,0,0,company-own (technical)
docs__user_guide__messaging__canvas__canvas_components__user_update,docs__user_guide__messaging__canvas__canvas_components__user_update.md,User Update,This reference article covers the User Update component and how to use it in your Canvases.,user_guide/messaging,https://www.braze.com/docs/user_guide/messaging/canvas/canvas_components/user_update,2026-09-02,9424,9040,1389,17,6,14,16,0,company-own (technical)
docs__user_guide__messaging__canvas__create_a_canvas,docs__user_guide__messaging__canvas__create_a_canvas.md,Create a Canvas,"Learn how to create and launch a Canvas: set up basics, entry schedule, target audience, send settings, build your journey, and more.",user_guide/messaging,https://www.braze.com/docs/user_guide/messaging/canvas/create_a_canvas,2026-09-02,24730,24329,4049,23,4,2,3,0,company-own (technical)
docs__user_guide__messaging__canvas__create_a_canvas__canvas_by_channel__content-cards_in_canvas,docs__user_guide__messaging__canvas__create_a_canvas__canvas_by_channel__content-cards_in_canvas.md,Content Cards in Canvas,This reference article describes features and nuances specific to using Content Cards as a messaging channel within Canvas.,user_guide/messaging,https://www.braze.com/docs/user_guide/messaging/canvas/create_a_canvas/canvas_by_channel/content-cards_in_canvas,2026-09-02,5534,5049,849,13,4,0,0,0,company-own (technical)
docs__user_guide__messaging__canvas__create_a_canvas__canvas_by_channel__in-app_messages_in_canvas,docs__user_guide__messaging__canvas__create_a_canvas__canvas_by_channel__in-app_messages_in_canvas.md,In-app messages in Canvas,This reference article describes features and nuances specific to in-app messages that you can add to your Canvas to show rich messaging.,user_guide/messaging,https://www.braze.com/docs/user_guide/messaging/canvas/create_a_canvas/canvas_by_channel/in-app_messages_in_canvas,2026-09-02,13975,13470,2292,14,10,0,71,0,company-own (technical)
docs__user_guide__messaging__canvas__create_a_canvas__canvas_comments,docs__user_guide__messaging__canvas__create_a_canvas__canvas_comments.md,Comments in Canvas,This reference article covers how to create and manage comments in your Canvases.,user_guide/messaging,https://www.braze.com/docs/user_guide/messaging/canvas/create_a_canvas/canvas_comments,2026-09-02,3203,2818,458,6,4,0,6,0,company-own (technical)
docs__user_guide__messaging__canvas__create_a_canvas__context_and_event_properties,docs__user_guide__messaging__canvas__create_a_canvas__context_and_event_properties.md,Context and event properties,"This reference article describes the differences between context and event properties, and when to use each property.",user_guide/messaging,https://www.braze.com/docs/user_guide/messaging/canvas/create_a_canvas/context_and_event_properties,2026-09-02,6994,6537,1011,4,2,2,16,0,company-own (technical)
docs__user_guide__messaging__canvas__create_a_canvas__context_and_event_properties__canvas_persistent_entry_properties,docs__user_guide__messaging__canvas__create_a_canvas__context_and_event_properties__canvas_persistent_entry_properties.md,Persistent entry properties,"This reference article describes how to use persistent entry properties in your Canvas to send more curated messages, and create a highly refined end-user experience....",user_guide/messaging,https://www.braze.com/docs/user_guide/messaging/canvas/create_a_canvas/context_and_event_properties/canvas_persistent_entry_properties,2026-09-02,6060,5481,806,8,5,4,4,0,company-own (technical)
docs__user_guide__messaging__canvas__create_a_canvas__exit_criteria,docs__user_guide__messaging__canvas__create_a_canvas__exit_criteria.md,Exit criteria,This reference article covers exit criteria and how users can exit your Canvas based on the selected criteria.,user_guide/messaging,https://www.braze.com/docs/user_guide/messaging/canvas/create_a_canvas/exit_criteria,2026-09-02,7566,7161,1232,9,3,0,0,0,company-own (technical)
docs__user_guide__messaging__canvas__faqs,docs__user_guide__messaging__canvas__faqs.md,Frequently asked questions,This article provides answers to frequently asked questions about Canvas.,user_guide/messaging,https://www.braze.com/docs/user_guide/messaging/canvas/faqs,2026-09-02,35771,35441,5822,79,6,0,0,0,company-own (technical)
docs__user_guide__messaging__canvas__ideas_and_strategies,docs__user_guide__messaging__canvas__ideas_and_strategies.md,Ideas and strategies,"This landing page is home to Canvas ideas and strategies, including best practices, a pre and post-launch checklist, and guidance on launching with Canvas.",user_guide/messaging,https://www.braze.com/docs/user_guide/messaging/canvas/ideas_and_strategies,2026-09-02,876,438,54,3,2,0,0,0,company-own (technical)
docs__user_guide__messaging__canvas__ideas_and_strategies__best_practices,docs__user_guide__messaging__canvas__ideas_and_strategies__best_practices.md,Canvas best practices,This article provides some best practices for creating and customizing user journeys with Canvas and Canvas Flow.,user_guide/messaging,https://www.braze.com/docs/user_guide/messaging/canvas/ideas_and_strategies/best_practices,2026-09-02,4362,3934,628,8,5,0,0,0,company-own (technical)
docs__user_guide__messaging__canvas__ideas_and_strategies__booking_use_case,docs__user_guide__messaging__canvas__ideas_and_strategies__booking_use_case.md,Use case: Booking reminder email system,Learn how to use Braze to create a booking reminder email messaging system that allows users to create bookings and receive reminder emails.,user_guide/messaging,https://www.braze.com/docs/user_guide/messaging/canvas/ideas_and_strategies/booking_use_case,2026-09-02,8822,8345,1265,19,3,20,23,0,company-own (technical)
docs__user_guide__messaging__canvas__ideas_and_strategies__canvas_outlines,docs__user_guide__messaging__canvas__ideas_and_strategies__canvas_outlines.md,Canvas outlines,This reference article covers four helpful Canvas use cases.,user_guide/messaging,https://www.braze.com/docs/user_guide/messaging/canvas/ideas_and_strategies/canvas_outlines,2026-09-02,2351,1980,307,5,1,0,0,0,company-own (technical)
docs__user_guide__messaging__canvas__ideas_and_strategies__ecommerce_use_cases,docs__user_guide__messaging__canvas__ideas_and_strategies__ecommerce_use_cases.md,How to use eCommerce recommended events,"This reference article covers several pre-built Braze templates tailored specifically for eCommerce marketers, making it easier to implement essential strategies.",user_guide/messaging,https://www.braze.com/docs/user_guide/messaging/canvas/ideas_and_strategies/ecommerce_use_cases,2026-09-02,15733,15228,2202,38,6,18,24,0,company-own (technical)
docs__user_guide__messaging__canvas__ideas_and_strategies__launching_canvas_flow,docs__user_guide__messaging__canvas__ideas_and_strategies__launching_canvas_flow.md,Launch with Canvas Flow,This reference article covers how to prepare and test a Canvas built with Canvas Flow before launch.,user_guide/messaging,https://www.braze.com/docs/user_guide/messaging/canvas/ideas_and_strategies/launching_canvas_flow,2026-09-02,8083,7652,1216,17,6,0,0,0,company-own (technical)
docs__user_guide__messaging__canvas__ideas_and_strategies__matching_entry_and_exit_criteria,docs__user_guide__messaging__canvas__ideas_and_strategies__matching_entry_and_exit_criteria.md,Matching exit criteria to entry events,"Learn how to set up exit criteria and action paths that compare event properties against Canvas entry properties, so users only exit or branch when...",user_guide/messaging,https://www.braze.com/docs/user_guide/messaging/canvas/ideas_and_strategies/matching_entry_and_exit_criteria,2026-09-02,5761,5243,813,7,4,0,0,0,company-own (technical)
docs__user_guide__messaging__canvas__ideas_and_strategies__pre_post_launch_checklist,docs__user_guide__messaging__canvas__ideas_and_strategies__pre_post_launch_checklist.md,Pre and post-launch checklist,This article provides a guideline for things to check before and after you launch a Canvas.,user_guide/messaging,https://www.braze.com/docs/user_guide/messaging/canvas/ideas_and_strategies/pre_post_launch_checklist,2026-09-02,9204,8768,1457,15,2,0,0,0,company-own (technical)
docs__user_guide__messaging__canvas__managing_canvases,docs__user_guide__messaging__canvas__managing_canvases.md,Managing Canvases,"This landing page is home to articles on managing your Canvas, including archiving, duplicating, or making changes after launch.",user_guide/messaging,https://www.braze.com/docs/user_guide/messaging/canvas/managing_canvases,2026-09-02,965,563,73,3,2,0,0,0,company-own (technical)
docs__user_guide__messaging__canvas__managing_canvases__canvas_drafts,docs__user_guide__messaging__canvas__managing_canvases__canvas_drafts.md,Save drafts for Canvas,This reference article covers how to save a draft for a Canvas that has already launched.,user_guide/messaging,https://www.braze.com/docs/user_guide/messaging/canvas/managing_canvases/canvas_drafts,2026-09-02,2541,2144,380,4,2,0,0,0,company-own (technical)
docs__user_guide__messaging__canvas__managing_canvases__canvas_threshold_alerts,docs__user_guide__messaging__canvas__managing_canvases__canvas_threshold_alerts.md,Canvas threshold alerts,This reference article covers how to set up threshold alerts for a Canvas so you're proactively notified when user entries or messages sent fall outside...,user_guide/messaging,https://www.braze.com/docs/user_guide/messaging/canvas/managing_canvases/canvas_threshold_alerts,2026-09-02,6468,5984,972,10,8,2,2,0,company-own (technical)
docs__user_guide__messaging__canvas__managing_canvases__canvas_version_history,docs__user_guide__messaging__canvas__managing_canvases__canvas_version_history.md,Canvas version history,This reference article covers how to manage your Canvas version history.,user_guide/messaging,https://www.braze.com/docs/user_guide/messaging/canvas/managing_canvases/canvas_version_history,2026-09-02,3517,3119,524,4,2,0,0,0,company-own (technical)
docs__user_guide__messaging__canvas__managing_canvases__change_your_canvas_after_launch,docs__user_guide__messaging__canvas__managing_canvases__change_your_canvas_after_launch.md,Edit Canvases after launch,This reference article covers the different aspects of a Canvas that can be changed after the initial launch.,user_guide/messaging,https://www.braze.com/docs/user_guide/messaging/canvas/managing_canvases/change_your_canvas_after_launch,2026-09-02,14253,13796,2322,15,3,0,0,0,company-own (technical)
docs__user_guide__messaging__canvas__managing_canvases__cloning_canvases,docs__user_guide__messaging__canvas__managing_canvases__cloning_canvases.md,Clone Canvases to Canvas Flow,This reference article describes how to clone a Canvas from the original Canvas editor into the Canvas Flow workflow.,user_guide/messaging,https://www.braze.com/docs/user_guide/messaging/canvas/managing_canvases/cloning_canvases,2026-09-02,3818,3380,547,2,1,0,0,0,company-own (technical)
docs__user_guide__messaging__canvas__testing_canvases,docs__user_guide__messaging__canvas__testing_canvases.md,Test Canvases,"This landing page is home to resources on Canvas testing including articles on sending test Canvases, Canvas analytics, retention reports, and funnel reports.",user_guide/messaging,https://www.braze.com/docs/user_guide/messaging/canvas/testing_canvases,2026-09-02,890,464,66,2,1,0,0,0,company-own (technical)
docs__user_guide__messaging__canvas__testing_canvases__measuring_and_testing_with_canvas_analytics,docs__user_guide__messaging__canvas__testing_canvases__measuring_and_testing_with_canvas_analytics.md,Canvas analytics,This reference article describes the various analytics and reports you can leverage to understand your Canvas' performance.,user_guide/messaging,https://www.braze.com/docs/user_guide/messaging/canvas/testing_canvases/measuring_and_testing_with_canvas_analytics,2026-09-02,8236,7753,1256,10,3,0,0,0,company-own (technical)
docs__user_guide__messaging__canvas__testing_canvases__preview_user_paths,docs__user_guide__messaging__canvas__testing_canvases__preview_user_paths.md,Preview user paths in Canvas,This page covers how you can preview user paths in Canvas.,user_guide/messaging,https://www.braze.com/docs/user_guide/messaging/canvas/testing_canvases/preview_user_paths,2026-09-02,10364,9984,1671,17,11,0,0,0,company-own (technical)
docs__user_guide__messaging__canvas__testing_canvases__sending_test_canvases,docs__user_guide__messaging__canvas__testing_canvases__sending_test_canvases.md,Send test Canvases,This reference article covers how to test a Canvas before launch and best practices.,user_guide/messaging,https://www.braze.com/docs/user_guide/messaging/canvas/testing_canvases/sending_test_canvases,2026-09-02,5659,5257,872,12,5,0,0,0,company-own (technical)
docs__user_guide__messaging__canvas__troubleshooting,docs__user_guide__messaging__canvas__troubleshooting.md,Troubleshoot Canvases,"Diagnose Canvas entry, send, and analytics issues using a standard investigation path, symptom index, and links to Messaging History and the Messaging Diagnostics dashboard.",user_guide/messaging,https://www.braze.com/docs/user_guide/messaging/canvas/troubleshooting,2026-09-02,16751,16304,2623,14,11,0,28,0,company-own (technical)
docs__user_guide__messaging__design_and_edit,docs__user_guide__messaging__design_and_edit.md,Design and edit,"Design and edit message content in Braze, including editor blocks, media library, personalization, Content Blocks, and Product Blocks.",user_guide/messaging,https://www.braze.com/docs/user_guide/messaging/design_and_edit,2026-09-02,849,462,62,2,1,0,0,0,company-own (technical)
docs__user_guide__messaging__design_and_edit__content_blocks,docs__user_guide__messaging__design_and_edit__content_blocks.md,Content Blocks,"Learn how to create, use, and manage reusable Content Blocks across your Braze campaigns and Canvases.",user_guide/messaging,https://www.braze.com/docs/user_guide/messaging/design_and_edit/content_blocks,2026-09-02,11107,10722,1777,13,8,2,16,0,company-own (technical)
docs__user_guide__messaging__design_and_edit__editor_blocks,docs__user_guide__messaging__design_and_edit__editor_blocks.md,Drag-and-drop editor blocks,"This reference article covers editor blocks in the drag-and-drop editor for email, in-app messages, landing pages, Banners, and drag-and-drop email preference centers.",user_guide/messaging,https://www.braze.com/docs/user_guide/messaging/design_and_edit/editor_blocks,2026-09-02,51671,51210,7561,78,10,0,982,10,company-own (technical)
docs__user_guide__messaging__design_and_edit__media_library,docs__user_guide__messaging__design_and_edit__media_library.md,Media library,"This reference article covers the media library. Here, you can learn how to manage your assets in a single, centralized location, generate images using AI,...",user_guide/messaging,https://www.braze.com/docs/user_guide/messaging/design_and_edit/media_library,2026-09-02,6116,5678,904,10,7,0,10,0,company-own (technical)
docs__user_guide__messaging__design_and_edit__media_library__faq,docs__user_guide__messaging__design_and_edit__media_library__faq.md,Frequently asked questions,This article provides answers to frequently asked questions about the media library in Braze.,user_guide/messaging,https://www.braze.com/docs/user_guide/messaging/design_and_edit/media_library/faq,2026-09-02,6233,5838,997,18,1,0,0,0,company-own (technical)
docs__user_guide__messaging__design_and_edit__media_library__image_specifications,docs__user_guide__messaging__design_and_edit__media_library__image_specifications.md,Image specifications,This reference article describes the recommended image sizes and specifications for each channel type.,user_guide/messaging,https://www.braze.com/docs/user_guide/messaging/design_and_edit/media_library/image_specifications,2026-09-02,10802,10370,1573,14,4,0,253,0,company-own (technical)
docs__user_guide__messaging__design_and_edit__personalize,docs__user_guide__messaging__design_and_edit__personalize.md,Personalize,"Personalize your Braze campaigns with Liquid, Connected Content, deep linking, promotion codes, and more.",user_guide/messaging,https://www.braze.com/docs/user_guide/messaging/design_and_edit/personalize,2026-09-02,839,460,55,2,1,0,0,0,company-own (technical)
docs__user_guide__messaging__design_and_edit__personalize__actions_and_media_urls,docs__user_guide__messaging__design_and_edit__personalize__actions_and_media_urls.md,Personalize action and media URLs with Liquid,This reference article describes how to personalize action and media URLs using Liquid.,user_guide/messaging,https://www.braze.com/docs/user_guide/messaging/design_and_edit/personalize/actions_and_media_urls,2026-09-02,8903,8461,1319,15,2,8,28,4,company-own (technical)
docs__user_guide__messaging__design_and_edit__personalize__connected_content,docs__user_guide__messaging__design_and_edit__personalize__connected_content.md,Connected Content,"This landing page is home to all things Connected Content. Here, you can find articles on how to make API calls, local Connected Content variables,...",user_guide/messaging,https://www.braze.com/docs/user_guide/messaging/design_and_edit/personalize/connected_content,2026-09-02,1409,942,122,2,1,0,0,0,company-own (technical)
docs__user_guide__messaging__design_and_edit__personalize__connected_content__aborting_connected_content,docs__user_guide__messaging__design_and_edit__personalize__connected_content__aborting_connected_content.md,Abort Connected Content,This reference article covers some message aborting best practices for Connected Content.,user_guide/messaging,https://www.braze.com/docs/user_guide/messaging/design_and_edit/personalize/connected_content/aborting_connected_content,2026-09-02,1840,1373,206,3,2,2,2,1,company-own (technical)
docs__user_guide__messaging__design_and_edit__personalize__connected_content__caching_responses,docs__user_guide__messaging__design_and_edit__personalize__connected_content__caching_responses.md,Cache Connected Content responses,This article covers how to cache Connected Content responses across different campaigns or messages in the same workspace to optimize sending speeds.,user_guide/messaging,https://www.braze.com/docs/user_guide/messaging/design_and_edit/personalize/connected_content/caching_responses,2026-09-02,8662,8143,1265,12,8,6,6,3,company-own (technical)
docs__user_guide__messaging__design_and_edit__personalize__connected_content__connected_content_retries,docs__user_guide__messaging__design_and_edit__personalize__connected_content__connected_content_retries.md,Use retry logic for Connected Content,This reference article covers how to go about dealing with Connected Content retries.,user_guide/messaging,https://www.braze.com/docs/user_guide/messaging/design_and_edit/personalize/connected_content/connected_content_retries,2026-09-02,2832,2357,376,8,3,2,2,2,company-own (technical)
docs__user_guide__messaging__design_and_edit__personalize__connected_content__debugger,docs__user_guide__messaging__design_and_edit__personalize__connected_content__debugger.md,Connected Content Debugger,This reference article covers how to use the Connected Content Debugger to troubleshoot issues before launching your message.,user_guide/messaging,https://www.braze.com/docs/user_guide/messaging/design_and_edit/personalize/connected_content/debugger,2026-09-02,8486,8016,1232,15,7,0,38,1,company-own (technical)
docs__user_guide__messaging__design_and_edit__personalize__connected_content__local_connected_content_variables,docs__user_guide__messaging__design_and_edit__personalize__connected_content__local_connected_content_variables.md,Local Connected Content variables,This reference article covers how to use and store local Connected Content variables.,user_guide/messaging,https://www.braze.com/docs/user_guide/messaging/design_and_edit/personalize/connected_content/local_connected_content_variables,2026-09-02,8303,7816,1099,8,3,22,23,11,company-own (technical)
docs__user_guide__messaging__design_and_edit__personalize__connected_content__making_an_api_call,docs__user_guide__messaging__design_and_edit__personalize__connected_content__making_an_api_call.md,Make a Connected Content API call,"This reference article covers how to make a Connected Content API call, as well as helpful examples and advanced Connected Content use cases.",user_guide/messaging,https://www.braze.com/docs/user_guide/messaging/design_and_edit/personalize/connected_content/making_an_api_call,2026-09-02,30047,29534,4600,34,11,30,60,16,company-own (technical)
docs__user_guide__messaging__design_and_edit__personalize__connected_content__public_apis,docs__user_guide__messaging__design_and_edit__personalize__connected_content__public_apis.md,Use Public APIs for Connected Content,This articles covers a list of publicly available APIs that can be used with Connected Content.,user_guide/messaging,https://www.braze.com/docs/user_guide/messaging/design_and_edit/personalize/connected_content/public_apis,2026-09-02,3060,2603,348,8,7,0,52,0,company-own (technical)
docs__user_guide__messaging__design_and_edit__personalize__connected_content__troubleshooting_webhooks_and_connected_content,docs__user_guide__messaging__design_and_edit__personalize__connected_content__troubleshooting_webhooks_and_connected_content.md,Troubleshoot webhook and Connected Content requests,"Diagnose webhook and Connected Content errors using a symptom index, HTTP error tables, and unhealthy host detection guidance.",user_guide/messaging,https://www.braze.com/docs/user_guide/messaging/design_and_edit/personalize/connected_content/troubleshooting_webhooks_and_connected_content,2026-09-02,12424,11852,1823,12,6,0,59,0,company-own (technical)
docs__user_guide__messaging__design_and_edit__personalize__connected_content__user_profile_fields_connected_content,docs__user_guide__messaging__design_and_edit__personalize__connected_content__user_profile_fields_connected_content.md,Pull user profile data in Connected Content calls,"This article covers how to pull user profiles into your Connected Content calls, and best practices involving Liquid templating.",user_guide/messaging,https://www.braze.com/docs/user_guide/messaging/design_and_edit/personalize/connected_content/user_profile_fields_connected_content,2026-09-02,3217,2663,394,5,3,6,7,2,company-own (technical)
docs__user_guide__messaging__design_and_edit__personalize__dashboard_tools,docs__user_guide__messaging__design_and_edit__personalize__dashboard_tools.md,Dashboard tools for personalization,"This reference article describes the Add Personalization experience in Braze message and landing page editors, including pre-formatted Liquid, defaults, and Liquid editor enhancements such as...",user_guide/messaging,https://www.braze.com/docs/user_guide/messaging/design_and_edit/personalize/dashboard_tools,2026-09-02,5561,5036,746,11,4,8,11,0,company-own (technical)
docs__user_guide__messaging__design_and_edit__personalize__liquid,docs__user_guide__messaging__design_and_edit__personalize__liquid.md,Liquid reference,"This landing page covers all things Liquid, such as supported personalization tags, filters, setting default values, and more.",user_guide/messaging,https://www.braze.com/docs/user_guide/messaging/design_and_edit/personalize/liquid,2026-09-02,4564,4144,623,5,3,0,19,0,company-own (technical)
docs__user_guide__messaging__design_and_edit__personalize__liquid__aborting_messages,docs__user_guide__messaging__design_and_edit__personalize__liquid__aborting_messages.md,Abort messages,This reference article covers aborting Liquid messages and some example use cases.,user_guide/messaging,https://www.braze.com/docs/user_guide/messaging/design_and_edit/personalize/liquid/aborting_messages,2026-09-02,6045,5634,879,14,7,8,8,0,company-own (technical)
docs__user_guide__messaging__design_and_edit__personalize__liquid__advanced_filters,docs__user_guide__messaging__design_and_edit__personalize__liquid__advanced_filters.md,Advanced filters,"This reference article lists advanced filters, examples, and how they can be used in your campaign.",user_guide/messaging,https://www.braze.com/docs/user_guide/messaging/design_and_edit/personalize/liquid/advanced_filters,2026-09-02,4694,4266,494,11,6,10,100,1,company-own (technical)
docs__user_guide__messaging__design_and_edit__personalize__liquid__advanced_filters__message_extras,docs__user_guide__messaging__design_and_edit__personalize__liquid__advanced_filters__message_extras.md,Message extras Liquid tag,This article explains how to use the message extras Liquid tag and how to check for syntax.,user_guide/messaging,https://www.braze.com/docs/user_guide/messaging/design_and_edit/personalize/liquid/advanced_filters/message_extras,2026-09-02,4853,4393,673,10,7,4,4,0,company-own (technical)
docs__user_guide__messaging__design_and_edit__personalize__liquid__conditional_logic,docs__user_guide__messaging__design_and_edit__personalize__liquid__conditional_logic.md,Conditional messaging logic,This reference article covers how tags can and should be used in your campaigns.,user_guide/messaging,https://www.braze.com/docs/user_guide/messaging/design_and_edit/personalize/liquid/conditional_logic,2026-09-02,13506,13084,2038,20,4,40,43,0,company-own (technical)
docs__user_guide__messaging__design_and_edit__personalize__liquid__faq,docs__user_guide__messaging__design_and_edit__personalize__liquid__faq.md,Frequently asked questions,This article provides answers to frequently asked questions about Liquid.,user_guide/messaging,https://www.braze.com/docs/user_guide/messaging/design_and_edit/personalize/liquid/faq,2026-09-02,17302,16916,2484,47,7,22,57,0,company-own (technical)
docs__user_guide__messaging__design_and_edit__personalize__liquid__filters,docs__user_guide__messaging__design_and_edit__personalize__liquid__filters.md,Filters,This reference page lists filters that can be used to reformat static or dynamic content.,user_guide/messaging,https://www.braze.com/docs/user_guide/messaging/design_and_edit/personalize/liquid/filters,2026-09-02,14367,13976,2015,14,8,36,252,0,company-own (technical)
docs__user_guide__messaging__design_and_edit__personalize__liquid__liquid_use_cases,docs__user_guide__messaging__design_and_edit__personalize__liquid__liquid_use_cases.md,Liquid Use Case Library,"This landing page is home to sample Liquid use cases organized by category, such as anniversaries, app usage, countdowns, and more.",user_guide/messaging,https://www.braze.com/docs/user_guide/messaging/design_and_edit/personalize/liquid/liquid_use_cases,2026-09-02,65661,65194,9512,77,11,136,332,1,company-own (technical)
docs__user_guide__messaging__design_and_edit__personalize__liquid__operators,docs__user_guide__messaging__design_and_edit__personalize__liquid__operators.md,Operators,"This reference page notes the operators that Liquid supports, as well as relevant examples.",user_guide/messaging,https://www.braze.com/docs/user_guide/messaging/design_and_edit/personalize/liquid/operators,2026-09-02,10609,10210,1548,9,3,42,64,0,company-own (technical)
docs__user_guide__messaging__design_and_edit__personalize__liquid__setting_default_values,docs__user_guide__messaging__design_and_edit__personalize__liquid__setting_default_values.md,Set default values,This reference article cover how to set default fallback values for any personalization attribute that you use in your messages.,user_guide/messaging,https://www.braze.com/docs/user_guide/messaging/design_and_edit/personalize/liquid/setting_default_values,2026-09-02,8155,7684,1136,7,2,34,55,0,company-own (technical)
docs__user_guide__messaging__design_and_edit__personalize__liquid__supported_personalization_tags,docs__user_guide__messaging__design_and_edit__personalize__liquid__supported_personalization_tags.md,Supported personalization tags,This reference article covers a complete list of supported Liquid personalization tags.,user_guide/messaging,https://www.braze.com/docs/user_guide/messaging/design_and_edit/personalize/liquid/supported_personalization_tags,2026-09-02,21146,20688,2873,22,11,24,115,2,company-own (technical)
docs__user_guide__messaging__design_and_edit__personalize__liquid__tutorials,docs__user_guide__messaging__design_and_edit__personalize__liquid__tutorials.md,Tutorials: Writing Liquid code,This reference page contains beginner-friendly tutorials to help you get started with Liquid code.,user_guide/messaging,https://www.braze.com/docs/user_guide/messaging/design_and_edit/personalize/liquid/tutorials,2026-09-02,15606,15179,2174,6,5,74,126,0,company-own (technical)
docs__user_guide__messaging__design_and_edit__personalize__liquid__using_liquid,docs__user_guide__messaging__design_and_edit__personalize__liquid__using_liquid.md,Use Liquid,This reference article provides an overview of common Liquid use cases and how to include Liquid tags into your messaging.,user_guide/messaging,https://www.braze.com/docs/user_guide/messaging/design_and_edit/personalize/liquid/using_liquid,2026-09-02,10451,10014,1491,17,3,28,58,0,company-own (technical)
docs__user_guide__messaging__design_and_edit__personalize__sources,docs__user_guide__messaging__design_and_edit__personalize__sources.md,Sources,"Explore the data sources available for personalizing your Braze messages, including user profiles, REST APIs, catalogs, promotion codes, and more.",user_guide/messaging,https://www.braze.com/docs/user_guide/messaging/design_and_edit/personalize/sources,2026-09-02,885,452,57,2,1,0,0,0,company-own (technical)
docs__user_guide__messaging__design_and_edit__personalize__sources__campaign_and_canvas_attributes_across_sources,docs__user_guide__messaging__design_and_edit__personalize__sources__campaign_and_canvas_attributes_across_sources.md,Campaign and Canvas attributes across sources,"This reference article compares campaign and Canvas attribute names and IDs across Liquid, the REST API, and Currents.",user_guide/messaging,https://www.braze.com/docs/user_guide/messaging/design_and_edit/personalize/sources/campaign_and_canvas_attributes_across_sources,2026-09-02,3181,2645,342,7,3,0,56,0,company-own (technical)
docs__user_guide__messaging__design_and_edit__personalize__sources__canvas_entry_properties,docs__user_guide__messaging__design_and_edit__personalize__sources__canvas_entry_properties.md,Canvas entry properties,Learn how to use Canvas entry properties as a personalization source in your messages.,user_guide/messaging,https://www.braze.com/docs/user_guide/messaging/design_and_edit/personalize/sources/canvas_entry_properties,2026-09-02,1801,1363,202,3,2,2,2,0,company-own (technical)
docs__user_guide__messaging__design_and_edit__personalize__sources__catalog,docs__user_guide__messaging__design_and_edit__personalize__sources__catalog.md,Catalog,"Learn how to use catalogs as a data source for personalizing your Braze messages with non-user data like product details, content feeds, and pricing.",user_guide/messaging,https://www.braze.com/docs/user_guide/messaging/design_and_edit/personalize/sources/catalog,2026-09-02,2350,1897,268,6,5,2,14,0,company-own (technical)
docs__user_guide__messaging__design_and_edit__personalize__sources__context_variables,docs__user_guide__messaging__design_and_edit__personalize__sources__context_variables.md,Context variables,"This reference article explains context variables in Braze Canvases, including their types, usage, and best practices.",user_guide/messaging,https://www.braze.com/docs/user_guide/messaging/design_and_edit/personalize/sources/context_variables,2026-09-02,16529,16077,2490,15,6,2,29,0,company-own (technical)
docs__user_guide__messaging__design_and_edit__personalize__sources__key_value_pairs,docs__user_guide__messaging__design_and_edit__personalize__sources__key_value_pairs.md,Key-value pairs,This reference article covers key-value pairs and how to use them to send extra data payloads to user devices.,user_guide/messaging,https://www.braze.com/docs/user_guide/messaging/design_and_edit/personalize/sources/key_value_pairs,2026-09-02,10820,10382,1641,17,5,4,46,0,company-own (technical)
docs__user_guide__messaging__design_and_edit__personalize__sources__promotion_codes,docs__user_guide__messaging__design_and_edit__personalize__sources__promotion_codes.md,Promotion codes,"Learn about promotion code lists, so you can add them to your campaigns and Canvases.",user_guide/messaging,https://www.braze.com/docs/user_guide/messaging/design_and_edit/personalize/sources/promotion_codes,2026-09-02,5441,5028,814,12,3,2,2,0,company-own (technical)
docs__user_guide__messaging__design_and_edit__personalize__sources__promotion_codes__create,docs__user_guide__messaging__design_and_edit__personalize__sources__promotion_codes__create.md,Create promotion codes,Learn how to create promotion codes in your campaigns and Canvases.,user_guide/messaging,https://www.braze.com/docs/user_guide/messaging/design_and_edit/personalize/sources/promotion_codes/create,2026-09-02,4128,3711,616,8,2,0,0,0,company-own (technical)
docs__user_guide__messaging__design_and_edit__personalize__sources__promotion_codes__manage,docs__user_guide__messaging__design_and_edit__personalize__sources__promotion_codes__manage.md,Use promotion codes,Learn how to use promotion codes and view usage for your campaigns and Canvases.,user_guide/messaging,https://www.braze.com/docs/user_guide/messaging/design_and_edit/personalize/sources/promotion_codes/manage,2026-09-02,5644,5217,858,11,5,4,4,0,company-own (technical)
docs__user_guide__messaging__design_and_edit__personalize__sources__promotion_codes__migrating_from_data_feeds,docs__user_guide__messaging__design_and_edit__personalize__sources__promotion_codes__migrating_from_data_feeds.md,Migrate from Data Feeds to promotion codes,This reference article provides guidance on migrating from Data Feeds to promotion codes.,user_guide/messaging,https://www.braze.com/docs/user_guide/messaging/design_and_edit/personalize/sources/promotion_codes/migrating_from_data_feeds,2026-09-02,1524,1027,151,3,2,0,12,0,company-own (technical)
docs__user_guide__messaging__design_and_edit__personalize__sources__rest_api,docs__user_guide__messaging__design_and_edit__personalize__sources__rest_api.md,REST API,Learn how to use Connected Content to pull data from REST APIs into your messages for real-time personalization.,user_guide/messaging,https://www.braze.com/docs/user_guide/messaging/design_and_edit/personalize/sources/rest_api,2026-09-02,2690,2271,324,6,5,2,14,1,company-own (technical)
docs__user_guide__messaging__design_and_edit__personalize__sources__user_profile,docs__user_guide__messaging__design_and_edit__personalize__sources__user_profile.md,User profile,"Learn how to personalize messages with user profile data, including standard attributes, custom attributes, and event properties.",user_guide/messaging,https://www.braze.com/docs/user_guide/messaging/design_and_edit/personalize/sources/user_profile,2026-09-02,3515,3067,400,7,6,10,12,0,company-own (technical)
docs__user_guide__messaging__design_and_edit__product_blocks,docs__user_guide__messaging__design_and_edit__product_blocks.md,Drag-and-drop product blocks,"This reference article covers drag-and-drop product blocks, which allow users to quickly add and configure dynamic or static showcases of catalog items.",user_guide/messaging,https://www.braze.com/docs/user_guide/messaging/design_and_edit/product_blocks,2026-09-02,9252,8803,1313,21,5,0,62,0,company-own (technical)
docs__user_guide__messaging__feature_flags,docs__user_guide__messaging__feature_flags.md,Feature flags,This reference article covers an overview of feature flags including prerequisites and use cases.,user_guide/messaging,https://www.braze.com/docs/user_guide/messaging/feature_flags,2026-09-02,15263,14919,2158,9,3,28,40,0,company-own (technical)
docs__user_guide__messaging__feature_flags__create_feature_flags,docs__user_guide__messaging__feature_flags__create_feature_flags.md,Create feature flags,This reference article covers how to create feature flags to coordinate new feature rollouts.,user_guide/messaging,https://www.braze.com/docs/user_guide/messaging/feature_flags/create_feature_flags,2026-09-02,30720,30330,3963,33,8,112,160,1,company-own (technical)
docs__user_guide__messaging__feature_flags__faq,docs__user_guide__messaging__feature_flags__faq.md,Frequently asked questions,This page provides answers to frequently asked questions about feature flags.,user_guide/messaging,https://www.braze.com/docs/user_guide/messaging/feature_flags/faq,2026-09-02,7104,6758,1102,18,4,6,6,0,company-own (technical)
docs__user_guide__messaging__feature_flags__feature_flag_experiments,docs__user_guide__messaging__feature_flags__feature_flag_experiments.md,Feature flag experiments,Feature flag experiments let you A/B test changes to your applications to optimize conversion rates.,user_guide/messaging,https://www.braze.com/docs/user_guide/messaging/feature_flags/feature_flag_experiments,2026-09-02,4958,4549,668,13,3,6,6,0,company-own (technical)
docs__user_guide__messaging__governance,docs__user_guide__messaging__governance.md,Governance,"Approvals, archive, duplicate, copy across workspaces, shareable preview, statuses, idle campaigns and Canvases, and tags for campaigns, Canvases, and landing pages.",user_guide/messaging,https://www.braze.com/docs/user_guide/messaging/governance,2026-09-02,929,526,66,2,1,0,0,0,company-own (technical)
docs__user_guide__messaging__governance__approvals,docs__user_guide__messaging__governance__approvals.md,Approvals for campaigns and Canvases,This reference article gives an overview of the various statuses a campaign and Canvas can have and what they mean.,user_guide/messaging,https://www.braze.com/docs/user_guide/messaging/governance/approvals,2026-09-02,5074,4674,733,4,3,0,0,0,company-own (technical)
docs__user_guide__messaging__governance__approvals__messaging_rules,docs__user_guide__messaging__governance__approvals__messaging_rules.md,Messaging rules,This page covers how to use messaging rules in the approval workflow for campaigns and Canvases with a large send volume.,user_guide/messaging,https://www.braze.com/docs/user_guide/messaging/governance/approvals/messaging_rules,2026-09-02,3610,3192,504,12,4,0,0,0,company-own (technical)
docs__user_guide__messaging__governance__archiving,docs__user_guide__messaging__governance__archiving.md,Archive campaigns and Canvases,This reference article covers how to archive your campaigns and Canvases.,user_guide/messaging,https://www.braze.com/docs/user_guide/messaging/governance/archiving,2026-09-02,2144,1792,292,5,3,0,0,0,company-own (technical)
docs__user_guide__messaging__governance__copy_across_workspaces,docs__user_guide__messaging__governance__copy_across_workspaces.md,"Copy campaigns, Canvases, and landing pages across workspaces","This reference article provides an overview of how to copy campaigns, Canvases, and landing pages to different workspaces.",user_guide/messaging,https://www.braze.com/docs/user_guide/messaging/governance/copy_across_workspaces,2026-09-02,9608,9150,1182,14,4,0,216,0,company-own (technical)
docs__user_guide__messaging__governance__duplicating,docs__user_guide__messaging__governance__duplicating.md,Duplicate campaigns and Canvases,This reference article covers how to duplicate your campaigns and Canvases.,user_guide/messaging,https://www.braze.com/docs/user_guide/messaging/governance/duplicating,2026-09-02,1384,1024,152,2,1,0,0,0,company-own (technical)
docs__user_guide__messaging__governance__shareable_preview,docs__user_guide__messaging__governance__shareable_preview.md,Share a message preview with stakeholders,"This reference article covers how to generate and share a preview link for a message or content, so that stakeholders without dashboard access can review...",user_guide/messaging,https://www.braze.com/docs/user_guide/messaging/governance/shareable_preview,2026-09-02,5107,4645,734,8,4,0,14,0,company-own (technical)
docs__user_guide__messaging__governance__statuses,docs__user_guide__messaging__governance__statuses.md,Campaign and Canvas statuses,Learn about statuses for campaigns and Canvases and how to use them in the dashboard.,user_guide/messaging,https://www.braze.com/docs/user_guide/messaging/governance/statuses,2026-09-02,5815,5455,891,11,4,0,12,0,company-own (technical)
docs__user_guide__messaging__governance__statuses__idle_messages,docs__user_guide__messaging__governance__statuses__idle_messages.md,Idle campaigns and Canvases,"This reference article covers the idle status for campaigns and Canvases, including auto-stop criteria and frequently asked questions.",user_guide/messaging,https://www.braze.com/docs/user_guide/messaging/governance/statuses/idle_messages,2026-09-02,7726,7289,1228,15,3,0,16,0,company-own (technical)
docs__user_guide__messaging__governance__tags,docs__user_guide__messaging__governance__tags.md,Tags,"This reference article covers tags for campaigns, Canvases, segments, and custom data in the Braze dashboard.",user_guide/messaging,https://www.braze.com/docs/user_guide/messaging/governance/tags,2026-09-02,2043,1691,275,6,2,0,0,0,company-own (technical)
docs__user_guide__messaging__landing_pages,docs__user_guide__messaging__landing_pages.md,About landing pages,This article contains resources on building and customizing Braze landing pages.,user_guide/messaging,https://www.braze.com/docs/user_guide/messaging/landing_pages,2026-09-02,5674,5341,849,12,5,2,17,1,company-own (technical)
docs__user_guide__messaging__landing_pages__about_tracking_data,docs__user_guide__messaging__landing_pages__about_tracking_data.md,About landing page tracking data,Learn about tracking and anonymized data for landing pages in Braze.,user_guide/messaging,https://www.braze.com/docs/user_guide/messaging/landing_pages/about_tracking_data,2026-09-02,2332,1957,315,5,2,0,0,0,company-own (technical)
docs__user_guide__messaging__landing_pages__create_landing_pages,docs__user_guide__messaging__landing_pages__create_landing_pages.md,Create landing pages,This article covers how to create and customize Braze landing pages with the drag-and-drop editor.,user_guide/messaging,https://www.braze.com/docs/user_guide/messaging/landing_pages/create_landing_pages,2026-09-02,12407,12012,1983,21,6,0,49,0,company-own (technical)
docs__user_guide__messaging__landing_pages__create_landing_pages__multi_step_forms,docs__user_guide__messaging__landing_pages__create_landing_pages__multi_step_forms.md,Multi-step landing page forms,"Learn how to build a multi-step form on a Braze landing page, manage steps in the drag-and-drop editor, and customize the built-in confirmation step.",user_guide/messaging,https://www.braze.com/docs/user_guide/messaging/landing_pages/create_landing_pages/multi_step_forms,2026-09-02,5361,4871,843,9,8,0,14,0,company-own (technical)
docs__user_guide__messaging__landing_pages__create_landing_pages__surveys,docs__user_guide__messaging__landing_pages__create_landing_pages__surveys.md,Landing page surveys,"Learn how to create surveys on Braze landing pages, review responses, and retarget users.",user_guide/messaging,https://www.braze.com/docs/user_guide/messaging/landing_pages/create_landing_pages/surveys,2026-09-02,3444,3041,452,11,6,0,0,0,company-own (technical)
docs__user_guide__messaging__landing_pages__custom_form_blocks,docs__user_guide__messaging__landing_pages__custom_form_blocks.md,Create custom form blocks on landing pages,Learn how to build custom interactive form inputs on Braze landing pages so their values validate and submit alongside standard form blocks.,user_guide/messaging,https://www.braze.com/docs/user_guide/messaging/landing_pages/custom_form_blocks,2026-09-02,21269,20814,3129,14,8,14,45,1,company-own (technical)
docs__user_guide__messaging__landing_pages__customize_the_url,docs__user_guide__messaging__landing_pages__customize_the_url.md,Customize landing page URLs,"Learn how to customize your landing page URLs with your company's brand, by connecting your domain to your Braze workspace.",user_guide/messaging,https://www.braze.com/docs/user_guide/messaging/landing_pages/customize_the_url,2026-09-02,6202,5781,899,18,7,0,16,0,company-own (technical)
docs__user_guide__messaging__landing_pages__javascript_bridge,docs__user_guide__messaging__landing_pages__javascript_bridge.md,JavaScript bridge for landing pages,"Learn how to use the brazeBridge JavaScript bridge to log events, set custom attributes, and trigger Braze actions from a landing page's Custom Code block....",user_guide/messaging,https://www.braze.com/docs/user_guide/messaging/landing_pages/javascript_bridge,2026-09-02,8236,7772,1076,10,7,4,64,0,company-own (technical)
docs__user_guide__messaging__landing_pages__manage_subscriptions,docs__user_guide__messaging__landing_pages__manage_subscriptions.md,Manage Subscriptions block,"This article covers how to add and configure the Manage Subscriptions form block on a Braze landing page, so consumers can opt in to and...",user_guide/messaging,https://www.braze.com/docs/user_guide/messaging/landing_pages/manage_subscriptions,2026-09-02,5261,4819,742,11,7,0,6,0,company-own (technical)
docs__user_guide__messaging__landing_pages__personalize_landing_pages,docs__user_guide__messaging__landing_pages__personalize_landing_pages.md,Personalize landing pages,This article covers how to personalize Braze landing pages with the drag-and-drop editor.,user_guide/messaging,https://www.braze.com/docs/user_guide/messaging/landing_pages/personalize_landing_pages,2026-09-02,8686,8285,1272,12,5,2,2,1,company-own (technical)
docs__user_guide__messaging__landing_pages__retargeting_users,docs__user_guide__messaging__landing_pages__retargeting_users.md,Retarget users through a landing page,Learn how to retarget users who've submitted a form through a landing page.,user_guide/messaging,https://www.braze.com/docs/user_guide/messaging/landing_pages/retargeting_users,2026-09-02,2381,1998,331,4,2,0,0,0,company-own (technical)
docs__user_guide__messaging__landing_pages__tracking_users,docs__user_guide__messaging__landing_pages__tracking_users.md,Track users through a form,Learn how to identify users who submit a form through your landing page by adding a Liquid tag to your messages.,user_guide/messaging,https://www.braze.com/docs/user_guide/messaging/landing_pages/tracking_users,2026-09-02,3449,3046,499,8,3,6,10,0,company-own (technical)
docs__user_guide__messaging__messaging_fundamentals,docs__user_guide__messaging__messaging_fundamentals.md,Fundamentals,"Concepts shared by campaigns and Canvases: targeting, delivery, conversion events, and pre-launch workflow.",user_guide/messaging,https://www.braze.com/docs/user_guide/messaging/messaging_fundamentals,2026-09-02,1177,806,101,3,2,0,0,0,company-own (technical)
docs__user_guide__messaging__messaging_fundamentals__accessibility,docs__user_guide__messaging__messaging_fundamentals__accessibility.md,Build accessible messages in Braze,"This reference article explains why accessibility is important in marketing content, how Braze accessibility language (HTML lang) works across channels, and how you can build...",user_guide/messaging,https://www.braze.com/docs/user_guide/messaging/messaging_fundamentals/accessibility,2026-09-02,33941,33449,5212,47,4,14,94,0,company-own (technical)
docs__user_guide__messaging__messaging_fundamentals__conversion_events,docs__user_guide__messaging__messaging_fundamentals__conversion_events.md,Conversion events,"This reference article defines conversion events, how to use them to define your success metrics in Braze, and how to use these events to see...",user_guide/messaging,https://www.braze.com/docs/user_guide/messaging/messaging_fundamentals/conversion_events,2026-09-02,11953,11503,1816,10,3,0,16,0,company-own (technical)
docs__user_guide__messaging__messaging_fundamentals__delivery_and_entry_types,docs__user_guide__messaging__messaging_fundamentals__delivery_and_entry_types.md,Delivery and entry types,"This reference article describes the delivery types for campaigns, entry types for Canvases, and the time-based features when setting up a campaign or Canvas.",user_guide/messaging,https://www.braze.com/docs/user_guide/messaging/messaging_fundamentals/delivery_and_entry_types,2026-09-02,3828,3343,537,6,3,0,8,0,company-own (technical)
docs__user_guide__messaging__messaging_fundamentals__dispatch_id,docs__user_guide__messaging__messaging_fundamentals__dispatch_id.md,Dispatch ID behavior,"This reference article describes dispatch ID behavior for campaigns, Canvas, Liquid, and Currents.",user_guide/messaging,https://www.braze.com/docs/user_guide/messaging/messaging_fundamentals/dispatch_id,2026-09-02,2983,2588,406,4,3,0,0,0,company-own (technical)
docs__user_guide__messaging__messaging_fundamentals__frequency_capping,docs__user_guide__messaging__messaging_fundamentals__frequency_capping.md,Rate limiting and frequency capping,"This reference article discusses the concept of rate limiting and frequency capping in campaigns, and how you can manage marketing pressure to improve user experience....",user_guide/messaging,https://www.braze.com/docs/user_guide/messaging/messaging_fundamentals/frequency_capping,2026-09-02,29820,29326,4916,40,3,0,36,0,company-own (technical)
docs__user_guide__messaging__messaging_fundamentals__frequency_capping__faq,docs__user_guide__messaging__messaging_fundamentals__frequency_capping__faq.md,Frequently asked questions,This article provides answers to some frequently asked questions about rate limiting and frequency capping.,user_guide/messaging,https://www.braze.com/docs/user_guide/messaging/messaging_fundamentals/frequency_capping/faq,2026-09-02,2911,2480,402,9,1,0,0,0,company-own (technical)
docs__user_guide__messaging__messaging_fundamentals__know_before_you_send,docs__user_guide__messaging__messaging_fundamentals__know_before_you_send.md,Know before you send: channels,"After visiting our pre-launch guide, refer to this final list of checks or 'gotchas' for Content Cards, email, in-app messages, push, and SMS.",user_guide/messaging,https://www.braze.com/docs/user_guide/messaging/messaging_fundamentals/know_before_you_send,2026-09-02,12633,12166,1975,23,8,0,0,0,company-own (technical)
docs__user_guide__messaging__messaging_fundamentals__localization,docs__user_guide__messaging__messaging_fundamentals__localization.md,Localization,"This reference article covers the basics of localization, lists the benefits of different orchestration approaches across campaigns and Canvases, and lists different ways users can...",user_guide/messaging,https://www.braze.com/docs/user_guide/messaging/messaging_fundamentals/localization,2026-09-02,16785,16311,2360,20,3,20,125,6,company-own (technical)
docs__user_guide__messaging__messaging_fundamentals__localization__locales_in_messages,docs__user_guide__messaging__messaging_fundamentals__localization__locales_in_messages.md,Multi-language messages,This article provides steps on how to use locales in your messages.,user_guide/messaging,https://www.braze.com/docs/user_guide/messaging/messaging_fundamentals/localization/locales_in_messages,2026-09-02,15518,15108,2188,31,4,12,80,5,company-own (technical)
docs__user_guide__messaging__messaging_fundamentals__localization__right_to_left_messages,docs__user_guide__messaging__messaging_fundamentals__localization__right_to_left_messages.md,Create right-to-left messages,This page covers best practices for crafting messages in Braze that read from right-to-left.,user_guide/messaging,https://www.braze.com/docs/user_guide/messaging/messaging_fundamentals/localization/right_to_left_messages,2026-09-02,5635,5188,842,9,3,0,6,0,company-own (technical)
docs__user_guide__messaging__messaging_fundamentals__quiet_hours,docs__user_guide__messaging__messaging_fundamentals__quiet_hours.md,Quiet hours,"This reference article covers what quiet hours are, how Braze handles messages during the quiet period, and how quiet hours interact with Intelligent Timing.",user_guide/messaging,https://www.braze.com/docs/user_guide/messaging/messaging_fundamentals/quiet_hours,2026-09-02,3364,2919,474,5,4,0,0,0,company-own (technical)
docs__user_guide__messaging__messaging_fundamentals__quiet_hours__workspace_quiet_hours,docs__user_guide__messaging__messaging_fundamentals__quiet_hours__workspace_quiet_hours.md,Workspace quiet hours,"This reference article covers workspace quiet hours, how Braze handles messages during the quiet period, and how quiet hours interact with Intelligent Timing.",user_guide/messaging,https://www.braze.com/docs/user_guide/messaging/messaging_fundamentals/quiet_hours/workspace_quiet_hours,2026-09-02,9174,8673,1350,15,6,0,14,0,company-own (technical)
docs__user_guide__messaging__messaging_fundamentals__re_eligibility,docs__user_guide__messaging__messaging_fundamentals__re_eligibility.md,Re-eligibility for campaigns and Canvas,This reference article defines re-eligibility for campaigns and Canvases.,user_guide/messaging,https://www.braze.com/docs/user_guide/messaging/messaging_fundamentals/re_eligibility,2026-09-02,9142,8747,1495,10,6,0,0,0,company-own (technical)
docs__user_guide__messaging__messaging_fundamentals__sending_test_messages,docs__user_guide__messaging__messaging_fundamentals__sending_test_messages.md,Send test messages,This reference article covers how to send test messages across the different Braze channels and how to incorporate custom event properties or user attributes.,user_guide/messaging,https://www.braze.com/docs/user_guide/messaging/messaging_fundamentals/sending_test_messages,2026-09-02,20029,19556,3235,28,5,4,4,2,company-own (technical)
docs__user_guide__messaging__messaging_fundamentals__target_users,docs__user_guide__messaging__messaging_fundamentals__target_users.md,Target users,This reference article covers how to target your audience in your campaign and Canvas editors.,user_guide/messaging,https://www.braze.com/docs/user_guide/messaging/messaging_fundamentals/target_users,2026-09-02,8893,8508,1402,12,3,0,0,0,company-own (technical)
docs__user_guide__messaging__surveys,docs__user_guide__messaging__surveys.md,Surveys,"Learn how Braze surveys let you collect first-party feedback across landing pages and in-app messages, including analytics, form blocks, and Currents export.",user_guide/messaging,https://www.braze.com/docs/user_guide/messaging/surveys,2026-09-02,8002,7616,1174,15,10,0,14,0,company-own (technical)
docs__user_guide__messaging__templates,docs__user_guide__messaging__templates.md,Templates,"Create and manage reusable message templates, Content Blocks, and Canvas templates in Braze.",user_guide/messaging,https://www.braze.com/docs/user_guide/messaging/templates,2026-09-02,712,385,46,2,1,0,0,0,company-own (technical)
docs__user_guide__messaging__templates__canvas_templates,docs__user_guide__messaging__templates__canvas_templates.md,Create a Canvas template,"Create and manage reusable Canvas templates, or get started with pre-built Braze templates for common use cases.",user_guide/messaging,https://www.braze.com/docs/user_guide/messaging/templates/canvas_templates,2026-09-02,4518,4121,668,17,5,0,0,0,company-own (technical)
docs__user_guide__messaging__templates__canvas_templates__braze_templates,docs__user_guide__messaging__templates__canvas_templates__braze_templates.md,Use Braze Canvas templates,This reference article covers how to create available Canvas templates.,user_guide/messaging,https://www.braze.com/docs/user_guide/messaging/templates/canvas_templates/braze_templates,2026-09-02,15775,15384,2253,31,2,18,24,0,company-own (technical)
docs__user_guide__messaging__templates__canvas_templates__braze_templates__abandoned_cart,docs__user_guide__messaging__templates__canvas_templates__braze_templates__abandoned_cart.md,Abandoned intent,This article describes how to use a Braze Canvas template to engage with users in real-time to encourage them to complete their purchases.,user_guide/messaging,https://www.braze.com/docs/user_guide/messaging/templates/canvas_templates/braze_templates/abandoned_cart,2026-09-02,8451,7972,1266,14,2,0,24,0,company-own (technical)
docs__user_guide__messaging__templates__canvas_templates__braze_templates__back_in_stock,docs__user_guide__messaging__templates__canvas_templates__braze_templates__back_in_stock.md,Back in stock,This article describes how to use a Braze Canvas template to drive purchases by notifying your users when an item is back in stock with...,user_guide/messaging,https://www.braze.com/docs/user_guide/messaging/templates/canvas_templates/braze_templates/back_in_stock,2026-09-02,6056,5582,935,10,2,0,0,0,company-own (technical)
docs__user_guide__messaging__templates__canvas_templates__braze_templates__email_signup,docs__user_guide__messaging__templates__canvas_templates__braze_templates__email_signup.md,Email sign-up with double opt-in,This article describes how to use a Braze Canvas template to expand your reach with verified email sign-ups.,user_guide/messaging,https://www.braze.com/docs/user_guide/messaging/templates/canvas_templates/braze_templates/email_signup,2026-09-02,5672,5211,883,10,2,0,0,0,company-own (technical)
docs__user_guide__messaging__templates__canvas_templates__braze_templates__feature_adoption,docs__user_guide__messaging__templates__canvas_templates__braze_templates__feature_adoption.md,Feature adoption,This article describes how to use a Braze Canvas template to deliver timely personalized messages to highlight the benefits and usage tips.,user_guide/messaging,https://www.braze.com/docs/user_guide/messaging/templates/canvas_templates/braze_templates/feature_adoption,2026-09-02,6145,5661,936,12,2,0,0,0,company-own (technical)
docs__user_guide__messaging__templates__canvas_templates__braze_templates__lapsed_user,docs__user_guide__messaging__templates__canvas_templates__braze_templates__lapsed_user.md,Lapsed user,This article describes how to use a Braze Canvas template to bring users back to your app with incentives based on their past engagements.,user_guide/messaging,https://www.braze.com/docs/user_guide/messaging/templates/canvas_templates/braze_templates/lapsed_user,2026-09-02,5943,5475,924,10,2,0,0,0,company-own (technical)
docs__user_guide__messaging__templates__canvas_templates__braze_templates__onboarding,docs__user_guide__messaging__templates__canvas_templates__braze_templates__onboarding.md,Onboarding,This article describes how to use a Braze Canvas template to create onboarding journeys that promote strong initial adoption and encourage lasting relationships with your...,user_guide/messaging,https://www.braze.com/docs/user_guide/messaging/templates/canvas_templates/braze_templates/onboarding,2026-09-02,5624,5124,866,13,2,0,0,0,company-own (technical)
docs__user_guide__messaging__templates__canvas_templates__braze_templates__post_purchase_feedback,docs__user_guide__messaging__templates__canvas_templates__braze_templates__post_purchase_feedback.md,Post-purchase feedback,This article describes how to use a Braze Canvas template to orchestrate personalized experiences that allow you to respond to feedback and build a relationship...,user_guide/messaging,https://www.braze.com/docs/user_guide/messaging/templates/canvas_templates/braze_templates/post_purchase_feedback,2026-09-02,7108,6582,1084,14,2,0,0,0,company-own (technical)
docs__user_guide__messaging__templates__canvas_templates__braze_templates__preference_survey,docs__user_guide__messaging__templates__canvas_templates__braze_templates__preference_survey.md,Onboarding with preferences survey,This article describes how to use a Braze Canvas template to drive early adoption with a guided onboarding flow to introduce new users to your...,user_guide/messaging,https://www.braze.com/docs/user_guide/messaging/templates/canvas_templates/braze_templates/preference_survey,2026-09-02,5174,4664,779,12,2,0,0,0,company-own (technical)
docs__user_guide__messaging__templates__email_templates,docs__user_guide__messaging__templates__email_templates.md,Email templates,"This section includes articles on email templates, email link templates, link aliasing, and more.",user_guide/messaging,https://www.braze.com/docs/user_guide/messaging/templates/email_templates,2026-09-02,878,507,71,2,1,0,0,0,company-own (technical)
docs__user_guide__messaging__templates__email_templates__email_template,docs__user_guide__messaging__templates__email_templates__email_template.md,Create an email template,"This reference article covers how to create, customize, and manage email templates.",user_guide/messaging,https://www.braze.com/docs/user_guide/messaging/templates/email_templates/email_template,2026-09-02,5515,5118,851,11,6,0,0,0,company-own (technical)
docs__user_guide__messaging__templates__email_templates__faq,docs__user_guide__messaging__templates__email_templates__faq.md,Frequently asked questions,This page covers frequently asked questions about email templates and link templates.,user_guide/messaging,https://www.braze.com/docs/user_guide/messaging/templates/email_templates/faq,2026-09-02,6279,5900,963,13,3,0,0,4,company-own (technical)
docs__user_guide__messaging__templates__email_templates__html_email_template,docs__user_guide__messaging__templates__email_templates__html_email_template.md,Upload an HTML email template,"This reference article covers how to create, manage, and troubleshoot an HTML email template using the Braze dashboard.",user_guide/messaging,https://www.braze.com/docs/user_guide/messaging/templates/email_templates/html_email_template,2026-09-02,4509,4061,658,13,6,0,17,0,company-own (technical)
docs__user_guide__messaging__templates__email_templates__link_aliasing,docs__user_guide__messaging__templates__email_templates__link_aliasing.md,Link aliasing,This article describes how link aliasing works and provides examples for what your links will look like.,user_guide/messaging,https://www.braze.com/docs/user_guide/messaging/templates/email_templates/link_aliasing,2026-09-02,22979,22574,3636,28,8,14,34,16,company-own (technical)
docs__user_guide__messaging__templates__email_templates__link_template,docs__user_guide__messaging__templates__email_templates__link_template.md,Link templates,This article covers how to create different types of link templates in your emails.,user_guide/messaging,https://www.braze.com/docs/user_guide/messaging/templates/email_templates/link_template,2026-09-02,7162,6777,1107,14,6,0,0,4,company-own (technical)
docs__user_guide__messaging__templates__in_app_message_templates,docs__user_guide__messaging__templates__in_app_message_templates.md,In-app message templates,"Learn about in-app message templates in Braze, including how to create templates, Braze templates, and color profiles and CSS templates for the traditional editor.",user_guide/messaging,https://www.braze.com/docs/user_guide/messaging/templates/in_app_message_templates,2026-09-02,1281,817,122,3,2,0,0,0,company-own (technical)
docs__user_guide__messaging__templates__in_app_message_templates__email_capture,docs__user_guide__messaging__templates__in_app_message_templates__email_capture.md,Email sign-up form,This page covers how to create an email sign-up form with the in-app message drag-and-drop editor.,user_guide/messaging,https://www.braze.com/docs/user_guide/messaging/templates/in_app_message_templates/email_capture,2026-09-02,4798,4376,746,14,4,0,0,0,company-own (technical)
docs__user_guide__messaging__templates__in_app_message_templates__email_confirmation_page,docs__user_guide__messaging__templates__in_app_message_templates__email_confirmation_page.md,Email sign-up with confirmation page,This page covers how to use the in-app message drag-and-drop editor to create an email sign-up form that has a confirmation page.,user_guide/messaging,https://www.braze.com/docs/user_guide/messaging/templates/in_app_message_templates/email_confirmation_page,2026-09-02,4932,4441,757,14,4,0,0,0,company-own (technical)
docs__user_guide__messaging__templates__in_app_message_templates__email_discount,docs__user_guide__messaging__templates__in_app_message_templates__email_discount.md,Email sign-up with discount,This reference page covers how to use the in-app message drag-and-drop editor to build an email sign-up form that offers a discount for new subscribers....,user_guide/messaging,https://www.braze.com/docs/user_guide/messaging/templates/in_app_message_templates/email_discount,2026-09-02,4914,4424,756,14,4,0,0,0,company-own (technical)
docs__user_guide__messaging__templates__in_app_message_templates__email_image,docs__user_guide__messaging__templates__in_app_message_templates__email_image.md,Email sign-up with background image,This page covers how to use the in-app message drag-and-drop editor to show off your brand style with one simple message and build your email...,user_guide/messaging,https://www.braze.com/docs/user_guide/messaging/templates/in_app_message_templates/email_image,2026-09-02,5083,4602,786,14,4,0,0,0,company-own (technical)
docs__user_guide__messaging__templates__in_app_message_templates__email_offer,docs__user_guide__messaging__templates__in_app_message_templates__email_offer.md,Email sign-up with special offer,This page covers how to use the in-app message drag-and-drop editor to build your email list by offering a special discount on sign-up.,user_guide/messaging,https://www.braze.com/docs/user_guide/messaging/templates/in_app_message_templates/email_offer,2026-09-02,4917,4448,761,14,4,0,0,0,company-own (technical)
docs__user_guide__messaging__templates__in_app_message_templates__in_app_message_template,docs__user_guide__messaging__templates__in_app_message_templates__in_app_message_template.md,Create an in-app message template,"This reference article covers how to create, save, and manage in-app message templates from the Templates section of the Braze dashboard, including color profiles and...",user_guide/messaging,https://www.braze.com/docs/user_guide/messaging/templates/in_app_message_templates/in_app_message_template,2026-09-02,4809,4281,732,8,3,2,10,0,company-own (technical)
docs__user_guide__messaging__templates__in_app_message_templates__onboarding,docs__user_guide__messaging__templates__in_app_message_templates__onboarding.md,Onboarding flow,"This page covers how to welcome new users, guide them through benefits, and drive action using a compelling call to action.",user_guide/messaging,https://www.braze.com/docs/user_guide/messaging/templates/in_app_message_templates/onboarding,2026-09-02,3014,2576,442,10,3,0,0,0,company-own (technical)
docs__user_guide__messaging__templates__in_app_message_templates__phone_number_capture,docs__user_guide__messaging__templates__in_app_message_templates__phone_number_capture.md,"SMS, RCS, and WhatsApp sign-up form","This page covers how to create an SMS, RCS, and WhatsApp sign-up form with the in-app message drag-and-drop editor.",user_guide/messaging,https://www.braze.com/docs/user_guide/messaging/templates/in_app_message_templates/phone_number_capture,2026-09-02,5367,4897,834,12,3,0,0,0,company-own (technical)
docs__user_guide__messaging__templates__in_app_message_templates__product_announcement,docs__user_guide__messaging__templates__in_app_message_templates__product_announcement.md,Product announcement,This page covers how to use the in-app message drag-and-drop editor to boost awareness of new product launches.,user_guide/messaging,https://www.braze.com/docs/user_guide/messaging/templates/in_app_message_templates/product_announcement,2026-09-02,3197,2746,467,10,3,0,0,0,company-own (technical)
docs__user_guide__messaging__templates__in_app_message_templates__seasonal_promo,docs__user_guide__messaging__templates__in_app_message_templates__seasonal_promo.md,Seasonal promotion with background image,This page covers how to use the in-app message drag-and-drop editor to promote a seasonal offer or deal to drive user engagement.,user_guide/messaging,https://www.braze.com/docs/user_guide/messaging/templates/in_app_message_templates/seasonal_promo,2026-09-02,3442,2965,507,10,3,0,0,0,company-own (technical)
docs__user_guide__messaging__templates__managing_templates,docs__user_guide__messaging__templates__managing_templates.md,Manage templates,This reference article describes how to duplicate and archive templates in the Templates section of the Braze dashboard.,user_guide/messaging,https://www.braze.com/docs/user_guide/messaging/templates/managing_templates,2026-09-02,2108,1707,248,3,2,0,0,0,company-own (technical)
docs__user_guide__messaging__templates__webhook_templates,docs__user_guide__messaging__templates__webhook_templates.md,Create a webhook template,Learn how to create and customize webhook templates for later use within the Braze platform.,user_guide/messaging,https://www.braze.com/docs/user_guide/messaging/templates/webhook_templates,2026-09-02,2230,1850,307,8,7,0,0,0,company-own (technical)
docs__user_guide__privacy_portal,docs__user_guide__privacy_portal.md,Braze Privacy Portal,,user_guide/privacy_portal,https://www.braze.com/docs/user_guide/privacy_portal,2026-09-02,3002,2762,381,6,3,0,0,0,company-own (technical)
