form,filed,period,accession,primary_doc,description,items,url,evidence
4,2026-08-28,2026-08-27,0001888935-26-000025,xslF345X06/wk-form4_1787950490.xml,FORM 4,,https://www.sec.gov/Archives/edgar/data/1676238/000188893526000025/xslF345X06/wk-form4_1787950490.xml,statutory (SEC EDGAR)
144,2026-08-27,,0001950047-26-008765,xsl144X01/primary_doc.xml,,,https://www.sec.gov/Archives/edgar/data/1676238/000195004726008765/xsl144X01/primary_doc.xml,statutory (SEC EDGAR)
144,2026-08-27,,0001950047-26-008752,xsl144X01/primary_doc.xml,,,https://www.sec.gov/Archives/edgar/data/1676238/000195004726008752/xsl144X01/primary_doc.xml,statutory (SEC EDGAR)
4,2026-08-26,2026-08-24,0002078285-26-000007,xslF345X06/wk-form4_1787775610.xml,FORM 4,,https://www.sec.gov/Archives/edgar/data/1676238/000207828526000007/xslF345X06/wk-form4_1787775610.xml,statutory (SEC EDGAR)
4,2026-08-26,2026-08-24,0001888935-26-000023,xslF345X06/wk-form4_1787775577.xml,FORM 4,,https://www.sec.gov/Archives/edgar/data/1676238/000188893526000023/xslF345X06/wk-form4_1787775577.xml,statutory (SEC EDGAR)
144,2026-08-26,,0001950047-26-008708,xsl144X01/primary_doc.xml,,,https://www.sec.gov/Archives/edgar/data/1676238/000195004726008708/xsl144X01/primary_doc.xml,statutory (SEC EDGAR)
144,2026-08-24,,0001950047-26-008611,xsl144X01/primary_doc.xml,,,https://www.sec.gov/Archives/edgar/data/1676238/000195004726008611/xsl144X01/primary_doc.xml,statutory (SEC EDGAR)
144,2026-08-24,,0001950047-26-008610,xsl144X01/primary_doc.xml,,,https://www.sec.gov/Archives/edgar/data/1676238/000195004726008610/xsl144X01/primary_doc.xml,statutory (SEC EDGAR)
4,2026-08-21,2026-08-19,0002060697-26-000016,xslF345X06/wk-form4_1787346261.xml,FORM 4,,https://www.sec.gov/Archives/edgar/data/1676238/000206069726000016/xslF345X06/wk-form4_1787346261.xml,statutory (SEC EDGAR)
4,2026-08-21,2026-08-19,0001888935-26-000021,xslF345X06/wk-form4_1787346199.xml,FORM 4,,https://www.sec.gov/Archives/edgar/data/1676238/000188893526000021/xslF345X06/wk-form4_1787346199.xml,statutory (SEC EDGAR)
144,2026-08-19,,0001950047-26-008405,xsl144X01/primary_doc.xml,,,https://www.sec.gov/Archives/edgar/data/1676238/000195004726008405/xsl144X01/primary_doc.xml,statutory (SEC EDGAR)
144,2026-08-19,,0001950047-26-008395,xsl144X01/primary_doc.xml,,,https://www.sec.gov/Archives/edgar/data/1676238/000195004726008395/xsl144X01/primary_doc.xml,statutory (SEC EDGAR)
4,2026-08-19,2026-08-17,0001889225-26-000008,xslF345X06/wk-form4_1787170616.xml,FORM 4,,https://www.sec.gov/Archives/edgar/data/1676238/000188922526000008/xslF345X06/wk-form4_1787170616.xml,statutory (SEC EDGAR)
4,2026-08-19,2026-08-17,0002078285-26-000005,xslF345X06/wk-form4_1787170499.xml,FORM 4,,https://www.sec.gov/Archives/edgar/data/1676238/000207828526000005/xslF345X06/wk-form4_1787170499.xml,statutory (SEC EDGAR)
4,2026-08-19,2026-08-17,0001888932-26-000011,xslF345X06/wk-form4_1787170463.xml,FORM 4,,https://www.sec.gov/Archives/edgar/data/1676238/000188893226000011/xslF345X06/wk-form4_1787170463.xml,statutory (SEC EDGAR)
4,2026-08-19,2026-08-17,0001888935-26-000019,xslF345X06/wk-form4_1787170425.xml,FORM 4,,https://www.sec.gov/Archives/edgar/data/1676238/000188893526000019/xslF345X06/wk-form4_1787170425.xml,statutory (SEC EDGAR)
4,2026-08-19,2026-08-17,0002060697-26-000014,xslF345X06/wk-form4_1787170394.xml,FORM 4,,https://www.sec.gov/Archives/edgar/data/1676238/000206069726000014/xslF345X06/wk-form4_1787170394.xml,statutory (SEC EDGAR)
4,2026-08-14,2026-08-13,0001888935-26-000017,xslF345X06/wk-form4_1786740373.xml,FORM 4,,https://www.sec.gov/Archives/edgar/data/1676238/000188893526000017/xslF345X06/wk-form4_1786740373.xml,statutory (SEC EDGAR)
SCHEDULE 13G/A,2026-08-14,,0001665603-26-000009,xslSCHEDULE_13G_X02/primary_doc.xml,,,https://www.sec.gov/Archives/edgar/data/1676238/000166560326000009/xslSCHEDULE_13G_X02/primary_doc.xml,statutory (SEC EDGAR)
144,2026-08-13,,0001950047-26-008107,xsl144X01/primary_doc.xml,,,https://www.sec.gov/Archives/edgar/data/1676238/000195004726008107/xsl144X01/primary_doc.xml,statutory (SEC EDGAR)
4,2026-08-12,2026-08-10,0002060697-26-000012,xslF345X06/wk-form4_1786569939.xml,FORM 4,,https://www.sec.gov/Archives/edgar/data/1676238/000206069726000012/xslF345X06/wk-form4_1786569939.xml,statutory (SEC EDGAR)
4,2026-08-11,2026-08-07,0001888935-26-000015,xslF345X06/wk-form4_1786481852.xml,FORM 4,,https://www.sec.gov/Archives/edgar/data/1676238/000188893526000015/xslF345X06/wk-form4_1786481852.xml,statutory (SEC EDGAR)
144,2026-08-11,,0001950047-26-007957,xsl144X01/primary_doc.xml,,,https://www.sec.gov/Archives/edgar/data/1676238/000195004726007957/xsl144X01/primary_doc.xml,statutory (SEC EDGAR)
144,2026-08-10,,0001950047-26-007897,xsl144X01/primary_doc.xml,,,https://www.sec.gov/Archives/edgar/data/1676238/000195004726007897/xsl144X01/primary_doc.xml,statutory (SEC EDGAR)
144,2026-08-07,,0001950047-26-007809,xsl144X01/primary_doc.xml,,,https://www.sec.gov/Archives/edgar/data/1676238/000195004726007809/xsl144X01/primary_doc.xml,statutory (SEC EDGAR)
SCHEDULE 13G/A,2026-08-06,,0000315066-26-001973,xslSCHEDULE_13G_X02/primary_doc.xml,,,https://www.sec.gov/Archives/edgar/data/1676238/000031506626001973/xslSCHEDULE_13G_X02/primary_doc.xml,statutory (SEC EDGAR)
SCHEDULE 13G,2026-07-31,,0002100121-26-000932,xslSCHEDULE_13G_X02/primary_doc.xml,,,https://www.sec.gov/Archives/edgar/data/1676238/000210012126000932/xslSCHEDULE_13G_X02/primary_doc.xml,statutory (SEC EDGAR)
SCHEDULE 13G/A,2026-07-27,,0002012383-26-002209,xslSCHEDULE_13G_X02/primary_doc.xml,,,https://www.sec.gov/Archives/edgar/data/1676238/000201238326002209/xslSCHEDULE_13G_X02/primary_doc.xml,statutory (SEC EDGAR)
144,2026-07-20,,0001950047-26-007210,xsl144X01/primary_doc.xml,,,https://www.sec.gov/Archives/edgar/data/1676238/000195004726007210/xsl144X01/primary_doc.xml,statutory (SEC EDGAR)
4,2026-07-16,2026-07-15,0002060697-26-000010,xslF345X06/wk-form4_1784237387.xml,FORM 4,,https://www.sec.gov/Archives/edgar/data/1676238/000206069726000010/xslF345X06/wk-form4_1784237387.xml,statutory (SEC EDGAR)
4,2026-07-16,2026-07-14,0001888935-26-000013,xslF345X06/wk-form4_1784232572.xml,FORM 4,,https://www.sec.gov/Archives/edgar/data/1676238/000188893526000013/xslF345X06/wk-form4_1784232572.xml,statutory (SEC EDGAR)
144,2026-07-15,,0001950047-26-007134,xsl144X01/primary_doc.xml,,,https://www.sec.gov/Archives/edgar/data/1676238/000195004726007134/xsl144X01/primary_doc.xml,statutory (SEC EDGAR)
144,2026-07-15,,0001950047-26-007113,xsl144X01/primary_doc.xml,,,https://www.sec.gov/Archives/edgar/data/1676238/000195004726007113/xsl144X01/primary_doc.xml,statutory (SEC EDGAR)
144,2026-07-14,,0001950047-26-007066,xsl144X01/primary_doc.xml,,,https://www.sec.gov/Archives/edgar/data/1676238/000195004726007066/xsl144X01/primary_doc.xml,statutory (SEC EDGAR)
8-K,2026-07-02,2026-06-30,0001676238-26-000033,brz-20260630.htm,8-K,"5.03,5.07,9.01",https://www.sec.gov/Archives/edgar/data/1676238/000167623826000033/brz-20260630.htm,statutory (SEC EDGAR)
4,2026-07-02,2026-06-30,0001707744-26-000017,xslF345X06/wk-form4_1783024637.xml,FORM 4,,https://www.sec.gov/Archives/edgar/data/1676238/000170774426000017/xslF345X06/wk-form4_1783024637.xml,statutory (SEC EDGAR)
4,2026-07-02,2026-06-30,0001583097-26-000007,xslF345X06/wk-form4_1783024580.xml,FORM 4,,https://www.sec.gov/Archives/edgar/data/1676238/000158309726000007/xslF345X06/wk-form4_1783024580.xml,statutory (SEC EDGAR)
4,2026-07-02,2026-06-30,0001120741-26-000002,xslF345X06/wk-form4_1783024398.xml,FORM 4,,https://www.sec.gov/Archives/edgar/data/1676238/000112074126000002/xslF345X06/wk-form4_1783024398.xml,statutory (SEC EDGAR)
4,2026-07-02,2026-06-30,0001200465-26-000005,xslF345X06/wk-form4_1783024345.xml,FORM 4,,https://www.sec.gov/Archives/edgar/data/1676238/000120046526000005/xslF345X06/wk-form4_1783024345.xml,statutory (SEC EDGAR)
4,2026-07-02,2026-06-30,0001801288-26-000008,xslF345X06/wk-form4_1783024301.xml,FORM 4,,https://www.sec.gov/Archives/edgar/data/1676238/000180128826000008/xslF345X06/wk-form4_1783024301.xml,statutory (SEC EDGAR)
4,2026-07-02,2026-06-30,0001532809-26-000007,xslF345X06/wk-form4_1783024231.xml,FORM 4,,https://www.sec.gov/Archives/edgar/data/1676238/000153280926000007/xslF345X06/wk-form4_1783024231.xml,statutory (SEC EDGAR)
144,2026-06-26,,0001950047-26-006568,xsl144X01/primary_doc.xml,,,https://www.sec.gov/Archives/edgar/data/1676238/000195004726006568/xsl144X01/primary_doc.xml,statutory (SEC EDGAR)
4,2026-06-26,2026-06-24,0001888935-26-000011,xslF345X06/wk-form4_1782505452.xml,FORM 4,,https://www.sec.gov/Archives/edgar/data/1676238/000188893526000011/xslF345X06/wk-form4_1782505452.xml,statutory (SEC EDGAR)
4,2026-06-09,2026-06-05,0001532809-26-000005,xslF345X06/form4-06092026_090622.xml,,,https://www.sec.gov/Archives/edgar/data/1676238/000153280926000005/xslF345X06/form4-06092026_090622.xml,statutory (SEC EDGAR)
SCHEDULE 13G,2026-06-05,,0000315066-26-001413,xslSCHEDULE_13G_X02/primary_doc.xml,,,https://www.sec.gov/Archives/edgar/data/1676238/000031506626001413/xslSCHEDULE_13G_X02/primary_doc.xml,statutory (SEC EDGAR)
4,2026-06-02,2026-05-29,0001426395-26-000004,xslF345X06/wk-form4_1780431671.xml,FORM 4,,https://www.sec.gov/Archives/edgar/data/1676238/000142639526000004/xslF345X06/wk-form4_1780431671.xml,statutory (SEC EDGAR)
144,2026-06-01,,0001950047-26-005389,xsl144X01/primary_doc.xml,,,https://www.sec.gov/Archives/edgar/data/1676238/000195004726005389/xsl144X01/primary_doc.xml,statutory (SEC EDGAR)
3,2026-05-29,2026-05-19,0000950103-26-008085,xslF345X06/ownership.xml,FORM 3,,https://www.sec.gov/Archives/edgar/data/1676238/000095010326008085/xslF345X06/ownership.xml,statutory (SEC EDGAR)
10-Q,2026-05-28,2026-04-30,0001676238-26-000027,brze-20260430.htm,10-Q,,https://www.sec.gov/Archives/edgar/data/1676238/000167623826000027/brze-20260430.htm,statutory (SEC EDGAR)
8-K,2026-05-27,2026-05-25,0001676238-26-000024,brz-20260525.htm,8-K,"2.02,5.02,9.01",https://www.sec.gov/Archives/edgar/data/1676238/000167623826000024/brz-20260525.htm,statutory (SEC EDGAR)
4,2026-05-19,2026-05-15,0001888932-26-000009,xslF345X06/wk-form4_1779223128.xml,FORM 4,,https://www.sec.gov/Archives/edgar/data/1676238/000188893226000009/xslF345X06/wk-form4_1779223128.xml,statutory (SEC EDGAR)
4,2026-05-19,2026-05-15,0002060697-26-000006,xslF345X06/wk-form4_1779223092.xml,FORM 4,,https://www.sec.gov/Archives/edgar/data/1676238/000206069726000006/xslF345X06/wk-form4_1779223092.xml,statutory (SEC EDGAR)
4,2026-05-19,2026-05-15,0001889225-26-000006,xslF345X06/wk-form4_1779223052.xml,FORM 4,,https://www.sec.gov/Archives/edgar/data/1676238/000188922526000006/xslF345X06/wk-form4_1779223052.xml,statutory (SEC EDGAR)
4,2026-05-19,2026-05-15,0001888946-26-000011,xslF345X06/wk-form4_1779223005.xml,FORM 4,,https://www.sec.gov/Archives/edgar/data/1676238/000188894626000011/xslF345X06/wk-form4_1779223005.xml,statutory (SEC EDGAR)
4,2026-05-19,2026-05-15,0001889752-26-000012,xslF345X06/wk-form4_1779222963.xml,FORM 4,,https://www.sec.gov/Archives/edgar/data/1676238/000188975226000012/xslF345X06/wk-form4_1779222963.xml,statutory (SEC EDGAR)
4,2026-05-19,2026-05-15,0001888935-26-000009,xslF345X06/wk-form4_1779222895.xml,FORM 4,,https://www.sec.gov/Archives/edgar/data/1676238/000188893526000009/xslF345X06/wk-form4_1779222895.xml,statutory (SEC EDGAR)
4,2026-05-19,2026-05-15,0002078285-26-000003,xslF345X06/wk-form4_1779222845.xml,FORM 4,,https://www.sec.gov/Archives/edgar/data/1676238/000207828526000003/xslF345X06/wk-form4_1779222845.xml,statutory (SEC EDGAR)
ARS,2026-05-18,2026-01-31,0001140361-26-021911,ny20068382x4_ars.pdf,ARS,,https://www.sec.gov/Archives/edgar/data/1676238/000114036126021911/ny20068382x4_ars.pdf,statutory (SEC EDGAR)
DEFA14A,2026-05-18,,0001140361-26-021910,ny20068382x3_defa14a.htm,DEFA14A,,https://www.sec.gov/Archives/edgar/data/1676238/000114036126021910/ny20068382x3_defa14a.htm,statutory (SEC EDGAR)
DEF 14A,2026-05-18,2026-06-30,0001140361-26-021908,ny20068382x2_def14a.htm,DEF 14A,,https://www.sec.gov/Archives/edgar/data/1676238/000114036126021908/ny20068382x2_def14a.htm,statutory (SEC EDGAR)
SCHEDULE 13G/A,2026-05-14,,0001062993-26-002627,xslSCHEDULE_13G_X02/primary_doc.xml,,,https://www.sec.gov/Archives/edgar/data/1676238/000106299326002627/xslSCHEDULE_13G_X02/primary_doc.xml,statutory (SEC EDGAR)
PRE 14A,2026-05-08,2026-06-30,0001140361-26-020058,ny20068382x1_pre14a.htm,PRE 14A,,https://www.sec.gov/Archives/edgar/data/1676238/000114036126020058/ny20068382x1_pre14a.htm,statutory (SEC EDGAR)
8-K,2026-04-28,2026-04-28,0000950103-26-006243,dp245711_8k.htm,FORM 8-K,"5.02,7.01,9.01",https://www.sec.gov/Archives/edgar/data/1676238/000095010326006243/dp245711_8k.htm,statutory (SEC EDGAR)
SCHEDULE 13G/A,2026-04-24,,0001104659-26-048744,xslSCHEDULE_13G_X02/primary_doc.xml,,,https://www.sec.gov/Archives/edgar/data/1676238/000110465926048744/xslSCHEDULE_13G_X02/primary_doc.xml,statutory (SEC EDGAR)
4,2026-04-13,2026-04-09,0001889752-26-000010,xslF345X06/wk-form4_1776113129.xml,FORM 4,,https://www.sec.gov/Archives/edgar/data/1676238/000188975226000010/xslF345X06/wk-form4_1776113129.xml,statutory (SEC EDGAR)
144,2026-04-09,,0001950047-26-003348,xsl144X01/primary_doc.xml,,,https://www.sec.gov/Archives/edgar/data/1676238/000195004726003348/xsl144X01/primary_doc.xml,statutory (SEC EDGAR)
4,2026-04-08,2026-04-06,0001888946-26-000009,xslF345X06/wk-form4_1775689671.xml,FORM 4,,https://www.sec.gov/Archives/edgar/data/1676238/000188894626000009/xslF345X06/wk-form4_1775689671.xml,statutory (SEC EDGAR)
8-K,2026-04-07,2026-04-07,0001676238-26-000016,brz-20260407.htm,8-K,"5.02,9.01",https://www.sec.gov/Archives/edgar/data/1676238/000167623826000016/brz-20260407.htm,statutory (SEC EDGAR)
144,2026-04-06,,0001950047-26-003247,xsl144X01/primary_doc.xml,,,https://www.sec.gov/Archives/edgar/data/1676238/000195004726003247/xsl144X01/primary_doc.xml,statutory (SEC EDGAR)
SCHEDULE 13G/A,2026-03-26,,0000102909-26-000823,xslSCHEDULE_13G_X02/primary_doc.xml,,,https://www.sec.gov/Archives/edgar/data/1676238/000010290926000823/xslSCHEDULE_13G_X02/primary_doc.xml,statutory (SEC EDGAR)
S-8,2026-03-25,,0000950103-26-004653,dp244112_s8.htm,FORM S-8,,https://www.sec.gov/Archives/edgar/data/1676238/000095010326004653/dp244112_s8.htm,statutory (SEC EDGAR)
10-K,2026-03-25,2026-01-31,0001676238-26-000013,brze-20260131.htm,10-K,,https://www.sec.gov/Archives/edgar/data/1676238/000167623826000013/brze-20260131.htm,statutory (SEC EDGAR)
8-K,2026-03-24,2026-03-24,0001676238-26-000011,brz-20260324.htm,8-K,"2.02,9.01",https://www.sec.gov/Archives/edgar/data/1676238/000167623826000011/brz-20260324.htm,statutory (SEC EDGAR)
4,2026-03-20,2026-03-18,0000950103-26-004495,xslF345X06/ownership.xml,FORM 4,,https://www.sec.gov/Archives/edgar/data/1676238/000095010326004495/xslF345X06/ownership.xml,statutory (SEC EDGAR)
4,2026-03-20,2026-03-18,0001889225-26-000004,xslF345X06/wk-form4_1774046038.xml,FORM 4,,https://www.sec.gov/Archives/edgar/data/1676238/000188922526000004/xslF345X06/wk-form4_1774046038.xml,statutory (SEC EDGAR)
4,2026-03-20,2026-03-18,0001888932-26-000007,xslF345X06/wk-form4_1774046013.xml,FORM 4,,https://www.sec.gov/Archives/edgar/data/1676238/000188893226000007/xslF345X06/wk-form4_1774046013.xml,statutory (SEC EDGAR)
4,2026-03-20,2026-03-18,0001888946-26-000007,xslF345X06/wk-form4_1774045992.xml,FORM 4,,https://www.sec.gov/Archives/edgar/data/1676238/000188894626000007/xslF345X06/wk-form4_1774045992.xml,statutory (SEC EDGAR)
4,2026-03-20,2026-03-18,0002060697-26-000004,xslF345X06/wk-form4_1774045970.xml,FORM 4,,https://www.sec.gov/Archives/edgar/data/1676238/000206069726000004/xslF345X06/wk-form4_1774045970.xml,statutory (SEC EDGAR)
4,2026-03-20,2026-03-18,0001888935-26-000007,xslF345X06/wk-form4_1774045944.xml,FORM 4,,https://www.sec.gov/Archives/edgar/data/1676238/000188893526000007/xslF345X06/wk-form4_1774045944.xml,statutory (SEC EDGAR)
4,2026-03-20,2026-03-18,0001889752-26-000008,xslF345X06/wk-form4_1774045916.xml,FORM 4,,https://www.sec.gov/Archives/edgar/data/1676238/000188975226000008/xslF345X06/wk-form4_1774045916.xml,statutory (SEC EDGAR)
4,2026-02-20,2026-02-18,0001888932-26-000005,xslF345X05/wk-form4_1771623432.xml,FORM 4,,https://www.sec.gov/Archives/edgar/data/1676238/000188893226000005/xslF345X05/wk-form4_1771623432.xml,statutory (SEC EDGAR)
4,2026-02-20,2026-02-18,0001889225-26-000002,xslF345X05/wk-form4_1771623378.xml,FORM 4,,https://www.sec.gov/Archives/edgar/data/1676238/000188922526000002/xslF345X05/wk-form4_1771623378.xml,statutory (SEC EDGAR)
4,2026-02-20,2026-02-18,0001888935-26-000005,xslF345X05/wk-form4_1771623334.xml,FORM 4,,https://www.sec.gov/Archives/edgar/data/1676238/000188893526000005/xslF345X05/wk-form4_1771623334.xml,statutory (SEC EDGAR)
4,2026-02-20,2026-02-18,0001888946-26-000005,xslF345X05/wk-form4_1771623229.xml,FORM 4,,https://www.sec.gov/Archives/edgar/data/1676238/000188894626000005/xslF345X05/wk-form4_1771623229.xml,statutory (SEC EDGAR)
4,2026-02-20,2026-02-18,0002060697-26-000002,xslF345X05/wk-form4_1771623184.xml,FORM 4,,https://www.sec.gov/Archives/edgar/data/1676238/000206069726000002/xslF345X05/wk-form4_1771623184.xml,statutory (SEC EDGAR)
4,2026-02-20,2026-02-18,0001889752-26-000006,xslF345X05/wk-form4_1771623144.xml,FORM 4,,https://www.sec.gov/Archives/edgar/data/1676238/000188975226000006/xslF345X05/wk-form4_1771623144.xml,statutory (SEC EDGAR)
144,2026-02-19,,0001950047-26-001519,xsl144X01/primary_doc.xml,,,https://www.sec.gov/Archives/edgar/data/1676238/000195004726001519/xsl144X01/primary_doc.xml,statutory (SEC EDGAR)
SCHEDULE 13G/A,2026-02-17,,0001665603-26-000006,xslSCHEDULE_13G_X01/primary_doc.xml,,,https://www.sec.gov/Archives/edgar/data/1676238/000166560326000006/xslSCHEDULE_13G_X01/primary_doc.xml,statutory (SEC EDGAR)
SCHEDULE 13G/A,2026-02-17,,0001062993-26-000970,xslSCHEDULE_13G_X01/primary_doc.xml,,,https://www.sec.gov/Archives/edgar/data/1676238/000106299326000970/xslSCHEDULE_13G_X01/primary_doc.xml,statutory (SEC EDGAR)
4,2026-02-03,2026-01-30,0001532809-26-000002,xslF345X05/form4-02032026_110221.xml,,,https://www.sec.gov/Archives/edgar/data/1676238/000153280926000002/xslF345X05/form4-02032026_110221.xml,statutory (SEC EDGAR)
SCHEDULE 13G/A,2026-02-03,,0000950103-26-001568,xslSCHEDULE_13G_X01/primary_doc.xml,,,https://www.sec.gov/Archives/edgar/data/1676238/000095010326001568/xslSCHEDULE_13G_X01/primary_doc.xml,statutory (SEC EDGAR)
SCHEDULE 13G,2026-02-02,,0001104659-26-009318,xslSCHEDULE_13G_X01/primary_doc.xml,,,https://www.sec.gov/Archives/edgar/data/1676238/000110465926009318/xslSCHEDULE_13G_X01/primary_doc.xml,statutory (SEC EDGAR)
4,2026-02-02,2026-01-30,0001888935-26-000003,xslF345X05/wk-form4_1770037549.xml,FORM 4,,https://www.sec.gov/Archives/edgar/data/1676238/000188893526000003/xslF345X05/wk-form4_1770037549.xml,statutory (SEC EDGAR)
4,2026-02-02,2026-01-30,0001583097-26-000003,xslF345X05/wk-form4_1770037521.xml,FORM 4,,https://www.sec.gov/Archives/edgar/data/1676238/000158309726000003/xslF345X05/wk-form4_1770037521.xml,statutory (SEC EDGAR)
4,2026-02-02,2026-01-30,0001888932-26-000003,xslF345X05/wk-form4_1770037490.xml,FORM 4,,https://www.sec.gov/Archives/edgar/data/1676238/000188893226000003/xslF345X05/wk-form4_1770037490.xml,statutory (SEC EDGAR)
4,2026-02-02,2026-01-30,0001888946-26-000003,xslF345X05/wk-form4_1770037455.xml,FORM 4,,https://www.sec.gov/Archives/edgar/data/1676238/000188894626000003/xslF345X05/wk-form4_1770037455.xml,statutory (SEC EDGAR)
4,2026-02-02,2026-01-30,0001889752-26-000004,xslF345X05/wk-form4_1770037416.xml,FORM 4,,https://www.sec.gov/Archives/edgar/data/1676238/000188975226000004/xslF345X05/wk-form4_1770037416.xml,statutory (SEC EDGAR)
4,2026-02-02,2026-01-30,0001200465-26-000003,xslF345X05/wk-form4_1770037362.xml,FORM 4,,https://www.sec.gov/Archives/edgar/data/1676238/000120046526000003/xslF345X05/wk-form4_1770037362.xml,statutory (SEC EDGAR)
8-K,2026-02-02,2026-01-30,0001676238-26-000006,brz-20260130.htm,8-K,"3.03,5.03,8.01,9.01",https://www.sec.gov/Archives/edgar/data/1676238/000167623826000006/brz-20260130.htm,statutory (SEC EDGAR)
SCHEDULE 13G,2026-01-21,,0001104659-26-005377,xslSCHEDULE_13G_X01/primary_doc.xml,,,https://www.sec.gov/Archives/edgar/data/1676238/000110465926005377/xslSCHEDULE_13G_X01/primary_doc.xml,statutory (SEC EDGAR)
4,2025-12-19,2025-12-17,0001889225-25-000009,xslF345X05/wk-form4_1766179152.xml,FORM 4,,https://www.sec.gov/Archives/edgar/data/1676238/000188922525000009/xslF345X05/wk-form4_1766179152.xml,statutory (SEC EDGAR)
144,2025-12-17,,0001950047-25-010482,xsl144X01/primary_doc.xml,,,https://www.sec.gov/Archives/edgar/data/1676238/000195004725010482/xsl144X01/primary_doc.xml,statutory (SEC EDGAR)
4,2025-12-10,2025-12-08,0001231919-25-000598,xslF345X05/form4-12102025_101211.xml,,,https://www.sec.gov/Archives/edgar/data/1676238/000123191925000598/xslF345X05/form4-12102025_101211.xml,statutory (SEC EDGAR)
10-Q,2025-12-10,2025-10-31,0001676238-25-000147,brze-20251031.htm,10-Q,,https://www.sec.gov/Archives/edgar/data/1676238/000167623825000147/brze-20251031.htm,statutory (SEC EDGAR)
8-K,2025-12-09,2025-12-09,0001676238-25-000145,brz-20251209.htm,8-K,"2.02,7.01,9.01",https://www.sec.gov/Archives/edgar/data/1676238/000167623825000145/brz-20251209.htm,statutory (SEC EDGAR)
4,2025-11-20,2025-11-18,0001889752-25-000004,xslF345X05/wk-form4_1763679357.xml,FORM 4,,https://www.sec.gov/Archives/edgar/data/1676238/000188975225000004/xslF345X05/wk-form4_1763679357.xml,statutory (SEC EDGAR)
4,2025-11-20,2025-11-18,0001888946-25-000004,xslF345X05/wk-form4_1763679325.xml,FORM 4,,https://www.sec.gov/Archives/edgar/data/1676238/000188894625000004/xslF345X05/wk-form4_1763679325.xml,statutory (SEC EDGAR)
4,2025-11-20,2025-11-18,0001888932-25-000004,xslF345X05/wk-form4_1763679126.xml,FORM 4,,https://www.sec.gov/Archives/edgar/data/1676238/000188893225000004/xslF345X05/wk-form4_1763679126.xml,statutory (SEC EDGAR)
4,2025-11-20,2025-11-18,0001888935-25-000004,xslF345X05/wk-form4_1763678921.xml,FORM 4,,https://www.sec.gov/Archives/edgar/data/1676238/000188893525000004/xslF345X05/wk-form4_1763678921.xml,statutory (SEC EDGAR)
4,2025-11-20,2025-11-18,0001889225-25-000006,xslF345X05/wk-form4_1763678699.xml,FORM 4,,https://www.sec.gov/Archives/edgar/data/1676238/000188922525000006/xslF345X05/wk-form4_1763678699.xml,statutory (SEC EDGAR)
4,2025-11-20,2025-11-18,0002060697-25-000004,xslF345X05/wk-form4_1763678652.xml,FORM 4,,https://www.sec.gov/Archives/edgar/data/1676238/000206069725000004/xslF345X05/wk-form4_1763678652.xml,statutory (SEC EDGAR)
144,2025-11-20,,0001950047-25-009152,xsl144X01/primary_doc.xml,,,https://www.sec.gov/Archives/edgar/data/1676238/000195004725009152/xsl144X01/primary_doc.xml,statutory (SEC EDGAR)
SCHEDULE 13G/A,2025-11-12,,0000950103-25-014636,xslSCHEDULE_13G_X01/primary_doc.xml,,,https://www.sec.gov/Archives/edgar/data/1676238/000095010325014636/xslSCHEDULE_13G_X01/primary_doc.xml,statutory (SEC EDGAR)
SCHEDULE 13G/A,2025-10-30,,0000102909-25-000109,xslSCHEDULE_13G_X01/primary_doc.xml,,,https://www.sec.gov/Archives/edgar/data/1676238/000010290925000109/xslSCHEDULE_13G_X01/primary_doc.xml,statutory (SEC EDGAR)
4,2025-10-02,2025-09-30,0001532809-25-000005,xslF345X05/form4-10022025_081056.xml,,,https://www.sec.gov/Archives/edgar/data/1676238/000153280925000005/xslF345X05/form4-10022025_081056.xml,statutory (SEC EDGAR)
4,2025-09-22,2025-09-18,0001889225-25-000004,xslF345X05/wk-form4_1758576847.xml,FORM 4,,https://www.sec.gov/Archives/edgar/data/1676238/000188922525000004/xslF345X05/wk-form4_1758576847.xml,statutory (SEC EDGAR)
144,2025-09-18,,0001950047-25-007306,xsl144X01/primary_doc.xml,,,https://www.sec.gov/Archives/edgar/data/1676238/000195004725007306/xsl144X01/primary_doc.xml,statutory (SEC EDGAR)
4,2025-09-09,2025-09-05,0001676238-25-000139,xslF345X05/wk-form4_1757451118.xml,FORM 4,,https://www.sec.gov/Archives/edgar/data/1676238/000167623825000139/xslF345X05/wk-form4_1757451118.xml,statutory (SEC EDGAR)
4,2025-09-05,2025-09-04,0001676238-25-000137,xslF345X05/wk-form4_1757108832.xml,FORM 4,,https://www.sec.gov/Archives/edgar/data/1676238/000167623825000137/xslF345X05/wk-form4_1757108832.xml,statutory (SEC EDGAR)
144,2025-09-05,,0001950047-25-006795,xsl144X01/primary_doc.xml,,,https://www.sec.gov/Archives/edgar/data/1676238/000195004725006795/xsl144X01/primary_doc.xml,statutory (SEC EDGAR)
10-Q,2025-09-05,2025-07-31,0001676238-25-000134,brze-20250731.htm,10-Q,,https://www.sec.gov/Archives/edgar/data/1676238/000167623825000134/brze-20250731.htm,statutory (SEC EDGAR)
8-K,2025-09-04,2025-09-04,0001676238-25-000132,brz-20250904.htm,8-K,"2.02,9.01",https://www.sec.gov/Archives/edgar/data/1676238/000167623825000132/brz-20250904.htm,statutory (SEC EDGAR)
4,2025-08-21,2025-08-19,0001676238-25-000125,xslF345X05/wk-form4_1755810396.xml,FORM 4,,https://www.sec.gov/Archives/edgar/data/1676238/000167623825000125/xslF345X05/wk-form4_1755810396.xml,statutory (SEC EDGAR)
4,2025-08-21,2025-08-19,0001676238-25-000123,xslF345X05/wk-form4_1755810313.xml,FORM 4,,https://www.sec.gov/Archives/edgar/data/1676238/000167623825000123/xslF345X05/wk-form4_1755810313.xml,statutory (SEC EDGAR)
4,2025-08-21,2025-08-19,0001676238-25-000121,xslF345X05/wk-form4_1755810177.xml,FORM 4,,https://www.sec.gov/Archives/edgar/data/1676238/000167623825000121/xslF345X05/wk-form4_1755810177.xml,statutory (SEC EDGAR)
4,2025-08-21,2025-08-19,0001676238-25-000119,xslF345X05/wk-form4_1755810069.xml,FORM 4,,https://www.sec.gov/Archives/edgar/data/1676238/000167623825000119/xslF345X05/wk-form4_1755810069.xml,statutory (SEC EDGAR)
4,2025-08-21,2025-08-19,0001676238-25-000117,xslF345X05/wk-form4_1755809970.xml,FORM 4,,https://www.sec.gov/Archives/edgar/data/1676238/000167623825000117/xslF345X05/wk-form4_1755809970.xml,statutory (SEC EDGAR)
4,2025-08-21,2025-08-19,0001676238-25-000115,xslF345X05/wk-form4_1755809186.xml,FORM 4,,https://www.sec.gov/Archives/edgar/data/1676238/000167623825000115/xslF345X05/wk-form4_1755809186.xml,statutory (SEC EDGAR)
4,2025-08-21,2025-08-19,0001676238-25-000113,xslF345X05/wk-form4_1755809074.xml,FORM 4,,https://www.sec.gov/Archives/edgar/data/1676238/000167623825000113/xslF345X05/wk-form4_1755809074.xml,statutory (SEC EDGAR)
144,2025-08-20,,0001950047-25-006102,xsl144X01/primary_doc.xml,,,https://www.sec.gov/Archives/edgar/data/1676238/000195004725006102/xsl144X01/primary_doc.xml,statutory (SEC EDGAR)
4,2025-08-19,2025-08-15,0001676238-25-000111,xslF345X05/wk-form4_1755635594.xml,FORM 4,,https://www.sec.gov/Archives/edgar/data/1676238/000167623825000111/xslF345X05/wk-form4_1755635594.xml,statutory (SEC EDGAR)
SCHEDULE 13G/A,2025-08-14,,0001415889-25-021857,xslSCHEDULE_13G_X01/primary_doc.xml,,,https://www.sec.gov/Archives/edgar/data/1676238/000141588925021857/xslSCHEDULE_13G_X01/primary_doc.xml,statutory (SEC EDGAR)
SCHEDULE 13G/A,2025-08-14,,0001011438-25-000440,xslSCHEDULE_13G_X01/primary_doc.xml,,,https://www.sec.gov/Archives/edgar/data/1676238/000101143825000440/xslSCHEDULE_13G_X01/primary_doc.xml,statutory (SEC EDGAR)
SCHEDULE 13G/A,2025-08-14,,0000950170-25-108432,xslSCHEDULE_13G_X01/primary_doc.xml,,,https://www.sec.gov/Archives/edgar/data/1676238/000095017025108432/xslSCHEDULE_13G_X01/primary_doc.xml,statutory (SEC EDGAR)
4,2025-07-30,2025-07-28,0001676238-25-000109,xslF345X05/wk-form4_1753909420.xml,FORM 4,,https://www.sec.gov/Archives/edgar/data/1676238/000167623825000109/xslF345X05/wk-form4_1753909420.xml,statutory (SEC EDGAR)
144,2025-07-28,,0001950047-25-005224,xsl144X01/primary_doc.xml,,,https://www.sec.gov/Archives/edgar/data/1676238/000195004725005224/xsl144X01/primary_doc.xml,statutory (SEC EDGAR)
3,2025-07-25,2025-07-07,0000950103-25-009308,xslF345X02/dp232060_3-mcdonnell.xml,FORM 3,,https://www.sec.gov/Archives/edgar/data/1676238/000095010325009308/xslF345X02/dp232060_3-mcdonnell.xml,statutory (SEC EDGAR)
4,2025-07-15,2025-07-14,0001676238-25-000107,xslF345X05/wk-form4_1752610084.xml,FORM 4,,https://www.sec.gov/Archives/edgar/data/1676238/000167623825000107/xslF345X05/wk-form4_1752610084.xml,statutory (SEC EDGAR)
4,2025-07-15,2025-07-11,0001676238-25-000106,xslF345X05/wk-form4_1752610049.xml,FORM 4,,https://www.sec.gov/Archives/edgar/data/1676238/000167623825000106/xslF345X05/wk-form4_1752610049.xml,statutory (SEC EDGAR)
144,2025-07-14,,0001950047-25-004995,xsl144X01/primary_doc.xml,,,https://www.sec.gov/Archives/edgar/data/1676238/000195004725004995/xsl144X01/primary_doc.xml,statutory (SEC EDGAR)
144,2025-07-03,,0001950047-25-004838,xsl144X01/primary_doc.xml,,,https://www.sec.gov/Archives/edgar/data/1676238/000195004725004838/xsl144X01/primary_doc.xml,statutory (SEC EDGAR)
4,2025-06-30,2025-06-26,0001415889-25-018530,xslF345X05/form4-06302025_090658.xml,,,https://www.sec.gov/Archives/edgar/data/1676238/000141588925018530/xslF345X05/form4-06302025_090658.xml,statutory (SEC EDGAR)
4,2025-06-27,2025-06-26,0001676238-25-000099,xslF345X05/wk-form4_1751056685.xml,FORM 4,,https://www.sec.gov/Archives/edgar/data/1676238/000167623825000099/xslF345X05/wk-form4_1751056685.xml,statutory (SEC EDGAR)
4,2025-06-27,2025-06-26,0001676238-25-000097,xslF345X05/wk-form4_1751056604.xml,FORM 4,,https://www.sec.gov/Archives/edgar/data/1676238/000167623825000097/xslF345X05/wk-form4_1751056604.xml,statutory (SEC EDGAR)
4,2025-06-27,2025-06-25,0001676238-25-000095,xslF345X05/wk-form4_1751056503.xml,FORM 4,,https://www.sec.gov/Archives/edgar/data/1676238/000167623825000095/xslF345X05/wk-form4_1751056503.xml,statutory (SEC EDGAR)
4,2025-06-27,2025-06-26,0001676238-25-000093,xslF345X05/wk-form4_1751056413.xml,FORM 4,,https://www.sec.gov/Archives/edgar/data/1676238/000167623825000093/xslF345X05/wk-form4_1751056413.xml,statutory (SEC EDGAR)
4,2025-06-27,2025-06-26,0001676238-25-000091,xslF345X05/wk-form4_1751056296.xml,FORM 4,,https://www.sec.gov/Archives/edgar/data/1676238/000167623825000091/xslF345X05/wk-form4_1751056296.xml,statutory (SEC EDGAR)
8-K,2025-06-27,2025-06-26,0001676238-25-000088,brz-20250626.htm,8-K,5.07,https://www.sec.gov/Archives/edgar/data/1676238/000167623825000088/brz-20250626.htm,statutory (SEC EDGAR)
4,2025-06-18,2025-06-16,0001676238-25-000085,xslF345X05/wk-form4_1750288771.xml,FORM 4,,https://www.sec.gov/Archives/edgar/data/1676238/000167623825000085/xslF345X05/wk-form4_1750288771.xml,statutory (SEC EDGAR)
4,2025-06-18,2025-06-16,0001676238-25-000083,xslF345X05/wk-form4_1750288194.xml,FORM 4,,https://www.sec.gov/Archives/edgar/data/1676238/000167623825000083/xslF345X05/wk-form4_1750288194.xml,statutory (SEC EDGAR)
4,2025-06-18,2025-06-16,0001676238-25-000081,xslF345X05/wk-form4_1750287632.xml,FORM 4,,https://www.sec.gov/Archives/edgar/data/1676238/000167623825000081/xslF345X05/wk-form4_1750287632.xml,statutory (SEC EDGAR)
S-3ASR,2025-06-06,,0000950103-25-007111,dp229887_s3asr.htm,FORM S-3ASR,,https://www.sec.gov/Archives/edgar/data/1676238/000095010325007111/dp229887_s3asr.htm,statutory (SEC EDGAR)
10-Q,2025-06-06,2025-04-30,0001676238-25-000079,brze-20250430.htm,10-Q,,https://www.sec.gov/Archives/edgar/data/1676238/000167623825000079/brze-20250430.htm,statutory (SEC EDGAR)
8-K,2025-06-05,2025-06-01,0001676238-25-000077,brz-20250601.htm,8-K,"2.02,5.02,9.01",https://www.sec.gov/Archives/edgar/data/1676238/000167623825000077/brz-20250601.htm,statutory (SEC EDGAR)
4,2025-06-02,2025-05-29,0001415889-25-015268,xslF345X05/form4-06022025_100602.xml,,,https://www.sec.gov/Archives/edgar/data/1676238/000141588925015268/xslF345X05/form4-06022025_100602.xml,statutory (SEC EDGAR)
4/A,2025-05-22,2025-05-19,0000950103-25-006348,xslF345X05/dp229148_4a-braze.xml,FORM 4/A,,https://www.sec.gov/Archives/edgar/data/1676238/000095010325006348/xslF345X05/dp229148_4a-braze.xml,statutory (SEC EDGAR)
4,2025-05-21,2025-05-19,0001676238-25-000076,xslF345X05/wk-form4_1747866765.xml,FORM 4,,https://www.sec.gov/Archives/edgar/data/1676238/000167623825000076/xslF345X05/wk-form4_1747866765.xml,statutory (SEC EDGAR)
4,2025-05-21,2025-05-19,0001676238-25-000074,xslF345X05/wk-form4_1747866640.xml,FORM 4,,https://www.sec.gov/Archives/edgar/data/1676238/000167623825000074/xslF345X05/wk-form4_1747866640.xml,statutory (SEC EDGAR)
4,2025-05-21,2025-05-19,0001676238-25-000072,xslF345X05/wk-form4_1747866491.xml,FORM 4,,https://www.sec.gov/Archives/edgar/data/1676238/000167623825000072/xslF345X05/wk-form4_1747866491.xml,statutory (SEC EDGAR)
4,2025-05-21,2025-05-19,0001676238-25-000070,xslF345X05/wk-form4_1747866347.xml,FORM 4,,https://www.sec.gov/Archives/edgar/data/1676238/000167623825000070/xslF345X05/wk-form4_1747866347.xml,statutory (SEC EDGAR)
4,2025-05-21,2025-05-19,0001676238-25-000068,xslF345X05/wk-form4_1747866147.xml,FORM 4,,https://www.sec.gov/Archives/edgar/data/1676238/000167623825000068/xslF345X05/wk-form4_1747866147.xml,statutory (SEC EDGAR)
4,2025-05-21,2025-05-19,0001676238-25-000065,xslF345X05/wk-form4_1747865455.xml,FORM 4,,https://www.sec.gov/Archives/edgar/data/1676238/000167623825000065/xslF345X05/wk-form4_1747865455.xml,statutory (SEC EDGAR)
4,2025-05-21,2025-05-19,0001676238-25-000063,xslF345X05/wk-form4_1747865238.xml,FORM 4,,https://www.sec.gov/Archives/edgar/data/1676238/000167623825000063/xslF345X05/wk-form4_1747865238.xml,statutory (SEC EDGAR)
4,2025-05-21,2025-05-19,0001676238-25-000061,xslF345X05/wk-form4_1747865082.xml,FORM 4,,https://www.sec.gov/Archives/edgar/data/1676238/000167623825000061/xslF345X05/wk-form4_1747865082.xml,statutory (SEC EDGAR)
ARS,2025-05-15,2025-01-31,0001140361-25-019273,ny20045978x3_ars.pdf,ARS,,https://www.sec.gov/Archives/edgar/data/1676238/000114036125019273/ny20045978x3_ars.pdf,statutory (SEC EDGAR)
DEFA14A,2025-05-15,,0001140361-25-019272,ny20045978x2_defa14a.htm,DEFA14A,,https://www.sec.gov/Archives/edgar/data/1676238/000114036125019272/ny20045978x2_defa14a.htm,statutory (SEC EDGAR)
DEF 14A,2025-05-15,2025-06-26,0001140361-25-019268,ny20045978x1_def14a.htm,DEF 14A,,https://www.sec.gov/Archives/edgar/data/1676238/000114036125019268/ny20045978x1_def14a.htm,statutory (SEC EDGAR)
SCHEDULE 13G,2025-05-15,,0001011438-25-000313,xslSCHEDULE_13G_X01/primary_doc.xml,,,https://www.sec.gov/Archives/edgar/data/1676238/000101143825000313/xslSCHEDULE_13G_X01/primary_doc.xml,statutory (SEC EDGAR)
SCHEDULE 13G/A,2025-04-17,,0001576419-25-000851,xslSCHEDULE_13G_X01/primary_doc.xml,,,https://www.sec.gov/Archives/edgar/data/1676238/000157641925000851/xslSCHEDULE_13G_X01/primary_doc.xml,statutory (SEC EDGAR)
4,2025-04-16,2025-04-14,0001415889-25-010800,xslF345X05/form4-04162025_040403.xml,,,https://www.sec.gov/Archives/edgar/data/1676238/000141588925010800/xslF345X05/form4-04162025_040403.xml,statutory (SEC EDGAR)
4,2025-04-14,2025-04-01,0001415889-25-010654,xslF345X05/form4-04142025_110426.xml,,,https://www.sec.gov/Archives/edgar/data/1676238/000141588925010654/xslF345X05/form4-04142025_110426.xml,statutory (SEC EDGAR)
4,2025-04-14,2025-04-01,0001415889-25-010652,xslF345X05/form4-04142025_110403.xml,,,https://www.sec.gov/Archives/edgar/data/1676238/000141588925010652/xslF345X05/form4-04142025_110403.xml,statutory (SEC EDGAR)
4,2025-04-14,2024-04-09,0001415889-25-010638,xslF345X05/form4-04142025_100422.xml,,,https://www.sec.gov/Archives/edgar/data/1676238/000141588925010638/xslF345X05/form4-04142025_100422.xml,statutory (SEC EDGAR)
4,2025-04-14,2025-04-01,0001415889-25-010636,xslF345X05/form4-04142025_100402.xml,,,https://www.sec.gov/Archives/edgar/data/1676238/000141588925010636/xslF345X05/form4-04142025_100402.xml,statutory (SEC EDGAR)
4,2025-04-10,2025-04-08,0001415889-25-010538,xslF345X05/form4-04102025_040404.xml,,,https://www.sec.gov/Archives/edgar/data/1676238/000141588925010538/xslF345X05/form4-04102025_040404.xml,statutory (SEC EDGAR)
D,2025-04-10,,0000950103-25-004677,xslFormDX01/primary_doc.xml,,06b,https://www.sec.gov/Archives/edgar/data/1676238/000095010325004677/xslFormDX01/primary_doc.xml,statutory (SEC EDGAR)
4,2025-04-08,2025-04-04,0001676238-25-000058,xslF345X05/wk-form4_1744156111.xml,FORM 4,,https://www.sec.gov/Archives/edgar/data/1676238/000167623825000058/xslF345X05/wk-form4_1744156111.xml,statutory (SEC EDGAR)
SCHEDULE 13G/A,2025-04-07,,0000932471-25-000399,xslSCHEDULE_13G_X01/primary_doc.xml,,,https://www.sec.gov/Archives/edgar/data/1676238/000093247125000399/xslSCHEDULE_13G_X01/primary_doc.xml,statutory (SEC EDGAR)
144,2025-04-04,,0001972362-25-000343,xsl144X01/primary_doc.xml,,,https://www.sec.gov/Archives/edgar/data/1676238/000197236225000343/xsl144X01/primary_doc.xml,statutory (SEC EDGAR)
4,2025-04-01,2025-03-28,0001676238-25-000056,xslF345X05/wk-form4_1743538796.xml,FORM 4,,https://www.sec.gov/Archives/edgar/data/1676238/000167623825000056/xslF345X05/wk-form4_1743538796.xml,statutory (SEC EDGAR)
S-8,2025-03-31,,0000950103-25-004123,dp226839_s8.htm,FORM S-8,,https://www.sec.gov/Archives/edgar/data/1676238/000095010325004123/dp226839_s8.htm,statutory (SEC EDGAR)
10-K,2025-03-31,2025-01-31,0001676238-25-000054,brze-20250131.htm,10-K,,https://www.sec.gov/Archives/edgar/data/1676238/000167623825000054/brze-20250131.htm,statutory (SEC EDGAR)
144,2025-03-28,,0001950047-25-002230,xsl144X01/primary_doc.xml,,,https://www.sec.gov/Archives/edgar/data/1676238/000195004725002230/xsl144X01/primary_doc.xml,statutory (SEC EDGAR)
8-K,2025-03-27,2025-03-26,0001676238-25-000051,brz-20250326.htm,8-K,"2.02,3.02,7.01,9.01",https://www.sec.gov/Archives/edgar/data/1676238/000167623825000051/brz-20250326.htm,statutory (SEC EDGAR)
3,2025-03-21,2025-03-11,0000950103-25-003724,xslF345X02/dp226583_3-amalik.xml,FORM 3,,https://www.sec.gov/Archives/edgar/data/1676238/000095010325003724/xslF345X02/dp226583_3-amalik.xml,statutory (SEC EDGAR)
4,2025-03-12,2025-03-10,0001676238-25-000043,xslF345X05/wk-form4_1741823307.xml,FORM 4,,https://www.sec.gov/Archives/edgar/data/1676238/000167623825000043/xslF345X05/wk-form4_1741823307.xml,statutory (SEC EDGAR)
4,2025-03-12,2025-03-10,0001676238-25-000041,xslF345X05/wk-form4_1741823092.xml,FORM 4,,https://www.sec.gov/Archives/edgar/data/1676238/000167623825000041/xslF345X05/wk-form4_1741823092.xml,statutory (SEC EDGAR)
4,2025-03-12,2025-03-10,0001676238-25-000039,xslF345X05/wk-form4_1741822957.xml,FORM 4,,https://www.sec.gov/Archives/edgar/data/1676238/000167623825000039/xslF345X05/wk-form4_1741822957.xml,statutory (SEC EDGAR)
4,2025-03-12,2025-03-10,0001676238-25-000037,xslF345X05/wk-form4_1741822849.xml,FORM 4,,https://www.sec.gov/Archives/edgar/data/1676238/000167623825000037/xslF345X05/wk-form4_1741822849.xml,statutory (SEC EDGAR)
4,2025-03-12,2025-03-10,0001676238-25-000035,xslF345X05/wk-form4_1741822564.xml,FORM 4,,https://www.sec.gov/Archives/edgar/data/1676238/000167623825000035/xslF345X05/wk-form4_1741822564.xml,statutory (SEC EDGAR)
4,2025-03-05,2025-03-03,0001676238-25-000033,xslF345X05/wk-form4_1741220749.xml,FORM 4,,https://www.sec.gov/Archives/edgar/data/1676238/000167623825000033/xslF345X05/wk-form4_1741220749.xml,statutory (SEC EDGAR)
4,2025-02-26,2025-02-24,0001676238-25-000031,xslF345X05/wk-form4_1740614877.xml,FORM 4,,https://www.sec.gov/Archives/edgar/data/1676238/000167623825000031/xslF345X05/wk-form4_1740614877.xml,statutory (SEC EDGAR)
4,2025-02-20,2025-02-18,0001676238-25-000029,xslF345X05/wk-form4_1740097991.xml,FORM 4,,https://www.sec.gov/Archives/edgar/data/1676238/000167623825000029/xslF345X05/wk-form4_1740097991.xml,statutory (SEC EDGAR)
4,2025-02-20,2025-02-18,0001676238-25-000027,xslF345X05/wk-form4_1740097841.xml,FORM 4,,https://www.sec.gov/Archives/edgar/data/1676238/000167623825000027/xslF345X05/wk-form4_1740097841.xml,statutory (SEC EDGAR)
4,2025-02-20,2025-02-18,0001676238-25-000025,xslF345X05/wk-form4_1740097627.xml,FORM 4,,https://www.sec.gov/Archives/edgar/data/1676238/000167623825000025/xslF345X05/wk-form4_1740097627.xml,statutory (SEC EDGAR)
4,2025-02-20,2025-02-18,0001676238-25-000023,xslF345X05/wk-form4_1740097480.xml,FORM 4,,https://www.sec.gov/Archives/edgar/data/1676238/000167623825000023/xslF345X05/wk-form4_1740097480.xml,statutory (SEC EDGAR)
4,2025-02-20,2025-02-18,0001676238-25-000021,xslF345X05/wk-form4_1740097269.xml,FORM 4,,https://www.sec.gov/Archives/edgar/data/1676238/000167623825000021/xslF345X05/wk-form4_1740097269.xml,statutory (SEC EDGAR)
4,2025-02-20,2025-02-18,0001676238-25-000019,xslF345X05/wk-form4_1740096994.xml,FORM 4,,https://www.sec.gov/Archives/edgar/data/1676238/000167623825000019/xslF345X05/wk-form4_1740096994.xml,statutory (SEC EDGAR)
4,2025-02-20,2025-02-18,0001676238-25-000017,xslF345X05/wk-form4_1740096751.xml,FORM 4,,https://www.sec.gov/Archives/edgar/data/1676238/000167623825000017/xslF345X05/wk-form4_1740096751.xml,statutory (SEC EDGAR)
SCHEDULE 13G/A,2025-02-14,,0001415889-25-004185,xslSCHEDULE_13G_X01/primary_doc.xml,,,https://www.sec.gov/Archives/edgar/data/1676238/000141588925004185/xslSCHEDULE_13G_X01/primary_doc.xml,statutory (SEC EDGAR)
SCHEDULE 13G/A,2025-02-14,,0000950170-25-021028,xslSCHEDULE_13G_X01/primary_doc.xml,,,https://www.sec.gov/Archives/edgar/data/1676238/000095017025021028/xslSCHEDULE_13G_X01/primary_doc.xml,statutory (SEC EDGAR)
SCHEDULE 13G/A,2025-02-13,,0001062993-25-002351,xslSCHEDULE_13G_X01/primary_doc.xml,,,https://www.sec.gov/Archives/edgar/data/1676238/000106299325002351/xslSCHEDULE_13G_X01/primary_doc.xml,statutory (SEC EDGAR)
SCHEDULE 13G/A,2025-02-13,,0001011438-25-000125,xslSCHEDULE_13G_X01/primary_doc.xml,,,https://www.sec.gov/Archives/edgar/data/1676238/000101143825000125/xslSCHEDULE_13G_X01/primary_doc.xml,statutory (SEC EDGAR)
5,2025-02-13,2024-12-31,0001894090-25-000001,xslF345X05/primary_doc.xml,PRIMARY DOCUMENT,,https://www.sec.gov/Archives/edgar/data/1676238/000189409025000001/xslF345X05/primary_doc.xml,statutory (SEC EDGAR)
8-K,2025-02-03,2025-02-01,0001676238-25-000015,brz-20250201.htm,8-K,"2.02,5.02,7.01,9.01",https://www.sec.gov/Archives/edgar/data/1676238/000167623825000015/brz-20250201.htm,statutory (SEC EDGAR)
SCHEDULE 13G/A,2025-01-31,,0000932471-25-000301,xslSCHEDULE_13G_X01/primary_doc.xml,,,https://www.sec.gov/Archives/edgar/data/1676238/000093247125000301/xslSCHEDULE_13G_X01/primary_doc.xml,statutory (SEC EDGAR)
4,2025-01-29,2025-01-27,0001676238-25-000011,xslF345X05/wk-form4_1738196065.xml,FORM 4,,https://www.sec.gov/Archives/edgar/data/1676238/000167623825000011/xslF345X05/wk-form4_1738196065.xml,statutory (SEC EDGAR)
4,2025-01-24,2024-01-12,0001415889-25-002025,xslF345X05/form4-01242025_040106.xml,,,https://www.sec.gov/Archives/edgar/data/1676238/000141588925002025/xslF345X05/form4-01242025_040106.xml,statutory (SEC EDGAR)
4,2025-01-17,2025-01-15,0001676238-25-000009,xslF345X05/wk-form4_1737154129.xml,FORM 4,,https://www.sec.gov/Archives/edgar/data/1676238/000167623825000009/xslF345X05/wk-form4_1737154129.xml,statutory (SEC EDGAR)
4,2025-01-08,2025-01-06,0001676238-25-000007,xslF345X05/wk-form4_1736371729.xml,FORM 4,,https://www.sec.gov/Archives/edgar/data/1676238/000167623825000007/xslF345X05/wk-form4_1736371729.xml,statutory (SEC EDGAR)
4,2025-01-08,2025-01-06,0001676238-25-000006,xslF345X05/wk-form4_1736371683.xml,FORM 4,,https://www.sec.gov/Archives/edgar/data/1676238/000167623825000006/xslF345X05/wk-form4_1736371683.xml,statutory (SEC EDGAR)
4,2025-01-08,2025-01-06,0001676238-25-000005,xslF345X05/wk-form4_1736371648.xml,FORM 4,,https://www.sec.gov/Archives/edgar/data/1676238/000167623825000005/xslF345X05/wk-form4_1736371648.xml,statutory (SEC EDGAR)
144,2025-01-06,,0001972362-25-000008,xsl144X01/primary_doc.xml,,,https://www.sec.gov/Archives/edgar/data/1676238/000197236225000008/xsl144X01/primary_doc.xml,statutory (SEC EDGAR)
144,2025-01-06,,0001950047-25-000136,xsl144X01/primary_doc.xml,,,https://www.sec.gov/Archives/edgar/data/1676238/000195004725000136/xsl144X01/primary_doc.xml,statutory (SEC EDGAR)
144,2025-01-06,,0001950047-25-000133,xsl144X01/primary_doc.xml,,,https://www.sec.gov/Archives/edgar/data/1676238/000195004725000133/xsl144X01/primary_doc.xml,statutory (SEC EDGAR)
4,2024-12-20,2024-12-18,0001676238-24-000220,xslF345X05/wk-form4_1734735539.xml,FORM 4,,https://www.sec.gov/Archives/edgar/data/1676238/000167623824000220/xslF345X05/wk-form4_1734735539.xml,statutory (SEC EDGAR)
4,2024-12-20,2024-12-18,0001676238-24-000218,xslF345X05/wk-form4_1734735228.xml,FORM 4,,https://www.sec.gov/Archives/edgar/data/1676238/000167623824000218/xslF345X05/wk-form4_1734735228.xml,statutory (SEC EDGAR)
4,2024-12-18,2024-12-16,0001676238-24-000216,xslF345X05/wk-form4_1734566768.xml,FORM 4,,https://www.sec.gov/Archives/edgar/data/1676238/000167623824000216/xslF345X05/wk-form4_1734566768.xml,statutory (SEC EDGAR)
4,2024-12-18,2024-12-16,0001676238-24-000214,xslF345X05/wk-form4_1734566548.xml,FORM 4,,https://www.sec.gov/Archives/edgar/data/1676238/000167623824000214/xslF345X05/wk-form4_1734566548.xml,statutory (SEC EDGAR)
4,2024-12-17,2024-12-13,0001676238-24-000212,xslF345X05/wk-form4_1734476357.xml,FORM 4,,https://www.sec.gov/Archives/edgar/data/1676238/000167623824000212/xslF345X05/wk-form4_1734476357.xml,statutory (SEC EDGAR)
4,2024-12-17,2024-12-13,0001676238-24-000210,xslF345X05/wk-form4_1734476120.xml,FORM 4,,https://www.sec.gov/Archives/edgar/data/1676238/000167623824000210/xslF345X05/wk-form4_1734476120.xml,statutory (SEC EDGAR)
144,2024-12-16,,0001972362-24-001883,xsl144X01/primary_doc.xml,,,https://www.sec.gov/Archives/edgar/data/1676238/000197236224001883/xsl144X01/primary_doc.xml,statutory (SEC EDGAR)
144,2024-12-16,,0001950047-24-009857,xsl144X01/primary_doc.xml,,,https://www.sec.gov/Archives/edgar/data/1676238/000195004724009857/xsl144X01/primary_doc.xml,statutory (SEC EDGAR)
144,2024-12-16,,0001950047-24-009854,xsl144X01/primary_doc.xml,,,https://www.sec.gov/Archives/edgar/data/1676238/000195004724009854/xsl144X01/primary_doc.xml,statutory (SEC EDGAR)
144,2024-12-13,,0001950047-24-009797,xsl144X01/primary_doc.xml,,,https://www.sec.gov/Archives/edgar/data/1676238/000195004724009797/xsl144X01/primary_doc.xml,statutory (SEC EDGAR)
144,2024-12-13,,0001972362-24-001872,xsl144X01/primary_doc.xml,,,https://www.sec.gov/Archives/edgar/data/1676238/000197236224001872/xsl144X01/primary_doc.xml,statutory (SEC EDGAR)
10-Q,2024-12-10,2024-10-31,0001676238-24-000208,brze-20241031.htm,10-Q,,https://www.sec.gov/Archives/edgar/data/1676238/000167623824000208/brze-20241031.htm,statutory (SEC EDGAR)
8-K,2024-12-09,2024-12-09,0001676238-24-000206,brz-20241209.htm,8-K,"2.02,9.01",https://www.sec.gov/Archives/edgar/data/1676238/000167623824000206/brz-20241209.htm,statutory (SEC EDGAR)
4,2024-12-04,2024-12-02,0001676238-24-000200,xslF345X05/wk-form4_1733353295.xml,FORM 4,,https://www.sec.gov/Archives/edgar/data/1676238/000167623824000200/xslF345X05/wk-form4_1733353295.xml,statutory (SEC EDGAR)
4,2024-11-20,2024-11-18,0001676238-24-000198,xslF345X05/wk-form4_1732147372.xml,FORM 4,,https://www.sec.gov/Archives/edgar/data/1676238/000167623824000198/xslF345X05/wk-form4_1732147372.xml,statutory (SEC EDGAR)
4,2024-11-20,2024-11-18,0001676238-24-000196,xslF345X05/wk-form4_1732147140.xml,FORM 4,,https://www.sec.gov/Archives/edgar/data/1676238/000167623824000196/xslF345X05/wk-form4_1732147140.xml,statutory (SEC EDGAR)
4,2024-11-20,2024-11-18,0001676238-24-000194,xslF345X05/wk-form4_1732146964.xml,FORM 4,,https://www.sec.gov/Archives/edgar/data/1676238/000167623824000194/xslF345X05/wk-form4_1732146964.xml,statutory (SEC EDGAR)
4,2024-11-20,2024-11-18,0001676238-24-000192,xslF345X05/wk-form4_1732146847.xml,FORM 4,,https://www.sec.gov/Archives/edgar/data/1676238/000167623824000192/xslF345X05/wk-form4_1732146847.xml,statutory (SEC EDGAR)
4,2024-11-20,2024-11-18,0001676238-24-000190,xslF345X05/wk-form4_1732146429.xml,FORM 4,,https://www.sec.gov/Archives/edgar/data/1676238/000167623824000190/xslF345X05/wk-form4_1732146429.xml,statutory (SEC EDGAR)
4,2024-11-20,2024-11-18,0001676238-24-000188,xslF345X05/wk-form4_1732146293.xml,FORM 4,,https://www.sec.gov/Archives/edgar/data/1676238/000167623824000188/xslF345X05/wk-form4_1732146293.xml,statutory (SEC EDGAR)
144,2024-11-20,,0001950047-24-008866,xsl144X01/primary_doc.xml,,,https://www.sec.gov/Archives/edgar/data/1676238/000195004724008866/xsl144X01/primary_doc.xml,statutory (SEC EDGAR)
144,2024-11-20,,0001950047-24-008865,xsl144X01/primary_doc.xml,,,https://www.sec.gov/Archives/edgar/data/1676238/000195004724008865/xsl144X01/primary_doc.xml,statutory (SEC EDGAR)
UPLOAD,2024-11-18,,0000000000-24-012697,filename1.pdf,,,https://www.sec.gov/Archives/edgar/data/1676238/000000000024012697/filename1.pdf,statutory (SEC EDGAR)
SC 13G/A,2024-11-14,,0001193125-24-258729,d873217dsc13ga.htm,SC 13G/A,,https://www.sec.gov/Archives/edgar/data/1676238/000119312524258729/d873217dsc13ga.htm,statutory (SEC EDGAR)
4,2024-11-14,2024-11-13,0001894090-24-000001,xslF345X05/primary_doc.xml,PRIMARY DOCUMENT,,https://www.sec.gov/Archives/edgar/data/1676238/000189409024000001/xslF345X05/primary_doc.xml,statutory (SEC EDGAR)
SC 13G,2024-11-13,,0001011438-24-000636,form_sc13g-braze.htm,,,https://www.sec.gov/Archives/edgar/data/1676238/000101143824000636/form_sc13g-braze.htm,statutory (SEC EDGAR)
SC 13G/A,2024-11-08,,0002012383-24-004191,us10576n1028_110824.txt,,,https://www.sec.gov/Archives/edgar/data/1676238/000201238324004191/us10576n1028_110824.txt,statutory (SEC EDGAR)
CORRESP,2024-11-08,,0000950103-24-016139,filename1.htm,,,https://www.sec.gov/Archives/edgar/data/1676238/000095010324016139/filename1.htm,statutory (SEC EDGAR)
SC 13G/A,2024-11-07,,0000895421-24-000564,BrazeIncBRZE.txt,MS AMENDMENT,,https://www.sec.gov/Archives/edgar/data/1676238/000089542124000564/BrazeIncBRZE.txt,statutory (SEC EDGAR)
UPLOAD,2024-11-06,,0000000000-24-012329,filename1.pdf,,,https://www.sec.gov/Archives/edgar/data/1676238/000000000024012329/filename1.pdf,statutory (SEC EDGAR)
4,2024-11-05,2024-11-01,0001676238-24-000186,xslF345X05/wk-form4_1730843611.xml,FORM 4,,https://www.sec.gov/Archives/edgar/data/1676238/000167623824000186/xslF345X05/wk-form4_1730843611.xml,statutory (SEC EDGAR)
SC 13G/A,2024-10-22,,0002012383-24-001276,us10576n1028_102224.txt,,,https://www.sec.gov/Archives/edgar/data/1676238/000201238324001276/us10576n1028_102224.txt,statutory (SEC EDGAR)
4,2024-10-17,2024-10-15,0001415889-24-025371,xslF345X05/form4-10172024_081038.xml,,,https://www.sec.gov/Archives/edgar/data/1676238/000141588924025371/xslF345X05/form4-10172024_081038.xml,statutory (SEC EDGAR)
4,2024-10-16,2024-10-11,0001415889-24-025179,xslF345X05/form4-10162024_041003.xml,,,https://www.sec.gov/Archives/edgar/data/1676238/000141588924025179/xslF345X05/form4-10162024_041003.xml,statutory (SEC EDGAR)
4,2024-10-09,2024-10-07,0001676238-24-000184,xslF345X05/wk-form4_1728508849.xml,FORM 4,,https://www.sec.gov/Archives/edgar/data/1676238/000167623824000184/xslF345X05/wk-form4_1728508849.xml,statutory (SEC EDGAR)
144,2024-10-07,,0001972362-24-001396,xsl144X01/primary_doc.xml,,,https://www.sec.gov/Archives/edgar/data/1676238/000197236224001396/xsl144X01/primary_doc.xml,statutory (SEC EDGAR)
4,2024-10-04,2024-10-02,0001415889-24-024754,xslF345X05/form4-10042024_041001.xml,,,https://www.sec.gov/Archives/edgar/data/1676238/000141588924024754/xslF345X05/form4-10042024_041001.xml,statutory (SEC EDGAR)
4,2024-10-03,2024-10-01,0001676238-24-000181,xslF345X05/wk-form4_1727995193.xml,FORM 4,,https://www.sec.gov/Archives/edgar/data/1676238/000167623824000181/xslF345X05/wk-form4_1727995193.xml,statutory (SEC EDGAR)
144,2024-10-01,,0001950047-24-007523,xsl144X01/primary_doc.xml,,,https://www.sec.gov/Archives/edgar/data/1676238/000195004724007523/xsl144X01/primary_doc.xml,statutory (SEC EDGAR)
4,2024-09-11,2024-09-09,0000950170-24-105613,xslF345X05/ownership.xml,4,,https://www.sec.gov/Archives/edgar/data/1676238/000095017024105613/xslF345X05/ownership.xml,statutory (SEC EDGAR)
4,2024-09-10,2024-09-06,0001676238-24-000179,xslF345X05/wk-form4_1726008255.xml,FORM 4,,https://www.sec.gov/Archives/edgar/data/1676238/000167623824000179/xslF345X05/wk-form4_1726008255.xml,statutory (SEC EDGAR)
4,2024-09-09,2024-09-05,0001676238-24-000177,xslF345X05/wk-form4_1725918079.xml,FORM 4,,https://www.sec.gov/Archives/edgar/data/1676238/000167623824000177/xslF345X05/wk-form4_1725918079.xml,statutory (SEC EDGAR)
10-Q,2024-09-06,2024-07-31,0001676238-24-000171,brze-20240731.htm,10-Q,,https://www.sec.gov/Archives/edgar/data/1676238/000167623824000171/brze-20240731.htm,statutory (SEC EDGAR)
4,2024-09-05,2024-09-03,0001676238-24-000175,xslF345X05/wk-form4_1725574356.xml,FORM 4,,https://www.sec.gov/Archives/edgar/data/1676238/000167623824000175/xslF345X05/wk-form4_1725574356.xml,statutory (SEC EDGAR)
4,2024-09-05,2024-09-03,0001676238-24-000173,xslF345X05/wk-form4_1725574107.xml,FORM 4,,https://www.sec.gov/Archives/edgar/data/1676238/000167623824000173/xslF345X05/wk-form4_1725574107.xml,statutory (SEC EDGAR)
8-K,2024-09-05,2024-09-05,0001676238-24-000169,brz-20240905.htm,8-K,"2.02,9.01",https://www.sec.gov/Archives/edgar/data/1676238/000167623824000169/brz-20240905.htm,statutory (SEC EDGAR)
144,2024-09-03,,0001950047-24-006708,xsl144X01/primary_doc.xml,,,https://www.sec.gov/Archives/edgar/data/1676238/000195004724006708/xsl144X01/primary_doc.xml,statutory (SEC EDGAR)
4,2024-08-28,2024-08-26,0001676238-24-000163,xslF345X05/wk-form4_1724878176.xml,FORM 4,,https://www.sec.gov/Archives/edgar/data/1676238/000167623824000163/xslF345X05/wk-form4_1724878176.xml,statutory (SEC EDGAR)
4,2024-08-28,2024-08-26,0001676238-24-000161,xslF345X05/wk-form4_1724878062.xml,FORM 4,,https://www.sec.gov/Archives/edgar/data/1676238/000167623824000161/xslF345X05/wk-form4_1724878062.xml,statutory (SEC EDGAR)
144,2024-08-26,,0001950047-24-006498,xsl144X01/primary_doc.xml,,,https://www.sec.gov/Archives/edgar/data/1676238/000195004724006498/xsl144X01/primary_doc.xml,statutory (SEC EDGAR)
4,2024-08-20,2024-08-16,0001676238-24-000159,xslF345X05/wk-form4_1724190540.xml,FORM 4,,https://www.sec.gov/Archives/edgar/data/1676238/000167623824000159/xslF345X05/wk-form4_1724190540.xml,statutory (SEC EDGAR)
4,2024-08-20,2024-08-16,0001676238-24-000157,xslF345X05/wk-form4_1724190395.xml,FORM 4,,https://www.sec.gov/Archives/edgar/data/1676238/000167623824000157/xslF345X05/wk-form4_1724190395.xml,statutory (SEC EDGAR)
4,2024-08-20,2024-08-16,0001676238-24-000155,xslF345X05/wk-form4_1724190179.xml,FORM 4,,https://www.sec.gov/Archives/edgar/data/1676238/000167623824000155/xslF345X05/wk-form4_1724190179.xml,statutory (SEC EDGAR)
4,2024-08-20,2024-08-16,0001676238-24-000153,xslF345X05/wk-form4_1724189981.xml,FORM 4,,https://www.sec.gov/Archives/edgar/data/1676238/000167623824000153/xslF345X05/wk-form4_1724189981.xml,statutory (SEC EDGAR)
4,2024-08-20,2024-08-16,0001676238-24-000151,xslF345X05/wk-form4_1724189726.xml,FORM 4,,https://www.sec.gov/Archives/edgar/data/1676238/000167623824000151/xslF345X05/wk-form4_1724189726.xml,statutory (SEC EDGAR)
4,2024-08-20,2024-08-16,0001676238-24-000149,xslF345X05/wk-form4_1724189587.xml,FORM 4,,https://www.sec.gov/Archives/edgar/data/1676238/000167623824000149/xslF345X05/wk-form4_1724189587.xml,statutory (SEC EDGAR)
144,2024-08-20,,0001950047-24-006275,xsl144X01/primary_doc.xml,,,https://www.sec.gov/Archives/edgar/data/1676238/000195004724006275/xsl144X01/primary_doc.xml,statutory (SEC EDGAR)
144,2024-08-20,,0001950047-24-006273,xsl144X01/primary_doc.xml,,,https://www.sec.gov/Archives/edgar/data/1676238/000195004724006273/xsl144X01/primary_doc.xml,statutory (SEC EDGAR)
144,2024-08-20,,0001950047-24-006272,xsl144X01/primary_doc.xml,,,https://www.sec.gov/Archives/edgar/data/1676238/000195004724006272/xsl144X01/primary_doc.xml,statutory (SEC EDGAR)
4,2024-08-05,2024-08-01,0001676238-24-000147,xslF345X05/wk-form4_1722893384.xml,FORM 4,,https://www.sec.gov/Archives/edgar/data/1676238/000167623824000147/xslF345X05/wk-form4_1722893384.xml,statutory (SEC EDGAR)
4,2024-08-05,2024-08-01,0001676238-24-000145,xslF345X05/wk-form4_1722893114.xml,FORM 4,,https://www.sec.gov/Archives/edgar/data/1676238/000167623824000145/xslF345X05/wk-form4_1722893114.xml,statutory (SEC EDGAR)
144,2024-08-01,,0001950047-24-005750,xsl144X01/primary_doc.xml,,,https://www.sec.gov/Archives/edgar/data/1676238/000195004724005750/xsl144X01/primary_doc.xml,statutory (SEC EDGAR)
4,2024-07-31,2024-07-29,0001676238-24-000143,xslF345X05/wk-form4_1722461028.xml,FORM 4,,https://www.sec.gov/Archives/edgar/data/1676238/000167623824000143/xslF345X05/wk-form4_1722461028.xml,statutory (SEC EDGAR)
4,2024-07-29,2024-07-25,0001676238-24-000141,xslF345X05/wk-form4_1722291332.xml,FORM 4,,https://www.sec.gov/Archives/edgar/data/1676238/000167623824000141/xslF345X05/wk-form4_1722291332.xml,statutory (SEC EDGAR)
4,2024-07-19,2024-07-17,0001676238-24-000139,xslF345X05/wk-form4_1721424003.xml,FORM 4,,https://www.sec.gov/Archives/edgar/data/1676238/000167623824000139/xslF345X05/wk-form4_1721424003.xml,statutory (SEC EDGAR)
4,2024-07-17,2024-07-15,0001676238-24-000137,xslF345X05/wk-form4_1721256169.xml,FORM 4,,https://www.sec.gov/Archives/edgar/data/1676238/000167623824000137/xslF345X05/wk-form4_1721256169.xml,statutory (SEC EDGAR)
4,2024-07-17,2024-07-15,0001676238-24-000135,xslF345X05/wk-form4_1721255625.xml,FORM 4,,https://www.sec.gov/Archives/edgar/data/1676238/000167623824000135/xslF345X05/wk-form4_1721255625.xml,statutory (SEC EDGAR)
4,2024-07-17,2024-07-15,0000950170-24-084289,xslF345X05/ownership.xml,4,,https://www.sec.gov/Archives/edgar/data/1676238/000095017024084289/xslF345X05/ownership.xml,statutory (SEC EDGAR)
144,2024-07-17,,0001950047-24-005487,xsl144X01/primary_doc.xml,,,https://www.sec.gov/Archives/edgar/data/1676238/000195004724005487/xsl144X01/primary_doc.xml,statutory (SEC EDGAR)
144,2024-07-16,,0001950047-24-005448,xsl144X01/primary_doc.xml,,,https://www.sec.gov/Archives/edgar/data/1676238/000195004724005448/xsl144X01/primary_doc.xml,statutory (SEC EDGAR)
144,2024-07-15,,0001972362-24-000958,xsl144X01/primary_doc.xml,,,https://www.sec.gov/Archives/edgar/data/1676238/000197236224000958/xsl144X01/primary_doc.xml,statutory (SEC EDGAR)
144,2024-07-15,,0001950047-24-005410,xsl144X01/primary_doc.xml,,,https://www.sec.gov/Archives/edgar/data/1676238/000195004724005410/xsl144X01/primary_doc.xml,statutory (SEC EDGAR)
4,2024-07-15,2024-07-11,0001676238-24-000133,xslF345X05/wk-form4_1721074943.xml,FORM 4,,https://www.sec.gov/Archives/edgar/data/1676238/000167623824000133/xslF345X05/wk-form4_1721074943.xml,statutory (SEC EDGAR)
144,2024-07-11,,0001950047-24-005333,xsl144X01/primary_doc.xml,,,https://www.sec.gov/Archives/edgar/data/1676238/000195004724005333/xsl144X01/primary_doc.xml,statutory (SEC EDGAR)
4,2024-07-08,2024-07-01,0001676238-24-000130,xslF345X05/wk-form4_1720442070.xml,FORM 4,,https://www.sec.gov/Archives/edgar/data/1676238/000167623824000130/xslF345X05/wk-form4_1720442070.xml,statutory (SEC EDGAR)
4,2024-07-02,2024-06-28,0001676238-24-000129,xslF345X05/wk-form4_1719954217.xml,FORM 4,,https://www.sec.gov/Archives/edgar/data/1676238/000167623824000129/xslF345X05/wk-form4_1719954217.xml,statutory (SEC EDGAR)
8-K,2024-07-02,2024-06-27,0001676238-24-000127,brz-20240627.htm,8-K,5.07,https://www.sec.gov/Archives/edgar/data/1676238/000167623824000127/brz-20240627.htm,statutory (SEC EDGAR)
4,2024-06-28,2024-06-27,0001676238-24-000124,xslF345X05/wk-form4_1719616688.xml,FORM 4,,https://www.sec.gov/Archives/edgar/data/1676238/000167623824000124/xslF345X05/wk-form4_1719616688.xml,statutory (SEC EDGAR)
4,2024-06-28,2024-06-27,0001676238-24-000122,xslF345X05/wk-form4_1719616573.xml,FORM 4,,https://www.sec.gov/Archives/edgar/data/1676238/000167623824000122/xslF345X05/wk-form4_1719616573.xml,statutory (SEC EDGAR)
4,2024-06-28,2024-06-27,0001676238-24-000120,xslF345X05/wk-form4_1719616427.xml,FORM 4,,https://www.sec.gov/Archives/edgar/data/1676238/000167623824000120/xslF345X05/wk-form4_1719616427.xml,statutory (SEC EDGAR)
4,2024-06-28,2024-06-27,0001676238-24-000118,xslF345X05/wk-form4_1719616326.xml,FORM 4,,https://www.sec.gov/Archives/edgar/data/1676238/000167623824000118/xslF345X05/wk-form4_1719616326.xml,statutory (SEC EDGAR)
4,2024-06-28,2024-06-27,0001676238-24-000116,xslF345X05/wk-form4_1719616152.xml,FORM 4,,https://www.sec.gov/Archives/edgar/data/1676238/000167623824000116/xslF345X05/wk-form4_1719616152.xml,statutory (SEC EDGAR)
4,2024-06-28,2024-06-27,0001676238-24-000114,xslF345X05/wk-form4_1719616035.xml,FORM 4,,https://www.sec.gov/Archives/edgar/data/1676238/000167623824000114/xslF345X05/wk-form4_1719616035.xml,statutory (SEC EDGAR)
144,2024-06-28,,0001972362-24-000939,xsl144X01/primary_doc.xml,,,https://www.sec.gov/Archives/edgar/data/1676238/000197236224000939/xsl144X01/primary_doc.xml,statutory (SEC EDGAR)
4,2024-06-25,2024-06-21,0001676238-24-000112,xslF345X05/wk-form4_1719351894.xml,FORM 4,,https://www.sec.gov/Archives/edgar/data/1676238/000167623824000112/xslF345X05/wk-form4_1719351894.xml,statutory (SEC EDGAR)
4,2024-06-25,2024-06-21,0001676238-24-000110,xslF345X05/wk-form4_1719351665.xml,FORM 4,,https://www.sec.gov/Archives/edgar/data/1676238/000167623824000110/xslF345X05/wk-form4_1719351665.xml,statutory (SEC EDGAR)
144,2024-06-21,,0001972362-24-000926,xsl144X01/primary_doc.xml,,,https://www.sec.gov/Archives/edgar/data/1676238/000197236224000926/xsl144X01/primary_doc.xml,statutory (SEC EDGAR)
4,2024-06-18,2024-06-14,0000950170-24-075076,xslF345X05/ownership.xml,4,,https://www.sec.gov/Archives/edgar/data/1676238/000095017024075076/xslF345X05/ownership.xml,statutory (SEC EDGAR)
4,2024-06-18,2024-06-14,0000950170-24-075065,xslF345X05/ownership.xml,4,,https://www.sec.gov/Archives/edgar/data/1676238/000095017024075065/xslF345X05/ownership.xml,statutory (SEC EDGAR)
4,2024-06-18,2024-06-14,0001676238-24-000108,xslF345X05/wk-form4_1718745094.xml,FORM 4,,https://www.sec.gov/Archives/edgar/data/1676238/000167623824000108/xslF345X05/wk-form4_1718745094.xml,statutory (SEC EDGAR)
4,2024-06-18,2024-06-14,0001676238-24-000106,xslF345X05/wk-form4_1718744891.xml,FORM 4,,https://www.sec.gov/Archives/edgar/data/1676238/000167623824000106/xslF345X05/wk-form4_1718744891.xml,statutory (SEC EDGAR)
4,2024-06-12,2024-06-10,0000950170-24-072547,xslF345X05/ownership.xml,4,,https://www.sec.gov/Archives/edgar/data/1676238/000095017024072547/xslF345X05/ownership.xml,statutory (SEC EDGAR)
10-Q,2024-06-07,2024-04-30,0001676238-24-000103,brze-20240430.htm,10-Q,,https://www.sec.gov/Archives/edgar/data/1676238/000167623824000103/brze-20240430.htm,statutory (SEC EDGAR)
8-K,2024-06-06,2024-06-06,0001676238-24-000101,brz-20240606.htm,8-K,"2.02,9.01",https://www.sec.gov/Archives/edgar/data/1676238/000167623824000101/brz-20240606.htm,statutory (SEC EDGAR)
4,2024-06-05,2024-06-03,0001676238-24-000097,xslF345X05/wk-form4_1717620010.xml,FORM 4,,https://www.sec.gov/Archives/edgar/data/1676238/000167623824000097/xslF345X05/wk-form4_1717620010.xml,statutory (SEC EDGAR)
4,2024-06-03,2024-05-30,0001676238-24-000093,xslF345X05/wk-form4_1717446656.xml,FORM 4,,https://www.sec.gov/Archives/edgar/data/1676238/000167623824000093/xslF345X05/wk-form4_1717446656.xml,statutory (SEC EDGAR)
4,2024-06-03,2024-06-03,0001676238-24-000091,xslF345X05/wk-form4_1717446537.xml,FORM 4,,https://www.sec.gov/Archives/edgar/data/1676238/000167623824000091/xslF345X05/wk-form4_1717446537.xml,statutory (SEC EDGAR)
3,2024-06-03,2024-06-03,0001676238-24-000089,xslF345X02/wk-form3_1717446248.xml,FORM 3,,https://www.sec.gov/Archives/edgar/data/1676238/000167623824000089/xslF345X02/wk-form3_1717446248.xml,statutory (SEC EDGAR)
8-K,2024-06-03,2024-06-03,0001676238-24-000087,brz-20240603.htm,8-K,"5.02,7.01,9.01",https://www.sec.gov/Archives/edgar/data/1676238/000167623824000087/brz-20240603.htm,statutory (SEC EDGAR)
4,2024-05-20,2024-05-16,0001676238-24-000082,xslF345X05/wk-form4_1716245786.xml,FORM 4,,https://www.sec.gov/Archives/edgar/data/1676238/000167623824000082/xslF345X05/wk-form4_1716245786.xml,statutory (SEC EDGAR)
4,2024-05-20,2024-05-16,0001676238-24-000080,xslF345X05/wk-form4_1716245650.xml,FORM 4,,https://www.sec.gov/Archives/edgar/data/1676238/000167623824000080/xslF345X05/wk-form4_1716245650.xml,statutory (SEC EDGAR)
4,2024-05-20,2024-05-16,0001676238-24-000078,xslF345X05/wk-form4_1716245467.xml,FORM 4,,https://www.sec.gov/Archives/edgar/data/1676238/000167623824000078/xslF345X05/wk-form4_1716245467.xml,statutory (SEC EDGAR)
4,2024-05-20,2024-05-16,0001676238-24-000076,xslF345X05/wk-form4_1716244568.xml,FORM 4,,https://www.sec.gov/Archives/edgar/data/1676238/000167623824000076/xslF345X05/wk-form4_1716244568.xml,statutory (SEC EDGAR)
4,2024-05-20,2024-05-16,0001676238-24-000074,xslF345X05/wk-form4_1716244358.xml,FORM 4,,https://www.sec.gov/Archives/edgar/data/1676238/000167623824000074/xslF345X05/wk-form4_1716244358.xml,statutory (SEC EDGAR)
4,2024-05-20,2024-05-16,0001676238-24-000072,xslF345X05/wk-form4_1716244245.xml,FORM 4,,https://www.sec.gov/Archives/edgar/data/1676238/000167623824000072/xslF345X05/wk-form4_1716244245.xml,statutory (SEC EDGAR)
144,2024-05-20,,0001950047-24-003919,xsl144X01/primary_doc.xml,,,https://www.sec.gov/Archives/edgar/data/1676238/000195004724003919/xsl144X01/primary_doc.xml,statutory (SEC EDGAR)
144,2024-05-20,,0001950047-24-003918,xsl144X01/primary_doc.xml,,,https://www.sec.gov/Archives/edgar/data/1676238/000195004724003918/xsl144X01/primary_doc.xml,statutory (SEC EDGAR)
4,2024-05-17,2024-05-15,0001676238-24-000070,xslF345X05/wk-form4_1715979208.xml,FORM 4,,https://www.sec.gov/Archives/edgar/data/1676238/000167623824000070/xslF345X05/wk-form4_1715979208.xml,statutory (SEC EDGAR)
144,2024-05-17,,0001950047-24-003879,xsl144X01/primary_doc.xml,,,https://www.sec.gov/Archives/edgar/data/1676238/000195004724003879/xsl144X01/primary_doc.xml,statutory (SEC EDGAR)
ARS,2024-05-14,2024-01-31,0001140361-24-025968,ny20023869x3_ars.pdf,ARS,,https://www.sec.gov/Archives/edgar/data/1676238/000114036124025968/ny20023869x3_ars.pdf,statutory (SEC EDGAR)
DEFA14A,2024-05-14,,0001140361-24-025966,ny20023869x2_defa14a.htm,DEFA14A,,https://www.sec.gov/Archives/edgar/data/1676238/000114036124025966/ny20023869x2_defa14a.htm,statutory (SEC EDGAR)
DEF 14A,2024-05-14,2024-06-27,0001140361-24-025963,ny20023869x1_def14a.htm,DEF 14A,,https://www.sec.gov/Archives/edgar/data/1676238/000114036124025963/ny20023869x1_def14a.htm,statutory (SEC EDGAR)
4,2024-05-07,2024-05-03,0001676238-24-000067,xslF345X05/wk-form4_1715116292.xml,FORM 4,,https://www.sec.gov/Archives/edgar/data/1676238/000167623824000067/xslF345X05/wk-form4_1715116292.xml,statutory (SEC EDGAR)
4,2024-05-03,2024-05-01,0001676238-24-000065,xslF345X05/wk-form4_1714769305.xml,FORM 4,,https://www.sec.gov/Archives/edgar/data/1676238/000167623824000065/xslF345X05/wk-form4_1714769305.xml,statutory (SEC EDGAR)
144,2024-05-03,,0001950047-24-003363,xsl144X01/primary_doc.xml,,,https://www.sec.gov/Archives/edgar/data/1676238/000195004724003363/xsl144X01/primary_doc.xml,statutory (SEC EDGAR)
4,2024-04-23,2024-04-15,0001676238-24-000063,xslF345X05/wk-form4_1713906201.xml,FORM 4,,https://www.sec.gov/Archives/edgar/data/1676238/000167623824000063/xslF345X05/wk-form4_1713906201.xml,statutory (SEC EDGAR)
4,2024-04-17,2024-04-15,0001676238-24-000061,xslF345X05/wk-form4_1713387731.xml,FORM 4,,https://www.sec.gov/Archives/edgar/data/1676238/000167623824000061/xslF345X05/wk-form4_1713387731.xml,statutory (SEC EDGAR)
4,2024-04-16,2024-04-12,0001676238-24-000059,xslF345X05/wk-form4_1713305067.xml,FORM 4,,https://www.sec.gov/Archives/edgar/data/1676238/000167623824000059/xslF345X05/wk-form4_1713305067.xml,statutory (SEC EDGAR)
4,2024-04-16,2024-04-12,0000950170-24-044824,xslF345X05/ownership.xml,4,,https://www.sec.gov/Archives/edgar/data/1676238/000095017024044824/xslF345X05/ownership.xml,statutory (SEC EDGAR)
4,2024-04-16,2024-04-12,0000950170-24-044816,xslF345X05/ownership.xml,4,,https://www.sec.gov/Archives/edgar/data/1676238/000095017024044816/xslF345X05/ownership.xml,statutory (SEC EDGAR)
4,2024-04-15,2024-04-11,0001676238-24-000057,xslF345X05/wk-form4_1713222844.xml,FORM 4,,https://www.sec.gov/Archives/edgar/data/1676238/000167623824000057/xslF345X05/wk-form4_1713222844.xml,statutory (SEC EDGAR)
144,2024-04-12,,0001972362-24-000504,xsl144X01/primary_doc.xml,,,https://www.sec.gov/Archives/edgar/data/1676238/000197236224000504/xsl144X01/primary_doc.xml,statutory (SEC EDGAR)
4,2024-04-12,2024-04-10,0001676238-24-000055,xslF345X05/wk-form4_1712955960.xml,FORM 4,,https://www.sec.gov/Archives/edgar/data/1676238/000167623824000055/xslF345X05/wk-form4_1712955960.xml,statutory (SEC EDGAR)
144,2024-04-11,,0001950047-24-003046,xsl144X01/primary_doc.xml,,,https://www.sec.gov/Archives/edgar/data/1676238/000195004724003046/xsl144X01/primary_doc.xml,statutory (SEC EDGAR)
4,2024-04-08,2024-04-04,0001676238-24-000053,xslF345X05/wk-form4_1712616609.xml,FORM 4,,https://www.sec.gov/Archives/edgar/data/1676238/000167623824000053/xslF345X05/wk-form4_1712616609.xml,statutory (SEC EDGAR)
144,2024-04-04,,0001972362-24-000492,xsl144X01/primary_doc.xml,,,https://www.sec.gov/Archives/edgar/data/1676238/000197236224000492/xsl144X01/primary_doc.xml,statutory (SEC EDGAR)
4,2024-04-01,2024-03-28,0001676238-24-000051,xslF345X05/wk-form4_1712003900.xml,FORM 4,,https://www.sec.gov/Archives/edgar/data/1676238/000167623824000051/xslF345X05/wk-form4_1712003900.xml,statutory (SEC EDGAR)
S-8,2024-04-01,,0000950103-24-004731,dp209248_s8.htm,FORM S-8,,https://www.sec.gov/Archives/edgar/data/1676238/000095010324004731/dp209248_s8.htm,statutory (SEC EDGAR)
10-K,2024-04-01,2024-01-31,0001676238-24-000049,brze-20240131.htm,10-K,,https://www.sec.gov/Archives/edgar/data/1676238/000167623824000049/brze-20240131.htm,statutory (SEC EDGAR)
8-K,2024-03-27,2024-03-27,0001676238-24-000047,brz-20240327.htm,8-K,"2.02,9.01",https://www.sec.gov/Archives/edgar/data/1676238/000167623824000047/brz-20240327.htm,statutory (SEC EDGAR)
4,2024-03-26,2024-03-22,0000950170-24-036610,xslF345X05/ownership.xml,4,,https://www.sec.gov/Archives/edgar/data/1676238/000095017024036610/xslF345X05/ownership.xml,statutory (SEC EDGAR)
4,2024-03-26,2024-03-22,0000950170-24-036603,xslF345X05/ownership.xml,4,,https://www.sec.gov/Archives/edgar/data/1676238/000095017024036603/xslF345X05/ownership.xml,statutory (SEC EDGAR)
4,2024-03-19,2024-03-15,0001676238-24-000038,xslF345X05/wk-form4_1710883509.xml,FORM 4,,https://www.sec.gov/Archives/edgar/data/1676238/000167623824000038/xslF345X05/wk-form4_1710883509.xml,statutory (SEC EDGAR)
4,2024-03-18,2024-03-14,0001676238-24-000036,xslF345X05/wk-form4_1710796979.xml,FORM 4,,https://www.sec.gov/Archives/edgar/data/1676238/000167623824000036/xslF345X05/wk-form4_1710796979.xml,statutory (SEC EDGAR)
144,2024-03-15,,0001950047-24-002361,xsl144X01/primary_doc.xml,,,https://www.sec.gov/Archives/edgar/data/1676238/000195004724002361/xsl144X01/primary_doc.xml,statutory (SEC EDGAR)
4,2024-02-21,2024-02-16,0001676238-24-000034,xslF345X05/wk-form4_1708556178.xml,FORM 4,,https://www.sec.gov/Archives/edgar/data/1676238/000167623824000034/xslF345X05/wk-form4_1708556178.xml,statutory (SEC EDGAR)
4,2024-02-21,2024-02-16,0001676238-24-000032,xslF345X05/wk-form4_1708555911.xml,FORM 4,,https://www.sec.gov/Archives/edgar/data/1676238/000167623824000032/xslF345X05/wk-form4_1708555911.xml,statutory (SEC EDGAR)
4,2024-02-21,2024-02-16,0001676238-24-000030,xslF345X05/wk-form4_1708555479.xml,FORM 4,,https://www.sec.gov/Archives/edgar/data/1676238/000167623824000030/xslF345X05/wk-form4_1708555479.xml,statutory (SEC EDGAR)
4,2024-02-21,2024-02-16,0001676238-24-000028,xslF345X05/wk-form4_1708555141.xml,FORM 4,,https://www.sec.gov/Archives/edgar/data/1676238/000167623824000028/xslF345X05/wk-form4_1708555141.xml,statutory (SEC EDGAR)
4,2024-02-21,2024-02-16,0001676238-24-000026,xslF345X05/wk-form4_1708554893.xml,FORM 4,,https://www.sec.gov/Archives/edgar/data/1676238/000167623824000026/xslF345X05/wk-form4_1708554893.xml,statutory (SEC EDGAR)
4,2024-02-21,2024-02-16,0001676238-24-000024,xslF345X05/wk-form4_1708554697.xml,FORM 4,,https://www.sec.gov/Archives/edgar/data/1676238/000167623824000024/xslF345X05/wk-form4_1708554697.xml,statutory (SEC EDGAR)
4,2024-02-20,2024-02-15,0001676238-24-000022,xslF345X05/wk-form4_1708467692.xml,FORM 4,,https://www.sec.gov/Archives/edgar/data/1676238/000167623824000022/xslF345X05/wk-form4_1708467692.xml,statutory (SEC EDGAR)
144,2024-02-20,,0001950047-24-001131,xsl144X01/primary_doc.xml,,,https://www.sec.gov/Archives/edgar/data/1676238/000195004724001131/xsl144X01/primary_doc.xml,statutory (SEC EDGAR)
4,2024-02-15,2024-02-13,0001676238-24-000020,xslF345X05/wk-form4_1708036811.xml,FORM 4,,https://www.sec.gov/Archives/edgar/data/1676238/000167623824000020/xslF345X05/wk-form4_1708036811.xml,statutory (SEC EDGAR)
SC 13G/A,2024-02-14,,0001193125-24-036501,d784112dsc13ga.htm,SC 13G/A,,https://www.sec.gov/Archives/edgar/data/1676238/000119312524036501/d784112dsc13ga.htm,statutory (SEC EDGAR)
SC 13G/A,2024-02-14,,0000950103-24-002198,dp206686_sc13ga-2.htm,FORM SC 13G/A,,https://www.sec.gov/Archives/edgar/data/1676238/000095010324002198/dp206686_sc13ga-2.htm,statutory (SEC EDGAR)
SC 13G/A,2024-02-14,,0000950103-24-002197,dp206685_sc13ga-2.htm,FORM SC 13G/A,,https://www.sec.gov/Archives/edgar/data/1676238/000095010324002197/dp206685_sc13ga-2.htm,statutory (SEC EDGAR)
SC 13G/A,2024-02-14,,0001104659-24-023707,tm245429d29_sc13ga.htm,SC 13G/A,,https://www.sec.gov/Archives/edgar/data/1676238/000110465924023707/tm245429d29_sc13ga.htm,statutory (SEC EDGAR)
SC 13G/A,2024-02-14,,0001011438-24-000237,form_sc13ga-braze.htm,,,https://www.sec.gov/Archives/edgar/data/1676238/000101143824000237/form_sc13ga-braze.htm,statutory (SEC EDGAR)
SC 13G/A,2024-02-13,,0001104659-24-020465,tv0468-brazeincclassa.htm,SCHEDULE 13G/A,,https://www.sec.gov/Archives/edgar/data/1676238/000110465924020465/tv0468-brazeincclassa.htm,statutory (SEC EDGAR)
SC 13G/A,2024-02-12,,0000895421-24-000242,BrazeIncBRZE.txt,MS AMENDMENT,,https://www.sec.gov/Archives/edgar/data/1676238/000089542124000242/BrazeIncBRZE.txt,statutory (SEC EDGAR)
4,2024-02-05,2024-02-01,0001676238-24-000018,xslF345X05/wk-form4_1707176735.xml,FORM 4,,https://www.sec.gov/Archives/edgar/data/1676238/000167623824000018/xslF345X05/wk-form4_1707176735.xml,statutory (SEC EDGAR)
4,2024-02-05,2024-02-01,0001676238-24-000016,xslF345X05/wk-form4_1707176556.xml,FORM 4,,https://www.sec.gov/Archives/edgar/data/1676238/000167623824000016/xslF345X05/wk-form4_1707176556.xml,statutory (SEC EDGAR)
4,2024-02-05,2024-02-01,0001676238-24-000014,xslF345X05/wk-form4_1707176301.xml,FORM 4,,https://www.sec.gov/Archives/edgar/data/1676238/000167623824000014/xslF345X05/wk-form4_1707176301.xml,statutory (SEC EDGAR)
4,2024-02-05,2024-02-01,0001676238-24-000012,xslF345X05/wk-form4_1707175985.xml,FORM 4,,https://www.sec.gov/Archives/edgar/data/1676238/000167623824000012/xslF345X05/wk-form4_1707175985.xml,statutory (SEC EDGAR)
4,2024-02-05,2024-02-01,0001676238-24-000010,xslF345X05/wk-form4_1707175764.xml,FORM 4,,https://www.sec.gov/Archives/edgar/data/1676238/000167623824000010/xslF345X05/wk-form4_1707175764.xml,statutory (SEC EDGAR)
SC 13G,2024-01-29,,0001086364-24-005546,us10576n1028_012924.txt,,,https://www.sec.gov/Archives/edgar/data/1676238/000108636424005546/us10576n1028_012924.txt,statutory (SEC EDGAR)
4,2024-01-18,2024-01-16,0001676238-24-000008,xslF345X05/wk-form4_1705613871.xml,FORM 4,,https://www.sec.gov/Archives/edgar/data/1676238/000167623824000008/xslF345X05/wk-form4_1705613871.xml,statutory (SEC EDGAR)
4,2024-01-17,2024-01-12,0001676238-24-000006,xslF345X05/wk-form4_1705529009.xml,FORM 4,,https://www.sec.gov/Archives/edgar/data/1676238/000167623824000006/xslF345X05/wk-form4_1705529009.xml,statutory (SEC EDGAR)
144,2024-01-12,,0001972362-24-000026,xsl144X01/primary_doc.xml,,,https://www.sec.gov/Archives/edgar/data/1676238/000197236224000026/xsl144X01/primary_doc.xml,statutory (SEC EDGAR)
4,2024-01-11,2024-01-09,0001676238-24-000004,xslF345X05/wk-form4_1705011187.xml,FORM 4,,https://www.sec.gov/Archives/edgar/data/1676238/000167623824000004/xslF345X05/wk-form4_1705011187.xml,statutory (SEC EDGAR)
144,2024-01-09,,0001950047-24-000232,xsl144X01/primary_doc.xml,,,https://www.sec.gov/Archives/edgar/data/1676238/000195004724000232/xsl144X01/primary_doc.xml,statutory (SEC EDGAR)
4,2024-01-05,2024-01-03,0001676238-24-000002,xslF345X05/wk-form4_1704490279.xml,FORM 4,,https://www.sec.gov/Archives/edgar/data/1676238/000167623824000002/xslF345X05/wk-form4_1704490279.xml,statutory (SEC EDGAR)
4,2023-12-29,2023-12-28,0001676238-23-000219,xslF345X05/wk-form4_1703889065.xml,FORM 4,,https://www.sec.gov/Archives/edgar/data/1676238/000167623823000219/xslF345X05/wk-form4_1703889065.xml,statutory (SEC EDGAR)
4,2023-12-27,2023-12-22,0001209191-23-059778,xslF345X05/doc4.xml,FORM 4 SUBMISSION,,https://www.sec.gov/Archives/edgar/data/1676238/000120919123059778/xslF345X05/doc4.xml,statutory (SEC EDGAR)
4,2023-12-21,2023-12-19,0001676238-23-000217,xslF345X05/wk-form4_1703196877.xml,FORM 4,,https://www.sec.gov/Archives/edgar/data/1676238/000167623823000217/xslF345X05/wk-form4_1703196877.xml,statutory (SEC EDGAR)
4,2023-12-19,2023-12-15,0001676238-23-000215,xslF345X05/wk-form4_1703025558.xml,FORM 4,,https://www.sec.gov/Archives/edgar/data/1676238/000167623823000215/xslF345X05/wk-form4_1703025558.xml,statutory (SEC EDGAR)
144,2023-12-19,,0001950047-23-006312,xsl144X01/primary_doc.xml,,,https://www.sec.gov/Archives/edgar/data/1676238/000195004723006312/xsl144X01/primary_doc.xml,statutory (SEC EDGAR)
4,2023-12-18,2023-12-14,0001676238-23-000213,xslF345X05/wk-form4_1702939034.xml,FORM 4,,https://www.sec.gov/Archives/edgar/data/1676238/000167623823000213/xslF345X05/wk-form4_1702939034.xml,statutory (SEC EDGAR)
4,2023-12-18,2023-12-14,0000950170-23-071119,xslF345X05/ownership.xml,4,,https://www.sec.gov/Archives/edgar/data/1676238/000095017023071119/xslF345X05/ownership.xml,statutory (SEC EDGAR)
4,2023-12-18,2023-12-14,0000950170-23-071112,xslF345X05/ownership.xml,4,,https://www.sec.gov/Archives/edgar/data/1676238/000095017023071112/xslF345X05/ownership.xml,statutory (SEC EDGAR)
144,2023-12-18,,0001950047-23-006220,xsl144X01/primary_doc.xml,,,https://www.sec.gov/Archives/edgar/data/1676238/000195004723006220/xsl144X01/primary_doc.xml,statutory (SEC EDGAR)
4,2023-12-15,2023-12-13,0001676238-23-000211,xslF345X05/wk-form4_1702679994.xml,FORM 4,,https://www.sec.gov/Archives/edgar/data/1676238/000167623823000211/xslF345X05/wk-form4_1702679994.xml,statutory (SEC EDGAR)
144,2023-12-15,,0001950047-23-006152,xsl144X01/primary_doc.xml,,,https://www.sec.gov/Archives/edgar/data/1676238/000195004723006152/xsl144X01/primary_doc.xml,statutory (SEC EDGAR)
4,2023-12-15,2023-12-13,0001209191-23-058764,xslF345X05/doc4.xml,FORM 4 SUBMISSION,,https://www.sec.gov/Archives/edgar/data/1676238/000120919123058764/xslF345X05/doc4.xml,statutory (SEC EDGAR)
144,2023-12-13,,0001972362-23-001173,xsl144X01/primary_doc.xml,,,https://www.sec.gov/Archives/edgar/data/1676238/000197236223001173/xsl144X01/primary_doc.xml,statutory (SEC EDGAR)
4,2023-12-12,2023-12-12,0001209191-23-058400,xslF345X05/doc4.xml,FORM 4 SUBMISSION,,https://www.sec.gov/Archives/edgar/data/1676238/000120919123058400/xslF345X05/doc4.xml,statutory (SEC EDGAR)
4,2023-12-12,2023-12-08,0001209191-23-058398,xslF345X05/doc4.xml,FORM 4 SUBMISSION,,https://www.sec.gov/Archives/edgar/data/1676238/000120919123058398/xslF345X05/doc4.xml,statutory (SEC EDGAR)
4,2023-12-12,2023-12-08,0001209191-23-058396,xslF345X05/doc4.xml,FORM 4 SUBMISSION,,https://www.sec.gov/Archives/edgar/data/1676238/000120919123058396/xslF345X05/doc4.xml,statutory (SEC EDGAR)
10-Q,2023-12-07,2023-10-31,0001676238-23-000209,brze-20231031.htm,10-Q,,https://www.sec.gov/Archives/edgar/data/1676238/000167623823000209/brze-20231031.htm,statutory (SEC EDGAR)
8-K,2023-12-06,2023-12-06,0001676238-23-000207,brz-20231206.htm,8-K,"2.02,9.01",https://www.sec.gov/Archives/edgar/data/1676238/000167623823000207/brz-20231206.htm,statutory (SEC EDGAR)
4,2023-12-05,2023-12-01,0001676238-23-000203,xslF345X05/wk-form4_1701815944.xml,FORM 4,,https://www.sec.gov/Archives/edgar/data/1676238/000167623823000203/xslF345X05/wk-form4_1701815944.xml,statutory (SEC EDGAR)
144,2023-12-01,,0001950047-23-005551,xsl144X01/primary_doc.xml,,,https://www.sec.gov/Archives/edgar/data/1676238/000195004723005551/xsl144X01/primary_doc.xml,statutory (SEC EDGAR)
4,2023-11-22,2023-11-20,0001676238-23-000199,xslF345X05/wk-form4_1700694468.xml,FORM 4,,https://www.sec.gov/Archives/edgar/data/1676238/000167623823000199/xslF345X05/wk-form4_1700694468.xml,statutory (SEC EDGAR)
4,2023-11-22,2023-11-20,0001676238-23-000197,xslF345X05/wk-form4_1700694253.xml,FORM 4,,https://www.sec.gov/Archives/edgar/data/1676238/000167623823000197/xslF345X05/wk-form4_1700694253.xml,statutory (SEC EDGAR)
4,2023-11-20,2023-11-16,0001676238-23-000195,xslF345X05/wk-form4_1700525328.xml,FORM 4,,https://www.sec.gov/Archives/edgar/data/1676238/000167623823000195/xslF345X05/wk-form4_1700525328.xml,statutory (SEC EDGAR)
4,2023-11-20,2023-11-16,0001676238-23-000192,xslF345X05/wk-form4_1700525074.xml,FORM 4,,https://www.sec.gov/Archives/edgar/data/1676238/000167623823000192/xslF345X05/wk-form4_1700525074.xml,statutory (SEC EDGAR)
4,2023-11-20,2023-11-16,0001676238-23-000190,xslF345X05/wk-form4_1700524865.xml,FORM 4,,https://www.sec.gov/Archives/edgar/data/1676238/000167623823000190/xslF345X05/wk-form4_1700524865.xml,statutory (SEC EDGAR)
4,2023-11-20,2023-11-16,0001676238-23-000187,xslF345X05/wk-form4_1700524664.xml,FORM 4,,https://www.sec.gov/Archives/edgar/data/1676238/000167623823000187/xslF345X05/wk-form4_1700524664.xml,statutory (SEC EDGAR)
4,2023-11-20,2023-11-16,0001676238-23-000185,xslF345X05/wk-form4_1700524411.xml,FORM 4,,https://www.sec.gov/Archives/edgar/data/1676238/000167623823000185/xslF345X05/wk-form4_1700524411.xml,statutory (SEC EDGAR)
4,2023-11-20,2023-11-16,0001676238-23-000183,xslF345X05/wk-form4_1700524249.xml,FORM 4,,https://www.sec.gov/Archives/edgar/data/1676238/000167623823000183/xslF345X05/wk-form4_1700524249.xml,statutory (SEC EDGAR)
144,2023-11-20,,0001950047-23-005222,xsl144X01/primary_doc.xml,,,https://www.sec.gov/Archives/edgar/data/1676238/000195004723005222/xsl144X01/primary_doc.xml,statutory (SEC EDGAR)
4,2023-11-17,2023-11-15,0001676238-23-000181,xslF345X05/wk-form4_1700260718.xml,FORM 4,,https://www.sec.gov/Archives/edgar/data/1676238/000167623823000181/xslF345X05/wk-form4_1700260718.xml,statutory (SEC EDGAR)
4,2023-11-17,2023-11-15,0001676238-23-000179,xslF345X05/wk-form4_1700260419.xml,FORM 4,,https://www.sec.gov/Archives/edgar/data/1676238/000167623823000179/xslF345X05/wk-form4_1700260419.xml,statutory (SEC EDGAR)
4,2023-11-16,2023-11-14,0001676238-23-000177,xslF345X05/wk-form4_1700176555.xml,FORM 4,,https://www.sec.gov/Archives/edgar/data/1676238/000167623823000177/xslF345X05/wk-form4_1700176555.xml,statutory (SEC EDGAR)
144,2023-11-15,,0001950047-23-005012,xsl144X01/primary_doc.xml,,,https://www.sec.gov/Archives/edgar/data/1676238/000195004723005012/xsl144X01/primary_doc.xml,statutory (SEC EDGAR)
4,2023-11-03,2023-11-01,0001676238-23-000174,xslF345X05/wk-form4_1699045093.xml,FORM 4,,https://www.sec.gov/Archives/edgar/data/1676238/000167623823000174/xslF345X05/wk-form4_1699045093.xml,statutory (SEC EDGAR)
4,2023-10-27,2023-10-25,0001676238-23-000172,xslF345X05/wk-form4_1698440028.xml,FORM 4,,https://www.sec.gov/Archives/edgar/data/1676238/000167623823000172/xslF345X05/wk-form4_1698440028.xml,statutory (SEC EDGAR)
4,2023-10-24,2023-10-20,0001676238-23-000170,xslF345X05/wk-form4_1698179781.xml,FORM 4,,https://www.sec.gov/Archives/edgar/data/1676238/000167623823000170/xslF345X05/wk-form4_1698179781.xml,statutory (SEC EDGAR)
4,2023-10-19,2023-10-17,0001676238-23-000168,xslF345X05/wk-form4_1697750429.xml,FORM 4,,https://www.sec.gov/Archives/edgar/data/1676238/000167623823000168/xslF345X05/wk-form4_1697750429.xml,statutory (SEC EDGAR)
4,2023-10-18,2023-10-16,0001676238-23-000166,xslF345X05/wk-form4_1697661443.xml,FORM 4,,https://www.sec.gov/Archives/edgar/data/1676238/000167623823000166/xslF345X05/wk-form4_1697661443.xml,statutory (SEC EDGAR)
144,2023-10-17,,0001950047-23-004550,xsl144X01/primary_doc.xml,,,https://www.sec.gov/Archives/edgar/data/1676238/000195004723004550/xsl144X01/primary_doc.xml,statutory (SEC EDGAR)
4,2023-10-13,2023-10-11,0001676238-23-000164,xslF345X05/wk-form4_1697234930.xml,FORM 4,,https://www.sec.gov/Archives/edgar/data/1676238/000167623823000164/xslF345X05/wk-form4_1697234930.xml,statutory (SEC EDGAR)
144,2023-10-11,,0001972362-23-000853,xsl144X01/primary_doc.xml,,,https://www.sec.gov/Archives/edgar/data/1676238/000197236223000853/xsl144X01/primary_doc.xml,statutory (SEC EDGAR)
4,2023-10-10,2023-10-06,0001676238-23-000162,xslF345X05/wk-form4_1696974303.xml,FORM 4,,https://www.sec.gov/Archives/edgar/data/1676238/000167623823000162/xslF345X05/wk-form4_1696974303.xml,statutory (SEC EDGAR)
144,2023-10-10,,0001972362-23-000847,xsl144X01/primary_doc.xml,,,https://www.sec.gov/Archives/edgar/data/1676238/000197236223000847/xsl144X01/primary_doc.xml,statutory (SEC EDGAR)
144,2023-10-06,,0001972362-23-000842,xsl144X01/primary_doc.xml,,,https://www.sec.gov/Archives/edgar/data/1676238/000197236223000842/xsl144X01/primary_doc.xml,statutory (SEC EDGAR)
4,2023-10-04,2023-10-02,0001676238-23-000160,xslF345X05/wk-form4_1696453642.xml,FORM 4,,https://www.sec.gov/Archives/edgar/data/1676238/000167623823000160/xslF345X05/wk-form4_1696453642.xml,statutory (SEC EDGAR)
4,2023-09-29,2023-09-27,0001676238-23-000158,xslF345X05/wk-form4_1696019088.xml,FORM 4,,https://www.sec.gov/Archives/edgar/data/1676238/000167623823000158/xslF345X05/wk-form4_1696019088.xml,statutory (SEC EDGAR)
4,2023-09-19,2023-09-15,0001676238-23-000156,xslF345X05/wk-form4_1695158840.xml,FORM 4,,https://www.sec.gov/Archives/edgar/data/1676238/000167623823000156/xslF345X05/wk-form4_1695158840.xml,statutory (SEC EDGAR)
144,2023-09-15,,0001950047-23-004115,xsl144X01/primary_doc.xml,,,https://www.sec.gov/Archives/edgar/data/1676238/000195004723004115/xsl144X01/primary_doc.xml,statutory (SEC EDGAR)
4,2023-09-14,2023-09-12,0001676238-23-000154,xslF345X05/wk-form4_1694727790.xml,FORM 4,,https://www.sec.gov/Archives/edgar/data/1676238/000167623823000154/xslF345X05/wk-form4_1694727790.xml,statutory (SEC EDGAR)
4,2023-09-14,2023-09-12,0001209191-23-049457,xslF345X05/doc4.xml,FORM 4 SUBMISSION,,https://www.sec.gov/Archives/edgar/data/1676238/000120919123049457/xslF345X05/doc4.xml,statutory (SEC EDGAR)
4,2023-09-13,2023-09-11,0000899243-23-018837,xslF345X05/doc4.xml,FORM 4 SUBMISSION,,https://www.sec.gov/Archives/edgar/data/1676238/000089924323018837/xslF345X05/doc4.xml,statutory (SEC EDGAR)
4,2023-09-13,2023-09-11,0000899243-23-018838,xslF345X05/doc4.xml,FORM 4 SUBMISSION,,https://www.sec.gov/Archives/edgar/data/1676238/000089924323018838/xslF345X05/doc4.xml,statutory (SEC EDGAR)
4,2023-09-12,2023-09-08,0001676238-23-000152,xslF345X05/wk-form4_1694556575.xml,FORM 4,,https://www.sec.gov/Archives/edgar/data/1676238/000167623823000152/xslF345X05/wk-form4_1694556575.xml,statutory (SEC EDGAR)
4,2023-09-12,2023-09-01,0001676238-23-000149,xslF345X05/wk-form4_1694556126.xml,FORM 4,,https://www.sec.gov/Archives/edgar/data/1676238/000167623823000149/xslF345X05/wk-form4_1694556126.xml,statutory (SEC EDGAR)
4,2023-09-12,2023-09-08,0001676238-23-000147,xslF345X05/wk-form4_1694555723.xml,FORM 4,,https://www.sec.gov/Archives/edgar/data/1676238/000167623823000147/xslF345X05/wk-form4_1694555723.xml,statutory (SEC EDGAR)
144,2023-09-08,,0001950047-23-003840,xsl144X01/primary_doc.xml,,,https://www.sec.gov/Archives/edgar/data/1676238/000195004723003840/xsl144X01/primary_doc.xml,statutory (SEC EDGAR)
144,2023-09-08,,0001950047-23-003839,xsl144X01/primary_doc.xml,,,https://www.sec.gov/Archives/edgar/data/1676238/000195004723003839/xsl144X01/primary_doc.xml,statutory (SEC EDGAR)
10-Q,2023-09-08,2023-07-31,0001676238-23-000145,brze-20230731.htm,10-Q,,https://www.sec.gov/Archives/edgar/data/1676238/000167623823000145/brze-20230731.htm,statutory (SEC EDGAR)
8-K,2023-09-07,2023-09-07,0001676238-23-000142,brz-20230907.htm,8-K,"2.02,9.01",https://www.sec.gov/Archives/edgar/data/1676238/000167623823000142/brz-20230907.htm,statutory (SEC EDGAR)
4,2023-09-06,2023-09-01,0001676238-23-000139,xslF345X05/wk-form4_1694035142.xml,FORM 4,,https://www.sec.gov/Archives/edgar/data/1676238/000167623823000139/xslF345X05/wk-form4_1694035142.xml,statutory (SEC EDGAR)
144,2023-09-01,,0001950047-23-003600,xsl144X01/primary_doc.xml,,,https://www.sec.gov/Archives/edgar/data/1676238/000195004723003600/xsl144X01/primary_doc.xml,statutory (SEC EDGAR)
4,2023-08-25,2023-08-23,0001676238-23-000134,xslF345X05/wk-form4_1692994701.xml,FORM 4,,https://www.sec.gov/Archives/edgar/data/1676238/000167623823000134/xslF345X05/wk-form4_1692994701.xml,statutory (SEC EDGAR)
4,2023-08-25,2023-08-24,0001676238-23-000132,xslF345X05/wk-form4_1692994137.xml,FORM 4,,https://www.sec.gov/Archives/edgar/data/1676238/000167623823000132/xslF345X05/wk-form4_1692994137.xml,statutory (SEC EDGAR)
144,2023-08-23,,0001950047-23-003388,xsl144X01/primary_doc.xml,,,https://www.sec.gov/Archives/edgar/data/1676238/000195004723003388/xsl144X01/primary_doc.xml,statutory (SEC EDGAR)
4,2023-08-22,2023-08-18,0001676238-23-000130,xslF345X05/wk-form4_1692735998.xml,FORM 4,,https://www.sec.gov/Archives/edgar/data/1676238/000167623823000130/xslF345X05/wk-form4_1692735998.xml,statutory (SEC EDGAR)
4,2023-08-22,2023-08-18,0001676238-23-000128,xslF345X05/wk-form4_1692735802.xml,FORM 4,,https://www.sec.gov/Archives/edgar/data/1676238/000167623823000128/xslF345X05/wk-form4_1692735802.xml,statutory (SEC EDGAR)
4,2023-08-18,2023-08-16,0001676238-23-000126,xslF345X05/wk-form4_1692394380.xml,FORM 4,,https://www.sec.gov/Archives/edgar/data/1676238/000167623823000126/xslF345X05/wk-form4_1692394380.xml,statutory (SEC EDGAR)
4,2023-08-18,2023-08-16,0001676238-23-000124,xslF345X05/wk-form4_1692394175.xml,FORM 4,,https://www.sec.gov/Archives/edgar/data/1676238/000167623823000124/xslF345X05/wk-form4_1692394175.xml,statutory (SEC EDGAR)
4,2023-08-18,2023-08-16,0001676238-23-000122,xslF345X05/wk-form4_1692393985.xml,FORM 4,,https://www.sec.gov/Archives/edgar/data/1676238/000167623823000122/xslF345X05/wk-form4_1692393985.xml,statutory (SEC EDGAR)
4,2023-08-18,2023-08-16,0001676238-23-000120,xslF345X05/wk-form4_1692393808.xml,FORM 4,,https://www.sec.gov/Archives/edgar/data/1676238/000167623823000120/xslF345X05/wk-form4_1692393808.xml,statutory (SEC EDGAR)
4/A,2023-08-18,2022-07-13,0001676238-23-000118,xslF345X05/wk-form4a_1692393418.xml,FORM 4/A,,https://www.sec.gov/Archives/edgar/data/1676238/000167623823000118/xslF345X05/wk-form4a_1692393418.xml,statutory (SEC EDGAR)
4/A,2023-08-18,2022-04-05,0001676238-23-000116,xslF345X05/wk-form4a_1692393138.xml,FORM 4/A,,https://www.sec.gov/Archives/edgar/data/1676238/000167623823000116/xslF345X05/wk-form4a_1692393138.xml,statutory (SEC EDGAR)
4,2023-08-18,2023-08-16,0001676238-23-000114,xslF345X05/wk-form4_1692392781.xml,FORM 4,,https://www.sec.gov/Archives/edgar/data/1676238/000167623823000114/xslF345X05/wk-form4_1692392781.xml,statutory (SEC EDGAR)
4,2023-08-18,2023-08-16,0001676238-23-000112,xslF345X05/wk-form4_1692392543.xml,FORM 4,,https://www.sec.gov/Archives/edgar/data/1676238/000167623823000112/xslF345X05/wk-form4_1692392543.xml,statutory (SEC EDGAR)
144,2023-08-18,,0001950047-23-003262,xsl144X01/primary_doc.xml,,,https://www.sec.gov/Archives/edgar/data/1676238/000195004723003262/xsl144X01/primary_doc.xml,statutory (SEC EDGAR)
144,2023-08-18,,0001950047-23-003256,xsl144X01/primary_doc.xml,,,https://www.sec.gov/Archives/edgar/data/1676238/000195004723003256/xsl144X01/primary_doc.xml,statutory (SEC EDGAR)
4,2023-08-17,2023-08-15,0001676238-23-000110,xslF345X05/wk-form4_1692307223.xml,FORM 4,,https://www.sec.gov/Archives/edgar/data/1676238/000167623823000110/xslF345X05/wk-form4_1692307223.xml,statutory (SEC EDGAR)
4,2023-08-17,2023-08-15,0001676238-23-000108,xslF345X05/wk-form4_1692306789.xml,FORM 4,,https://www.sec.gov/Archives/edgar/data/1676238/000167623823000108/xslF345X05/wk-form4_1692306789.xml,statutory (SEC EDGAR)
4,2023-08-03,2023-08-02,0000950103-23-011522,xslF345X05/ownership.xml,,,https://www.sec.gov/Archives/edgar/data/1676238/000095010323011522/xslF345X05/ownership.xml,statutory (SEC EDGAR)
4,2023-08-02,2023-08-01,0001676238-23-000107,xslF345X05/wk-form4_1691012259.xml,FORM 4,,https://www.sec.gov/Archives/edgar/data/1676238/000167623823000107/xslF345X05/wk-form4_1691012259.xml,statutory (SEC EDGAR)
4,2023-08-01,2023-07-31,0001676238-23-000105,xslF345X05/wk-form4_1690922679.xml,FORM 4,,https://www.sec.gov/Archives/edgar/data/1676238/000167623823000105/xslF345X05/wk-form4_1690922679.xml,statutory (SEC EDGAR)
4,2023-07-28,2023-07-27,0000950103-23-011033,xslF345X05/dp197423_4-hyman.xml,FORM 4,,https://www.sec.gov/Archives/edgar/data/1676238/000095010323011033/xslF345X05/dp197423_4-hyman.xml,statutory (SEC EDGAR)
4,2023-07-21,2023-07-19,0001676238-23-000103,xslF345X05/wk-form4_1689970457.xml,FORM 4,,https://www.sec.gov/Archives/edgar/data/1676238/000167623823000103/xslF345X05/wk-form4_1689970457.xml,statutory (SEC EDGAR)
4,2023-07-20,2023-07-18,0001676238-23-000101,xslF345X05/wk-form4_1689886385.xml,FORM 4,,https://www.sec.gov/Archives/edgar/data/1676238/000167623823000101/xslF345X05/wk-form4_1689886385.xml,statutory (SEC EDGAR)
4,2023-07-18,2023-07-14,0001676238-23-000099,xslF345X05/wk-form4_1689712440.xml,FORM 4,,https://www.sec.gov/Archives/edgar/data/1676238/000167623823000099/xslF345X05/wk-form4_1689712440.xml,statutory (SEC EDGAR)
4,2023-07-18,2023-07-14,0001676238-23-000097,xslF345X05/wk-form4_1689712089.xml,FORM 4,,https://www.sec.gov/Archives/edgar/data/1676238/000167623823000097/xslF345X05/wk-form4_1689712089.xml,statutory (SEC EDGAR)
4,2023-07-17,2023-07-13,0001676238-23-000093,xslF345X05/wk-form4_1689625983.xml,FORM 4,,https://www.sec.gov/Archives/edgar/data/1676238/000167623823000093/xslF345X05/wk-form4_1689625983.xml,statutory (SEC EDGAR)
4,2023-07-14,2023-07-12,0001676238-23-000091,xslF345X04/wk-form4_1689366042.xml,FORM 4,,https://www.sec.gov/Archives/edgar/data/1676238/000167623823000091/xslF345X04/wk-form4_1689366042.xml,statutory (SEC EDGAR)
144,2023-07-14,,0001950047-23-002340,xsl144X01/primary_doc.xml,,,https://www.sec.gov/Archives/edgar/data/1676238/000195004723002340/xsl144X01/primary_doc.xml,statutory (SEC EDGAR)
144,2023-07-14,,0001950047-23-002332,xsl144X01/primary_doc.xml,,,https://www.sec.gov/Archives/edgar/data/1676238/000195004723002332/xsl144X01/primary_doc.xml,statutory (SEC EDGAR)
144,2023-07-13,,0001950047-23-002306,xsl144X01/primary_doc.xml,,,https://www.sec.gov/Archives/edgar/data/1676238/000195004723002306/xsl144X01/primary_doc.xml,statutory (SEC EDGAR)
4,2023-07-13,2023-07-11,0001676238-23-000089,xslF345X04/wk-form4_1689279375.xml,FORM 4,,https://www.sec.gov/Archives/edgar/data/1676238/000167623823000089/xslF345X04/wk-form4_1689279375.xml,statutory (SEC EDGAR)
144,2023-07-12,,0001950047-23-002277,xsl144X01/primary_doc.xml,,,https://www.sec.gov/Archives/edgar/data/1676238/000195004723002277/xsl144X01/primary_doc.xml,statutory (SEC EDGAR)
144,2023-07-11,,0001950047-23-002242,xsl144X01/primary_doc.xml,,,https://www.sec.gov/Archives/edgar/data/1676238/000195004723002242/xsl144X01/primary_doc.xml,statutory (SEC EDGAR)
4,2023-07-10,2023-07-06,0001676238-23-000087,xslF345X04/wk-form4_1689019861.xml,FORM 4,,https://www.sec.gov/Archives/edgar/data/1676238/000167623823000087/xslF345X04/wk-form4_1689019861.xml,statutory (SEC EDGAR)
4,2023-07-07,2023-07-05,0001209191-23-041817,xslF345X04/doc4.xml,FORM 4 SUBMISSION,,https://www.sec.gov/Archives/edgar/data/1676238/000120919123041817/xslF345X04/doc4.xml,statutory (SEC EDGAR)
4,2023-07-07,2023-07-05,0001676238-23-000085,xslF345X04/wk-form4_1688760833.xml,FORM 4,,https://www.sec.gov/Archives/edgar/data/1676238/000167623823000085/xslF345X04/wk-form4_1688760833.xml,statutory (SEC EDGAR)
144,2023-07-06,,0001950047-23-002155,xsl144X01/primary_doc.xml,,,https://www.sec.gov/Archives/edgar/data/1676238/000195004723002155/xsl144X01/primary_doc.xml,statutory (SEC EDGAR)
8-K,2023-07-05,2023-06-29,0001676238-23-000083,brz-20230629.htm,8-K,5.07,https://www.sec.gov/Archives/edgar/data/1676238/000167623823000083/brz-20230629.htm,statutory (SEC EDGAR)
144,2023-07-05,,0001950047-23-002112,xsl144X01/primary_doc.xml,,,https://www.sec.gov/Archives/edgar/data/1676238/000195004723002112/xsl144X01/primary_doc.xml,statutory (SEC EDGAR)
4,2023-07-03,2023-06-29,0001676238-23-000080,xslF345X04/wk-form4_1688418645.xml,FORM 4,,https://www.sec.gov/Archives/edgar/data/1676238/000167623823000080/xslF345X04/wk-form4_1688418645.xml,statutory (SEC EDGAR)
4,2023-07-03,2023-06-29,0001676238-23-000078,xslF345X04/wk-form4_1688418517.xml,FORM 4,,https://www.sec.gov/Archives/edgar/data/1676238/000167623823000078/xslF345X04/wk-form4_1688418517.xml,statutory (SEC EDGAR)
4,2023-07-03,2023-06-29,0001676238-23-000076,xslF345X04/wk-form4_1688418370.xml,FORM 4,,https://www.sec.gov/Archives/edgar/data/1676238/000167623823000076/xslF345X04/wk-form4_1688418370.xml,statutory (SEC EDGAR)
4,2023-07-03,2023-06-29,0001676238-23-000074,xslF345X04/wk-form4_1688418223.xml,FORM 4,,https://www.sec.gov/Archives/edgar/data/1676238/000167623823000074/xslF345X04/wk-form4_1688418223.xml,statutory (SEC EDGAR)
4,2023-07-03,2023-06-29,0001676238-23-000072,xslF345X04/wk-form4_1688417957.xml,FORM 4,,https://www.sec.gov/Archives/edgar/data/1676238/000167623823000072/xslF345X04/wk-form4_1688417957.xml,statutory (SEC EDGAR)
4,2023-06-16,2023-06-15,0000950103-23-008925,xslF345X04/dp195411_4-wiseman.xml,FORM 4,,https://www.sec.gov/Archives/edgar/data/1676238/000095010323008925/xslF345X04/dp195411_4-wiseman.xml,statutory (SEC EDGAR)
4,2023-06-16,2023-06-15,0000950103-23-008923,xslF345X04/dp195413_4-winkles.xml,FORM 4,,https://www.sec.gov/Archives/edgar/data/1676238/000095010323008923/xslF345X04/dp195413_4-winkles.xml,statutory (SEC EDGAR)
4,2023-06-16,2023-06-15,0000950103-23-008921,xslF345X04/dp195412_4-malik.xml,FORM 4,,https://www.sec.gov/Archives/edgar/data/1676238/000095010323008921/xslF345X04/dp195412_4-malik.xml,statutory (SEC EDGAR)
SC 13G/A,2023-06-15,,0001193125-23-167707,d522815dsc13ga.htm,SC 13G/A,,https://www.sec.gov/Archives/edgar/data/1676238/000119312523167707/d522815dsc13ga.htm,statutory (SEC EDGAR)
4,2023-06-14,2023-06-12,0000899243-23-015534,xslF345X04/doc4.xml,FORM 4 SUBMISSION,,https://www.sec.gov/Archives/edgar/data/1676238/000089924323015534/xslF345X04/doc4.xml,statutory (SEC EDGAR)
4,2023-06-14,2023-06-12,0000899243-23-015532,xslF345X04/doc4.xml,FORM 4 SUBMISSION,,https://www.sec.gov/Archives/edgar/data/1676238/000089924323015532/xslF345X04/doc4.xml,statutory (SEC EDGAR)
S-3ASR,2023-06-09,,0000950103-23-008712,dp194654_s3asr.htm,FORM S-3ASR,,https://www.sec.gov/Archives/edgar/data/1676238/000095010323008712/dp194654_s3asr.htm,statutory (SEC EDGAR)
10-Q,2023-06-09,2023-04-30,0001676238-23-000068,brze-20230430.htm,10-Q,,https://www.sec.gov/Archives/edgar/data/1676238/000167623823000068/brze-20230430.htm,statutory (SEC EDGAR)
8-K,2023-06-08,2023-06-08,0001676238-23-000065,brz-20230608.htm,8-K,"2.02,9.01",https://www.sec.gov/Archives/edgar/data/1676238/000167623823000065/brz-20230608.htm,statutory (SEC EDGAR)
4,2023-05-17,2023-05-15,0001676238-23-000057,xslF345X04/wf-form4_168435850175965.xml,FORM 4,,https://www.sec.gov/Archives/edgar/data/1676238/000167623823000057/xslF345X04/wf-form4_168435850175965.xml,statutory (SEC EDGAR)
4,2023-05-17,2023-05-15,0001676238-23-000055,xslF345X04/wf-form4_168435839240529.xml,FORM 4,,https://www.sec.gov/Archives/edgar/data/1676238/000167623823000055/xslF345X04/wf-form4_168435839240529.xml,statutory (SEC EDGAR)
4,2023-05-17,2023-05-15,0001676238-23-000053,xslF345X04/wf-form4_168435825449377.xml,FORM 4,,https://www.sec.gov/Archives/edgar/data/1676238/000167623823000053/xslF345X04/wf-form4_168435825449377.xml,statutory (SEC EDGAR)
4,2023-05-17,2023-05-15,0001676238-23-000051,xslF345X04/wf-form4_168435815385344.xml,FORM 4,,https://www.sec.gov/Archives/edgar/data/1676238/000167623823000051/xslF345X04/wf-form4_168435815385344.xml,statutory (SEC EDGAR)
4,2023-05-17,2023-05-15,0001676238-23-000049,xslF345X04/wf-form4_168435801499597.xml,FORM 4,,https://www.sec.gov/Archives/edgar/data/1676238/000167623823000049/xslF345X04/wf-form4_168435801499597.xml,statutory (SEC EDGAR)
4,2023-05-17,2023-05-15,0001676238-23-000047,xslF345X04/wf-form4_168435791092525.xml,FORM 4,,https://www.sec.gov/Archives/edgar/data/1676238/000167623823000047/xslF345X04/wf-form4_168435791092525.xml,statutory (SEC EDGAR)
ARS,2023-05-17,2023-01-31,0001140361-23-025266,ny20008687x3_ars.pdf,ARS,,https://www.sec.gov/Archives/edgar/data/1676238/000114036123025266/ny20008687x3_ars.pdf,statutory (SEC EDGAR)
DEFA14A,2023-05-17,,0001140361-23-025265,ny20008687x2_defa14a.htm,DEFA14A,,https://www.sec.gov/Archives/edgar/data/1676238/000114036123025265/ny20008687x2_defa14a.htm,statutory (SEC EDGAR)
DEF 14A,2023-05-17,,0001140361-23-025261,ny20008687_def14a.htm,DEF 14A,,https://www.sec.gov/Archives/edgar/data/1676238/000114036123025261/ny20008687_def14a.htm,statutory (SEC EDGAR)
4,2023-05-04,2023-05-02,0000950103-23-006857,xslF345X04/dp193387_4-hyman.xml,FORM 4,,https://www.sec.gov/Archives/edgar/data/1676238/000095010323006857/xslF345X04/dp193387_4-hyman.xml,statutory (SEC EDGAR)
4,2023-04-17,2023-04-13,0001676238-23-000045,xslF345X04/wf-form4_168176278055134.xml,FORM 4,,https://www.sec.gov/Archives/edgar/data/1676238/000167623823000045/xslF345X04/wf-form4_168176278055134.xml,statutory (SEC EDGAR)
4,2023-04-14,2023-04-12,0001209191-23-024378,xslF345X04/doc4.xml,FORM 4 SUBMISSION,,https://www.sec.gov/Archives/edgar/data/1676238/000120919123024378/xslF345X04/doc4.xml,statutory (SEC EDGAR)
4,2023-04-14,2023-04-13,0001209191-23-024375,xslF345X04/doc4.xml,FORM 4 SUBMISSION,,https://www.sec.gov/Archives/edgar/data/1676238/000120919123024375/xslF345X04/doc4.xml,statutory (SEC EDGAR)
144,2023-04-13,,0001972362-23-000006,xsl144X01/primary_doc.xml,,,https://www.sec.gov/Archives/edgar/data/1676238/000197236223000006/xsl144X01/primary_doc.xml,statutory (SEC EDGAR)
4,2023-04-12,2023-04-10,0001209191-23-024122,xslF345X04/doc4.xml,FORM 4 SUBMISSION,,https://www.sec.gov/Archives/edgar/data/1676238/000120919123024122/xslF345X04/doc4.xml,statutory (SEC EDGAR)
4,2023-04-12,2023-04-10,0001676238-23-000043,xslF345X04/wf-form4_168133275297754.xml,FORM 4,,https://www.sec.gov/Archives/edgar/data/1676238/000167623823000043/xslF345X04/wf-form4_168133275297754.xml,statutory (SEC EDGAR)
4,2023-04-06,2023-04-04,0000899243-23-010912,xslF345X04/doc4.xml,FORM 4 SUBMISSION,,https://www.sec.gov/Archives/edgar/data/1676238/000089924323010912/xslF345X04/doc4.xml,statutory (SEC EDGAR)
4,2023-04-06,2023-04-04,0000899243-23-010910,xslF345X04/doc4.xml,FORM 4 SUBMISSION,,https://www.sec.gov/Archives/edgar/data/1676238/000089924323010910/xslF345X04/doc4.xml,statutory (SEC EDGAR)
4,2023-04-06,2023-04-04,0000899243-23-010909,xslF345X04/doc4.xml,FORM 4 SUBMISSION,,https://www.sec.gov/Archives/edgar/data/1676238/000089924323010909/xslF345X04/doc4.xml,statutory (SEC EDGAR)
4,2023-04-06,2023-04-04,0001676238-23-000041,xslF345X04/wf-form4_168081225066102.xml,FORM 4,,https://www.sec.gov/Archives/edgar/data/1676238/000167623823000041/xslF345X04/wf-form4_168081225066102.xml,statutory (SEC EDGAR)
8-K/A,2023-04-05,2023-04-04,0001676238-23-000039,brz-20230404.htm,8-K/A,"5.02,7.01,9.01",https://www.sec.gov/Archives/edgar/data/1676238/000167623823000039/brz-20230404.htm,statutory (SEC EDGAR)
4,2023-04-04,2023-04-04,0000950103-23-005300,xslF345X04/dp191850_4-machado.xml,FORM 4,,https://www.sec.gov/Archives/edgar/data/1676238/000095010323005300/xslF345X04/dp191850_4-machado.xml,statutory (SEC EDGAR)
3,2023-04-04,2023-04-04,0000950103-23-005299,xslF345X02/dp191849_3-machado.xml,FORM 3,,https://www.sec.gov/Archives/edgar/data/1676238/000095010323005299/xslF345X02/dp191849_3-machado.xml,statutory (SEC EDGAR)
8-K,2023-04-04,2023-04-04,0001676238-23-000036,brz-20230404.htm,8-K,"5.02,7.01,9.01",https://www.sec.gov/Archives/edgar/data/1676238/000167623823000036/brz-20230404.htm,statutory (SEC EDGAR)
S-8,2023-04-03,,0000950103-23-005241,dp191566_s8.htm,FORM S-8,,https://www.sec.gov/Archives/edgar/data/1676238/000095010323005241/dp191566_s8.htm,statutory (SEC EDGAR)
10-K,2023-03-31,2023-01-31,0001676238-23-000031,brze-20230131.htm,10-K,,https://www.sec.gov/Archives/edgar/data/1676238/000167623823000031/brze-20230131.htm,statutory (SEC EDGAR)
8-K,2023-03-30,2023-03-30,0001676238-23-000028,brz-20230330.htm,8-K,2.02,https://www.sec.gov/Archives/edgar/data/1676238/000167623823000028/brz-20230330.htm,statutory (SEC EDGAR)
4,2023-03-07,2023-03-03,0001676238-23-000020,xslF345X03/wf-form4_167822912006067.xml,FORM 4,,https://www.sec.gov/Archives/edgar/data/1676238/000167623823000020/xslF345X03/wf-form4_167822912006067.xml,statutory (SEC EDGAR)
4,2023-03-07,2023-03-03,0001676238-23-000018,xslF345X03/wf-form4_167822828037872.xml,FORM 4,,https://www.sec.gov/Archives/edgar/data/1676238/000167623823000018/xslF345X03/wf-form4_167822828037872.xml,statutory (SEC EDGAR)
4,2023-03-07,2023-03-03,0001676238-23-000016,xslF345X03/wf-form4_167822796878331.xml,FORM 4,,https://www.sec.gov/Archives/edgar/data/1676238/000167623823000016/xslF345X03/wf-form4_167822796878331.xml,statutory (SEC EDGAR)
4,2023-03-07,2023-03-03,0001676238-23-000014,xslF345X03/wf-form4_167822785397891.xml,FORM 4,,https://www.sec.gov/Archives/edgar/data/1676238/000167623823000014/xslF345X03/wf-form4_167822785397891.xml,statutory (SEC EDGAR)
4,2023-03-07,2023-03-03,0001676238-23-000012,xslF345X03/wf-form4_167822775341226.xml,FORM 4,,https://www.sec.gov/Archives/edgar/data/1676238/000167623823000012/xslF345X03/wf-form4_167822775341226.xml,statutory (SEC EDGAR)
4,2023-03-07,2023-03-03,0001676238-23-000010,xslF345X03/wf-form4_167822758270749.xml,FORM 4,,https://www.sec.gov/Archives/edgar/data/1676238/000167623823000010/xslF345X03/wf-form4_167822758270749.xml,statutory (SEC EDGAR)
4,2023-03-03,2023-03-01,0001676238-23-000008,xslF345X03/wf-form4_167787812477389.xml,FORM 4,,https://www.sec.gov/Archives/edgar/data/1676238/000167623823000008/xslF345X03/wf-form4_167787812477389.xml,statutory (SEC EDGAR)
4,2023-02-21,2023-02-16,0001676238-23-000006,xslF345X03/wf-form4_167701884395953.xml,FORM 4,,https://www.sec.gov/Archives/edgar/data/1676238/000167623823000006/xslF345X03/wf-form4_167701884395953.xml,statutory (SEC EDGAR)
SC 13G/A,2023-02-14,,0000950103-23-002371,dp188839_sc13ga-kleeger.htm,FORM SC 13G/A,,https://www.sec.gov/Archives/edgar/data/1676238/000095010323002371/dp188839_sc13ga-kleeger.htm,statutory (SEC EDGAR)
SC 13G/A,2023-02-14,,0000950103-23-002370,dp188840_sc13ga-hyman.htm,FORM SC 13G/A,,https://www.sec.gov/Archives/edgar/data/1676238/000095010323002370/dp188840_sc13ga-hyman.htm,statutory (SEC EDGAR)
SC 13G/A,2023-02-14,,0000950103-23-002369,dp188841_sc13ga-magnuson.htm,FORM SC 13G/A,,https://www.sec.gov/Archives/edgar/data/1676238/000095010323002369/dp188841_sc13ga-magnuson.htm,statutory (SEC EDGAR)
SC 13G/A,2023-02-14,,0001104659-23-021600,tm236562d1_sc13ga.htm,SC 13G/A,,https://www.sec.gov/Archives/edgar/data/1676238/000110465923021600/tm236562d1_sc13ga.htm,statutory (SEC EDGAR)
SC 13G/A,2023-02-14,,0001104659-23-021589,tm235509d1_sc13g.htm,SC 13G/A,,https://www.sec.gov/Archives/edgar/data/1676238/000110465923021589/tm235509d1_sc13g.htm,statutory (SEC EDGAR)
SC 13G/A,2023-02-14,,0000080255-23-002754,brze13gadec22.txt,,,https://www.sec.gov/Archives/edgar/data/1676238/000008025523002754/brze13gadec22.txt,statutory (SEC EDGAR)
SC 13G/A,2023-02-14,,0001062993-23-003216,formsc13ga.htm,FORM SC 13G/A,,https://www.sec.gov/Archives/edgar/data/1676238/000106299323003216/formsc13ga.htm,statutory (SEC EDGAR)
SC 13G/A,2023-02-14,,0001193125-23-037411,d439189dsc13ga.htm,SC 13G/A,,https://www.sec.gov/Archives/edgar/data/1676238/000119312523037411/d439189dsc13ga.htm,statutory (SEC EDGAR)
SC 13G/A,2023-02-14,,0001532155-23-000068,SEC13G_Filing.htm,SEC SCHEDULE 13G,,https://www.sec.gov/Archives/edgar/data/1676238/000153215523000068/SEC13G_Filing.htm,statutory (SEC EDGAR)
SC 13G,2023-02-13,,0001011438-23-000261,form_sc13g-braze.htm,,,https://www.sec.gov/Archives/edgar/data/1676238/000101143823000261/form_sc13g-braze.htm,statutory (SEC EDGAR)
SC 13G/A,2023-02-10,,0001193125-23-032081,d410507dsc13ga.htm,SC 13G/A,,https://www.sec.gov/Archives/edgar/data/1676238/000119312523032081/d410507dsc13ga.htm,statutory (SEC EDGAR)
SC 13G/A,2023-02-09,,0001104659-23-015494,tv0448-brazeincclassa.htm,SCHEDULE 13G/A,,https://www.sec.gov/Archives/edgar/data/1676238/000110465923015494/tv0448-brazeincclassa.htm,statutory (SEC EDGAR)
SC 13G/A,2023-02-09,,0000315066-23-001383,filing.txt,,,https://www.sec.gov/Archives/edgar/data/1676238/000031506623001383/filing.txt,statutory (SEC EDGAR)
SC 13G/A,2023-02-08,,0001104659-23-014564,tm235832d1_sc13ga.htm,SC 13G/A,,https://www.sec.gov/Archives/edgar/data/1676238/000110465923014564/tm235832d1_sc13ga.htm,statutory (SEC EDGAR)
SC 13G,2023-02-08,,0000895421-23-000029,BrazeIncBRZE.txt,MS INITIAL,,https://www.sec.gov/Archives/edgar/data/1676238/000089542123000029/BrazeIncBRZE.txt,statutory (SEC EDGAR)
4,2023-02-03,2023-02-01,0001676238-23-000004,xslF345X03/wf-form4_167546116905978.xml,FORM 4,,https://www.sec.gov/Archives/edgar/data/1676238/000167623823000004/xslF345X03/wf-form4_167546116905978.xml,statutory (SEC EDGAR)
SC 13G/A,2023-02-03,,0001193125-23-024176,d389755dsc13ga.htm,SC 13G/A,,https://www.sec.gov/Archives/edgar/data/1676238/000119312523024176/d389755dsc13ga.htm,statutory (SEC EDGAR)
4,2023-01-05,2023-01-03,0001676238-23-000002,xslF345X03/wf-form4_167295302655021.xml,FORM 4,,https://www.sec.gov/Archives/edgar/data/1676238/000167623823000002/xslF345X03/wf-form4_167295302655021.xml,statutory (SEC EDGAR)
4,2022-12-29,2022-12-27,0001676238-22-000075,xslF345X03/wf-form4_167234794861164.xml,FORM 4,,https://www.sec.gov/Archives/edgar/data/1676238/000167623822000075/xslF345X03/wf-form4_167234794861164.xml,statutory (SEC EDGAR)
4,2022-12-19,2022-12-15,0001676238-22-000073,xslF345X03/wf-form4_167149295944179.xml,FORM 4,,https://www.sec.gov/Archives/edgar/data/1676238/000167623822000073/xslF345X03/wf-form4_167149295944179.xml,statutory (SEC EDGAR)
4,2022-12-19,2022-12-15,0001676238-22-000071,xslF345X03/wf-form4_167149233828881.xml,FORM 4,,https://www.sec.gov/Archives/edgar/data/1676238/000167623822000071/xslF345X03/wf-form4_167149233828881.xml,statutory (SEC EDGAR)
4,2022-12-19,2022-12-15,0001676238-22-000069,xslF345X03/wf-form4_167149178341159.xml,FORM 4,,https://www.sec.gov/Archives/edgar/data/1676238/000167623822000069/xslF345X03/wf-form4_167149178341159.xml,statutory (SEC EDGAR)
4,2022-12-19,2022-12-15,0001676238-22-000067,xslF345X03/wf-form4_167149156897013.xml,FORM 4,,https://www.sec.gov/Archives/edgar/data/1676238/000167623822000067/xslF345X03/wf-form4_167149156897013.xml,statutory (SEC EDGAR)
4/A,2022-12-19,2022-07-05,0000950103-22-021177,xslF345X03/dp185838_4a-wiseman.xml,FORM 4/A,,https://www.sec.gov/Archives/edgar/data/1676238/000095010322021177/xslF345X03/dp185838_4a-wiseman.xml,statutory (SEC EDGAR)
10-Q,2022-12-14,2022-10-31,0001676238-22-000065,brze-20221031.htm,10-Q,,https://www.sec.gov/Archives/edgar/data/1676238/000167623822000065/brze-20221031.htm,statutory (SEC EDGAR)
8-K,2022-12-13,2022-12-13,0001676238-22-000063,brz-20221213.htm,8-K,"2.02,9.01",https://www.sec.gov/Archives/edgar/data/1676238/000167623822000063/brz-20221213.htm,statutory (SEC EDGAR)
4,2022-12-09,2022-12-07,0001676238-22-000056,xslF345X03/wf-form4_167062261541400.xml,FORM 4,,https://www.sec.gov/Archives/edgar/data/1676238/000167623822000056/xslF345X03/wf-form4_167062261541400.xml,statutory (SEC EDGAR)
4,2022-12-05,2022-12-01,0001676238-22-000054,xslF345X03/wf-form4_167027489759064.xml,FORM 4,,https://www.sec.gov/Archives/edgar/data/1676238/000167623822000054/xslF345X03/wf-form4_167027489759064.xml,statutory (SEC EDGAR)
8-K,2022-11-23,2022-11-17,0001676238-22-000052,brz-20221117.htm,8-K,1.01,https://www.sec.gov/Archives/edgar/data/1676238/000167623822000052/brz-20221117.htm,statutory (SEC EDGAR)
4,2022-11-18,2022-11-16,0000950103-22-019915,xslF345X03/dp184554_4-malik.xml,FORM 4,,https://www.sec.gov/Archives/edgar/data/1676238/000095010322019915/xslF345X03/dp184554_4-malik.xml,statutory (SEC EDGAR)
4,2022-11-15,2022-11-10,0000950103-22-019709,xslF345X03/dp184298_4-winkles.xml,FORM 4,,https://www.sec.gov/Archives/edgar/data/1676238/000095010322019709/xslF345X03/dp184298_4-winkles.xml,statutory (SEC EDGAR)
4,2022-11-14,2022-11-09,0000950103-22-019605,xslF345X03/dp184230_4-kleeger.xml,FORM 4,,https://www.sec.gov/Archives/edgar/data/1676238/000095010322019605/xslF345X03/dp184230_4-kleeger.xml,statutory (SEC EDGAR)
4,2022-11-08,2022-11-04,0001894090-22-000003,xslF345X03/primary_doc.xml,PRIMARY DOCUMENT,,https://www.sec.gov/Archives/edgar/data/1676238/000189409022000003/xslF345X03/primary_doc.xml,statutory (SEC EDGAR)
4,2022-11-07,2022-11-03,0000950103-22-019310,xslF345X03/dp183934_4-magnuson.xml,FORM 4,,https://www.sec.gov/Archives/edgar/data/1676238/000095010322019310/xslF345X03/dp183934_4-magnuson.xml,statutory (SEC EDGAR)
4,2022-11-04,2022-11-02,0000950103-22-019242,xslF345X03/dp183864_4-hyman.xml,FORM 4,,https://www.sec.gov/Archives/edgar/data/1676238/000095010322019242/xslF345X03/dp183864_4-hyman.xml,statutory (SEC EDGAR)
4,2022-10-26,2022-10-24,0001209191-22-054626,xslF345X03/doc4.xml,FORM 4 SUBMISSION,,https://www.sec.gov/Archives/edgar/data/1676238/000120919122054626/xslF345X03/doc4.xml,statutory (SEC EDGAR)
4,2022-10-13,2022-10-11,0001209191-22-053600,xslF345X03/doc4.xml,FORM 4 SUBMISSION,,https://www.sec.gov/Archives/edgar/data/1676238/000120919122053600/xslF345X03/doc4.xml,statutory (SEC EDGAR)
4,2022-10-11,2022-10-06,0001676238-22-000049,xslF345X03/wf-form4_166551987754057.xml,FORM 4,,https://www.sec.gov/Archives/edgar/data/1676238/000167623822000049/xslF345X03/wf-form4_166551987754057.xml,statutory (SEC EDGAR)
4,2022-10-05,2022-10-03,0000899243-22-033060,xslF345X03/doc4.xml,FORM 4 SUBMISSION,,https://www.sec.gov/Archives/edgar/data/1676238/000089924322033060/xslF345X03/doc4.xml,statutory (SEC EDGAR)
4,2022-10-05,2022-10-03,0000899243-22-033059,xslF345X03/doc4.xml,FORM 4 SUBMISSION,,https://www.sec.gov/Archives/edgar/data/1676238/000089924322033059/xslF345X03/doc4.xml,statutory (SEC EDGAR)
4,2022-10-05,2022-10-03,0000899243-22-033057,xslF345X03/doc4.xml,FORM 4 SUBMISSION,,https://www.sec.gov/Archives/edgar/data/1676238/000089924322033057/xslF345X03/doc4.xml,statutory (SEC EDGAR)
4,2022-10-04,2022-09-15,0000899243-22-032776,xslF345X03/doc4.xml,FORM 4 SUBMISSION,,https://www.sec.gov/Archives/edgar/data/1676238/000089924322032776/xslF345X03/doc4.xml,statutory (SEC EDGAR)
4,2022-10-04,2022-09-15,0000899243-22-032775,xslF345X03/doc4.xml,FORM 4 SUBMISSION,,https://www.sec.gov/Archives/edgar/data/1676238/000089924322032775/xslF345X03/doc4.xml,statutory (SEC EDGAR)
4,2022-10-04,2022-09-15,0000899243-22-032774,xslF345X03/doc4.xml,FORM 4 SUBMISSION,,https://www.sec.gov/Archives/edgar/data/1676238/000089924322032774/xslF345X03/doc4.xml,statutory (SEC EDGAR)
4,2022-10-03,2022-09-29,0000899243-22-032522,xslF345X03/doc4.xml,FORM 4 SUBMISSION,,https://www.sec.gov/Archives/edgar/data/1676238/000089924322032522/xslF345X03/doc4.xml,statutory (SEC EDGAR)
4,2022-10-03,2022-09-29,0000899243-22-032502,xslF345X03/doc4.xml,FORM 4 SUBMISSION,,https://www.sec.gov/Archives/edgar/data/1676238/000089924322032502/xslF345X03/doc4.xml,statutory (SEC EDGAR)
4,2022-10-03,2022-09-29,0000899243-22-032498,xslF345X03/doc4.xml,FORM 4 SUBMISSION,,https://www.sec.gov/Archives/edgar/data/1676238/000089924322032498/xslF345X03/doc4.xml,statutory (SEC EDGAR)
4,2022-10-03,2022-09-29,0001209191-22-051830,xslF345X03/doc4.xml,FORM 4 SUBMISSION,,https://www.sec.gov/Archives/edgar/data/1676238/000120919122051830/xslF345X03/doc4.xml,statutory (SEC EDGAR)
4,2022-09-26,2022-09-22,0001209191-22-051244,xslF345X03/doc4.xml,FORM 4 SUBMISSION,,https://www.sec.gov/Archives/edgar/data/1676238/000120919122051244/xslF345X03/doc4.xml,statutory (SEC EDGAR)
4,2022-09-26,2022-09-22,0000899243-22-032036,xslF345X03/doc4.xml,FORM 4 SUBMISSION,,https://www.sec.gov/Archives/edgar/data/1676238/000089924322032036/xslF345X03/doc4.xml,statutory (SEC EDGAR)
4,2022-09-26,2022-09-22,0000899243-22-032035,xslF345X03/doc4.xml,FORM 4 SUBMISSION,,https://www.sec.gov/Archives/edgar/data/1676238/000089924322032035/xslF345X03/doc4.xml,statutory (SEC EDGAR)
4,2022-09-26,2022-09-22,0000899243-22-032034,xslF345X03/doc4.xml,FORM 4 SUBMISSION,,https://www.sec.gov/Archives/edgar/data/1676238/000089924322032034/xslF345X03/doc4.xml,statutory (SEC EDGAR)
4,2022-09-22,2022-09-20,0001209191-22-051016,xslF345X03/doc4.xml,FORM 4 SUBMISSION,,https://www.sec.gov/Archives/edgar/data/1676238/000120919122051016/xslF345X03/doc4.xml,statutory (SEC EDGAR)
4,2022-09-22,2022-09-20,0000899243-22-031696,xslF345X03/doc4.xml,FORM 4 SUBMISSION,,https://www.sec.gov/Archives/edgar/data/1676238/000089924322031696/xslF345X03/doc4.xml,statutory (SEC EDGAR)
4,2022-09-22,2022-09-20,0000899243-22-031695,xslF345X03/doc4.xml,FORM 4 SUBMISSION,,https://www.sec.gov/Archives/edgar/data/1676238/000089924322031695/xslF345X03/doc4.xml,statutory (SEC EDGAR)
4,2022-09-22,2022-09-20,0000899243-22-031694,xslF345X03/doc4.xml,FORM 4 SUBMISSION,,https://www.sec.gov/Archives/edgar/data/1676238/000089924322031694/xslF345X03/doc4.xml,statutory (SEC EDGAR)
4,2022-09-21,2022-09-19,0001894090-22-000002,xslF345X03/primary_doc.xml,PRIMARY DOCUMENT,,https://www.sec.gov/Archives/edgar/data/1676238/000189409022000002/xslF345X03/primary_doc.xml,statutory (SEC EDGAR)
4,2022-09-20,2022-09-16,0000899243-22-031597,xslF345X03/doc4.xml,FORM 4 SUBMISSION,,https://www.sec.gov/Archives/edgar/data/1676238/000089924322031597/xslF345X03/doc4.xml,statutory (SEC EDGAR)
4,2022-09-20,2022-09-16,0000899243-22-031594,xslF345X03/doc4.xml,FORM 4 SUBMISSION,,https://www.sec.gov/Archives/edgar/data/1676238/000089924322031594/xslF345X03/doc4.xml,statutory (SEC EDGAR)
4,2022-09-20,2022-09-16,0000899243-22-031592,xslF345X03/doc4.xml,FORM 4 SUBMISSION,,https://www.sec.gov/Archives/edgar/data/1676238/000089924322031592/xslF345X03/doc4.xml,statutory (SEC EDGAR)
10-Q,2022-09-13,2022-07-31,0001676238-22-000047,brze-20220731.htm,10-Q,,https://www.sec.gov/Archives/edgar/data/1676238/000167623822000047/brze-20220731.htm,statutory (SEC EDGAR)
8-K,2022-09-12,2022-09-12,0001676238-22-000045,brz-20220912.htm,8-K,"2.02,9.01",https://www.sec.gov/Archives/edgar/data/1676238/000167623822000045/brz-20220912.htm,statutory (SEC EDGAR)
4,2022-09-09,2022-09-07,0001209191-22-049307,xslF345X03/doc4.xml,FORM 4 SUBMISSION,,https://www.sec.gov/Archives/edgar/data/1676238/000120919122049307/xslF345X03/doc4.xml,statutory (SEC EDGAR)
4,2022-08-29,2022-08-25,0001209191-22-047834,xslF345X03/doc4.xml,FORM 4 SUBMISSION,,https://www.sec.gov/Archives/edgar/data/1676238/000120919122047834/xslF345X03/doc4.xml,statutory (SEC EDGAR)
4,2022-08-18,2022-08-16,0001209191-22-046599,xslF345X03/doc4.xml,FORM 4 SUBMISSION,,https://www.sec.gov/Archives/edgar/data/1676238/000120919122046599/xslF345X03/doc4.xml,statutory (SEC EDGAR)
4,2022-08-12,2022-08-10,0001209191-22-045588,xslF345X03/doc4.xml,FORM 4 SUBMISSION,,https://www.sec.gov/Archives/edgar/data/1676238/000120919122045588/xslF345X03/doc4.xml,statutory (SEC EDGAR)
4,2022-08-09,2022-08-05,0001209191-22-044965,xslF345X03/doc4.xml,FORM 4 SUBMISSION,,https://www.sec.gov/Archives/edgar/data/1676238/000120919122044965/xslF345X03/doc4.xml,statutory (SEC EDGAR)
4,2022-08-01,2022-07-28,0001676238-22-000037,xslF345X03/wf-form4_165938939694658.xml,FORM 4,,https://www.sec.gov/Archives/edgar/data/1676238/000167623822000037/xslF345X03/wf-form4_165938939694658.xml,statutory (SEC EDGAR)
4,2022-07-26,2022-07-22,0001676238-22-000035,xslF345X03/wf-form4_165886626570944.xml,FORM 4,,https://www.sec.gov/Archives/edgar/data/1676238/000167623822000035/xslF345X03/wf-form4_165886626570944.xml,statutory (SEC EDGAR)
4,2022-07-26,2022-07-22,0001676238-22-000033,xslF345X03/wf-form4_165886612823369.xml,FORM 4,,https://www.sec.gov/Archives/edgar/data/1676238/000167623822000033/xslF345X03/wf-form4_165886612823369.xml,statutory (SEC EDGAR)
4,2022-07-21,2022-07-20,0001209191-22-042861,xslF345X03/doc4.xml,FORM 4 SUBMISSION,,https://www.sec.gov/Archives/edgar/data/1676238/000120919122042861/xslF345X03/doc4.xml,statutory (SEC EDGAR)
4,2022-07-15,2022-07-13,0001676238-22-000031,xslF345X03/wf-form4_165791632799841.xml,FORM 4,,https://www.sec.gov/Archives/edgar/data/1676238/000167623822000031/xslF345X03/wf-form4_165791632799841.xml,statutory (SEC EDGAR)
4,2022-07-15,2022-07-13,0001676238-22-000029,xslF345X03/wf-form4_165791614940404.xml,FORM 4,,https://www.sec.gov/Archives/edgar/data/1676238/000167623822000029/xslF345X03/wf-form4_165791614940404.xml,statutory (SEC EDGAR)
4,2022-07-13,2022-06-30,0001209191-22-042054,xslF345X03/doc4.xml,FORM 4 SUBMISSION,,https://www.sec.gov/Archives/edgar/data/1676238/000120919122042054/xslF345X03/doc4.xml,statutory (SEC EDGAR)
4,2022-07-13,2022-06-30,0001209191-22-042052,xslF345X03/doc4.xml,FORM 4 SUBMISSION,,https://www.sec.gov/Archives/edgar/data/1676238/000120919122042052/xslF345X03/doc4.xml,statutory (SEC EDGAR)
4,2022-07-13,2022-06-30,0001209191-22-042050,xslF345X03/doc4.xml,FORM 4 SUBMISSION,,https://www.sec.gov/Archives/edgar/data/1676238/000120919122042050/xslF345X03/doc4.xml,statutory (SEC EDGAR)
4,2022-07-13,2022-06-30,0001209191-22-042048,xslF345X03/doc4.xml,FORM 4 SUBMISSION,,https://www.sec.gov/Archives/edgar/data/1676238/000120919122042048/xslF345X03/doc4.xml,statutory (SEC EDGAR)
4,2022-07-12,2022-07-08,0001676238-22-000027,xslF345X03/wf-form4_165765683946875.xml,FORM 4,,https://www.sec.gov/Archives/edgar/data/1676238/000167623822000027/xslF345X03/wf-form4_165765683946875.xml,statutory (SEC EDGAR)
4,2022-07-07,2022-07-05,0001676238-22-000025,xslF345X03/wf-form4_165722914156263.xml,FORM 4,,https://www.sec.gov/Archives/edgar/data/1676238/000167623822000025/xslF345X03/wf-form4_165722914156263.xml,statutory (SEC EDGAR)
4,2022-07-07,2022-07-05,0001676238-22-000023,xslF345X03/wf-form4_165722886079956.xml,FORM 4,,https://www.sec.gov/Archives/edgar/data/1676238/000167623822000023/xslF345X03/wf-form4_165722886079956.xml,statutory (SEC EDGAR)
4,2022-07-05,2022-06-30,0001209191-22-040683,xslF345X03/doc4.xml,FORM 4 SUBMISSION,,https://www.sec.gov/Archives/edgar/data/1676238/000120919122040683/xslF345X03/doc4.xml,statutory (SEC EDGAR)
8-K,2022-07-01,2022-06-30,0001193125-22-187187,d372885d8k.htm,8-K,5.07,https://www.sec.gov/Archives/edgar/data/1676238/000119312522187187/d372885d8k.htm,statutory (SEC EDGAR)
4,2022-06-28,2022-06-24,0001676238-22-000021,xslF345X03/wf-form4_165644693297030.xml,FORM 4,,https://www.sec.gov/Archives/edgar/data/1676238/000167623822000021/xslF345X03/wf-form4_165644693297030.xml,statutory (SEC EDGAR)
4,2022-06-24,2022-06-22,0001209191-22-039271,xslF345X03/doc4.xml,FORM 4 SUBMISSION,,https://www.sec.gov/Archives/edgar/data/1676238/000120919122039271/xslF345X03/doc4.xml,statutory (SEC EDGAR)
4,2022-06-21,2022-06-16,0001209191-22-038494,xslF345X03/doc4.xml,FORM 4 SUBMISSION,,https://www.sec.gov/Archives/edgar/data/1676238/000120919122038494/xslF345X03/doc4.xml,statutory (SEC EDGAR)
4,2022-06-21,2022-06-16,0001209191-22-038485,xslF345X03/doc4.xml,FORM 4 SUBMISSION,,https://www.sec.gov/Archives/edgar/data/1676238/000120919122038485/xslF345X03/doc4.xml,statutory (SEC EDGAR)
10-Q,2022-06-14,2022-04-30,0001676238-22-000019,brze-20220430.htm,10-Q,,https://www.sec.gov/Archives/edgar/data/1676238/000167623822000019/brze-20220430.htm,statutory (SEC EDGAR)
8-K,2022-06-13,2022-06-13,0001676238-22-000017,brz-20220613.htm,8-K,"2.02,9.01",https://www.sec.gov/Archives/edgar/data/1676238/000167623822000017/brz-20220613.htm,statutory (SEC EDGAR)
4,2022-06-08,2022-06-06,0001676238-22-000009,xslF345X03/wf-form4_165472873661175.xml,FORM 4,,https://www.sec.gov/Archives/edgar/data/1676238/000167623822000009/xslF345X03/wf-form4_165472873661175.xml,statutory (SEC EDGAR)
4,2022-05-19,2022-05-17,0001676238-22-000007,xslF345X03/wf-form4_165299678729873.xml,FORM 4,,https://www.sec.gov/Archives/edgar/data/1676238/000167623822000007/xslF345X03/wf-form4_165299678729873.xml,statutory (SEC EDGAR)
DEFA14A,2022-05-18,,0001140361-22-019790,ny20003702x2_defa14a.htm,DEFA14A,,https://www.sec.gov/Archives/edgar/data/1676238/000114036122019790/ny20003702x2_defa14a.htm,statutory (SEC EDGAR)
DEF 14A,2022-05-18,2022-06-30,0001140361-22-019788,ny20003702x1_def14a.htm,DEF 14A,,https://www.sec.gov/Archives/edgar/data/1676238/000114036122019788/ny20003702x1_def14a.htm,statutory (SEC EDGAR)
4,2022-04-21,2022-04-19,0001209191-22-025255,xslF345X03/doc4.xml,FORM 4 SUBMISSION,,https://www.sec.gov/Archives/edgar/data/1676238/000120919122025255/xslF345X03/doc4.xml,statutory (SEC EDGAR)
4,2022-04-21,2022-04-19,0001209191-22-025253,xslF345X03/doc4.xml,FORM 4 SUBMISSION,,https://www.sec.gov/Archives/edgar/data/1676238/000120919122025253/xslF345X03/doc4.xml,statutory (SEC EDGAR)
4,2022-04-13,2022-04-11,0001894090-22-000001,xslF345X03/primary_doc.xml,PRIMARY DOCUMENT,,https://www.sec.gov/Archives/edgar/data/1676238/000189409022000001/xslF345X03/primary_doc.xml,statutory (SEC EDGAR)
4,2022-04-12,2022-04-08,0000899243-22-014573,xslF345X03/doc4.xml,FORM 4 SUBMISSION,,https://www.sec.gov/Archives/edgar/data/1676238/000089924322014573/xslF345X03/doc4.xml,statutory (SEC EDGAR)
4,2022-04-12,2022-04-08,0000899243-22-014572,xslF345X03/doc4.xml,FORM 4 SUBMISSION,,https://www.sec.gov/Archives/edgar/data/1676238/000089924322014572/xslF345X03/doc4.xml,statutory (SEC EDGAR)
4,2022-04-12,2022-04-08,0000899243-22-014570,xslF345X03/doc4.xml,FORM 4 SUBMISSION,,https://www.sec.gov/Archives/edgar/data/1676238/000089924322014570/xslF345X03/doc4.xml,statutory (SEC EDGAR)
4,2022-04-12,2022-04-11,0001209191-22-024135,xslF345X03/doc4.xml,FORM 4 SUBMISSION,,https://www.sec.gov/Archives/edgar/data/1676238/000120919122024135/xslF345X03/doc4.xml,statutory (SEC EDGAR)
4,2022-04-08,2022-04-06,0000899243-22-014349,xslF345X03/doc4.xml,FORM 4 SUBMISSION,,https://www.sec.gov/Archives/edgar/data/1676238/000089924322014349/xslF345X03/doc4.xml,statutory (SEC EDGAR)
4,2022-04-08,2022-04-06,0000899243-22-014348,xslF345X03/doc4.xml,FORM 4 SUBMISSION,,https://www.sec.gov/Archives/edgar/data/1676238/000089924322014348/xslF345X03/doc4.xml,statutory (SEC EDGAR)
4,2022-04-08,2022-04-06,0000899243-22-014347,xslF345X03/doc4.xml,FORM 4 SUBMISSION,,https://www.sec.gov/Archives/edgar/data/1676238/000089924322014347/xslF345X03/doc4.xml,statutory (SEC EDGAR)
4,2022-04-06,2022-04-04,0001209191-22-023463,xslF345X03/doc4.xml,FORM 4 SUBMISSION,,https://www.sec.gov/Archives/edgar/data/1676238/000120919122023463/xslF345X03/doc4.xml,statutory (SEC EDGAR)
4,2022-04-01,2022-03-30,0001209191-22-021989,xslF345X03/doc4.xml,FORM 4 SUBMISSION,,https://www.sec.gov/Archives/edgar/data/1676238/000120919122021989/xslF345X03/doc4.xml,statutory (SEC EDGAR)
4,2022-04-01,2022-03-30,0001209191-22-021983,xslF345X03/doc4.xml,FORM 4 SUBMISSION,,https://www.sec.gov/Archives/edgar/data/1676238/000120919122021983/xslF345X03/doc4.xml,statutory (SEC EDGAR)
4,2022-04-01,2022-03-30,0001209191-22-021975,xslF345X03/doc4.xml,FORM 4 SUBMISSION,,https://www.sec.gov/Archives/edgar/data/1676238/000120919122021975/xslF345X03/doc4.xml,statutory (SEC EDGAR)
4,2022-04-01,2022-03-30,0001209191-22-021968,xslF345X03/doc4.xml,FORM 4 SUBMISSION,,https://www.sec.gov/Archives/edgar/data/1676238/000120919122021968/xslF345X03/doc4.xml,statutory (SEC EDGAR)
S-8,2022-03-31,,0001193125-22-091760,d700961ds8.htm,S-8,,https://www.sec.gov/Archives/edgar/data/1676238/000119312522091760/d700961ds8.htm,statutory (SEC EDGAR)
10-K,2022-03-31,2022-01-31,0001676238-22-000005,brze-20220131.htm,10-K,,https://www.sec.gov/Archives/edgar/data/1676238/000167623822000005/brze-20220131.htm,statutory (SEC EDGAR)
8-K,2022-03-30,2022-03-30,0001193125-22-089941,d338608d8k.htm,8-K,"2.02,9.01",https://www.sec.gov/Archives/edgar/data/1676238/000119312522089941/d338608d8k.htm,statutory (SEC EDGAR)
4,2022-03-25,2022-03-23,0000899243-22-012301,xslF345X03/doc4.xml,FORM 4 SUBMISSION,,https://www.sec.gov/Archives/edgar/data/1676238/000089924322012301/xslF345X03/doc4.xml,statutory (SEC EDGAR)
4,2022-03-25,2022-03-23,0000899243-22-012300,xslF345X03/doc4.xml,FORM 4 SUBMISSION,,https://www.sec.gov/Archives/edgar/data/1676238/000089924322012300/xslF345X03/doc4.xml,statutory (SEC EDGAR)
4,2022-03-25,2022-03-23,0000899243-22-012299,xslF345X03/doc4.xml,FORM 4 SUBMISSION,,https://www.sec.gov/Archives/edgar/data/1676238/000089924322012299/xslF345X03/doc4.xml,statutory (SEC EDGAR)
4,2022-03-11,2022-01-02,0001209191-22-018139,xslF345X03/doc4.xml,FORM 4 SUBMISSION,,https://www.sec.gov/Archives/edgar/data/1676238/000120919122018139/xslF345X03/doc4.xml,statutory (SEC EDGAR)
4,2022-03-11,2022-01-02,0001209191-22-018125,xslF345X03/doc4.xml,FORM 4 SUBMISSION,,https://www.sec.gov/Archives/edgar/data/1676238/000120919122018125/xslF345X03/doc4.xml,statutory (SEC EDGAR)
4,2022-03-11,2021-11-19,0001209191-22-018121,xslF345X03/doc4.xml,FORM 4 SUBMISSION,,https://www.sec.gov/Archives/edgar/data/1676238/000120919122018121/xslF345X03/doc4.xml,statutory (SEC EDGAR)
4,2022-03-11,2021-11-19,0001209191-22-018119,xslF345X03/doc4.xml,FORM 4 SUBMISSION,,https://www.sec.gov/Archives/edgar/data/1676238/000120919122018119/xslF345X03/doc4.xml,statutory (SEC EDGAR)
3,2022-03-11,2021-11-16,0001209191-22-018117,xslF345X02/doc3.xml,FORM 3 SUBMISSION,,https://www.sec.gov/Archives/edgar/data/1676238/000120919122018117/xslF345X02/doc3.xml,statutory (SEC EDGAR)
3,2022-03-11,2021-11-16,0001209191-22-018115,xslF345X02/doc3.xml,FORM 3 SUBMISSION,,https://www.sec.gov/Archives/edgar/data/1676238/000120919122018115/xslF345X02/doc3.xml,statutory (SEC EDGAR)
4,2022-03-08,2022-03-02,0001209191-22-017129,xslF345X03/doc4.xml,FORM 4 SUBMISSION,,https://www.sec.gov/Archives/edgar/data/1676238/000120919122017129/xslF345X03/doc4.xml,statutory (SEC EDGAR)
4,2022-02-25,2022-02-23,0001209191-22-013214,xslF345X03/doc4.xml,FORM 4 SUBMISSION,,https://www.sec.gov/Archives/edgar/data/1676238/000120919122013214/xslF345X03/doc4.xml,statutory (SEC EDGAR)
SC 13G,2022-02-14,,0001104659-22-023168,tm226542d2_sc13g.htm,SC 13G,,https://www.sec.gov/Archives/edgar/data/1676238/000110465922023168/tm226542d2_sc13g.htm,statutory (SEC EDGAR)
SC 13G,2022-02-14,,0001532155-22-000056,Braze.htm,,,https://www.sec.gov/Archives/edgar/data/1676238/000153215522000056/Braze.htm,statutory (SEC EDGAR)
SC 13G,2022-02-14,,0001104659-22-022675,tm226123d19_sc13g.htm,SC 13G,,https://www.sec.gov/Archives/edgar/data/1676238/000110465922022675/tm226123d19_sc13g.htm,statutory (SEC EDGAR)
SC 13G,2022-02-14,,0001193125-22-041239,d311404dsc13g.htm,SC 13G,,https://www.sec.gov/Archives/edgar/data/1676238/000119312522041239/d311404dsc13g.htm,statutory (SEC EDGAR)
SC 13G,2022-02-14,,0000080255-22-002275,brze13gdec21.txt,,,https://www.sec.gov/Archives/edgar/data/1676238/000008025522002275/brze13gdec21.txt,statutory (SEC EDGAR)
SC 13G,2022-02-14,,0001623632-22-000224,form41.htm,,,https://www.sec.gov/Archives/edgar/data/1676238/000162363222000224/form41.htm,statutory (SEC EDGAR)
SC 13G,2022-02-14,,0001062993-22-004005,formsc13g.htm,FORM SC 13G,,https://www.sec.gov/Archives/edgar/data/1676238/000106299322004005/formsc13g.htm,statutory (SEC EDGAR)
SC 13G,2022-02-14,,0001193125-22-039178,d307801dsc13g.htm,SC 13G,,https://www.sec.gov/Archives/edgar/data/1676238/000119312522039178/d307801dsc13g.htm,statutory (SEC EDGAR)
SC 13G,2022-02-11,,0001193125-22-037361,d283209dsc13g.htm,SC 13G,,https://www.sec.gov/Archives/edgar/data/1676238/000119312522037361/d283209dsc13g.htm,statutory (SEC EDGAR)
SC 13G,2022-02-11,,0001193125-22-037343,d288233dsc13g.htm,SC 13G,,https://www.sec.gov/Archives/edgar/data/1676238/000119312522037343/d288233dsc13g.htm,statutory (SEC EDGAR)
SC 13G,2022-02-11,,0001193125-22-037332,d305104dsc13g.htm,SC 13G,,https://www.sec.gov/Archives/edgar/data/1676238/000119312522037332/d305104dsc13g.htm,statutory (SEC EDGAR)
SC 13G,2022-02-10,,0001104659-22-019400,tm226152d1_sc13g.htm,SC 13G,,https://www.sec.gov/Archives/edgar/data/1676238/000110465922019400/tm226152d1_sc13g.htm,statutory (SEC EDGAR)
SC 13G,2022-02-10,,0001193125-22-034475,d310697dsc13g.htm,SC 13G,,https://www.sec.gov/Archives/edgar/data/1676238/000119312522034475/d310697dsc13g.htm,statutory (SEC EDGAR)
4,2022-02-09,2022-02-08,0000899243-22-005442,xslF345X03/doc4.xml,FORM 4 SUBMISSION,,https://www.sec.gov/Archives/edgar/data/1676238/000089924322005442/xslF345X03/doc4.xml,statutory (SEC EDGAR)
SC 13G,2022-02-09,,0001104659-22-016680,tv0451-brazeincclassa.htm,SCHEDULE 13G,,https://www.sec.gov/Archives/edgar/data/1676238/000110465922016680/tv0451-brazeincclassa.htm,statutory (SEC EDGAR)
SC 13G,2022-02-09,,0000315066-22-000830,filing.txt,,,https://www.sec.gov/Archives/edgar/data/1676238/000031506622000830/filing.txt,statutory (SEC EDGAR)
4,2022-01-27,2022-01-26,0001209191-22-005258,xslF345X03/doc4.xml,FORM 4 SUBMISSION,,https://www.sec.gov/Archives/edgar/data/1676238/000120919122005258/xslF345X03/doc4.xml,statutory (SEC EDGAR)
4,2022-01-13,2022-01-11,0000899243-22-001909,xslF345X03/doc4.xml,FORM 4 SUBMISSION,,https://www.sec.gov/Archives/edgar/data/1676238/000089924322001909/xslF345X03/doc4.xml,statutory (SEC EDGAR)
4,2022-01-13,2022-01-11,0000899243-22-001908,xslF345X03/doc4.xml,FORM 4 SUBMISSION,,https://www.sec.gov/Archives/edgar/data/1676238/000089924322001908/xslF345X03/doc4.xml,statutory (SEC EDGAR)
4,2022-01-13,2022-01-11,0000899243-22-001907,xslF345X03/doc4.xml,FORM 4 SUBMISSION,,https://www.sec.gov/Archives/edgar/data/1676238/000089924322001907/xslF345X03/doc4.xml,statutory (SEC EDGAR)
4,2022-01-12,2022-01-11,0001209191-22-003085,xslF345X03/doc4.xml,FORM 4 SUBMISSION,,https://www.sec.gov/Archives/edgar/data/1676238/000120919122003085/xslF345X03/doc4.xml,statutory (SEC EDGAR)
S-8,2021-12-22,,0001193125-21-365058,d262533ds8.htm,S-8,,https://www.sec.gov/Archives/edgar/data/1676238/000119312521365058/d262533ds8.htm,statutory (SEC EDGAR)
10-Q,2021-12-21,2021-10-31,0001676238-21-000006,brze-20211031.htm,10-Q,,https://www.sec.gov/Archives/edgar/data/1676238/000167623821000006/brze-20211031.htm,statutory (SEC EDGAR)
8-K,2021-12-20,2021-12-20,0001193125-21-362420,d262464d8k.htm,8-K,"2.02,9.01",https://www.sec.gov/Archives/edgar/data/1676238/000119312521362420/d262464d8k.htm,statutory (SEC EDGAR)
S-8,2021-12-17,,0001193125-21-361092,d239315ds8.htm,S-8,,https://www.sec.gov/Archives/edgar/data/1676238/000119312521361092/d239315ds8.htm,statutory (SEC EDGAR)
SC 13G,2021-11-29,,0001193125-21-342358,d229555dsc13g.htm,SC 13G,,https://www.sec.gov/Archives/edgar/data/1676238/000119312521342358/d229555dsc13g.htm,statutory (SEC EDGAR)
4,2021-11-23,2021-11-19,0000899243-21-045841,xslF345X03/doc4.xml,FORM 4 SUBMISSION,,https://www.sec.gov/Archives/edgar/data/1676238/000089924321045841/xslF345X03/doc4.xml,statutory (SEC EDGAR)
4,2021-11-23,2021-11-19,0000899243-21-045840,xslF345X03/doc4.xml,FORM 4 SUBMISSION,,https://www.sec.gov/Archives/edgar/data/1676238/000089924321045840/xslF345X03/doc4.xml,statutory (SEC EDGAR)
4,2021-11-23,2021-11-19,0000899243-21-045839,xslF345X03/doc4.xml,FORM 4 SUBMISSION,,https://www.sec.gov/Archives/edgar/data/1676238/000089924321045839/xslF345X03/doc4.xml,statutory (SEC EDGAR)
3,2021-11-23,2021-11-19,0000899243-21-045838,xslF345X02/doc3.xml,FORM 3 SUBMISSION,,https://www.sec.gov/Archives/edgar/data/1676238/000089924321045838/xslF345X02/doc3.xml,statutory (SEC EDGAR)
8-K,2021-11-23,2021-11-19,0001193125-21-338675,d262820d8k.htm,8-K,"3.02,5.03,9.01",https://www.sec.gov/Archives/edgar/data/1676238/000119312521338675/d262820d8k.htm,statutory (SEC EDGAR)
4,2021-11-23,2021-11-19,0000899243-21-045808,xslF345X03/doc4.xml,FORM 4 SUBMISSION,,https://www.sec.gov/Archives/edgar/data/1676238/000089924321045808/xslF345X03/doc4.xml,statutory (SEC EDGAR)
4,2021-11-23,2021-11-19,0001209191-21-066518,xslF345X03/doc4.xml,FORM 4 SUBMISSION,,https://www.sec.gov/Archives/edgar/data/1676238/000120919121066518/xslF345X03/doc4.xml,statutory (SEC EDGAR)
4,2021-11-23,2021-11-19,0001209191-21-066509,xslF345X03/doc4.xml,FORM 4 SUBMISSION,,https://www.sec.gov/Archives/edgar/data/1676238/000120919121066509/xslF345X03/doc4.xml,statutory (SEC EDGAR)
4,2021-11-23,2021-11-19,0001209191-21-066502,xslF345X03/doc4.xml,FORM 4 SUBMISSION,,https://www.sec.gov/Archives/edgar/data/1676238/000120919121066502/xslF345X03/doc4.xml,statutory (SEC EDGAR)
4,2021-11-23,2021-11-19,0001209191-21-066498,xslF345X03/doc4.xml,FORM 4 SUBMISSION,,https://www.sec.gov/Archives/edgar/data/1676238/000120919121066498/xslF345X03/doc4.xml,statutory (SEC EDGAR)
4,2021-11-23,2021-11-19,0001894090-21-000002,xslF345X03/primary_doc.xml,PRIMARY DOCUMENT,,https://www.sec.gov/Archives/edgar/data/1676238/000189409021000002/xslF345X03/primary_doc.xml,statutory (SEC EDGAR)
4,2021-11-23,2021-11-19,0001209191-21-066491,xslF345X03/doc4.xml,FORM 4 SUBMISSION,,https://www.sec.gov/Archives/edgar/data/1676238/000120919121066491/xslF345X03/doc4.xml,statutory (SEC EDGAR)
4,2021-11-23,2021-11-19,0001209191-21-066485,xslF345X03/doc4.xml,FORM 4 SUBMISSION,,https://www.sec.gov/Archives/edgar/data/1676238/000120919121066485/xslF345X03/doc4.xml,statutory (SEC EDGAR)
4,2021-11-23,2021-11-19,0001209191-21-066480,xslF345X03/doc4.xml,FORM 4 SUBMISSION,,https://www.sec.gov/Archives/edgar/data/1676238/000120919121066480/xslF345X03/doc4.xml,statutory (SEC EDGAR)
4,2021-11-23,2021-11-19,0001209191-21-066472,xslF345X03/doc4.xml,FORM 4 SUBMISSION,,https://www.sec.gov/Archives/edgar/data/1676238/000120919121066472/xslF345X03/doc4.xml,statutory (SEC EDGAR)
4,2021-11-23,2021-11-19,0001209191-21-066466,xslF345X03/doc4.xml,FORM 4 SUBMISSION,,https://www.sec.gov/Archives/edgar/data/1676238/000120919121066466/xslF345X03/doc4.xml,statutory (SEC EDGAR)
4,2021-11-23,2021-11-19,0001209191-21-066461,xslF345X03/doc4.xml,FORM 4 SUBMISSION,,https://www.sec.gov/Archives/edgar/data/1676238/000120919121066461/xslF345X03/doc4.xml,statutory (SEC EDGAR)
4,2021-11-23,2021-11-19,0001209191-21-066457,xslF345X03/doc4.xml,FORM 4 SUBMISSION,,https://www.sec.gov/Archives/edgar/data/1676238/000120919121066457/xslF345X03/doc4.xml,statutory (SEC EDGAR)
4,2021-11-23,2021-11-19,0001209191-21-066454,xslF345X03/doc4.xml,FORM 4 SUBMISSION,,https://www.sec.gov/Archives/edgar/data/1676238/000120919121066454/xslF345X03/doc4.xml,statutory (SEC EDGAR)
4,2021-11-23,2021-11-19,0001209191-21-066449,xslF345X03/doc4.xml,FORM 4 SUBMISSION,,https://www.sec.gov/Archives/edgar/data/1676238/000120919121066449/xslF345X03/doc4.xml,statutory (SEC EDGAR)
4,2021-11-23,2021-11-19,0001209191-21-066446,xslF345X03/doc4.xml,FORM 4 SUBMISSION,,https://www.sec.gov/Archives/edgar/data/1676238/000120919121066446/xslF345X03/doc4.xml,statutory (SEC EDGAR)
4,2021-11-23,2021-11-19,0001209191-21-066440,xslF345X03/doc4.xml,FORM 4 SUBMISSION,,https://www.sec.gov/Archives/edgar/data/1676238/000120919121066440/xslF345X03/doc4.xml,statutory (SEC EDGAR)
S-8,2021-11-19,,0001193125-21-334606,d201745ds8.htm,S-8,,https://www.sec.gov/Archives/edgar/data/1676238/000119312521334606/d201745ds8.htm,statutory (SEC EDGAR)
424B4,2021-11-18,,0001193125-21-333968,d40379d424b4.htm,424B4,,https://www.sec.gov/Archives/edgar/data/1676238/000119312521333968/d40379d424b4.htm,statutory (SEC EDGAR)
EFFECT,2021-11-16,,9999999995-21-004361,xslEFFECTX01/primary_doc.xml,,"S-1,,2021-11-16 16:00:00",https://www.sec.gov/Archives/edgar/data/1676238/999999999521004361/xslEFFECTX01/primary_doc.xml,statutory (SEC EDGAR)
3,2021-11-16,2021-11-16,0000899243-21-044958,xslF345X02/doc3.xml,FORM 3 SUBMISSION,,https://www.sec.gov/Archives/edgar/data/1676238/000089924321044958/xslF345X02/doc3.xml,statutory (SEC EDGAR)
3,2021-11-16,2021-11-16,0000899243-21-044957,xslF345X02/doc3.xml,FORM 3 SUBMISSION,,https://www.sec.gov/Archives/edgar/data/1676238/000089924321044957/xslF345X02/doc3.xml,statutory (SEC EDGAR)
3,2021-11-16,2021-11-16,0000899243-21-044956,xslF345X02/doc3.xml,FORM 3 SUBMISSION,,https://www.sec.gov/Archives/edgar/data/1676238/000089924321044956/xslF345X02/doc3.xml,statutory (SEC EDGAR)
3,2021-11-16,2021-11-16,0001894090-21-000001,xslF345X02/primary_doc.xml,PRIMARY DOCUMENT,,https://www.sec.gov/Archives/edgar/data/1676238/000189409021000001/xslF345X02/primary_doc.xml,statutory (SEC EDGAR)
3,2021-11-16,2021-11-16,0000899243-21-044938,xslF345X02/doc3.xml,FORM 3 SUBMISSION,,https://www.sec.gov/Archives/edgar/data/1676238/000089924321044938/xslF345X02/doc3.xml,statutory (SEC EDGAR)
3,2021-11-16,2021-11-16,0001209191-21-064929,xslF345X02/doc3.xml,FORM 3 SUBMISSION,,https://www.sec.gov/Archives/edgar/data/1676238/000120919121064929/xslF345X02/doc3.xml,statutory (SEC EDGAR)
3,2021-11-16,2021-11-16,0001209191-21-064928,xslF345X02/doc3.xml,FORM 3 SUBMISSION,,https://www.sec.gov/Archives/edgar/data/1676238/000120919121064928/xslF345X02/doc3.xml,statutory (SEC EDGAR)
3,2021-11-16,2021-11-16,0001209191-21-064926,xslF345X02/doc3.xml,FORM 3 SUBMISSION,,https://www.sec.gov/Archives/edgar/data/1676238/000120919121064926/xslF345X02/doc3.xml,statutory (SEC EDGAR)
3,2021-11-16,2021-11-16,0001209191-21-064925,xslF345X02/doc3.xml,FORM 3 SUBMISSION,,https://www.sec.gov/Archives/edgar/data/1676238/000120919121064925/xslF345X02/doc3.xml,statutory (SEC EDGAR)
3,2021-11-16,2021-11-16,0001209191-21-064923,xslF345X02/doc3.xml,FORM 3 SUBMISSION,,https://www.sec.gov/Archives/edgar/data/1676238/000120919121064923/xslF345X02/doc3.xml,statutory (SEC EDGAR)
3,2021-11-16,2021-11-16,0001209191-21-064921,xslF345X02/doc3.xml,FORM 3 SUBMISSION,,https://www.sec.gov/Archives/edgar/data/1676238/000120919121064921/xslF345X02/doc3.xml,statutory (SEC EDGAR)
3,2021-11-16,2021-11-16,0001209191-21-064920,xslF345X02/doc3.xml,FORM 3 SUBMISSION,,https://www.sec.gov/Archives/edgar/data/1676238/000120919121064920/xslF345X02/doc3.xml,statutory (SEC EDGAR)
3,2021-11-16,2021-11-16,0001209191-21-064919,xslF345X02/doc3.xml,FORM 3 SUBMISSION,,https://www.sec.gov/Archives/edgar/data/1676238/000120919121064919/xslF345X02/doc3.xml,statutory (SEC EDGAR)
3,2021-11-16,2021-11-16,0001209191-21-064918,xslF345X02/doc3.xml,FORM 3 SUBMISSION,,https://www.sec.gov/Archives/edgar/data/1676238/000120919121064918/xslF345X02/doc3.xml,statutory (SEC EDGAR)
3,2021-11-16,2021-11-16,0001209191-21-064916,xslF345X02/doc3.xml,FORM 3 SUBMISSION,,https://www.sec.gov/Archives/edgar/data/1676238/000120919121064916/xslF345X02/doc3.xml,statutory (SEC EDGAR)
3,2021-11-16,2021-11-16,0001209191-21-064915,xslF345X02/doc3.xml,FORM 3 SUBMISSION,,https://www.sec.gov/Archives/edgar/data/1676238/000120919121064915/xslF345X02/doc3.xml,statutory (SEC EDGAR)
3,2021-11-16,2021-11-16,0001209191-21-064913,xslF345X02/doc3.xml,FORM 3 SUBMISSION,,https://www.sec.gov/Archives/edgar/data/1676238/000120919121064913/xslF345X02/doc3.xml,statutory (SEC EDGAR)
3,2021-11-16,2021-11-16,0001209191-21-064912,xslF345X02/doc3.xml,FORM 3 SUBMISSION,,https://www.sec.gov/Archives/edgar/data/1676238/000120919121064912/xslF345X02/doc3.xml,statutory (SEC EDGAR)
3,2021-11-16,2021-11-16,0001209191-21-064910,xslF345X02/doc3.xml,FORM 3 SUBMISSION,,https://www.sec.gov/Archives/edgar/data/1676238/000120919121064910/xslF345X02/doc3.xml,statutory (SEC EDGAR)
3,2021-11-16,2021-11-16,0001209191-21-064909,xslF345X02/doc3.xml,FORM 3 SUBMISSION,,https://www.sec.gov/Archives/edgar/data/1676238/000120919121064909/xslF345X02/doc3.xml,statutory (SEC EDGAR)
CERT,2021-11-15,,0001354457-21-001335,8A_CERT_BRZE.pdf,,,https://www.sec.gov/Archives/edgar/data/1676238/000135445721001335/8A_CERT_BRZE.pdf,statutory (SEC EDGAR)
CORRESP,2021-11-12,,0001193125-21-327935,filename1.htm,,,https://www.sec.gov/Archives/edgar/data/1676238/000119312521327935/filename1.htm,statutory (SEC EDGAR)
CORRESP,2021-11-12,,0001193125-21-327925,filename1.htm,,,https://www.sec.gov/Archives/edgar/data/1676238/000119312521327925/filename1.htm,statutory (SEC EDGAR)
8-A12B,2021-11-12,,0001193125-21-327898,d244941d8a12b.htm,8-A12B,,https://www.sec.gov/Archives/edgar/data/1676238/000119312521327898/d244941d8a12b.htm,statutory (SEC EDGAR)
S-1/A,2021-11-08,,0001193125-21-322227,d40379ds1a.htm,S-1/A,,https://www.sec.gov/Archives/edgar/data/1676238/000119312521322227/d40379ds1a.htm,statutory (SEC EDGAR)
CORRESP,2021-11-05,,0001193125-21-321911,filename1.htm,,,https://www.sec.gov/Archives/edgar/data/1676238/000119312521321911/filename1.htm,statutory (SEC EDGAR)
UPLOAD,2021-11-01,,0000000000-21-013272,filename1.pdf,,,https://www.sec.gov/Archives/edgar/data/1676238/000000000021013272/filename1.pdf,statutory (SEC EDGAR)
S-1,2021-10-22,,0001193125-21-304909,d40379ds1.htm,S-1,,https://www.sec.gov/Archives/edgar/data/1676238/000119312521304909/d40379ds1.htm,statutory (SEC EDGAR)
DRS/A,2021-10-01,,0000950123-21-012746,filename1.htm,,,https://www.sec.gov/Archives/edgar/data/1676238/000095012321012746/filename1.htm,statutory (SEC EDGAR)
DRSLTR,2021-09-30,,0000950123-21-012747,filename1.htm,,,https://www.sec.gov/Archives/edgar/data/1676238/000095012321012747/filename1.htm,statutory (SEC EDGAR)
UPLOAD,2021-08-20,,0000000000-21-010252,filename1.pdf,,,https://www.sec.gov/Archives/edgar/data/1676238/000000000021010252/filename1.pdf,statutory (SEC EDGAR)
DRSLTR,2021-08-10,,0000950123-21-010166,filename1.htm,,,https://www.sec.gov/Archives/edgar/data/1676238/000095012321010166/filename1.htm,statutory (SEC EDGAR)
DRS/A,2021-08-10,,0000950123-21-010164,filename1.htm,,,https://www.sec.gov/Archives/edgar/data/1676238/000095012321010164/filename1.htm,statutory (SEC EDGAR)
UPLOAD,2021-07-22,,0000000000-21-009042,filename1.pdf,,,https://www.sec.gov/Archives/edgar/data/1676238/000000000021009042/filename1.pdf,statutory (SEC EDGAR)
DRS,2021-06-24,,0000950123-21-008146,filename1.htm,,,https://www.sec.gov/Archives/edgar/data/1676238/000095012321008146/filename1.htm,statutory (SEC EDGAR)
D,2018-10-04,,0001676238-18-000002,xslFormDX01/primary_doc.xml,,06b,https://www.sec.gov/Archives/edgar/data/1676238/000167623818000002/xslFormDX01/primary_doc.xml,statutory (SEC EDGAR)
D,2017-08-14,,0000905718-17-000757,xslFormDX01/primary_doc.xml,,06b,https://www.sec.gov/Archives/edgar/data/1676238/000090571817000757/xslFormDX01/primary_doc.xml,statutory (SEC EDGAR)
D,2017-07-20,,0000905718-17-000710,xslFormDX01/primary_doc.xml,,06b,https://www.sec.gov/Archives/edgar/data/1676238/000090571817000710/xslFormDX01/primary_doc.xml,statutory (SEC EDGAR)
