concept,taxonomy,label,unit,kind,start,end,period,duration_days,filing_fy,filing_fp,form,value,filed,accession,frame,evidence
AccountsReceivableNetCurrent,us-gaap,"Accounts Receivable, after Allowance for Credit Loss, Current",USD,instant,,2021-01-31,FY2021 as at 2021-01-31,0,2022,FY,10-K,34771000,2022-03-31,0001676238-22-000005,CY2020Q4I,audited (SEC XBRL)
AccountsReceivableNetCurrent,us-gaap,"Accounts Receivable, after Allowance for Credit Loss, Current",USD,instant,,2021-10-31,FY2022 as at 2021-10-31,0,2022,Q3,10-Q,36026000,2021-12-21,0001676238-21-000006,CY2021Q3I,audited (SEC XBRL)
AccountsReceivableNetCurrent,us-gaap,"Accounts Receivable, after Allowance for Credit Loss, Current",USD,instant,,2022-01-31,FY2022 as at 2022-01-31,0,2023,FY,10-K,64504000,2023-03-31,0001676238-23-000031,CY2021Q4I,audited (SEC XBRL)
AccountsReceivableNetCurrent,us-gaap,"Accounts Receivable, after Allowance for Credit Loss, Current",USD,instant,,2022-04-30,FY2023 as at 2022-04-30,0,2023,Q1,10-Q,42663000,2022-06-14,0001676238-22-000019,CY2022Q1I,audited (SEC XBRL)
AccountsReceivableNetCurrent,us-gaap,"Accounts Receivable, after Allowance for Credit Loss, Current",USD,instant,,2022-07-31,FY2023 as at 2022-07-31,0,2023,Q2,10-Q,47973000,2022-09-13,0001676238-22-000047,CY2022Q2I,audited (SEC XBRL)
AccountsReceivableNetCurrent,us-gaap,"Accounts Receivable, after Allowance for Credit Loss, Current",USD,instant,,2022-10-31,FY2023 as at 2022-10-31,0,2023,Q3,10-Q,58299000,2022-12-14,0001676238-22-000065,CY2022Q3I,audited (SEC XBRL)
AccountsReceivableNetCurrent,us-gaap,"Accounts Receivable, after Allowance for Credit Loss, Current",USD,instant,,2023-01-31,FY2023 as at 2023-01-31,0,2024,FY,10-K,78338000,2024-04-01,0001676238-24-000049,CY2022Q4I,audited (SEC XBRL)
AccountsReceivableNetCurrent,us-gaap,"Accounts Receivable, after Allowance for Credit Loss, Current",USD,instant,,2023-04-30,FY2024 as at 2023-04-30,0,2024,Q1,10-Q,66649000,2023-06-09,0001676238-23-000068,CY2023Q1I,audited (SEC XBRL)
AccountsReceivableNetCurrent,us-gaap,"Accounts Receivable, after Allowance for Credit Loss, Current",USD,instant,,2023-07-31,FY2024 as at 2023-07-31,0,2024,Q2,10-Q,70133000,2023-09-08,0001676238-23-000145,CY2023Q2I,audited (SEC XBRL)
AccountsReceivableNetCurrent,us-gaap,"Accounts Receivable, after Allowance for Credit Loss, Current",USD,instant,,2023-10-31,FY2024 as at 2023-10-31,0,2024,Q3,10-Q,71332000,2023-12-07,0001676238-23-000209,CY2023Q3I,audited (SEC XBRL)
AccountsReceivableNetCurrent,us-gaap,"Accounts Receivable, after Allowance for Credit Loss, Current",USD,instant,,2024-01-31,FY2024 as at 2024-01-31,0,2025,FY,10-K,92256000,2025-03-31,0001676238-25-000054,CY2023Q4I,audited (SEC XBRL)
AccountsReceivableNetCurrent,us-gaap,"Accounts Receivable, after Allowance for Credit Loss, Current",USD,instant,,2024-04-30,FY2025 as at 2024-04-30,0,2025,Q1,10-Q,81632000,2024-06-07,0001676238-24-000103,CY2024Q1I,audited (SEC XBRL)
AccountsReceivableNetCurrent,us-gaap,"Accounts Receivable, after Allowance for Credit Loss, Current",USD,instant,,2024-07-31,FY2025 as at 2024-07-31,0,2025,Q2,10-Q,71257000,2024-09-06,0001676238-24-000171,CY2024Q2I,audited (SEC XBRL)
AccountsReceivableNetCurrent,us-gaap,"Accounts Receivable, after Allowance for Credit Loss, Current",USD,instant,,2024-10-31,FY2025 as at 2024-10-31,0,2025,Q3,10-Q,90299000,2024-12-10,0001676238-24-000208,CY2024Q3I,audited (SEC XBRL)
AccountsReceivableNetCurrent,us-gaap,"Accounts Receivable, after Allowance for Credit Loss, Current",USD,instant,,2025-01-31,FY2025 as at 2025-01-31,0,2026,FY,10-K,95234000,2026-03-25,0001676238-26-000013,CY2024Q4I,audited (SEC XBRL)
AccountsReceivableNetCurrent,us-gaap,"Accounts Receivable, after Allowance for Credit Loss, Current",USD,instant,,2025-04-30,FY2026 as at 2025-04-30,0,2026,Q1,10-Q,86093000,2025-06-06,0001676238-25-000079,CY2025Q1I,audited (SEC XBRL)
AccountsReceivableNetCurrent,us-gaap,"Accounts Receivable, after Allowance for Credit Loss, Current",USD,instant,,2025-07-31,FY2026 as at 2025-07-31,0,2026,Q2,10-Q,88224000,2025-09-05,0001676238-25-000134,CY2025Q2I,audited (SEC XBRL)
AccountsReceivableNetCurrent,us-gaap,"Accounts Receivable, after Allowance for Credit Loss, Current",USD,instant,,2025-10-31,FY2026 as at 2025-10-31,0,2026,Q3,10-Q,90196000,2025-12-10,0001676238-25-000147,CY2025Q3I,audited (SEC XBRL)
AccountsReceivableNetCurrent,us-gaap,"Accounts Receivable, after Allowance for Credit Loss, Current",USD,instant,,2026-01-31,FY2026 as at 2026-01-31,0,2027,Q1,10-Q,122350000,2026-05-28,0001676238-26-000027,CY2025Q4I,audited (SEC XBRL)
AccountsReceivableNetCurrent,us-gaap,"Accounts Receivable, after Allowance for Credit Loss, Current",USD,instant,,2026-04-30,FY2027 as at 2026-04-30,0,2027,Q1,10-Q,118471000,2026-05-28,0001676238-26-000027,CY2026Q1I,audited (SEC XBRL)
Assets,us-gaap,Assets,USD,instant,,2021-01-31,FY2021 as at 2021-01-31,0,2022,FY,10-K,171394000,2022-03-31,0001676238-22-000005,CY2020Q4I,audited (SEC XBRL)
Assets,us-gaap,Assets,USD,instant,,2021-10-31,FY2022 as at 2021-10-31,0,2022,Q3,10-Q,184086000,2021-12-21,0001676238-21-000006,CY2021Q3I,audited (SEC XBRL)
Assets,us-gaap,Assets,USD,instant,,2022-01-31,FY2022 as at 2022-01-31,0,2023,FY,10-K,666262000,2023-03-31,0001676238-23-000031,CY2021Q4I,audited (SEC XBRL)
Assets,us-gaap,Assets,USD,instant,,2022-04-30,FY2023 as at 2022-04-30,0,2023,Q1,10-Q,716298000,2022-06-14,0001676238-22-000019,CY2022Q1I,audited (SEC XBRL)
Assets,us-gaap,Assets,USD,instant,,2022-07-31,FY2023 as at 2022-07-31,0,2023,Q2,10-Q,702093000,2022-09-13,0001676238-22-000047,CY2022Q2I,audited (SEC XBRL)
Assets,us-gaap,Assets,USD,instant,,2022-10-31,FY2023 as at 2022-10-31,0,2023,Q3,10-Q,677418000,2022-12-14,0001676238-22-000065,CY2022Q3I,audited (SEC XBRL)
Assets,us-gaap,Assets,USD,instant,,2023-01-31,FY2023 as at 2023-01-31,0,2024,FY,10-K,705406000,2024-04-01,0001676238-24-000049,CY2022Q4I,audited (SEC XBRL)
Assets,us-gaap,Assets,USD,instant,,2023-04-30,FY2024 as at 2023-04-30,0,2024,Q1,10-Q,721293000,2023-06-09,0001676238-23-000068,CY2023Q1I,audited (SEC XBRL)
Assets,us-gaap,Assets,USD,instant,,2023-07-31,FY2024 as at 2023-07-31,0,2024,Q2,10-Q,732140000,2023-09-08,0001676238-23-000145,CY2023Q2I,audited (SEC XBRL)
Assets,us-gaap,Assets,USD,instant,,2023-10-31,FY2024 as at 2023-10-31,0,2024,Q3,10-Q,768915000,2023-12-07,0001676238-23-000209,CY2023Q3I,audited (SEC XBRL)
Assets,us-gaap,Assets,USD,instant,,2024-01-31,FY2024 as at 2024-01-31,0,2025,FY,10-K,810941000,2025-03-31,0001676238-25-000054,CY2023Q4I,audited (SEC XBRL)
Assets,us-gaap,Assets,USD,instant,,2024-04-30,FY2025 as at 2024-04-30,0,2025,Q1,10-Q,816126000,2024-06-07,0001676238-24-000103,CY2024Q1I,audited (SEC XBRL)
Assets,us-gaap,Assets,USD,instant,,2024-07-31,FY2025 as at 2024-07-31,0,2025,Q2,10-Q,825575000,2024-09-06,0001676238-24-000171,CY2024Q2I,audited (SEC XBRL)
Assets,us-gaap,Assets,USD,instant,,2024-10-31,FY2025 as at 2024-10-31,0,2025,Q3,10-Q,842012000,2024-12-10,0001676238-24-000208,CY2024Q3I,audited (SEC XBRL)
Assets,us-gaap,Assets,USD,instant,,2025-01-31,FY2025 as at 2025-01-31,0,2026,FY,10-K,870998000,2026-03-25,0001676238-26-000013,CY2024Q4I,audited (SEC XBRL)
Assets,us-gaap,Assets,USD,instant,,2025-04-30,FY2026 as at 2025-04-30,0,2026,Q1,10-Q,889134000,2025-06-06,0001676238-25-000079,CY2025Q1I,audited (SEC XBRL)
Assets,us-gaap,Assets,USD,instant,,2025-07-31,FY2026 as at 2025-07-31,0,2026,Q2,10-Q,1022537000,2025-09-05,0001676238-25-000134,CY2025Q2I,audited (SEC XBRL)
Assets,us-gaap,Assets,USD,instant,,2025-10-31,FY2026 as at 2025-10-31,0,2026,Q3,10-Q,1041285000,2025-12-10,0001676238-25-000147,CY2025Q3I,audited (SEC XBRL)
Assets,us-gaap,Assets,USD,instant,,2026-01-31,FY2026 as at 2026-01-31,0,2027,Q1,10-Q,1113757000,2026-05-28,0001676238-26-000027,CY2025Q4I,audited (SEC XBRL)
Assets,us-gaap,Assets,USD,instant,,2026-04-30,FY2027 as at 2026-04-30,0,2027,Q1,10-Q,1091039000,2026-05-28,0001676238-26-000027,CY2026Q1I,audited (SEC XBRL)
AssetsCurrent,us-gaap,"Assets, Current",USD,instant,,2021-01-31,FY2021 as at 2021-01-31,0,2022,FY,10-K,133958000,2022-03-31,0001676238-22-000005,CY2020Q4I,audited (SEC XBRL)
AssetsCurrent,us-gaap,"Assets, Current",USD,instant,,2021-10-31,FY2022 as at 2021-10-31,0,2022,Q3,10-Q,130599000,2021-12-21,0001676238-21-000006,CY2021Q3I,audited (SEC XBRL)
AssetsCurrent,us-gaap,"Assets, Current",USD,instant,,2022-01-31,FY2022 as at 2022-01-31,0,2023,FY,10-K,608185000,2023-03-31,0001676238-23-000031,CY2021Q4I,audited (SEC XBRL)
AssetsCurrent,us-gaap,"Assets, Current",USD,instant,,2022-04-30,FY2023 as at 2022-04-30,0,2023,Q1,10-Q,598765000,2022-06-14,0001676238-22-000019,CY2022Q1I,audited (SEC XBRL)
AssetsCurrent,us-gaap,"Assets, Current",USD,instant,,2022-07-31,FY2023 as at 2022-07-31,0,2023,Q2,10-Q,580904000,2022-09-13,0001676238-22-000047,CY2022Q2I,audited (SEC XBRL)
AssetsCurrent,us-gaap,"Assets, Current",USD,instant,,2022-10-31,FY2023 as at 2022-10-31,0,2023,Q3,10-Q,556156000,2022-12-14,0001676238-22-000065,CY2022Q3I,audited (SEC XBRL)
AssetsCurrent,us-gaap,"Assets, Current",USD,instant,,2023-01-31,FY2023 as at 2023-01-31,0,2024,FY,10-K,583171000,2024-04-01,0001676238-24-000049,CY2022Q4I,audited (SEC XBRL)
AssetsCurrent,us-gaap,"Assets, Current",USD,instant,,2023-04-30,FY2024 as at 2023-04-30,0,2024,Q1,10-Q,598108000,2023-06-09,0001676238-23-000068,CY2023Q1I,audited (SEC XBRL)
AssetsCurrent,us-gaap,"Assets, Current",USD,instant,,2023-07-31,FY2024 as at 2023-07-31,0,2024,Q2,10-Q,574035000,2023-09-08,0001676238-23-000145,CY2023Q2I,audited (SEC XBRL)
AssetsCurrent,us-gaap,"Assets, Current",USD,instant,,2023-10-31,FY2024 as at 2023-10-31,0,2024,Q3,10-Q,566752000,2023-12-07,0001676238-23-000209,CY2023Q3I,audited (SEC XBRL)
AssetsCurrent,us-gaap,"Assets, Current",USD,instant,,2024-01-31,FY2024 as at 2024-01-31,0,2025,FY,10-K,601121000,2025-03-31,0001676238-25-000054,CY2023Q4I,audited (SEC XBRL)
AssetsCurrent,us-gaap,"Assets, Current",USD,instant,,2024-04-30,FY2025 as at 2024-04-30,0,2025,Q1,10-Q,598943000,2024-06-07,0001676238-24-000103,CY2024Q1I,audited (SEC XBRL)
AssetsCurrent,us-gaap,"Assets, Current",USD,instant,,2024-07-31,FY2025 as at 2024-07-31,0,2025,Q2,10-Q,606422000,2024-09-06,0001676238-24-000171,CY2024Q2I,audited (SEC XBRL)
AssetsCurrent,us-gaap,"Assets, Current",USD,instant,,2024-10-31,FY2025 as at 2024-10-31,0,2025,Q3,10-Q,613321000,2024-12-10,0001676238-24-000208,CY2024Q3I,audited (SEC XBRL)
AssetsCurrent,us-gaap,"Assets, Current",USD,instant,,2025-01-31,FY2025 as at 2025-01-31,0,2026,FY,10-K,644026000,2026-03-25,0001676238-26-000013,CY2024Q4I,audited (SEC XBRL)
AssetsCurrent,us-gaap,"Assets, Current",USD,instant,,2025-04-30,FY2026 as at 2025-04-30,0,2026,Q1,10-Q,659139000,2025-06-06,0001676238-25-000079,CY2025Q1I,audited (SEC XBRL)
AssetsCurrent,us-gaap,"Assets, Current",USD,instant,,2025-07-31,FY2026 as at 2025-07-31,0,2026,Q2,10-Q,484505000,2025-09-05,0001676238-25-000134,CY2025Q2I,audited (SEC XBRL)
AssetsCurrent,us-gaap,"Assets, Current",USD,instant,,2025-10-31,FY2026 as at 2025-10-31,0,2026,Q3,10-Q,502040000,2025-12-10,0001676238-25-000147,CY2025Q3I,audited (SEC XBRL)
AssetsCurrent,us-gaap,"Assets, Current",USD,instant,,2026-01-31,FY2026 as at 2026-01-31,0,2027,Q1,10-Q,567926000,2026-05-28,0001676238-26-000027,CY2025Q4I,audited (SEC XBRL)
AssetsCurrent,us-gaap,"Assets, Current",USD,instant,,2026-04-30,FY2027 as at 2026-04-30,0,2027,Q1,10-Q,546675000,2026-05-28,0001676238-26-000027,CY2026Q1I,audited (SEC XBRL)
CashAndCashEquivalentsAtCarryingValue,us-gaap,"Cash and Cash Equivalents, at Carrying Value",USD,instant,,2021-01-31,FY2021 as at 2021-01-31,0,2022,FY,10-K,28509000,2022-03-31,0001676238-22-000005,CY2020Q4I,audited (SEC XBRL)
CashAndCashEquivalentsAtCarryingValue,us-gaap,"Cash and Cash Equivalents, at Carrying Value",USD,instant,,2021-10-31,FY2022 as at 2021-10-31,0,2022,Q3,10-Q,41976000,2021-12-21,0001676238-21-000006,CY2021Q3I,audited (SEC XBRL)
CashAndCashEquivalentsAtCarryingValue,us-gaap,"Cash and Cash Equivalents, at Carrying Value",USD,instant,,2022-01-31,FY2022 as at 2022-01-31,0,2023,FY,10-K,478937000,2023-03-31,0001676238-23-000031,CY2021Q4I,audited (SEC XBRL)
CashAndCashEquivalentsAtCarryingValue,us-gaap,"Cash and Cash Equivalents, at Carrying Value",USD,instant,,2022-04-30,FY2023 as at 2022-04-30,0,2023,Q1,10-Q,90610000,2022-06-14,0001676238-22-000019,CY2022Q1I,audited (SEC XBRL)
CashAndCashEquivalentsAtCarryingValue,us-gaap,"Cash and Cash Equivalents, at Carrying Value",USD,instant,,2022-07-31,FY2023 as at 2022-07-31,0,2023,Q2,10-Q,80881000,2022-09-13,0001676238-22-000047,CY2022Q2I,audited (SEC XBRL)
CashAndCashEquivalentsAtCarryingValue,us-gaap,"Cash and Cash Equivalents, at Carrying Value",USD,instant,,2022-10-31,FY2023 as at 2022-10-31,0,2023,Q3,10-Q,45390000,2022-12-14,0001676238-22-000065,CY2022Q3I,audited (SEC XBRL)
CashAndCashEquivalentsAtCarryingValue,us-gaap,"Cash and Cash Equivalents, at Carrying Value",USD,instant,,2023-01-31,FY2023 as at 2023-01-31,0,2024,FY,10-K,68587000,2024-04-01,0001676238-24-000049,CY2022Q4I,audited (SEC XBRL)
CashAndCashEquivalentsAtCarryingValue,us-gaap,"Cash and Cash Equivalents, at Carrying Value",USD,instant,,2023-04-30,FY2024 as at 2023-04-30,0,2024,Q1,10-Q,116932000,2023-06-09,0001676238-23-000068,CY2023Q1I,audited (SEC XBRL)
CashAndCashEquivalentsAtCarryingValue,us-gaap,"Cash and Cash Equivalents, at Carrying Value",USD,instant,,2023-07-31,FY2024 as at 2023-07-31,0,2024,Q2,10-Q,77302000,2023-09-08,0001676238-23-000145,CY2023Q2I,audited (SEC XBRL)
CashAndCashEquivalentsAtCarryingValue,us-gaap,"Cash and Cash Equivalents, at Carrying Value",USD,instant,,2023-10-31,FY2024 as at 2023-10-31,0,2024,Q3,10-Q,60470000,2023-12-07,0001676238-23-000209,CY2023Q3I,audited (SEC XBRL)
CashAndCashEquivalentsAtCarryingValue,us-gaap,"Cash and Cash Equivalents, at Carrying Value",USD,instant,,2024-01-31,FY2024 as at 2024-01-31,0,2025,FY,10-K,68228000,2025-03-31,0001676238-25-000054,CY2023Q4I,audited (SEC XBRL)
CashAndCashEquivalentsAtCarryingValue,us-gaap,"Cash and Cash Equivalents, at Carrying Value",USD,instant,,2024-04-30,FY2025 as at 2024-04-30,0,2025,Q1,10-Q,74801000,2024-06-07,0001676238-24-000103,CY2024Q1I,audited (SEC XBRL)
CashAndCashEquivalentsAtCarryingValue,us-gaap,"Cash and Cash Equivalents, at Carrying Value",USD,instant,,2024-07-31,FY2025 as at 2024-07-31,0,2025,Q2,10-Q,79119000,2024-09-06,0001676238-24-000171,CY2024Q2I,audited (SEC XBRL)
CashAndCashEquivalentsAtCarryingValue,us-gaap,"Cash and Cash Equivalents, at Carrying Value",USD,instant,,2024-10-31,FY2025 as at 2024-10-31,0,2025,Q3,10-Q,61312000,2024-12-10,0001676238-24-000208,CY2024Q3I,audited (SEC XBRL)
CashAndCashEquivalentsAtCarryingValue,us-gaap,"Cash and Cash Equivalents, at Carrying Value",USD,instant,,2025-01-31,FY2025 as at 2025-01-31,0,2026,FY,10-K,83062000,2026-03-25,0001676238-26-000013,CY2024Q4I,audited (SEC XBRL)
CashAndCashEquivalentsAtCarryingValue,us-gaap,"Cash and Cash Equivalents, at Carrying Value",USD,instant,,2025-04-30,FY2026 as at 2025-04-30,0,2026,Q1,10-Q,231499000,2025-06-06,0001676238-25-000079,CY2025Q1I,audited (SEC XBRL)
CashAndCashEquivalentsAtCarryingValue,us-gaap,"Cash and Cash Equivalents, at Carrying Value",USD,instant,,2025-07-31,FY2026 as at 2025-07-31,0,2026,Q2,10-Q,80979000,2025-09-05,0001676238-25-000134,CY2025Q2I,audited (SEC XBRL)
CashAndCashEquivalentsAtCarryingValue,us-gaap,"Cash and Cash Equivalents, at Carrying Value",USD,instant,,2025-10-31,FY2026 as at 2025-10-31,0,2026,Q3,10-Q,97815000,2025-12-10,0001676238-25-000147,CY2025Q3I,audited (SEC XBRL)
CashAndCashEquivalentsAtCarryingValue,us-gaap,"Cash and Cash Equivalents, at Carrying Value",USD,instant,,2026-01-31,FY2026 as at 2026-01-31,0,2027,Q1,10-Q,124342000,2026-05-28,0001676238-26-000027,CY2025Q4I,audited (SEC XBRL)
CashAndCashEquivalentsAtCarryingValue,us-gaap,"Cash and Cash Equivalents, at Carrying Value",USD,instant,,2026-04-30,FY2027 as at 2026-04-30,0,2027,Q1,10-Q,145289000,2026-05-28,0001676238-26-000027,CY2026Q1I,audited (SEC XBRL)
ContractWithCustomerLiabilityCurrent,us-gaap,"Contract with Customer, Liability, Current",USD,instant,,2021-01-31,FY2021 as at 2021-01-31,0,2022,FY,10-K,74789000,2022-03-31,0001676238-22-000005,CY2020Q4I,audited (SEC XBRL)
ContractWithCustomerLiabilityCurrent,us-gaap,"Contract with Customer, Liability, Current",USD,instant,,2021-10-31,FY2022 as at 2021-10-31,0,2022,Q3,10-Q,98427000,2021-12-21,0001676238-21-000006,CY2021Q3I,audited (SEC XBRL)
ContractWithCustomerLiabilityCurrent,us-gaap,"Contract with Customer, Liability, Current",USD,instant,,2022-01-31,FY2022 as at 2022-01-31,0,2023,FY,10-K,126260000,2023-03-31,0001676238-23-000031,CY2021Q4I,audited (SEC XBRL)
ContractWithCustomerLiabilityCurrent,us-gaap,"Contract with Customer, Liability, Current",USD,instant,,2022-04-30,FY2023 as at 2022-04-30,0,2023,Q1,10-Q,139437000,2022-06-14,0001676238-22-000019,CY2022Q1I,audited (SEC XBRL)
ContractWithCustomerLiabilityCurrent,us-gaap,"Contract with Customer, Liability, Current",USD,instant,,2022-07-31,FY2023 as at 2022-07-31,0,2023,Q2,10-Q,135794000,2022-09-13,0001676238-22-000047,CY2022Q2I,audited (SEC XBRL)
ContractWithCustomerLiabilityCurrent,us-gaap,"Contract with Customer, Liability, Current",USD,instant,,2022-10-31,FY2023 as at 2022-10-31,0,2023,Q3,10-Q,140681000,2022-12-14,0001676238-22-000065,CY2022Q3I,audited (SEC XBRL)
ContractWithCustomerLiabilityCurrent,us-gaap,"Contract with Customer, Liability, Current",USD,instant,,2023-01-31,FY2023 as at 2023-01-31,0,2024,FY,10-K,166092000,2024-04-01,0001676238-24-000049,CY2022Q4I,audited (SEC XBRL)
ContractWithCustomerLiabilityCurrent,us-gaap,"Contract with Customer, Liability, Current",USD,instant,,2023-04-30,FY2024 as at 2023-04-30,0,2024,Q1,10-Q,181216000,2023-06-09,0001676238-23-000068,CY2023Q1I,audited (SEC XBRL)
ContractWithCustomerLiabilityCurrent,us-gaap,"Contract with Customer, Liability, Current",USD,instant,,2023-07-31,FY2024 as at 2023-07-31,0,2024,Q2,10-Q,176803000,2023-09-08,0001676238-23-000145,CY2023Q2I,audited (SEC XBRL)
ContractWithCustomerLiabilityCurrent,us-gaap,"Contract with Customer, Liability, Current",USD,instant,,2023-10-31,FY2024 as at 2023-10-31,0,2024,Q3,10-Q,178564000,2023-12-07,0001676238-23-000209,CY2023Q3I,audited (SEC XBRL)
ContractWithCustomerLiabilityCurrent,us-gaap,"Contract with Customer, Liability, Current",USD,instant,,2024-01-31,FY2024 as at 2024-01-31,0,2025,FY,10-K,204269000,2025-03-31,0001676238-25-000054,CY2023Q4I,audited (SEC XBRL)
ContractWithCustomerLiabilityCurrent,us-gaap,"Contract with Customer, Liability, Current",USD,instant,,2024-04-30,FY2025 as at 2024-04-30,0,2025,Q1,10-Q,229330000,2024-06-07,0001676238-24-000103,CY2024Q1I,audited (SEC XBRL)
ContractWithCustomerLiabilityCurrent,us-gaap,"Contract with Customer, Liability, Current",USD,instant,,2024-07-31,FY2025 as at 2024-07-31,0,2025,Q2,10-Q,212145000,2024-09-06,0001676238-24-000171,CY2024Q2I,audited (SEC XBRL)
ContractWithCustomerLiabilityCurrent,us-gaap,"Contract with Customer, Liability, Current",USD,instant,,2024-10-31,FY2025 as at 2024-10-31,0,2025,Q3,10-Q,223682000,2024-12-10,0001676238-24-000208,CY2024Q3I,audited (SEC XBRL)
ContractWithCustomerLiabilityCurrent,us-gaap,"Contract with Customer, Liability, Current",USD,instant,,2025-01-31,FY2025 as at 2025-01-31,0,2026,FY,10-K,239976000,2026-03-25,0001676238-26-000013,CY2024Q4I,audited (SEC XBRL)
ContractWithCustomerLiabilityCurrent,us-gaap,"Contract with Customer, Liability, Current",USD,instant,,2025-04-30,FY2026 as at 2025-04-30,0,2026,Q1,10-Q,265015000,2025-06-06,0001676238-25-000079,CY2025Q1I,audited (SEC XBRL)
ContractWithCustomerLiabilityCurrent,us-gaap,"Contract with Customer, Liability, Current",USD,instant,,2025-07-31,FY2026 as at 2025-07-31,0,2026,Q2,10-Q,262113000,2025-09-05,0001676238-25-000134,CY2025Q2I,audited (SEC XBRL)
ContractWithCustomerLiabilityCurrent,us-gaap,"Contract with Customer, Liability, Current",USD,instant,,2025-10-31,FY2026 as at 2025-10-31,0,2026,Q3,10-Q,271397000,2025-12-10,0001676238-25-000147,CY2025Q3I,audited (SEC XBRL)
ContractWithCustomerLiabilityCurrent,us-gaap,"Contract with Customer, Liability, Current",USD,instant,,2026-01-31,FY2026 as at 2026-01-31,0,2027,Q1,10-Q,304560000,2026-05-28,0001676238-26-000027,CY2025Q4I,audited (SEC XBRL)
ContractWithCustomerLiabilityCurrent,us-gaap,"Contract with Customer, Liability, Current",USD,instant,,2026-04-30,FY2027 as at 2026-04-30,0,2027,Q1,10-Q,342519000,2026-05-28,0001676238-26-000027,CY2026Q1I,audited (SEC XBRL)
CostOfRevenue,us-gaap,Cost of Revenue,USD,duration,2019-02-01,2020-01-31,FY2020,364,2022,FY,10-K,35686000,2022-03-31,0001676238-22-000005,CY2019,audited (SEC XBRL)
CostOfRevenue,us-gaap,Cost of Revenue,USD,duration,2020-02-01,2020-10-31,FY2021 Q3,273,2022,Q3,10-Q,39232000,2021-12-21,0001676238-21-000006,,audited (SEC XBRL)
CostOfRevenue,us-gaap,Cost of Revenue,USD,duration,2020-08-01,2020-10-31,FY2021 Q3,91,2022,Q3,10-Q,14431000,2021-12-21,0001676238-21-000006,CY2020Q3,audited (SEC XBRL)
CostOfRevenue,us-gaap,Cost of Revenue,USD,duration,2020-02-01,2021-01-31,FY2021,365,2023,FY,10-K,54511000,2023-03-31,0001676238-23-000031,CY2020,audited (SEC XBRL)
CostOfRevenue,us-gaap,Cost of Revenue,USD,duration,2021-02-01,2021-04-30,FY2022 Q1,88,2023,Q1,10-Q,15807000,2022-06-14,0001676238-22-000019,CY2021Q1,audited (SEC XBRL)
CostOfRevenue,us-gaap,Cost of Revenue,USD,duration,2021-02-01,2021-07-31,FY2022 Q2,180,2023,Q2,10-Q,34562000,2022-09-13,0001676238-22-000047,,audited (SEC XBRL)
CostOfRevenue,us-gaap,Cost of Revenue,USD,duration,2021-05-01,2021-07-31,FY2022 Q2,91,2023,Q2,10-Q,18755000,2022-09-13,0001676238-22-000047,CY2021Q2,audited (SEC XBRL)
CostOfRevenue,us-gaap,Cost of Revenue,USD,duration,2021-02-01,2021-10-31,FY2022 Q3,272,2023,Q3,10-Q,53736000,2022-12-14,0001676238-22-000065,,audited (SEC XBRL)
CostOfRevenue,us-gaap,Cost of Revenue,USD,duration,2021-08-01,2021-10-31,FY2022 Q3,91,2023,Q3,10-Q,19174000,2022-12-14,0001676238-22-000065,CY2021Q3,audited (SEC XBRL)
CostOfRevenue,us-gaap,Cost of Revenue,USD,duration,2021-02-01,2022-01-31,FY2022,364,2024,FY,10-K,78511000,2024-04-01,0001676238-24-000049,CY2021,audited (SEC XBRL)
CostOfRevenue,us-gaap,Cost of Revenue,USD,duration,2022-02-01,2022-04-30,FY2023 Q1,88,2024,Q1,10-Q,25906000,2023-06-09,0001676238-23-000068,CY2022Q1,audited (SEC XBRL)
CostOfRevenue,us-gaap,Cost of Revenue,USD,duration,2022-02-01,2022-07-31,FY2023 Q2,180,2024,Q2,10-Q,53258000,2023-09-08,0001676238-23-000145,,audited (SEC XBRL)
CostOfRevenue,us-gaap,Cost of Revenue,USD,duration,2022-05-01,2022-07-31,FY2023 Q2,91,2024,Q2,10-Q,27352000,2023-09-08,0001676238-23-000145,CY2022Q2,audited (SEC XBRL)
CostOfRevenue,us-gaap,Cost of Revenue,USD,duration,2022-02-01,2022-10-31,FY2023 Q3,272,2024,Q3,10-Q,82393000,2023-12-07,0001676238-23-000209,,audited (SEC XBRL)
CostOfRevenue,us-gaap,Cost of Revenue,USD,duration,2022-08-01,2022-10-31,FY2023 Q3,91,2024,Q3,10-Q,29135000,2023-12-07,0001676238-23-000209,CY2022Q3,audited (SEC XBRL)
CostOfRevenue,us-gaap,Cost of Revenue,USD,duration,2022-02-01,2023-01-31,FY2023,364,2025,FY,10-K,115818000,2025-03-31,0001676238-25-000054,CY2022,audited (SEC XBRL)
CostOfRevenue,us-gaap,Cost of Revenue,USD,duration,2023-02-01,2023-04-30,FY2024 Q1,88,2025,Q1,10-Q,32687000,2024-06-07,0001676238-24-000103,CY2023Q1,audited (SEC XBRL)
CostOfRevenue,us-gaap,Cost of Revenue,USD,duration,2023-02-01,2023-07-31,FY2024 Q2,180,2025,Q2,10-Q,68161000,2024-09-06,0001676238-24-000171,,audited (SEC XBRL)
CostOfRevenue,us-gaap,Cost of Revenue,USD,duration,2023-05-01,2023-07-31,FY2024 Q2,91,2025,Q2,10-Q,35474000,2024-09-06,0001676238-24-000171,CY2023Q2,audited (SEC XBRL)
CostOfRevenue,us-gaap,Cost of Revenue,USD,duration,2023-02-01,2023-10-31,FY2024 Q3,272,2025,Q3,10-Q,104535000,2024-12-10,0001676238-24-000208,,audited (SEC XBRL)
CostOfRevenue,us-gaap,Cost of Revenue,USD,duration,2023-08-01,2023-10-31,FY2024 Q3,91,2025,Q3,10-Q,36374000,2024-12-10,0001676238-24-000208,CY2023Q3,audited (SEC XBRL)
CostOfRevenue,us-gaap,Cost of Revenue,USD,duration,2023-02-01,2024-01-31,FY2024,364,2026,FY,10-K,147527000,2026-03-25,0001676238-26-000013,CY2023,audited (SEC XBRL)
CostOfRevenue,us-gaap,Cost of Revenue,USD,duration,2024-02-01,2024-04-30,FY2025 Q1,89,2026,Q1,10-Q,44548000,2025-06-06,0001676238-25-000079,CY2024Q1,audited (SEC XBRL)
CostOfRevenue,us-gaap,Cost of Revenue,USD,duration,2024-02-01,2024-07-31,FY2025 Q2,181,2026,Q2,10-Q,87968000,2025-09-05,0001676238-25-000134,,audited (SEC XBRL)
CostOfRevenue,us-gaap,Cost of Revenue,USD,duration,2024-05-01,2024-07-31,FY2025 Q2,91,2026,Q2,10-Q,43420000,2025-09-05,0001676238-25-000134,CY2024Q2,audited (SEC XBRL)
CostOfRevenue,us-gaap,Cost of Revenue,USD,duration,2024-02-01,2024-10-31,FY2025 Q3,273,2026,Q3,10-Q,133878000,2025-12-10,0001676238-25-000147,,audited (SEC XBRL)
CostOfRevenue,us-gaap,Cost of Revenue,USD,duration,2024-08-01,2024-10-31,FY2025 Q3,91,2026,Q3,10-Q,45910000,2025-12-10,0001676238-25-000147,CY2024Q3,audited (SEC XBRL)
CostOfRevenue,us-gaap,Cost of Revenue,USD,duration,2024-02-01,2025-01-31,FY2025,365,2026,FY,10-K,183191000,2026-03-25,0001676238-26-000013,CY2024,audited (SEC XBRL)
CostOfRevenue,us-gaap,Cost of Revenue,USD,duration,2025-02-01,2025-04-30,FY2026 Q1,88,2027,Q1,10-Q,50857000,2026-05-28,0001676238-26-000027,CY2025Q1,audited (SEC XBRL)
CostOfRevenue,us-gaap,Cost of Revenue,USD,duration,2025-02-01,2025-07-31,FY2026 Q2,180,2026,Q2,10-Q,109078000,2025-09-05,0001676238-25-000134,,audited (SEC XBRL)
CostOfRevenue,us-gaap,Cost of Revenue,USD,duration,2025-05-01,2025-07-31,FY2026 Q2,91,2026,Q2,10-Q,58221000,2025-09-05,0001676238-25-000134,CY2025Q2,audited (SEC XBRL)
CostOfRevenue,us-gaap,Cost of Revenue,USD,duration,2025-02-01,2025-10-31,FY2026 Q3,272,2026,Q3,10-Q,171709000,2025-12-10,0001676238-25-000147,,audited (SEC XBRL)
CostOfRevenue,us-gaap,Cost of Revenue,USD,duration,2025-08-01,2025-10-31,FY2026 Q3,91,2026,Q3,10-Q,62631000,2025-12-10,0001676238-25-000147,CY2025Q3,audited (SEC XBRL)
CostOfRevenue,us-gaap,Cost of Revenue,USD,duration,2025-02-01,2026-01-31,FY2026,364,2026,FY,10-K,242525000,2026-03-25,0001676238-26-000013,CY2025,audited (SEC XBRL)
CostOfRevenue,us-gaap,Cost of Revenue,USD,duration,2026-02-01,2026-04-30,FY2027 Q1,88,2027,Q1,10-Q,72336000,2026-05-28,0001676238-26-000027,CY2026Q1,audited (SEC XBRL)
EarningsPerShareBasic,us-gaap,"Earnings Per Share, Basic",USD/shares,duration,2019-02-01,2020-01-31,FY2020,364,2022,FY,10-K,-1.96,2022-03-31,0001676238-22-000005,CY2019,audited (SEC XBRL)
EarningsPerShareBasic,us-gaap,"Earnings Per Share, Basic",USD/shares,duration,2020-02-01,2020-10-31,FY2021 Q3,273,2022,Q3,10-Q,-1.21,2021-12-21,0001676238-21-000006,,audited (SEC XBRL)
EarningsPerShareBasic,us-gaap,"Earnings Per Share, Basic",USD/shares,duration,2020-08-01,2020-10-31,FY2021 Q3,91,2022,Q3,10-Q,-0.47,2021-12-21,0001676238-21-000006,CY2020Q3,audited (SEC XBRL)
EarningsPerShareBasic,us-gaap,"Earnings Per Share, Basic",USD/shares,duration,2020-02-01,2021-01-31,FY2021,365,2023,FY,10-K,-1.77,2023-03-31,0001676238-23-000031,CY2020,audited (SEC XBRL)
EarningsPerShareBasic,us-gaap,"Earnings Per Share, Basic",USD/shares,duration,2021-02-01,2021-04-30,FY2022 Q1,88,2023,Q1,10-Q,-0.65,2022-06-14,0001676238-22-000019,CY2021Q1,audited (SEC XBRL)
EarningsPerShareBasic,us-gaap,"Earnings Per Share, Basic",USD/shares,duration,2021-02-01,2021-07-31,FY2022 Q2,180,2023,Q2,10-Q,-1.25,2022-09-13,0001676238-22-000047,,audited (SEC XBRL)
EarningsPerShareBasic,us-gaap,"Earnings Per Share, Basic",USD/shares,duration,2021-05-01,2021-07-31,FY2022 Q2,91,2023,Q2,10-Q,-0.6,2022-09-13,0001676238-22-000047,CY2021Q2,audited (SEC XBRL)
EarningsPerShareBasic,us-gaap,"Earnings Per Share, Basic",USD/shares,duration,2021-02-01,2021-10-31,FY2022 Q3,272,2023,Q3,10-Q,-1.67,2022-12-14,0001676238-22-000065,,audited (SEC XBRL)
EarningsPerShareBasic,us-gaap,"Earnings Per Share, Basic",USD/shares,duration,2021-08-01,2021-10-31,FY2022 Q3,91,2023,Q3,10-Q,-0.42,2022-12-14,0001676238-22-000065,CY2021Q3,audited (SEC XBRL)
EarningsPerShareBasic,us-gaap,"Earnings Per Share, Basic",USD/shares,duration,2021-02-01,2022-01-31,FY2022,364,2024,FY,10-K,-2.2,2024-04-01,0001676238-24-000049,CY2021,audited (SEC XBRL)
EarningsPerShareBasic,us-gaap,"Earnings Per Share, Basic",USD/shares,duration,2022-02-01,2022-04-30,FY2023 Q1,88,2024,Q1,10-Q,-0.42,2023-06-09,0001676238-23-000068,CY2022Q1,audited (SEC XBRL)
EarningsPerShareBasic,us-gaap,"Earnings Per Share, Basic",USD/shares,duration,2022-02-01,2022-07-31,FY2023 Q2,180,2024,Q2,10-Q,-0.77,2023-09-08,0001676238-23-000145,,audited (SEC XBRL)
EarningsPerShareBasic,us-gaap,"Earnings Per Share, Basic",USD/shares,duration,2022-05-01,2022-07-31,FY2023 Q2,91,2024,Q2,10-Q,-0.35,2023-09-08,0001676238-23-000145,CY2022Q2,audited (SEC XBRL)
EarningsPerShareBasic,us-gaap,"Earnings Per Share, Basic",USD/shares,duration,2022-02-01,2022-10-31,FY2023 Q3,272,2024,Q3,10-Q,-1.12,2023-12-07,0001676238-23-000209,,audited (SEC XBRL)
EarningsPerShareBasic,us-gaap,"Earnings Per Share, Basic",USD/shares,duration,2022-08-01,2022-10-31,FY2023 Q3,91,2024,Q3,10-Q,-0.35,2023-12-07,0001676238-23-000209,CY2022Q3,audited (SEC XBRL)
EarningsPerShareBasic,us-gaap,"Earnings Per Share, Basic",USD/shares,duration,2022-02-01,2023-01-31,FY2023,364,2025,FY,10-K,-1.47,2025-03-31,0001676238-25-000054,CY2022,audited (SEC XBRL)
EarningsPerShareBasic,us-gaap,"Earnings Per Share, Basic",USD/shares,duration,2023-02-01,2023-04-30,FY2024 Q1,88,2025,Q1,10-Q,-0.4,2024-06-07,0001676238-24-000103,CY2023Q1,audited (SEC XBRL)
EarningsPerShareBasic,us-gaap,"Earnings Per Share, Basic",USD/shares,duration,2023-02-01,2023-07-31,FY2024 Q2,180,2025,Q2,10-Q,-0.72,2024-09-06,0001676238-24-000171,,audited (SEC XBRL)
EarningsPerShareBasic,us-gaap,"Earnings Per Share, Basic",USD/shares,duration,2023-05-01,2023-07-31,FY2024 Q2,91,2025,Q2,10-Q,-0.33,2024-09-06,0001676238-24-000171,CY2023Q2,audited (SEC XBRL)
EarningsPerShareBasic,us-gaap,"Earnings Per Share, Basic",USD/shares,duration,2023-02-01,2023-10-31,FY2024 Q3,272,2025,Q3,10-Q,-1.03,2024-12-10,0001676238-24-000208,,audited (SEC XBRL)
EarningsPerShareBasic,us-gaap,"Earnings Per Share, Basic",USD/shares,duration,2023-08-01,2023-10-31,FY2024 Q3,91,2025,Q3,10-Q,-0.31,2024-12-10,0001676238-24-000208,CY2023Q3,audited (SEC XBRL)
EarningsPerShareBasic,us-gaap,"Earnings Per Share, Basic",USD/shares,duration,2023-02-01,2024-01-31,FY2024,364,2026,FY,10-K,-1.32,2026-03-25,0001676238-26-000013,CY2023,audited (SEC XBRL)
EarningsPerShareBasic,us-gaap,"Earnings Per Share, Basic",USD/shares,duration,2024-02-01,2024-04-30,FY2025 Q1,89,2026,Q1,10-Q,-0.35,2025-06-06,0001676238-25-000079,CY2024Q1,audited (SEC XBRL)
EarningsPerShareBasic,us-gaap,"Earnings Per Share, Basic",USD/shares,duration,2024-02-01,2024-07-31,FY2025 Q2,181,2026,Q2,10-Q,-0.58,2025-09-05,0001676238-25-000134,,audited (SEC XBRL)
EarningsPerShareBasic,us-gaap,"Earnings Per Share, Basic",USD/shares,duration,2024-05-01,2024-07-31,FY2025 Q2,91,2026,Q2,10-Q,-0.23,2025-09-05,0001676238-25-000134,CY2024Q2,audited (SEC XBRL)
EarningsPerShareBasic,us-gaap,"Earnings Per Share, Basic",USD/shares,duration,2024-02-01,2024-10-31,FY2025 Q3,273,2026,Q3,10-Q,-0.85,2025-12-10,0001676238-25-000147,,audited (SEC XBRL)
EarningsPerShareBasic,us-gaap,"Earnings Per Share, Basic",USD/shares,duration,2024-08-01,2024-10-31,FY2025 Q3,91,2026,Q3,10-Q,-0.27,2025-12-10,0001676238-25-000147,CY2024Q3,audited (SEC XBRL)
EarningsPerShareBasic,us-gaap,"Earnings Per Share, Basic",USD/shares,duration,2024-02-01,2025-01-31,FY2025,365,2026,FY,10-K,-1.02,2026-03-25,0001676238-26-000013,CY2024,audited (SEC XBRL)
EarningsPerShareBasic,us-gaap,"Earnings Per Share, Basic",USD/shares,duration,2025-02-01,2025-04-30,FY2026 Q1,88,2027,Q1,10-Q,-0.34,2026-05-28,0001676238-26-000027,CY2025Q1,audited (SEC XBRL)
EarningsPerShareBasic,us-gaap,"Earnings Per Share, Basic",USD/shares,duration,2025-02-01,2025-07-31,FY2026 Q2,180,2026,Q2,10-Q,-0.6,2025-09-05,0001676238-25-000134,,audited (SEC XBRL)
EarningsPerShareBasic,us-gaap,"Earnings Per Share, Basic",USD/shares,duration,2025-05-01,2025-07-31,FY2026 Q2,91,2026,Q2,10-Q,-0.26,2025-09-05,0001676238-25-000134,CY2025Q2,audited (SEC XBRL)
EarningsPerShareBasic,us-gaap,"Earnings Per Share, Basic",USD/shares,duration,2025-02-01,2025-10-31,FY2026 Q3,272,2026,Q3,10-Q,-0.93,2025-12-10,0001676238-25-000147,,audited (SEC XBRL)
EarningsPerShareBasic,us-gaap,"Earnings Per Share, Basic",USD/shares,duration,2025-08-01,2025-10-31,FY2026 Q3,91,2026,Q3,10-Q,-0.33,2025-12-10,0001676238-25-000147,CY2025Q3,audited (SEC XBRL)
EarningsPerShareBasic,us-gaap,"Earnings Per Share, Basic",USD/shares,duration,2025-02-01,2026-01-31,FY2026,364,2026,FY,10-K,-1.22,2026-03-25,0001676238-26-000013,CY2025,audited (SEC XBRL)
EarningsPerShareBasic,us-gaap,"Earnings Per Share, Basic",USD/shares,duration,2026-02-01,2026-04-30,FY2027 Q1,88,2027,Q1,10-Q,-0.24,2026-05-28,0001676238-26-000027,CY2026Q1,audited (SEC XBRL)
EarningsPerShareDiluted,us-gaap,"Earnings Per Share, Diluted",USD/shares,duration,2019-02-01,2020-01-31,FY2020,364,2022,FY,10-K,-1.96,2022-03-31,0001676238-22-000005,CY2019,audited (SEC XBRL)
EarningsPerShareDiluted,us-gaap,"Earnings Per Share, Diluted",USD/shares,duration,2020-02-01,2020-10-31,FY2021 Q3,273,2022,Q3,10-Q,-1.21,2021-12-21,0001676238-21-000006,,audited (SEC XBRL)
EarningsPerShareDiluted,us-gaap,"Earnings Per Share, Diluted",USD/shares,duration,2020-08-01,2020-10-31,FY2021 Q3,91,2022,Q3,10-Q,-0.47,2021-12-21,0001676238-21-000006,CY2020Q3,audited (SEC XBRL)
EarningsPerShareDiluted,us-gaap,"Earnings Per Share, Diluted",USD/shares,duration,2020-02-01,2021-01-31,FY2021,365,2023,FY,10-K,-1.77,2023-03-31,0001676238-23-000031,CY2020,audited (SEC XBRL)
EarningsPerShareDiluted,us-gaap,"Earnings Per Share, Diluted",USD/shares,duration,2021-02-01,2021-04-30,FY2022 Q1,88,2023,Q1,10-Q,-0.65,2022-06-14,0001676238-22-000019,CY2021Q1,audited (SEC XBRL)
EarningsPerShareDiluted,us-gaap,"Earnings Per Share, Diluted",USD/shares,duration,2021-02-01,2021-07-31,FY2022 Q2,180,2023,Q2,10-Q,-1.25,2022-09-13,0001676238-22-000047,,audited (SEC XBRL)
EarningsPerShareDiluted,us-gaap,"Earnings Per Share, Diluted",USD/shares,duration,2021-05-01,2021-07-31,FY2022 Q2,91,2023,Q2,10-Q,-0.6,2022-09-13,0001676238-22-000047,CY2021Q2,audited (SEC XBRL)
EarningsPerShareDiluted,us-gaap,"Earnings Per Share, Diluted",USD/shares,duration,2021-02-01,2021-10-31,FY2022 Q3,272,2023,Q3,10-Q,-1.67,2022-12-14,0001676238-22-000065,,audited (SEC XBRL)
EarningsPerShareDiluted,us-gaap,"Earnings Per Share, Diluted",USD/shares,duration,2021-08-01,2021-10-31,FY2022 Q3,91,2023,Q3,10-Q,-0.42,2022-12-14,0001676238-22-000065,CY2021Q3,audited (SEC XBRL)
EarningsPerShareDiluted,us-gaap,"Earnings Per Share, Diluted",USD/shares,duration,2021-02-01,2022-01-31,FY2022,364,2024,FY,10-K,-2.2,2024-04-01,0001676238-24-000049,CY2021,audited (SEC XBRL)
EarningsPerShareDiluted,us-gaap,"Earnings Per Share, Diluted",USD/shares,duration,2022-02-01,2022-04-30,FY2023 Q1,88,2024,Q1,10-Q,-0.42,2023-06-09,0001676238-23-000068,CY2022Q1,audited (SEC XBRL)
EarningsPerShareDiluted,us-gaap,"Earnings Per Share, Diluted",USD/shares,duration,2022-02-01,2022-07-31,FY2023 Q2,180,2024,Q2,10-Q,-0.77,2023-09-08,0001676238-23-000145,,audited (SEC XBRL)
EarningsPerShareDiluted,us-gaap,"Earnings Per Share, Diluted",USD/shares,duration,2022-05-01,2022-07-31,FY2023 Q2,91,2024,Q2,10-Q,-0.35,2023-09-08,0001676238-23-000145,CY2022Q2,audited (SEC XBRL)
EarningsPerShareDiluted,us-gaap,"Earnings Per Share, Diluted",USD/shares,duration,2022-02-01,2022-10-31,FY2023 Q3,272,2024,Q3,10-Q,-1.12,2023-12-07,0001676238-23-000209,,audited (SEC XBRL)
EarningsPerShareDiluted,us-gaap,"Earnings Per Share, Diluted",USD/shares,duration,2022-08-01,2022-10-31,FY2023 Q3,91,2024,Q3,10-Q,-0.35,2023-12-07,0001676238-23-000209,CY2022Q3,audited (SEC XBRL)
EarningsPerShareDiluted,us-gaap,"Earnings Per Share, Diluted",USD/shares,duration,2022-02-01,2023-01-31,FY2023,364,2025,FY,10-K,-1.47,2025-03-31,0001676238-25-000054,CY2022,audited (SEC XBRL)
EarningsPerShareDiluted,us-gaap,"Earnings Per Share, Diluted",USD/shares,duration,2023-02-01,2023-04-30,FY2024 Q1,88,2025,Q1,10-Q,-0.4,2024-06-07,0001676238-24-000103,CY2023Q1,audited (SEC XBRL)
EarningsPerShareDiluted,us-gaap,"Earnings Per Share, Diluted",USD/shares,duration,2023-02-01,2023-07-31,FY2024 Q2,180,2025,Q2,10-Q,-0.72,2024-09-06,0001676238-24-000171,,audited (SEC XBRL)
EarningsPerShareDiluted,us-gaap,"Earnings Per Share, Diluted",USD/shares,duration,2023-05-01,2023-07-31,FY2024 Q2,91,2025,Q2,10-Q,-0.33,2024-09-06,0001676238-24-000171,CY2023Q2,audited (SEC XBRL)
EarningsPerShareDiluted,us-gaap,"Earnings Per Share, Diluted",USD/shares,duration,2023-02-01,2023-10-31,FY2024 Q3,272,2025,Q3,10-Q,-1.03,2024-12-10,0001676238-24-000208,,audited (SEC XBRL)
EarningsPerShareDiluted,us-gaap,"Earnings Per Share, Diluted",USD/shares,duration,2023-08-01,2023-10-31,FY2024 Q3,91,2025,Q3,10-Q,-0.31,2024-12-10,0001676238-24-000208,CY2023Q3,audited (SEC XBRL)
EarningsPerShareDiluted,us-gaap,"Earnings Per Share, Diluted",USD/shares,duration,2023-02-01,2024-01-31,FY2024,364,2026,FY,10-K,-1.32,2026-03-25,0001676238-26-000013,CY2023,audited (SEC XBRL)
EarningsPerShareDiluted,us-gaap,"Earnings Per Share, Diluted",USD/shares,duration,2024-02-01,2024-04-30,FY2025 Q1,89,2026,Q1,10-Q,-0.35,2025-06-06,0001676238-25-000079,CY2024Q1,audited (SEC XBRL)
EarningsPerShareDiluted,us-gaap,"Earnings Per Share, Diluted",USD/shares,duration,2024-02-01,2024-07-31,FY2025 Q2,181,2026,Q2,10-Q,-0.58,2025-09-05,0001676238-25-000134,,audited (SEC XBRL)
EarningsPerShareDiluted,us-gaap,"Earnings Per Share, Diluted",USD/shares,duration,2024-05-01,2024-07-31,FY2025 Q2,91,2026,Q2,10-Q,-0.23,2025-09-05,0001676238-25-000134,CY2024Q2,audited (SEC XBRL)
EarningsPerShareDiluted,us-gaap,"Earnings Per Share, Diluted",USD/shares,duration,2024-02-01,2024-10-31,FY2025 Q3,273,2026,Q3,10-Q,-0.85,2025-12-10,0001676238-25-000147,,audited (SEC XBRL)
EarningsPerShareDiluted,us-gaap,"Earnings Per Share, Diluted",USD/shares,duration,2024-08-01,2024-10-31,FY2025 Q3,91,2026,Q3,10-Q,-0.27,2025-12-10,0001676238-25-000147,CY2024Q3,audited (SEC XBRL)
EarningsPerShareDiluted,us-gaap,"Earnings Per Share, Diluted",USD/shares,duration,2024-02-01,2025-01-31,FY2025,365,2026,FY,10-K,-1.02,2026-03-25,0001676238-26-000013,CY2024,audited (SEC XBRL)
EarningsPerShareDiluted,us-gaap,"Earnings Per Share, Diluted",USD/shares,duration,2025-02-01,2025-04-30,FY2026 Q1,88,2027,Q1,10-Q,-0.34,2026-05-28,0001676238-26-000027,CY2025Q1,audited (SEC XBRL)
EarningsPerShareDiluted,us-gaap,"Earnings Per Share, Diluted",USD/shares,duration,2025-02-01,2025-07-31,FY2026 Q2,180,2026,Q2,10-Q,-0.6,2025-09-05,0001676238-25-000134,,audited (SEC XBRL)
EarningsPerShareDiluted,us-gaap,"Earnings Per Share, Diluted",USD/shares,duration,2025-05-01,2025-07-31,FY2026 Q2,91,2026,Q2,10-Q,-0.26,2025-09-05,0001676238-25-000134,CY2025Q2,audited (SEC XBRL)
EarningsPerShareDiluted,us-gaap,"Earnings Per Share, Diluted",USD/shares,duration,2025-02-01,2025-10-31,FY2026 Q3,272,2026,Q3,10-Q,-0.93,2025-12-10,0001676238-25-000147,,audited (SEC XBRL)
EarningsPerShareDiluted,us-gaap,"Earnings Per Share, Diluted",USD/shares,duration,2025-08-01,2025-10-31,FY2026 Q3,91,2026,Q3,10-Q,-0.33,2025-12-10,0001676238-25-000147,CY2025Q3,audited (SEC XBRL)
EarningsPerShareDiluted,us-gaap,"Earnings Per Share, Diluted",USD/shares,duration,2025-02-01,2026-01-31,FY2026,364,2026,FY,10-K,-1.22,2026-03-25,0001676238-26-000013,CY2025,audited (SEC XBRL)
EarningsPerShareDiluted,us-gaap,"Earnings Per Share, Diluted",USD/shares,duration,2026-02-01,2026-04-30,FY2027 Q1,88,2027,Q1,10-Q,-0.24,2026-05-28,0001676238-26-000027,CY2026Q1,audited (SEC XBRL)
GeneralAndAdministrativeExpense,us-gaap,General and Administrative Expense,USD,duration,2019-02-01,2020-01-31,FY2020,364,2022,FY,10-K,16524000,2022-03-31,0001676238-22-000005,CY2019,audited (SEC XBRL)
GeneralAndAdministrativeExpense,us-gaap,General and Administrative Expense,USD,duration,2020-02-01,2020-10-31,FY2021 Q3,273,2022,Q3,10-Q,19296000,2021-12-21,0001676238-21-000006,,audited (SEC XBRL)
GeneralAndAdministrativeExpense,us-gaap,General and Administrative Expense,USD,duration,2020-08-01,2020-10-31,FY2021 Q3,91,2022,Q3,10-Q,7142000,2021-12-21,0001676238-21-000006,CY2020Q3,audited (SEC XBRL)
GeneralAndAdministrativeExpense,us-gaap,General and Administrative Expense,USD,duration,2020-02-01,2021-01-31,FY2021,365,2023,FY,10-K,27959000,2023-03-31,0001676238-23-000031,CY2020,audited (SEC XBRL)
GeneralAndAdministrativeExpense,us-gaap,General and Administrative Expense,USD,duration,2021-02-01,2021-04-30,FY2022 Q1,88,2023,Q1,10-Q,8947000,2022-06-14,0001676238-22-000019,CY2021Q1,audited (SEC XBRL)
GeneralAndAdministrativeExpense,us-gaap,General and Administrative Expense,USD,duration,2021-02-01,2021-07-31,FY2022 Q2,180,2023,Q2,10-Q,19011000,2022-09-13,0001676238-22-000047,,audited (SEC XBRL)
GeneralAndAdministrativeExpense,us-gaap,General and Administrative Expense,USD,duration,2021-05-01,2021-07-31,FY2022 Q2,91,2023,Q2,10-Q,10064000,2022-09-13,0001676238-22-000047,CY2021Q2,audited (SEC XBRL)
GeneralAndAdministrativeExpense,us-gaap,General and Administrative Expense,USD,duration,2021-02-01,2021-10-31,FY2022 Q3,272,2023,Q3,10-Q,31947000,2022-12-14,0001676238-22-000065,,audited (SEC XBRL)
GeneralAndAdministrativeExpense,us-gaap,General and Administrative Expense,USD,duration,2021-08-01,2021-10-31,FY2022 Q3,91,2023,Q3,10-Q,12936000,2022-12-14,0001676238-22-000065,CY2021Q3,audited (SEC XBRL)
GeneralAndAdministrativeExpense,us-gaap,General and Administrative Expense,USD,duration,2021-02-01,2022-01-31,FY2022,364,2024,FY,10-K,51564000,2024-04-01,0001676238-24-000049,CY2021,audited (SEC XBRL)
GeneralAndAdministrativeExpense,us-gaap,General and Administrative Expense,USD,duration,2022-02-01,2022-04-30,FY2023 Q1,88,2024,Q1,10-Q,23574000,2023-06-09,0001676238-23-000068,CY2022Q1,audited (SEC XBRL)
GeneralAndAdministrativeExpense,us-gaap,General and Administrative Expense,USD,duration,2022-02-01,2022-07-31,FY2023 Q2,180,2024,Q2,10-Q,44117000,2023-09-08,0001676238-23-000145,,audited (SEC XBRL)
GeneralAndAdministrativeExpense,us-gaap,General and Administrative Expense,USD,duration,2022-05-01,2022-07-31,FY2023 Q2,91,2024,Q2,10-Q,20543000,2023-09-08,0001676238-23-000145,CY2022Q2,audited (SEC XBRL)
GeneralAndAdministrativeExpense,us-gaap,General and Administrative Expense,USD,duration,2022-02-01,2022-10-31,FY2023 Q3,272,2024,Q3,10-Q,66547000,2023-12-07,0001676238-23-000209,,audited (SEC XBRL)
GeneralAndAdministrativeExpense,us-gaap,General and Administrative Expense,USD,duration,2022-08-01,2022-10-31,FY2023 Q3,91,2024,Q3,10-Q,22430000,2023-12-07,0001676238-23-000209,CY2022Q3,audited (SEC XBRL)
GeneralAndAdministrativeExpense,us-gaap,General and Administrative Expense,USD,duration,2022-02-01,2023-01-31,FY2023,364,2025,FY,10-K,88771000,2025-03-31,0001676238-25-000054,CY2022,audited (SEC XBRL)
GeneralAndAdministrativeExpense,us-gaap,General and Administrative Expense,USD,duration,2023-02-01,2023-04-30,FY2024 Q1,88,2025,Q1,10-Q,23983000,2024-06-07,0001676238-24-000103,CY2023Q1,audited (SEC XBRL)
GeneralAndAdministrativeExpense,us-gaap,General and Administrative Expense,USD,duration,2023-02-01,2023-07-31,FY2024 Q2,180,2025,Q2,10-Q,49436000,2024-09-06,0001676238-24-000171,,audited (SEC XBRL)
GeneralAndAdministrativeExpense,us-gaap,General and Administrative Expense,USD,duration,2023-05-01,2023-07-31,FY2024 Q2,91,2025,Q2,10-Q,25453000,2024-09-06,0001676238-24-000171,CY2023Q2,audited (SEC XBRL)
GeneralAndAdministrativeExpense,us-gaap,General and Administrative Expense,USD,duration,2023-02-01,2023-10-31,FY2024 Q3,272,2025,Q3,10-Q,75884000,2024-12-10,0001676238-24-000208,,audited (SEC XBRL)
GeneralAndAdministrativeExpense,us-gaap,General and Administrative Expense,USD,duration,2023-08-01,2023-10-31,FY2024 Q3,91,2025,Q3,10-Q,26448000,2024-12-10,0001676238-24-000208,CY2023Q3,audited (SEC XBRL)
GeneralAndAdministrativeExpense,us-gaap,General and Administrative Expense,USD,duration,2023-02-01,2024-01-31,FY2024,364,2026,FY,10-K,101977000,2026-03-25,0001676238-26-000013,CY2023,audited (SEC XBRL)
GeneralAndAdministrativeExpense,us-gaap,General and Administrative Expense,USD,duration,2024-02-01,2024-04-30,FY2025 Q1,89,2026,Q1,10-Q,26791000,2025-06-06,0001676238-25-000079,CY2024Q1,audited (SEC XBRL)
GeneralAndAdministrativeExpense,us-gaap,General and Administrative Expense,USD,duration,2024-02-01,2024-07-31,FY2025 Q2,181,2026,Q2,10-Q,55110000,2025-09-05,0001676238-25-000134,,audited (SEC XBRL)
GeneralAndAdministrativeExpense,us-gaap,General and Administrative Expense,USD,duration,2024-05-01,2024-07-31,FY2025 Q2,91,2026,Q2,10-Q,28319000,2025-09-05,0001676238-25-000134,CY2024Q2,audited (SEC XBRL)
GeneralAndAdministrativeExpense,us-gaap,General and Administrative Expense,USD,duration,2024-02-01,2024-10-31,FY2025 Q3,273,2026,Q3,10-Q,86309000,2025-12-10,0001676238-25-000147,,audited (SEC XBRL)
GeneralAndAdministrativeExpense,us-gaap,General and Administrative Expense,USD,duration,2024-08-01,2024-10-31,FY2025 Q3,91,2026,Q3,10-Q,31199000,2025-12-10,0001676238-25-000147,CY2024Q3,audited (SEC XBRL)
GeneralAndAdministrativeExpense,us-gaap,General and Administrative Expense,USD,duration,2024-02-01,2025-01-31,FY2025,365,2026,FY,10-K,116093000,2026-03-25,0001676238-26-000013,CY2024,audited (SEC XBRL)
GeneralAndAdministrativeExpense,us-gaap,General and Administrative Expense,USD,duration,2025-02-01,2025-04-30,FY2026 Q1,88,2027,Q1,10-Q,40500000,2026-05-28,0001676238-26-000027,CY2025Q1,audited (SEC XBRL)
GeneralAndAdministrativeExpense,us-gaap,General and Administrative Expense,USD,duration,2025-02-01,2025-07-31,FY2026 Q2,180,2026,Q2,10-Q,77294000,2025-09-05,0001676238-25-000134,,audited (SEC XBRL)
GeneralAndAdministrativeExpense,us-gaap,General and Administrative Expense,USD,duration,2025-05-01,2025-07-31,FY2026 Q2,91,2026,Q2,10-Q,36794000,2025-09-05,0001676238-25-000134,CY2025Q2,audited (SEC XBRL)
GeneralAndAdministrativeExpense,us-gaap,General and Administrative Expense,USD,duration,2025-02-01,2025-10-31,FY2026 Q3,272,2026,Q3,10-Q,110387000,2025-12-10,0001676238-25-000147,,audited (SEC XBRL)
GeneralAndAdministrativeExpense,us-gaap,General and Administrative Expense,USD,duration,2025-08-01,2025-10-31,FY2026 Q3,91,2026,Q3,10-Q,33093000,2025-12-10,0001676238-25-000147,CY2025Q3,audited (SEC XBRL)
GeneralAndAdministrativeExpense,us-gaap,General and Administrative Expense,USD,duration,2025-02-01,2026-01-31,FY2026,364,2026,FY,10-K,146259000,2026-03-25,0001676238-26-000013,CY2025,audited (SEC XBRL)
GeneralAndAdministrativeExpense,us-gaap,General and Administrative Expense,USD,duration,2026-02-01,2026-04-30,FY2027 Q1,88,2027,Q1,10-Q,30889000,2026-05-28,0001676238-26-000027,CY2026Q1,audited (SEC XBRL)
Goodwill,us-gaap,Goodwill,USD,instant,,2023-01-31,FY2023 as at 2023-01-31,0,2024,FY,10-K,0,2024-04-01,0001676238-24-000049,CY2022Q4I,audited (SEC XBRL)
Goodwill,us-gaap,Goodwill,USD,instant,,2023-07-31,FY2024 as at 2023-07-31,0,2024,Q2,10-Q,28045000,2023-09-08,0001676238-23-000145,CY2023Q2I,audited (SEC XBRL)
Goodwill,us-gaap,Goodwill,USD,instant,,2023-10-31,FY2024 as at 2023-10-31,0,2024,Q3,10-Q,28112000,2023-12-07,0001676238-23-000209,CY2023Q3I,audited (SEC XBRL)
Goodwill,us-gaap,Goodwill,USD,instant,,2024-01-31,FY2024 as at 2024-01-31,0,2025,FY,10-K,28448000,2025-03-31,0001676238-25-000054,CY2023Q4I,audited (SEC XBRL)
Goodwill,us-gaap,Goodwill,USD,instant,,2024-04-30,FY2025 as at 2024-04-30,0,2025,Q1,10-Q,28448000,2024-06-07,0001676238-24-000103,CY2024Q1I,audited (SEC XBRL)
Goodwill,us-gaap,Goodwill,USD,instant,,2024-07-31,FY2025 as at 2024-07-31,0,2025,Q2,10-Q,28448000,2024-09-06,0001676238-24-000171,CY2024Q2I,audited (SEC XBRL)
Goodwill,us-gaap,Goodwill,USD,instant,,2024-10-31,FY2025 as at 2024-10-31,0,2025,Q3,10-Q,28448000,2024-12-10,0001676238-24-000208,CY2024Q3I,audited (SEC XBRL)
Goodwill,us-gaap,Goodwill,USD,instant,,2025-01-31,FY2025 as at 2025-01-31,0,2026,FY,10-K,28448000,2026-03-25,0001676238-26-000013,CY2024Q4I,audited (SEC XBRL)
Goodwill,us-gaap,Goodwill,USD,instant,,2025-04-30,FY2026 as at 2025-04-30,0,2026,Q1,10-Q,28448000,2025-06-06,0001676238-25-000079,CY2025Q1I,audited (SEC XBRL)
Goodwill,us-gaap,Goodwill,USD,instant,,2025-07-31,FY2026 as at 2025-07-31,0,2026,Q2,10-Q,267778000,2025-09-05,0001676238-25-000134,CY2025Q2I,audited (SEC XBRL)
Goodwill,us-gaap,Goodwill,USD,instant,,2025-10-31,FY2026 as at 2025-10-31,0,2026,Q3,10-Q,266981000,2025-12-10,0001676238-25-000147,CY2025Q3I,audited (SEC XBRL)
Goodwill,us-gaap,Goodwill,USD,instant,,2026-01-31,FY2026 as at 2026-01-31,0,2027,Q1,10-Q,261857000,2026-05-28,0001676238-26-000027,CY2025Q4I,audited (SEC XBRL)
Goodwill,us-gaap,Goodwill,USD,instant,,2026-04-30,FY2027 as at 2026-04-30,0,2027,Q1,10-Q,262120000,2026-05-28,0001676238-26-000027,CY2026Q1I,audited (SEC XBRL)
GrossProfit,us-gaap,Gross Profit,USD,duration,2019-02-01,2020-01-31,FY2020,364,2022,FY,10-K,60678000,2022-03-31,0001676238-22-000005,CY2019,audited (SEC XBRL)
GrossProfit,us-gaap,Gross Profit,USD,duration,2020-02-01,2020-10-31,FY2021 Q3,273,2022,Q3,10-Q,68029000,2021-12-21,0001676238-21-000006,,audited (SEC XBRL)
GrossProfit,us-gaap,Gross Profit,USD,duration,2020-08-01,2020-10-31,FY2021 Q3,91,2022,Q3,10-Q,24901000,2021-12-21,0001676238-21-000006,CY2020Q3,audited (SEC XBRL)
GrossProfit,us-gaap,Gross Profit,USD,duration,2020-02-01,2021-01-31,FY2021,365,2023,FY,10-K,95680000,2023-03-31,0001676238-23-000031,CY2020,audited (SEC XBRL)
GrossProfit,us-gaap,Gross Profit,USD,duration,2021-02-01,2021-04-30,FY2022 Q1,88,2023,Q1,10-Q,32070000,2022-06-14,0001676238-22-000019,CY2021Q1,audited (SEC XBRL)
GrossProfit,us-gaap,Gross Profit,USD,duration,2021-02-01,2021-07-31,FY2022 Q2,180,2023,Q2,10-Q,69071000,2022-09-13,0001676238-22-000047,,audited (SEC XBRL)
GrossProfit,us-gaap,Gross Profit,USD,duration,2021-05-01,2021-07-31,FY2022 Q2,91,2023,Q2,10-Q,37001000,2022-09-13,0001676238-22-000047,CY2021Q2,audited (SEC XBRL)
GrossProfit,us-gaap,Gross Profit,USD,duration,2021-02-01,2021-10-31,FY2022 Q3,272,2023,Q3,10-Q,113865000,2022-12-14,0001676238-22-000065,,audited (SEC XBRL)
GrossProfit,us-gaap,Gross Profit,USD,duration,2021-08-01,2021-10-31,FY2022 Q3,91,2023,Q3,10-Q,44794000,2022-12-14,0001676238-22-000065,CY2021Q3,audited (SEC XBRL)
GrossProfit,us-gaap,Gross Profit,USD,duration,2021-02-01,2022-01-31,FY2022,364,2024,FY,10-K,159524000,2024-04-01,0001676238-24-000049,CY2021,audited (SEC XBRL)
GrossProfit,us-gaap,Gross Profit,USD,duration,2022-02-01,2022-04-30,FY2023 Q1,88,2024,Q1,10-Q,51589000,2023-06-09,0001676238-23-000068,CY2022Q1,audited (SEC XBRL)
GrossProfit,us-gaap,Gross Profit,USD,duration,2022-02-01,2022-07-31,FY2023 Q2,180,2024,Q2,10-Q,110368000,2023-09-08,0001676238-23-000145,,audited (SEC XBRL)
GrossProfit,us-gaap,Gross Profit,USD,duration,2022-05-01,2022-07-31,FY2023 Q2,91,2024,Q2,10-Q,58779000,2023-09-08,0001676238-23-000145,CY2022Q2,audited (SEC XBRL)
GrossProfit,us-gaap,Gross Profit,USD,duration,2022-02-01,2022-10-31,FY2023 Q3,272,2024,Q3,10-Q,174358000,2023-12-07,0001676238-23-000209,,audited (SEC XBRL)
GrossProfit,us-gaap,Gross Profit,USD,duration,2022-08-01,2022-10-31,FY2023 Q3,91,2024,Q3,10-Q,63990000,2023-12-07,0001676238-23-000209,CY2022Q3,audited (SEC XBRL)
GrossProfit,us-gaap,Gross Profit,USD,duration,2022-02-01,2023-01-31,FY2023,364,2025,FY,10-K,239608000,2025-03-31,0001676238-25-000054,CY2022,audited (SEC XBRL)
GrossProfit,us-gaap,Gross Profit,USD,duration,2023-02-01,2023-04-30,FY2024 Q1,88,2025,Q1,10-Q,69093000,2024-06-07,0001676238-24-000103,CY2023Q1,audited (SEC XBRL)
GrossProfit,us-gaap,Gross Profit,USD,duration,2023-02-01,2023-07-31,FY2024 Q2,180,2025,Q2,10-Q,148726000,2024-09-06,0001676238-24-000171,,audited (SEC XBRL)
GrossProfit,us-gaap,Gross Profit,USD,duration,2023-05-01,2023-07-31,FY2024 Q2,91,2025,Q2,10-Q,79633000,2024-09-06,0001676238-24-000171,CY2023Q2,audited (SEC XBRL)
GrossProfit,us-gaap,Gross Profit,USD,duration,2023-02-01,2023-10-31,FY2024 Q3,272,2025,Q3,10-Q,236308000,2024-12-10,0001676238-24-000208,,audited (SEC XBRL)
GrossProfit,us-gaap,Gross Profit,USD,duration,2023-08-01,2023-10-31,FY2024 Q3,91,2025,Q3,10-Q,87582000,2024-12-10,0001676238-24-000208,CY2023Q3,audited (SEC XBRL)
GrossProfit,us-gaap,Gross Profit,USD,duration,2023-02-01,2024-01-31,FY2024,364,2026,FY,10-K,324273000,2026-03-25,0001676238-26-000013,CY2023,audited (SEC XBRL)
GrossProfit,us-gaap,Gross Profit,USD,duration,2024-02-01,2024-04-30,FY2025 Q1,89,2026,Q1,10-Q,90911000,2025-06-06,0001676238-25-000079,CY2024Q1,audited (SEC XBRL)
GrossProfit,us-gaap,Gross Profit,USD,duration,2024-02-01,2024-07-31,FY2025 Q2,181,2026,Q2,10-Q,192990000,2025-09-05,0001676238-25-000134,,audited (SEC XBRL)
GrossProfit,us-gaap,Gross Profit,USD,duration,2024-05-01,2024-07-31,FY2025 Q2,91,2026,Q2,10-Q,102079000,2025-09-05,0001676238-25-000134,CY2024Q2,audited (SEC XBRL)
GrossProfit,us-gaap,Gross Profit,USD,duration,2024-02-01,2024-10-31,FY2025 Q3,273,2026,Q3,10-Q,299132000,2025-12-10,0001676238-25-000147,,audited (SEC XBRL)
GrossProfit,us-gaap,Gross Profit,USD,duration,2024-08-01,2024-10-31,FY2025 Q3,91,2026,Q3,10-Q,106142000,2025-12-10,0001676238-25-000147,CY2024Q3,audited (SEC XBRL)
GrossProfit,us-gaap,Gross Profit,USD,duration,2024-02-01,2025-01-31,FY2025,365,2026,FY,10-K,410219000,2026-03-25,0001676238-26-000013,CY2024,audited (SEC XBRL)
GrossProfit,us-gaap,Gross Profit,USD,duration,2025-02-01,2025-04-30,FY2026 Q1,88,2027,Q1,10-Q,111202000,2026-05-28,0001676238-26-000027,CY2025Q1,audited (SEC XBRL)
GrossProfit,us-gaap,Gross Profit,USD,duration,2025-02-01,2025-07-31,FY2026 Q2,180,2026,Q2,10-Q,233092000,2025-09-05,0001676238-25-000134,,audited (SEC XBRL)
GrossProfit,us-gaap,Gross Profit,USD,duration,2025-05-01,2025-07-31,FY2026 Q2,91,2026,Q2,10-Q,121890000,2025-09-05,0001676238-25-000134,CY2025Q2,audited (SEC XBRL)
GrossProfit,us-gaap,Gross Profit,USD,duration,2025-02-01,2025-10-31,FY2026 Q3,272,2026,Q3,10-Q,361303000,2025-12-10,0001676238-25-000147,,audited (SEC XBRL)
GrossProfit,us-gaap,Gross Profit,USD,duration,2025-08-01,2025-10-31,FY2026 Q3,91,2026,Q3,10-Q,128211000,2025-12-10,0001676238-25-000147,CY2025Q3,audited (SEC XBRL)
GrossProfit,us-gaap,Gross Profit,USD,duration,2025-02-01,2026-01-31,FY2026,364,2026,FY,10-K,495657000,2026-03-25,0001676238-26-000013,CY2025,audited (SEC XBRL)
GrossProfit,us-gaap,Gross Profit,USD,duration,2026-02-01,2026-04-30,FY2027 Q1,88,2027,Q1,10-Q,138663000,2026-05-28,0001676238-26-000027,CY2026Q1,audited (SEC XBRL)
IntangibleAssetsNetExcludingGoodwill,us-gaap,"Intangible Assets, Net (Excluding Goodwill)",USD,instant,,2023-01-31,FY2023 as at 2023-01-31,0,2024,FY,10-K,500000,2024-04-01,0001676238-24-000049,CY2022Q4I,audited (SEC XBRL)
IntangibleAssetsNetExcludingGoodwill,us-gaap,"Intangible Assets, Net (Excluding Goodwill)",USD,instant,,2023-07-31,FY2024 as at 2023-07-31,0,2024,Q2,10-Q,4122000,2023-09-08,0001676238-23-000145,CY2023Q2I,audited (SEC XBRL)
IntangibleAssetsNetExcludingGoodwill,us-gaap,"Intangible Assets, Net (Excluding Goodwill)",USD,instant,,2023-10-31,FY2024 as at 2023-10-31,0,2024,Q3,10-Q,3907000,2023-12-07,0001676238-23-000209,CY2023Q3I,audited (SEC XBRL)
IntangibleAssetsNetExcludingGoodwill,us-gaap,"Intangible Assets, Net (Excluding Goodwill)",USD,instant,,2024-01-31,FY2024 as at 2024-01-31,0,2025,FY,10-K,3690000,2025-03-31,0001676238-25-000054,CY2023Q4I,audited (SEC XBRL)
IntangibleAssetsNetExcludingGoodwill,us-gaap,"Intangible Assets, Net (Excluding Goodwill)",USD,instant,,2024-04-30,FY2025 as at 2024-04-30,0,2025,Q1,10-Q,3472000,2024-06-07,0001676238-24-000103,CY2024Q1I,audited (SEC XBRL)
IntangibleAssetsNetExcludingGoodwill,us-gaap,"Intangible Assets, Net (Excluding Goodwill)",USD,instant,,2024-07-31,FY2025 as at 2024-07-31,0,2025,Q2,10-Q,3332000,2024-09-06,0001676238-24-000171,CY2024Q2I,audited (SEC XBRL)
IntangibleAssetsNetExcludingGoodwill,us-gaap,"Intangible Assets, Net (Excluding Goodwill)",USD,instant,,2024-10-31,FY2025 as at 2024-10-31,0,2025,Q3,10-Q,3231000,2024-12-10,0001676238-24-000208,CY2024Q3I,audited (SEC XBRL)
IntangibleAssetsNetExcludingGoodwill,us-gaap,"Intangible Assets, Net (Excluding Goodwill)",USD,instant,,2025-01-31,FY2025 as at 2025-01-31,0,2026,FY,10-K,3130000,2026-03-25,0001676238-26-000013,CY2024Q4I,audited (SEC XBRL)
IntangibleAssetsNetExcludingGoodwill,us-gaap,"Intangible Assets, Net (Excluding Goodwill)",USD,instant,,2025-04-30,FY2026 as at 2025-04-30,0,2026,Q1,10-Q,3029000,2025-06-06,0001676238-25-000079,CY2025Q1I,audited (SEC XBRL)
IntangibleAssetsNetExcludingGoodwill,us-gaap,"Intangible Assets, Net (Excluding Goodwill)",USD,instant,,2025-07-31,FY2026 as at 2025-07-31,0,2026,Q2,10-Q,67643000,2025-09-05,0001676238-25-000134,CY2025Q2I,audited (SEC XBRL)
IntangibleAssetsNetExcludingGoodwill,us-gaap,"Intangible Assets, Net (Excluding Goodwill)",USD,instant,,2025-10-31,FY2026 as at 2025-10-31,0,2026,Q3,10-Q,64527000,2025-12-10,0001676238-25-000147,CY2025Q3I,audited (SEC XBRL)
IntangibleAssetsNetExcludingGoodwill,us-gaap,"Intangible Assets, Net (Excluding Goodwill)",USD,instant,,2026-01-31,FY2026 as at 2026-01-31,0,2027,Q1,10-Q,61487000,2026-05-28,0001676238-26-000027,CY2025Q4I,audited (SEC XBRL)
IntangibleAssetsNetExcludingGoodwill,us-gaap,"Intangible Assets, Net (Excluding Goodwill)",USD,instant,,2026-04-30,FY2027 as at 2026-04-30,0,2027,Q1,10-Q,58447000,2026-05-28,0001676238-26-000027,CY2026Q1I,audited (SEC XBRL)
Liabilities,us-gaap,Liabilities,USD,instant,,2021-01-31,FY2021 as at 2021-01-31,0,2022,FY,10-K,103439000,2022-03-31,0001676238-22-000005,CY2020Q4I,audited (SEC XBRL)
Liabilities,us-gaap,Liabilities,USD,instant,,2021-10-31,FY2022 as at 2021-10-31,0,2022,Q3,10-Q,124700000,2021-12-21,0001676238-21-000006,CY2021Q3I,audited (SEC XBRL)
Liabilities,us-gaap,Liabilities,USD,instant,,2022-01-31,FY2022 as at 2022-01-31,0,2023,FY,10-K,161444000,2023-03-31,0001676238-23-000031,CY2021Q4I,audited (SEC XBRL)
Liabilities,us-gaap,Liabilities,USD,instant,,2022-04-30,FY2023 as at 2022-04-30,0,2023,Q1,10-Q,228754000,2022-06-14,0001676238-22-000019,CY2022Q1I,audited (SEC XBRL)
Liabilities,us-gaap,Liabilities,USD,instant,,2022-07-31,FY2023 as at 2022-07-31,0,2023,Q2,10-Q,229198000,2022-09-13,0001676238-22-000047,CY2022Q2I,audited (SEC XBRL)
Liabilities,us-gaap,Liabilities,USD,instant,,2022-10-31,FY2023 as at 2022-10-31,0,2023,Q3,10-Q,223204000,2022-12-14,0001676238-22-000065,CY2022Q3I,audited (SEC XBRL)
Liabilities,us-gaap,Liabilities,USD,instant,,2023-01-31,FY2023 as at 2023-01-31,0,2024,FY,10-K,258648000,2024-04-01,0001676238-24-000049,CY2022Q4I,audited (SEC XBRL)
Liabilities,us-gaap,Liabilities,USD,instant,,2023-04-30,FY2024 as at 2023-04-30,0,2024,Q1,10-Q,285061000,2023-06-09,0001676238-23-000068,CY2023Q1I,audited (SEC XBRL)
Liabilities,us-gaap,Liabilities,USD,instant,,2023-07-31,FY2024 as at 2023-07-31,0,2024,Q2,10-Q,291041000,2023-09-08,0001676238-23-000145,CY2023Q2I,audited (SEC XBRL)
Liabilities,us-gaap,Liabilities,USD,instant,,2023-10-31,FY2024 as at 2023-10-31,0,2024,Q3,10-Q,330184000,2023-12-07,0001676238-23-000209,CY2023Q3I,audited (SEC XBRL)
Liabilities,us-gaap,Liabilities,USD,instant,,2024-01-31,FY2024 as at 2024-01-31,0,2025,FY,10-K,366516000,2025-03-31,0001676238-25-000054,CY2023Q4I,audited (SEC XBRL)
Liabilities,us-gaap,Liabilities,USD,instant,,2024-04-30,FY2025 as at 2024-04-30,0,2025,Q1,10-Q,379893000,2024-06-07,0001676238-24-000103,CY2024Q1I,audited (SEC XBRL)
Liabilities,us-gaap,Liabilities,USD,instant,,2024-07-31,FY2025 as at 2024-07-31,0,2025,Q2,10-Q,371906000,2024-09-06,0001676238-24-000171,CY2024Q2I,audited (SEC XBRL)
Liabilities,us-gaap,Liabilities,USD,instant,,2024-10-31,FY2025 as at 2024-10-31,0,2025,Q3,10-Q,384199000,2024-12-10,0001676238-24-000208,CY2024Q3I,audited (SEC XBRL)
Liabilities,us-gaap,Liabilities,USD,instant,,2025-01-31,FY2025 as at 2025-01-31,0,2026,FY,10-K,396249000,2026-03-25,0001676238-26-000013,CY2024Q4I,audited (SEC XBRL)
Liabilities,us-gaap,Liabilities,USD,instant,,2025-04-30,FY2026 as at 2025-04-30,0,2026,Q1,10-Q,414675000,2025-06-06,0001676238-25-000079,CY2025Q1I,audited (SEC XBRL)
Liabilities,us-gaap,Liabilities,USD,instant,,2025-07-31,FY2026 as at 2025-07-31,0,2026,Q2,10-Q,423487000,2025-09-05,0001676238-25-000134,CY2025Q2I,audited (SEC XBRL)
Liabilities,us-gaap,Liabilities,USD,instant,,2025-10-31,FY2026 as at 2025-10-31,0,2026,Q3,10-Q,438886000,2025-12-10,0001676238-25-000147,CY2025Q3I,audited (SEC XBRL)
Liabilities,us-gaap,Liabilities,USD,instant,,2026-01-31,FY2026 as at 2026-01-31,0,2027,Q1,10-Q,489601000,2026-05-28,0001676238-26-000027,CY2025Q4I,audited (SEC XBRL)
Liabilities,us-gaap,Liabilities,USD,instant,,2026-04-30,FY2027 as at 2026-04-30,0,2027,Q1,10-Q,507878000,2026-05-28,0001676238-26-000027,CY2026Q1I,audited (SEC XBRL)
LiabilitiesCurrent,us-gaap,"Liabilities, Current",USD,instant,,2021-01-31,FY2021 as at 2021-01-31,0,2022,FY,10-K,101132000,2022-03-31,0001676238-22-000005,CY2020Q4I,audited (SEC XBRL)
LiabilitiesCurrent,us-gaap,"Liabilities, Current",USD,instant,,2021-10-31,FY2022 as at 2021-10-31,0,2022,Q3,10-Q,122439000,2021-12-21,0001676238-21-000006,CY2021Q3I,audited (SEC XBRL)
LiabilitiesCurrent,us-gaap,"Liabilities, Current",USD,instant,,2022-01-31,FY2022 as at 2022-01-31,0,2023,FY,10-K,159966000,2023-03-31,0001676238-23-000031,CY2021Q4I,audited (SEC XBRL)
LiabilitiesCurrent,us-gaap,"Liabilities, Current",USD,instant,,2022-04-30,FY2023 as at 2022-04-30,0,2023,Q1,10-Q,180979000,2022-06-14,0001676238-22-000019,CY2022Q1I,audited (SEC XBRL)
LiabilitiesCurrent,us-gaap,"Liabilities, Current",USD,instant,,2022-07-31,FY2023 as at 2022-07-31,0,2023,Q2,10-Q,184306000,2022-09-13,0001676238-22-000047,CY2022Q2I,audited (SEC XBRL)
LiabilitiesCurrent,us-gaap,"Liabilities, Current",USD,instant,,2022-10-31,FY2023 as at 2022-10-31,0,2023,Q3,10-Q,181675000,2022-12-14,0001676238-22-000065,CY2022Q3I,audited (SEC XBRL)
LiabilitiesCurrent,us-gaap,"Liabilities, Current",USD,instant,,2023-01-31,FY2023 as at 2023-01-31,0,2024,FY,10-K,217303000,2024-04-01,0001676238-24-000049,CY2022Q4I,audited (SEC XBRL)
LiabilitiesCurrent,us-gaap,"Liabilities, Current",USD,instant,,2023-04-30,FY2024 as at 2023-04-30,0,2024,Q1,10-Q,245036000,2023-06-09,0001676238-23-000068,CY2023Q1I,audited (SEC XBRL)
LiabilitiesCurrent,us-gaap,"Liabilities, Current",USD,instant,,2023-07-31,FY2024 as at 2023-07-31,0,2024,Q2,10-Q,248468000,2023-09-08,0001676238-23-000145,CY2023Q2I,audited (SEC XBRL)
LiabilitiesCurrent,us-gaap,"Liabilities, Current",USD,instant,,2023-10-31,FY2024 as at 2023-10-31,0,2024,Q3,10-Q,248339000,2023-12-07,0001676238-23-000209,CY2023Q3I,audited (SEC XBRL)
LiabilitiesCurrent,us-gaap,"Liabilities, Current",USD,instant,,2024-01-31,FY2024 as at 2024-01-31,0,2025,FY,10-K,289439000,2025-03-31,0001676238-25-000054,CY2023Q4I,audited (SEC XBRL)
LiabilitiesCurrent,us-gaap,"Liabilities, Current",USD,instant,,2024-04-30,FY2025 as at 2024-04-30,0,2025,Q1,10-Q,305646000,2024-06-07,0001676238-24-000103,CY2024Q1I,audited (SEC XBRL)
LiabilitiesCurrent,us-gaap,"Liabilities, Current",USD,instant,,2024-07-31,FY2025 as at 2024-07-31,0,2025,Q2,10-Q,298057000,2024-09-06,0001676238-24-000171,CY2024Q2I,audited (SEC XBRL)
LiabilitiesCurrent,us-gaap,"Liabilities, Current",USD,instant,,2024-10-31,FY2025 as at 2024-10-31,0,2025,Q3,10-Q,308231000,2024-12-10,0001676238-24-000208,CY2024Q3I,audited (SEC XBRL)
LiabilitiesCurrent,us-gaap,"Liabilities, Current",USD,instant,,2025-01-31,FY2025 as at 2025-01-31,0,2026,FY,10-K,324477000,2026-03-25,0001676238-26-000013,CY2024Q4I,audited (SEC XBRL)
LiabilitiesCurrent,us-gaap,"Liabilities, Current",USD,instant,,2025-04-30,FY2026 as at 2025-04-30,0,2026,Q1,10-Q,343863000,2025-06-06,0001676238-25-000079,CY2025Q1I,audited (SEC XBRL)
LiabilitiesCurrent,us-gaap,"Liabilities, Current",USD,instant,,2025-07-31,FY2026 as at 2025-07-31,0,2026,Q2,10-Q,353661000,2025-09-05,0001676238-25-000134,CY2025Q2I,audited (SEC XBRL)
LiabilitiesCurrent,us-gaap,"Liabilities, Current",USD,instant,,2025-10-31,FY2026 as at 2025-10-31,0,2026,Q3,10-Q,369367000,2025-12-10,0001676238-25-000147,CY2025Q3I,audited (SEC XBRL)
LiabilitiesCurrent,us-gaap,"Liabilities, Current",USD,instant,,2026-01-31,FY2026 as at 2026-01-31,0,2027,Q1,10-Q,420414000,2026-05-28,0001676238-26-000027,CY2025Q4I,audited (SEC XBRL)
LiabilitiesCurrent,us-gaap,"Liabilities, Current",USD,instant,,2026-04-30,FY2027 as at 2026-04-30,0,2027,Q1,10-Q,441480000,2026-05-28,0001676238-26-000027,CY2026Q1I,audited (SEC XBRL)
NetCashProvidedByUsedInFinancingActivities,us-gaap,Net Cash Provided by (Used in) Financing Activities,USD,duration,2019-02-01,2020-01-31,FY2020,364,2022,FY,10-K,1257000,2022-03-31,0001676238-22-000005,CY2019,audited (SEC XBRL)
NetCashProvidedByUsedInFinancingActivities,us-gaap,Net Cash Provided by (Used in) Financing Activities,USD,duration,2020-02-01,2020-10-31,FY2021 Q3,273,2022,Q3,10-Q,5100000,2021-12-21,0001676238-21-000006,,audited (SEC XBRL)
NetCashProvidedByUsedInFinancingActivities,us-gaap,Net Cash Provided by (Used in) Financing Activities,USD,duration,2020-02-01,2021-01-31,FY2021,365,2023,FY,10-K,4866000,2023-03-31,0001676238-23-000031,CY2020,audited (SEC XBRL)
NetCashProvidedByUsedInFinancingActivities,us-gaap,Net Cash Provided by (Used in) Financing Activities,USD,duration,2021-02-01,2021-04-30,FY2022 Q1,88,2023,Q1,10-Q,1965000,2022-06-14,0001676238-22-000019,CY2021Q1,audited (SEC XBRL)
NetCashProvidedByUsedInFinancingActivities,us-gaap,Net Cash Provided by (Used in) Financing Activities,USD,duration,2021-02-01,2021-07-31,FY2022 Q2,180,2023,Q2,10-Q,2584000,2022-09-13,0001676238-22-000047,,audited (SEC XBRL)
NetCashProvidedByUsedInFinancingActivities,us-gaap,Net Cash Provided by (Used in) Financing Activities,USD,duration,2021-02-01,2021-10-31,FY2022 Q3,272,2023,Q3,10-Q,4604000,2022-12-14,0001676238-22-000065,,audited (SEC XBRL)
NetCashProvidedByUsedInFinancingActivities,us-gaap,Net Cash Provided by (Used in) Financing Activities,USD,duration,2021-02-01,2022-01-31,FY2022,364,2024,FY,10-K,467910000,2024-04-01,0001676238-24-000049,CY2021,audited (SEC XBRL)
NetCashProvidedByUsedInFinancingActivities,us-gaap,Net Cash Provided by (Used in) Financing Activities,USD,duration,2022-02-01,2022-04-30,FY2023 Q1,88,2024,Q1,10-Q,2630000,2023-06-09,0001676238-23-000068,CY2022Q1,audited (SEC XBRL)
NetCashProvidedByUsedInFinancingActivities,us-gaap,Net Cash Provided by (Used in) Financing Activities,USD,duration,2022-02-01,2022-07-31,FY2023 Q2,180,2024,Q2,10-Q,5411000,2023-09-08,0001676238-23-000145,,audited (SEC XBRL)
NetCashProvidedByUsedInFinancingActivities,us-gaap,Net Cash Provided by (Used in) Financing Activities,USD,duration,2022-02-01,2022-10-31,FY2023 Q3,272,2024,Q3,10-Q,7213000,2023-12-07,0001676238-23-000209,,audited (SEC XBRL)
NetCashProvidedByUsedInFinancingActivities,us-gaap,Net Cash Provided by (Used in) Financing Activities,USD,duration,2022-02-01,2023-01-31,FY2023,364,2025,FY,10-K,11332000,2025-03-31,0001676238-25-000054,CY2022,audited (SEC XBRL)
NetCashProvidedByUsedInFinancingActivities,us-gaap,Net Cash Provided by (Used in) Financing Activities,USD,duration,2023-02-01,2023-04-30,FY2024 Q1,88,2025,Q1,10-Q,2211000,2024-06-07,0001676238-24-000103,CY2023Q1,audited (SEC XBRL)
NetCashProvidedByUsedInFinancingActivities,us-gaap,Net Cash Provided by (Used in) Financing Activities,USD,duration,2023-02-01,2023-07-31,FY2024 Q2,180,2025,Q2,10-Q,7333000,2024-09-06,0001676238-24-000171,,audited (SEC XBRL)
NetCashProvidedByUsedInFinancingActivities,us-gaap,Net Cash Provided by (Used in) Financing Activities,USD,duration,2023-02-01,2023-10-31,FY2024 Q3,272,2025,Q3,10-Q,9006000,2024-12-10,0001676238-24-000208,,audited (SEC XBRL)
NetCashProvidedByUsedInFinancingActivities,us-gaap,Net Cash Provided by (Used in) Financing Activities,USD,duration,2023-02-01,2024-01-31,FY2024,364,2026,FY,10-K,13109000,2026-03-25,0001676238-26-000013,CY2023,audited (SEC XBRL)
NetCashProvidedByUsedInFinancingActivities,us-gaap,Net Cash Provided by (Used in) Financing Activities,USD,duration,2024-02-01,2024-04-30,FY2025 Q1,89,2026,Q1,10-Q,-1881000,2025-06-06,0001676238-25-000079,CY2024Q1,audited (SEC XBRL)
NetCashProvidedByUsedInFinancingActivities,us-gaap,Net Cash Provided by (Used in) Financing Activities,USD,duration,2024-02-01,2024-07-31,FY2025 Q2,181,2026,Q2,10-Q,4041000,2025-09-05,0001676238-25-000134,,audited (SEC XBRL)
NetCashProvidedByUsedInFinancingActivities,us-gaap,Net Cash Provided by (Used in) Financing Activities,USD,duration,2024-02-01,2024-10-31,FY2025 Q3,273,2026,Q3,10-Q,5518000,2025-12-10,0001676238-25-000147,,audited (SEC XBRL)
NetCashProvidedByUsedInFinancingActivities,us-gaap,Net Cash Provided by (Used in) Financing Activities,USD,duration,2024-02-01,2025-01-31,FY2025,365,2026,FY,10-K,11695000,2026-03-25,0001676238-26-000013,CY2024,audited (SEC XBRL)
NetCashProvidedByUsedInFinancingActivities,us-gaap,Net Cash Provided by (Used in) Financing Activities,USD,duration,2025-02-01,2025-04-30,FY2026 Q1,88,2027,Q1,10-Q,605000,2026-05-28,0001676238-26-000027,CY2025Q1,audited (SEC XBRL)
NetCashProvidedByUsedInFinancingActivities,us-gaap,Net Cash Provided by (Used in) Financing Activities,USD,duration,2025-02-01,2025-07-31,FY2026 Q2,180,2026,Q2,10-Q,8083000,2025-09-05,0001676238-25-000134,,audited (SEC XBRL)
NetCashProvidedByUsedInFinancingActivities,us-gaap,Net Cash Provided by (Used in) Financing Activities,USD,duration,2025-02-01,2025-10-31,FY2026 Q3,272,2026,Q3,10-Q,9165000,2025-12-10,0001676238-25-000147,,audited (SEC XBRL)
NetCashProvidedByUsedInFinancingActivities,us-gaap,Net Cash Provided by (Used in) Financing Activities,USD,duration,2025-02-01,2026-01-31,FY2026,364,2026,FY,10-K,22960000,2026-03-25,0001676238-26-000013,CY2025,audited (SEC XBRL)
NetCashProvidedByUsedInFinancingActivities,us-gaap,Net Cash Provided by (Used in) Financing Activities,USD,duration,2026-02-01,2026-04-30,FY2027 Q1,88,2027,Q1,10-Q,-49690000,2026-05-28,0001676238-26-000027,CY2026Q1,audited (SEC XBRL)
NetCashProvidedByUsedInInvestingActivities,us-gaap,Net Cash Provided by (Used in) Investing Activities,USD,duration,2019-02-01,2020-01-31,FY2020,364,2022,FY,10-K,-87234000,2022-03-31,0001676238-22-000005,CY2019,audited (SEC XBRL)
NetCashProvidedByUsedInInvestingActivities,us-gaap,Net Cash Provided by (Used in) Investing Activities,USD,duration,2020-02-01,2020-10-31,FY2021 Q3,273,2022,Q3,10-Q,19644000,2021-12-21,0001676238-21-000006,,audited (SEC XBRL)
NetCashProvidedByUsedInInvestingActivities,us-gaap,Net Cash Provided by (Used in) Investing Activities,USD,duration,2020-02-01,2021-01-31,FY2021,365,2023,FY,10-K,22472000,2023-03-31,0001676238-23-000031,CY2020,audited (SEC XBRL)
NetCashProvidedByUsedInInvestingActivities,us-gaap,Net Cash Provided by (Used in) Investing Activities,USD,duration,2021-02-01,2021-04-30,FY2022 Q1,88,2023,Q1,10-Q,17153000,2022-06-14,0001676238-22-000019,CY2021Q1,audited (SEC XBRL)
NetCashProvidedByUsedInInvestingActivities,us-gaap,Net Cash Provided by (Used in) Investing Activities,USD,duration,2021-02-01,2021-07-31,FY2022 Q2,180,2023,Q2,10-Q,18885000,2022-09-13,0001676238-22-000047,,audited (SEC XBRL)
NetCashProvidedByUsedInInvestingActivities,us-gaap,Net Cash Provided by (Used in) Investing Activities,USD,duration,2021-02-01,2021-10-31,FY2022 Q3,272,2023,Q3,10-Q,19789000,2022-12-14,0001676238-22-000065,,audited (SEC XBRL)
NetCashProvidedByUsedInInvestingActivities,us-gaap,Net Cash Provided by (Used in) Investing Activities,USD,duration,2021-02-01,2022-01-31,FY2022,364,2024,FY,10-K,18040000,2024-04-01,0001676238-24-000049,CY2021,audited (SEC XBRL)
NetCashProvidedByUsedInInvestingActivities,us-gaap,Net Cash Provided by (Used in) Investing Activities,USD,duration,2022-02-01,2022-04-30,FY2023 Q1,88,2024,Q1,10-Q,-407803000,2023-06-09,0001676238-23-000068,CY2022Q1,audited (SEC XBRL)
NetCashProvidedByUsedInInvestingActivities,us-gaap,Net Cash Provided by (Used in) Investing Activities,USD,duration,2022-02-01,2022-07-31,FY2023 Q2,180,2024,Q2,10-Q,-403799000,2023-09-08,0001676238-23-000145,,audited (SEC XBRL)
NetCashProvidedByUsedInInvestingActivities,us-gaap,Net Cash Provided by (Used in) Investing Activities,USD,duration,2022-02-01,2022-10-31,FY2023 Q3,272,2024,Q3,10-Q,-416542000,2023-12-07,0001676238-23-000209,,audited (SEC XBRL)
NetCashProvidedByUsedInInvestingActivities,us-gaap,Net Cash Provided by (Used in) Investing Activities,USD,duration,2022-02-01,2023-01-31,FY2023,364,2025,FY,10-K,-398519000,2025-03-31,0001676238-25-000054,CY2022,audited (SEC XBRL)
NetCashProvidedByUsedInInvestingActivities,us-gaap,Net Cash Provided by (Used in) Investing Activities,USD,duration,2023-02-01,2023-04-30,FY2024 Q1,88,2025,Q1,10-Q,24297000,2024-06-07,0001676238-24-000103,CY2023Q1,audited (SEC XBRL)
NetCashProvidedByUsedInInvestingActivities,us-gaap,Net Cash Provided by (Used in) Investing Activities,USD,duration,2023-02-01,2023-07-31,FY2024 Q2,180,2025,Q2,10-Q,-3488000,2024-09-06,0001676238-24-000171,,audited (SEC XBRL)
NetCashProvidedByUsedInInvestingActivities,us-gaap,Net Cash Provided by (Used in) Investing Activities,USD,duration,2023-02-01,2023-10-31,FY2024 Q3,272,2025,Q3,10-Q,-19479000,2024-12-10,0001676238-24-000208,,audited (SEC XBRL)
NetCashProvidedByUsedInInvestingActivities,us-gaap,Net Cash Provided by (Used in) Investing Activities,USD,duration,2023-02-01,2024-01-31,FY2024,364,2026,FY,10-K,-19976000,2026-03-25,0001676238-26-000013,CY2023,audited (SEC XBRL)
NetCashProvidedByUsedInInvestingActivities,us-gaap,Net Cash Provided by (Used in) Investing Activities,USD,duration,2024-02-01,2024-04-30,FY2025 Q1,89,2026,Q1,10-Q,-10604000,2025-06-06,0001676238-25-000079,CY2024Q1,audited (SEC XBRL)
NetCashProvidedByUsedInInvestingActivities,us-gaap,Net Cash Provided by (Used in) Investing Activities,USD,duration,2024-02-01,2024-07-31,FY2025 Q2,181,2026,Q2,10-Q,-27431000,2025-09-05,0001676238-25-000134,,audited (SEC XBRL)
NetCashProvidedByUsedInInvestingActivities,us-gaap,Net Cash Provided by (Used in) Investing Activities,USD,duration,2024-02-01,2024-10-31,FY2025 Q3,273,2026,Q3,10-Q,-35629000,2025-12-10,0001676238-25-000147,,audited (SEC XBRL)
NetCashProvidedByUsedInInvestingActivities,us-gaap,Net Cash Provided by (Used in) Investing Activities,USD,duration,2024-02-01,2025-01-31,FY2025,365,2026,FY,10-K,-36470000,2026-03-25,0001676238-26-000013,CY2024,audited (SEC XBRL)
NetCashProvidedByUsedInInvestingActivities,us-gaap,Net Cash Provided by (Used in) Investing Activities,USD,duration,2025-02-01,2025-04-30,FY2026 Q1,88,2027,Q1,10-Q,122837000,2026-05-28,0001676238-26-000027,CY2025Q1,audited (SEC XBRL)
NetCashProvidedByUsedInInvestingActivities,us-gaap,Net Cash Provided by (Used in) Investing Activities,USD,duration,2025-02-01,2025-07-31,FY2026 Q2,180,2026,Q2,10-Q,-37713000,2025-09-05,0001676238-25-000134,,audited (SEC XBRL)
NetCashProvidedByUsedInInvestingActivities,us-gaap,Net Cash Provided by (Used in) Investing Activities,USD,duration,2025-02-01,2025-10-31,FY2026 Q3,272,2026,Q3,10-Q,-43444000,2025-12-10,0001676238-25-000147,,audited (SEC XBRL)
NetCashProvidedByUsedInInvestingActivities,us-gaap,Net Cash Provided by (Used in) Investing Activities,USD,duration,2025-02-01,2026-01-31,FY2026,364,2026,FY,10-K,-50907000,2026-03-25,0001676238-26-000013,CY2025,audited (SEC XBRL)
NetCashProvidedByUsedInInvestingActivities,us-gaap,Net Cash Provided by (Used in) Investing Activities,USD,duration,2026-02-01,2026-04-30,FY2027 Q1,88,2027,Q1,10-Q,42796000,2026-05-28,0001676238-26-000027,CY2026Q1,audited (SEC XBRL)
NetCashProvidedByUsedInOperatingActivities,us-gaap,Net Cash Provided by (Used in) Operating Activities,USD,duration,2019-02-01,2020-01-31,FY2020,364,2022,FY,10-K,-7365000,2022-03-31,0001676238-22-000005,CY2019,audited (SEC XBRL)
NetCashProvidedByUsedInOperatingActivities,us-gaap,Net Cash Provided by (Used in) Operating Activities,USD,duration,2020-02-01,2020-10-31,FY2021 Q3,273,2022,Q3,10-Q,-6100000,2021-12-21,0001676238-21-000006,,audited (SEC XBRL)
NetCashProvidedByUsedInOperatingActivities,us-gaap,Net Cash Provided by (Used in) Operating Activities,USD,duration,2020-02-01,2021-01-31,FY2021,365,2023,FY,10-K,-6080000,2023-03-31,0001676238-23-000031,CY2020,audited (SEC XBRL)
NetCashProvidedByUsedInOperatingActivities,us-gaap,Net Cash Provided by (Used in) Operating Activities,USD,duration,2021-02-01,2021-04-30,FY2022 Q1,88,2023,Q1,10-Q,-3807000,2022-06-14,0001676238-22-000019,CY2021Q1,audited (SEC XBRL)
NetCashProvidedByUsedInOperatingActivities,us-gaap,Net Cash Provided by (Used in) Operating Activities,USD,duration,2021-02-01,2021-07-31,FY2022 Q2,180,2023,Q2,10-Q,-8414000,2022-09-13,0001676238-22-000047,,audited (SEC XBRL)
NetCashProvidedByUsedInOperatingActivities,us-gaap,Net Cash Provided by (Used in) Operating Activities,USD,duration,2021-02-01,2021-10-31,FY2022 Q3,272,2023,Q3,10-Q,-10868000,2022-12-14,0001676238-22-000065,,audited (SEC XBRL)
NetCashProvidedByUsedInOperatingActivities,us-gaap,Net Cash Provided by (Used in) Operating Activities,USD,duration,2021-02-01,2022-01-31,FY2022,364,2024,FY,10-K,-35398000,2024-04-01,0001676238-24-000049,CY2021,audited (SEC XBRL)
NetCashProvidedByUsedInOperatingActivities,us-gaap,Net Cash Provided by (Used in) Operating Activities,USD,duration,2022-02-01,2022-04-30,FY2023 Q1,88,2024,Q1,10-Q,17921000,2023-06-09,0001676238-23-000068,CY2022Q1,audited (SEC XBRL)
NetCashProvidedByUsedInOperatingActivities,us-gaap,Net Cash Provided by (Used in) Operating Activities,USD,duration,2022-02-01,2022-07-31,FY2023 Q2,180,2024,Q2,10-Q,1600000,2023-09-08,0001676238-23-000145,,audited (SEC XBRL)
NetCashProvidedByUsedInOperatingActivities,us-gaap,Net Cash Provided by (Used in) Operating Activities,USD,duration,2022-02-01,2022-10-31,FY2023 Q3,272,2024,Q3,10-Q,-22320000,2023-12-07,0001676238-23-000209,,audited (SEC XBRL)
NetCashProvidedByUsedInOperatingActivities,us-gaap,Net Cash Provided by (Used in) Operating Activities,USD,duration,2022-02-01,2023-01-31,FY2023,364,2025,FY,10-K,-22308000,2025-03-31,0001676238-25-000054,CY2022,audited (SEC XBRL)
NetCashProvidedByUsedInOperatingActivities,us-gaap,Net Cash Provided by (Used in) Operating Activities,USD,duration,2023-02-01,2023-04-30,FY2024 Q1,88,2025,Q1,10-Q,22549000,2024-06-07,0001676238-24-000103,CY2023Q1,audited (SEC XBRL)
NetCashProvidedByUsedInOperatingActivities,us-gaap,Net Cash Provided by (Used in) Operating Activities,USD,duration,2023-02-01,2023-07-31,FY2024 Q2,180,2025,Q2,10-Q,5032000,2024-09-06,0001676238-24-000171,,audited (SEC XBRL)
NetCashProvidedByUsedInOperatingActivities,us-gaap,Net Cash Provided by (Used in) Operating Activities,USD,duration,2023-02-01,2023-10-31,FY2024 Q3,272,2025,Q3,10-Q,3029000,2024-12-10,0001676238-24-000208,,audited (SEC XBRL)
NetCashProvidedByUsedInOperatingActivities,us-gaap,Net Cash Provided by (Used in) Operating Activities,USD,duration,2023-02-01,2024-01-31,FY2024,364,2026,FY,10-K,6850000,2026-03-25,0001676238-26-000013,CY2023,audited (SEC XBRL)
NetCashProvidedByUsedInOperatingActivities,us-gaap,Net Cash Provided by (Used in) Operating Activities,USD,duration,2024-02-01,2024-04-30,FY2025 Q1,89,2026,Q1,10-Q,19395000,2025-06-06,0001676238-25-000079,CY2024Q1,audited (SEC XBRL)
NetCashProvidedByUsedInOperatingActivities,us-gaap,Net Cash Provided by (Used in) Operating Activities,USD,duration,2024-02-01,2024-07-31,FY2025 Q2,181,2026,Q2,10-Q,31007000,2025-09-05,0001676238-25-000134,,audited (SEC XBRL)
NetCashProvidedByUsedInOperatingActivities,us-gaap,Net Cash Provided by (Used in) Operating Activities,USD,duration,2024-02-01,2024-10-31,FY2025 Q3,273,2026,Q3,10-Q,19597000,2025-12-10,0001676238-25-000147,,audited (SEC XBRL)
NetCashProvidedByUsedInOperatingActivities,us-gaap,Net Cash Provided by (Used in) Operating Activities,USD,duration,2024-02-01,2025-01-31,FY2025,365,2026,FY,10-K,36680000,2026-03-25,0001676238-26-000013,CY2024,audited (SEC XBRL)
NetCashProvidedByUsedInOperatingActivities,us-gaap,Net Cash Provided by (Used in) Operating Activities,USD,duration,2025-02-01,2025-04-30,FY2026 Q1,88,2027,Q1,10-Q,24144000,2026-05-28,0001676238-26-000027,CY2025Q1,audited (SEC XBRL)
NetCashProvidedByUsedInOperatingActivities,us-gaap,Net Cash Provided by (Used in) Operating Activities,USD,duration,2025-02-01,2025-07-31,FY2026 Q2,180,2026,Q2,10-Q,31096000,2025-09-05,0001676238-25-000134,,audited (SEC XBRL)
NetCashProvidedByUsedInOperatingActivities,us-gaap,Net Cash Provided by (Used in) Operating Activities,USD,duration,2025-02-01,2025-10-31,FY2026 Q3,272,2026,Q3,10-Q,52063000,2025-12-10,0001676238-25-000147,,audited (SEC XBRL)
NetCashProvidedByUsedInOperatingActivities,us-gaap,Net Cash Provided by (Used in) Operating Activities,USD,duration,2025-02-01,2026-01-31,FY2026,364,2026,FY,10-K,71438000,2026-03-25,0001676238-26-000013,CY2025,audited (SEC XBRL)
NetCashProvidedByUsedInOperatingActivities,us-gaap,Net Cash Provided by (Used in) Operating Activities,USD,duration,2026-02-01,2026-04-30,FY2027 Q1,88,2027,Q1,10-Q,28126000,2026-05-28,0001676238-26-000027,CY2026Q1,audited (SEC XBRL)
NetIncomeLoss,us-gaap,Net Income (Loss) Attributable to Parent,USD,duration,2019-02-01,2020-01-31,FY2020,364,2022,FY,10-K,-31810000,2022-03-31,0001676238-22-000005,CY2019,audited (SEC XBRL)
NetIncomeLoss,us-gaap,Net Income (Loss) Attributable to Parent,USD,duration,2020-02-01,2020-10-31,FY2021 Q3,273,2022,Q3,10-Q,-21208000,2021-12-21,0001676238-21-000006,,audited (SEC XBRL)
NetIncomeLoss,us-gaap,Net Income (Loss) Attributable to Parent,USD,duration,2020-08-01,2020-10-31,FY2021 Q3,91,2022,Q3,10-Q,-8813000,2021-12-21,0001676238-21-000006,CY2020Q3,audited (SEC XBRL)
NetIncomeLoss,us-gaap,Net Income (Loss) Attributable to Parent,USD,duration,2020-02-01,2021-01-31,FY2021,365,2023,FY,10-K,-31752000,2023-03-31,0001676238-23-000031,CY2020,audited (SEC XBRL)
NetIncomeLoss,us-gaap,Net Income (Loss) Attributable to Parent,USD,duration,2021-02-01,2021-04-30,FY2022 Q1,88,2023,Q1,10-Q,-12834000,2022-06-14,0001676238-22-000019,CY2021Q1,audited (SEC XBRL)
NetIncomeLoss,us-gaap,Net Income (Loss) Attributable to Parent,USD,duration,2021-02-01,2021-07-31,FY2022 Q2,180,2023,Q2,10-Q,-25062000,2022-09-13,0001676238-22-000047,,audited (SEC XBRL)
NetIncomeLoss,us-gaap,Net Income (Loss) Attributable to Parent,USD,duration,2021-05-01,2021-07-31,FY2022 Q2,91,2023,Q2,10-Q,-12228000,2022-09-13,0001676238-22-000047,CY2021Q2,audited (SEC XBRL)
NetIncomeLoss,us-gaap,Net Income (Loss) Attributable to Parent,USD,duration,2021-02-01,2021-10-31,FY2022 Q3,272,2023,Q3,10-Q,-33784000,2022-12-14,0001676238-22-000065,,audited (SEC XBRL)
NetIncomeLoss,us-gaap,Net Income (Loss) Attributable to Parent,USD,duration,2021-08-01,2021-10-31,FY2022 Q3,91,2023,Q3,10-Q,-8722000,2022-12-14,0001676238-22-000065,CY2021Q3,audited (SEC XBRL)
NetIncomeLoss,us-gaap,Net Income (Loss) Attributable to Parent,USD,duration,2021-02-01,2022-01-31,FY2022,364,2024,FY,10-K,-76719000,2024-04-01,0001676238-24-000049,CY2021,audited (SEC XBRL)
NetIncomeLoss,us-gaap,Net Income (Loss) Attributable to Parent,USD,duration,2022-02-01,2022-04-30,FY2023 Q1,88,2024,Q1,10-Q,-39269000,2023-06-09,0001676238-23-000068,CY2022Q1,audited (SEC XBRL)
NetIncomeLoss,us-gaap,Net Income (Loss) Attributable to Parent,USD,duration,2022-02-01,2022-07-31,FY2023 Q2,180,2024,Q2,10-Q,-72155000,2023-09-08,0001676238-23-000145,,audited (SEC XBRL)
NetIncomeLoss,us-gaap,Net Income (Loss) Attributable to Parent,USD,duration,2022-05-01,2022-07-31,FY2023 Q2,91,2024,Q2,10-Q,-32886000,2023-09-08,0001676238-23-000145,CY2022Q2,audited (SEC XBRL)
NetIncomeLoss,us-gaap,Net Income (Loss) Attributable to Parent,USD,duration,2022-02-01,2022-10-31,FY2023 Q3,272,2024,Q3,10-Q,-105515000,2023-12-07,0001676238-23-000209,,audited (SEC XBRL)
NetIncomeLoss,us-gaap,Net Income (Loss) Attributable to Parent,USD,duration,2022-08-01,2022-10-31,FY2023 Q3,91,2024,Q3,10-Q,-33360000,2023-12-07,0001676238-23-000209,CY2022Q3,audited (SEC XBRL)
NetIncomeLoss,us-gaap,Net Income (Loss) Attributable to Parent,USD,duration,2022-02-01,2023-01-31,FY2023,364,2025,FY,10-K,-138966000,2025-03-31,0001676238-25-000054,CY2022,audited (SEC XBRL)
NetIncomeLoss,us-gaap,Net Income (Loss) Attributable to Parent,USD,duration,2023-02-01,2023-04-30,FY2024 Q1,88,2025,Q1,10-Q,-38454000,2024-06-07,0001676238-24-000103,CY2023Q1,audited (SEC XBRL)
NetIncomeLoss,us-gaap,Net Income (Loss) Attributable to Parent,USD,duration,2023-02-01,2023-07-31,FY2024 Q2,180,2025,Q2,10-Q,-70148000,2024-09-06,0001676238-24-000171,,audited (SEC XBRL)
NetIncomeLoss,us-gaap,Net Income (Loss) Attributable to Parent,USD,duration,2023-05-01,2023-07-31,FY2024 Q2,91,2025,Q2,10-Q,-31694000,2024-09-06,0001676238-24-000171,CY2023Q2,audited (SEC XBRL)
NetIncomeLoss,us-gaap,Net Income (Loss) Attributable to Parent,USD,duration,2023-02-01,2023-10-31,FY2024 Q3,272,2025,Q3,10-Q,-100889000,2024-12-10,0001676238-24-000208,,audited (SEC XBRL)
NetIncomeLoss,us-gaap,Net Income (Loss) Attributable to Parent,USD,duration,2023-08-01,2023-10-31,FY2024 Q3,91,2025,Q3,10-Q,-30741000,2024-12-10,0001676238-24-000208,CY2023Q3,audited (SEC XBRL)
NetIncomeLoss,us-gaap,Net Income (Loss) Attributable to Parent,USD,duration,2023-02-01,2024-01-31,FY2024,364,2026,FY,10-K,-129166000,2026-03-25,0001676238-26-000013,CY2023,audited (SEC XBRL)
NetIncomeLoss,us-gaap,Net Income (Loss) Attributable to Parent,USD,duration,2024-02-01,2024-04-30,FY2025 Q1,89,2026,Q1,10-Q,-35641000,2025-06-06,0001676238-25-000079,CY2024Q1,audited (SEC XBRL)
NetIncomeLoss,us-gaap,Net Income (Loss) Attributable to Parent,USD,duration,2024-02-01,2024-07-31,FY2025 Q2,181,2026,Q2,10-Q,-58640000,2025-09-05,0001676238-25-000134,,audited (SEC XBRL)
NetIncomeLoss,us-gaap,Net Income (Loss) Attributable to Parent,USD,duration,2024-05-01,2024-07-31,FY2025 Q2,91,2026,Q2,10-Q,-22999000,2025-09-05,0001676238-25-000134,CY2024Q2,audited (SEC XBRL)
NetIncomeLoss,us-gaap,Net Income (Loss) Attributable to Parent,USD,duration,2024-02-01,2024-10-31,FY2025 Q3,273,2026,Q3,10-Q,-86551000,2025-12-10,0001676238-25-000147,,audited (SEC XBRL)
NetIncomeLoss,us-gaap,Net Income (Loss) Attributable to Parent,USD,duration,2024-08-01,2024-10-31,FY2025 Q3,91,2026,Q3,10-Q,-27911000,2025-12-10,0001676238-25-000147,CY2024Q3,audited (SEC XBRL)
NetIncomeLoss,us-gaap,Net Income (Loss) Attributable to Parent,USD,duration,2024-02-01,2025-01-31,FY2025,365,2026,FY,10-K,-103743000,2026-03-25,0001676238-26-000013,CY2024,audited (SEC XBRL)
NetIncomeLoss,us-gaap,Net Income (Loss) Attributable to Parent,USD,duration,2025-02-01,2025-04-30,FY2026 Q1,88,2027,Q1,10-Q,-35786000,2026-05-28,0001676238-26-000027,CY2025Q1,audited (SEC XBRL)
NetIncomeLoss,us-gaap,Net Income (Loss) Attributable to Parent,USD,duration,2025-02-01,2025-07-31,FY2026 Q2,180,2026,Q2,10-Q,-63685000,2025-09-05,0001676238-25-000134,,audited (SEC XBRL)
NetIncomeLoss,us-gaap,Net Income (Loss) Attributable to Parent,USD,duration,2025-05-01,2025-07-31,FY2026 Q2,91,2026,Q2,10-Q,-27899000,2025-09-05,0001676238-25-000134,CY2025Q2,audited (SEC XBRL)
NetIncomeLoss,us-gaap,Net Income (Loss) Attributable to Parent,USD,duration,2025-02-01,2025-10-31,FY2026 Q3,272,2026,Q3,10-Q,-99683000,2025-12-10,0001676238-25-000147,,audited (SEC XBRL)
NetIncomeLoss,us-gaap,Net Income (Loss) Attributable to Parent,USD,duration,2025-08-01,2025-10-31,FY2026 Q3,91,2026,Q3,10-Q,-35998000,2025-12-10,0001676238-25-000147,CY2025Q3,audited (SEC XBRL)
NetIncomeLoss,us-gaap,Net Income (Loss) Attributable to Parent,USD,duration,2025-02-01,2026-01-31,FY2026,364,2026,FY,10-K,-131287000,2026-03-25,0001676238-26-000013,CY2025,audited (SEC XBRL)
NetIncomeLoss,us-gaap,Net Income (Loss) Attributable to Parent,USD,duration,2026-02-01,2026-04-30,FY2027 Q1,88,2027,Q1,10-Q,-26591000,2026-05-28,0001676238-26-000027,CY2026Q1,audited (SEC XBRL)
OperatingExpenses,us-gaap,Operating Expenses,USD,duration,2019-02-01,2020-01-31,FY2020,364,2022,FY,10-K,94211000,2022-03-31,0001676238-22-000005,CY2019,audited (SEC XBRL)
OperatingExpenses,us-gaap,Operating Expenses,USD,duration,2020-02-01,2020-10-31,FY2021 Q3,273,2022,Q3,10-Q,89663000,2021-12-21,0001676238-21-000006,,audited (SEC XBRL)
OperatingExpenses,us-gaap,Operating Expenses,USD,duration,2020-08-01,2020-10-31,FY2021 Q3,91,2022,Q3,10-Q,33689000,2021-12-21,0001676238-21-000006,CY2020Q3,audited (SEC XBRL)
OperatingExpenses,us-gaap,Operating Expenses,USD,duration,2020-02-01,2021-01-31,FY2021,365,2023,FY,10-K,127832000,2023-03-31,0001676238-23-000031,CY2020,audited (SEC XBRL)
OperatingExpenses,us-gaap,Operating Expenses,USD,duration,2021-02-01,2021-04-30,FY2022 Q1,88,2023,Q1,10-Q,45095000,2022-06-14,0001676238-22-000019,CY2021Q1,audited (SEC XBRL)
OperatingExpenses,us-gaap,Operating Expenses,USD,duration,2021-02-01,2021-07-31,FY2022 Q2,180,2023,Q2,10-Q,94246000,2022-09-13,0001676238-22-000047,,audited (SEC XBRL)
OperatingExpenses,us-gaap,Operating Expenses,USD,duration,2021-05-01,2021-07-31,FY2022 Q2,91,2023,Q2,10-Q,49151000,2022-09-13,0001676238-22-000047,CY2021Q2,audited (SEC XBRL)
OperatingExpenses,us-gaap,Operating Expenses,USD,duration,2021-02-01,2021-10-31,FY2022 Q3,272,2023,Q3,10-Q,149488000,2022-12-14,0001676238-22-000065,,audited (SEC XBRL)
OperatingExpenses,us-gaap,Operating Expenses,USD,duration,2021-08-01,2021-10-31,FY2022 Q3,91,2023,Q3,10-Q,55242000,2022-12-14,0001676238-22-000065,CY2021Q3,audited (SEC XBRL)
OperatingExpenses,us-gaap,Operating Expenses,USD,duration,2021-02-01,2022-01-31,FY2022,364,2024,FY,10-K,237735000,2024-04-01,0001676238-24-000049,CY2021,audited (SEC XBRL)
OperatingExpenses,us-gaap,Operating Expenses,USD,duration,2022-02-01,2022-04-30,FY2023 Q1,88,2024,Q1,10-Q,91238000,2023-06-09,0001676238-23-000068,CY2022Q1,audited (SEC XBRL)
OperatingExpenses,us-gaap,Operating Expenses,USD,duration,2022-02-01,2022-07-31,FY2023 Q2,180,2024,Q2,10-Q,185124000,2023-09-08,0001676238-23-000145,,audited (SEC XBRL)
OperatingExpenses,us-gaap,Operating Expenses,USD,duration,2022-05-01,2022-07-31,FY2023 Q2,91,2024,Q2,10-Q,93886000,2023-09-08,0001676238-23-000145,CY2022Q2,audited (SEC XBRL)
OperatingExpenses,us-gaap,Operating Expenses,USD,duration,2022-02-01,2022-10-31,FY2023 Q3,272,2024,Q3,10-Q,285978000,2023-12-07,0001676238-23-000209,,audited (SEC XBRL)
OperatingExpenses,us-gaap,Operating Expenses,USD,duration,2022-08-01,2022-10-31,FY2023 Q3,91,2024,Q3,10-Q,100854000,2023-12-07,0001676238-23-000209,CY2022Q3,audited (SEC XBRL)
OperatingExpenses,us-gaap,Operating Expenses,USD,duration,2022-02-01,2023-01-31,FY2023,364,2025,FY,10-K,387748000,2025-03-31,0001676238-25-000054,CY2022,audited (SEC XBRL)
OperatingExpenses,us-gaap,Operating Expenses,USD,duration,2023-02-01,2023-04-30,FY2024 Q1,88,2025,Q1,10-Q,110990000,2024-06-07,0001676238-24-000103,CY2023Q1,audited (SEC XBRL)
OperatingExpenses,us-gaap,Operating Expenses,USD,duration,2023-02-01,2023-07-31,FY2024 Q2,180,2025,Q2,10-Q,225992000,2024-09-06,0001676238-24-000171,,audited (SEC XBRL)
OperatingExpenses,us-gaap,Operating Expenses,USD,duration,2023-05-01,2023-07-31,FY2024 Q2,91,2025,Q2,10-Q,115002000,2024-09-06,0001676238-24-000171,CY2023Q2,audited (SEC XBRL)
OperatingExpenses,us-gaap,Operating Expenses,USD,duration,2023-02-01,2023-10-31,FY2024 Q3,272,2025,Q3,10-Q,348707000,2024-12-10,0001676238-24-000208,,audited (SEC XBRL)
OperatingExpenses,us-gaap,Operating Expenses,USD,duration,2023-08-01,2023-10-31,FY2024 Q3,91,2025,Q3,10-Q,122715000,2024-12-10,0001676238-24-000208,CY2023Q3,audited (SEC XBRL)
OperatingExpenses,us-gaap,Operating Expenses,USD,duration,2023-02-01,2024-01-31,FY2024,364,2026,FY,10-K,468965000,2026-03-25,0001676238-26-000013,CY2023,audited (SEC XBRL)
OperatingExpenses,us-gaap,Operating Expenses,USD,duration,2024-02-01,2024-04-30,FY2025 Q1,89,2026,Q1,10-Q,130991000,2025-06-06,0001676238-25-000079,CY2024Q1,audited (SEC XBRL)
OperatingExpenses,us-gaap,Operating Expenses,USD,duration,2024-02-01,2024-07-31,FY2025 Q2,181,2026,Q2,10-Q,261020000,2025-09-05,0001676238-25-000134,,audited (SEC XBRL)
OperatingExpenses,us-gaap,Operating Expenses,USD,duration,2024-05-01,2024-07-31,FY2025 Q2,91,2026,Q2,10-Q,130029000,2025-09-05,0001676238-25-000134,CY2024Q2,audited (SEC XBRL)
OperatingExpenses,us-gaap,Operating Expenses,USD,duration,2024-02-01,2024-10-31,FY2025 Q3,273,2026,Q3,10-Q,399732000,2025-12-10,0001676238-25-000147,,audited (SEC XBRL)
OperatingExpenses,us-gaap,Operating Expenses,USD,duration,2024-08-01,2024-10-31,FY2025 Q3,91,2026,Q3,10-Q,138712000,2025-12-10,0001676238-25-000147,CY2024Q3,audited (SEC XBRL)
OperatingExpenses,us-gaap,Operating Expenses,USD,duration,2024-02-01,2025-01-31,FY2025,365,2026,FY,10-K,532378000,2026-03-25,0001676238-26-000013,CY2024,audited (SEC XBRL)
OperatingExpenses,us-gaap,Operating Expenses,USD,duration,2025-02-01,2025-04-30,FY2026 Q1,88,2027,Q1,10-Q,151424000,2026-05-28,0001676238-26-000027,CY2025Q1,audited (SEC XBRL)
OperatingExpenses,us-gaap,Operating Expenses,USD,duration,2025-02-01,2025-07-31,FY2026 Q2,180,2026,Q2,10-Q,312067000,2025-09-05,0001676238-25-000134,,audited (SEC XBRL)
OperatingExpenses,us-gaap,Operating Expenses,USD,duration,2025-05-01,2025-07-31,FY2026 Q2,91,2026,Q2,10-Q,160643000,2025-09-05,0001676238-25-000134,CY2025Q2,audited (SEC XBRL)
OperatingExpenses,us-gaap,Operating Expenses,USD,duration,2025-02-01,2025-10-31,FY2026 Q3,272,2026,Q3,10-Q,477823000,2025-12-10,0001676238-25-000147,,audited (SEC XBRL)
OperatingExpenses,us-gaap,Operating Expenses,USD,duration,2025-08-01,2025-10-31,FY2026 Q3,91,2026,Q3,10-Q,165756000,2025-12-10,0001676238-25-000147,CY2025Q3,audited (SEC XBRL)
OperatingExpenses,us-gaap,Operating Expenses,USD,duration,2025-02-01,2026-01-31,FY2026,364,2026,FY,10-K,640414000,2026-03-25,0001676238-26-000013,CY2025,audited (SEC XBRL)
OperatingExpenses,us-gaap,Operating Expenses,USD,duration,2026-02-01,2026-04-30,FY2027 Q1,88,2027,Q1,10-Q,166177000,2026-05-28,0001676238-26-000027,CY2026Q1,audited (SEC XBRL)
OperatingIncomeLoss,us-gaap,Operating Income (Loss),USD,duration,2019-02-01,2020-01-31,FY2020,364,2022,FY,10-K,-33533000,2022-03-31,0001676238-22-000005,CY2019,audited (SEC XBRL)
OperatingIncomeLoss,us-gaap,Operating Income (Loss),USD,duration,2020-02-01,2020-10-31,FY2021 Q3,273,2022,Q3,10-Q,-21634000,2021-12-21,0001676238-21-000006,,audited (SEC XBRL)
OperatingIncomeLoss,us-gaap,Operating Income (Loss),USD,duration,2020-08-01,2020-10-31,FY2021 Q3,91,2022,Q3,10-Q,-8788000,2021-12-21,0001676238-21-000006,CY2020Q3,audited (SEC XBRL)
OperatingIncomeLoss,us-gaap,Operating Income (Loss),USD,duration,2020-02-01,2021-01-31,FY2021,365,2023,FY,10-K,-32152000,2023-03-31,0001676238-23-000031,CY2020,audited (SEC XBRL)
OperatingIncomeLoss,us-gaap,Operating Income (Loss),USD,duration,2021-02-01,2021-04-30,FY2022 Q1,88,2023,Q1,10-Q,-13025000,2022-06-14,0001676238-22-000019,CY2021Q1,audited (SEC XBRL)
OperatingIncomeLoss,us-gaap,Operating Income (Loss),USD,duration,2021-02-01,2021-07-31,FY2022 Q2,180,2023,Q2,10-Q,-25175000,2022-09-13,0001676238-22-000047,,audited (SEC XBRL)
OperatingIncomeLoss,us-gaap,Operating Income (Loss),USD,duration,2021-05-01,2021-07-31,FY2022 Q2,91,2023,Q2,10-Q,-12150000,2022-09-13,0001676238-22-000047,CY2021Q2,audited (SEC XBRL)
OperatingIncomeLoss,us-gaap,Operating Income (Loss),USD,duration,2021-02-01,2021-10-31,FY2022 Q3,272,2023,Q3,10-Q,-35623000,2022-12-14,0001676238-22-000065,,audited (SEC XBRL)
OperatingIncomeLoss,us-gaap,Operating Income (Loss),USD,duration,2021-08-01,2021-10-31,FY2022 Q3,91,2023,Q3,10-Q,-10448000,2022-12-14,0001676238-22-000065,CY2021Q3,audited (SEC XBRL)
OperatingIncomeLoss,us-gaap,Operating Income (Loss),USD,duration,2021-02-01,2022-01-31,FY2022,364,2024,FY,10-K,-78211000,2024-04-01,0001676238-24-000049,CY2021,audited (SEC XBRL)
OperatingIncomeLoss,us-gaap,Operating Income (Loss),USD,duration,2022-02-01,2022-04-30,FY2023 Q1,88,2024,Q1,10-Q,-39649000,2023-06-09,0001676238-23-000068,CY2022Q1,audited (SEC XBRL)
OperatingIncomeLoss,us-gaap,Operating Income (Loss),USD,duration,2022-02-01,2022-07-31,FY2023 Q2,180,2024,Q2,10-Q,-74756000,2023-09-08,0001676238-23-000145,,audited (SEC XBRL)
OperatingIncomeLoss,us-gaap,Operating Income (Loss),USD,duration,2022-05-01,2022-07-31,FY2023 Q2,91,2024,Q2,10-Q,-35107000,2023-09-08,0001676238-23-000145,CY2022Q2,audited (SEC XBRL)
OperatingIncomeLoss,us-gaap,Operating Income (Loss),USD,duration,2022-02-01,2022-10-31,FY2023 Q3,272,2024,Q3,10-Q,-111620000,2023-12-07,0001676238-23-000209,,audited (SEC XBRL)
OperatingIncomeLoss,us-gaap,Operating Income (Loss),USD,duration,2022-08-01,2022-10-31,FY2023 Q3,91,2024,Q3,10-Q,-36864000,2023-12-07,0001676238-23-000209,CY2022Q3,audited (SEC XBRL)
OperatingIncomeLoss,us-gaap,Operating Income (Loss),USD,duration,2022-02-01,2023-01-31,FY2023,364,2025,FY,10-K,-148140000,2025-03-31,0001676238-25-000054,CY2022,audited (SEC XBRL)
OperatingIncomeLoss,us-gaap,Operating Income (Loss),USD,duration,2023-02-01,2023-04-30,FY2024 Q1,88,2025,Q1,10-Q,-41897000,2024-06-07,0001676238-24-000103,CY2023Q1,audited (SEC XBRL)
OperatingIncomeLoss,us-gaap,Operating Income (Loss),USD,duration,2023-02-01,2023-07-31,FY2024 Q2,180,2025,Q2,10-Q,-77266000,2024-09-06,0001676238-24-000171,,audited (SEC XBRL)
OperatingIncomeLoss,us-gaap,Operating Income (Loss),USD,duration,2023-05-01,2023-07-31,FY2024 Q2,91,2025,Q2,10-Q,-35369000,2024-09-06,0001676238-24-000171,CY2023Q2,audited (SEC XBRL)
OperatingIncomeLoss,us-gaap,Operating Income (Loss),USD,duration,2023-02-01,2023-10-31,FY2024 Q3,272,2025,Q3,10-Q,-112399000,2024-12-10,0001676238-24-000208,,audited (SEC XBRL)
OperatingIncomeLoss,us-gaap,Operating Income (Loss),USD,duration,2023-08-01,2023-10-31,FY2024 Q3,91,2025,Q3,10-Q,-35133000,2024-12-10,0001676238-24-000208,CY2023Q3,audited (SEC XBRL)
OperatingIncomeLoss,us-gaap,Operating Income (Loss),USD,duration,2023-02-01,2024-01-31,FY2024,364,2026,FY,10-K,-144692000,2026-03-25,0001676238-26-000013,CY2023,audited (SEC XBRL)
OperatingIncomeLoss,us-gaap,Operating Income (Loss),USD,duration,2024-02-01,2024-04-30,FY2025 Q1,89,2026,Q1,10-Q,-40080000,2025-06-06,0001676238-25-000079,CY2024Q1,audited (SEC XBRL)
OperatingIncomeLoss,us-gaap,Operating Income (Loss),USD,duration,2024-02-01,2024-07-31,FY2025 Q2,181,2026,Q2,10-Q,-68030000,2025-09-05,0001676238-25-000134,,audited (SEC XBRL)
OperatingIncomeLoss,us-gaap,Operating Income (Loss),USD,duration,2024-05-01,2024-07-31,FY2025 Q2,91,2026,Q2,10-Q,-27950000,2025-09-05,0001676238-25-000134,CY2024Q2,audited (SEC XBRL)
OperatingIncomeLoss,us-gaap,Operating Income (Loss),USD,duration,2024-02-01,2024-10-31,FY2025 Q3,273,2026,Q3,10-Q,-100600000,2025-12-10,0001676238-25-000147,,audited (SEC XBRL)
OperatingIncomeLoss,us-gaap,Operating Income (Loss),USD,duration,2024-08-01,2024-10-31,FY2025 Q3,91,2026,Q3,10-Q,-32570000,2025-12-10,0001676238-25-000147,CY2024Q3,audited (SEC XBRL)
OperatingIncomeLoss,us-gaap,Operating Income (Loss),USD,duration,2024-02-01,2025-01-31,FY2025,365,2026,FY,10-K,-122159000,2026-03-25,0001676238-26-000013,CY2024,audited (SEC XBRL)
OperatingIncomeLoss,us-gaap,Operating Income (Loss),USD,duration,2025-02-01,2025-04-30,FY2026 Q1,88,2027,Q1,10-Q,-40222000,2026-05-28,0001676238-26-000027,CY2025Q1,audited (SEC XBRL)
OperatingIncomeLoss,us-gaap,Operating Income (Loss),USD,duration,2025-02-01,2025-07-31,FY2026 Q2,180,2026,Q2,10-Q,-78975000,2025-09-05,0001676238-25-000134,,audited (SEC XBRL)
OperatingIncomeLoss,us-gaap,Operating Income (Loss),USD,duration,2025-05-01,2025-07-31,FY2026 Q2,91,2026,Q2,10-Q,-38753000,2025-09-05,0001676238-25-000134,CY2025Q2,audited (SEC XBRL)
OperatingIncomeLoss,us-gaap,Operating Income (Loss),USD,duration,2025-02-01,2025-10-31,FY2026 Q3,272,2026,Q3,10-Q,-116520000,2025-12-10,0001676238-25-000147,,audited (SEC XBRL)
OperatingIncomeLoss,us-gaap,Operating Income (Loss),USD,duration,2025-08-01,2025-10-31,FY2026 Q3,91,2026,Q3,10-Q,-37545000,2025-12-10,0001676238-25-000147,CY2025Q3,audited (SEC XBRL)
OperatingIncomeLoss,us-gaap,Operating Income (Loss),USD,duration,2025-02-01,2026-01-31,FY2026,364,2026,FY,10-K,-144757000,2026-03-25,0001676238-26-000013,CY2025,audited (SEC XBRL)
OperatingIncomeLoss,us-gaap,Operating Income (Loss),USD,duration,2026-02-01,2026-04-30,FY2027 Q1,88,2027,Q1,10-Q,-27514000,2026-05-28,0001676238-26-000027,CY2026Q1,audited (SEC XBRL)
PaymentsToAcquireBusinessesNetOfCashAcquired,us-gaap,"Payments to Acquire Businesses, Net of Cash Acquired",USD,duration,2021-02-01,2022-01-31,FY2022,364,2024,FY,10-K,0,2024-04-01,0001676238-24-000049,CY2021,audited (SEC XBRL)
PaymentsToAcquireBusinessesNetOfCashAcquired,us-gaap,"Payments to Acquire Businesses, Net of Cash Acquired",USD,duration,2022-02-01,2022-07-31,FY2023 Q2,180,2024,Q2,10-Q,0,2023-09-08,0001676238-23-000145,,audited (SEC XBRL)
PaymentsToAcquireBusinessesNetOfCashAcquired,us-gaap,"Payments to Acquire Businesses, Net of Cash Acquired",USD,duration,2022-02-01,2022-10-31,FY2023 Q3,272,2024,Q3,10-Q,0,2023-12-07,0001676238-23-000209,,audited (SEC XBRL)
PaymentsToAcquireBusinessesNetOfCashAcquired,us-gaap,"Payments to Acquire Businesses, Net of Cash Acquired",USD,duration,2022-02-01,2023-01-31,FY2023,364,2025,FY,10-K,0,2025-03-31,0001676238-25-000054,CY2022,audited (SEC XBRL)
PaymentsToAcquireBusinessesNetOfCashAcquired,us-gaap,"Payments to Acquire Businesses, Net of Cash Acquired",USD,duration,2023-02-01,2023-07-31,FY2024 Q2,180,2025,Q2,10-Q,16318000,2024-09-06,0001676238-24-000171,,audited (SEC XBRL)
PaymentsToAcquireBusinessesNetOfCashAcquired,us-gaap,"Payments to Acquire Businesses, Net of Cash Acquired",USD,duration,2023-02-01,2023-10-31,FY2024 Q3,272,2025,Q3,10-Q,16319000,2024-12-10,0001676238-24-000208,,audited (SEC XBRL)
PaymentsToAcquireBusinessesNetOfCashAcquired,us-gaap,"Payments to Acquire Businesses, Net of Cash Acquired",USD,duration,2023-02-01,2024-01-31,FY2024,364,2026,FY,10-K,16319000,2026-03-25,0001676238-26-000013,CY2023,audited (SEC XBRL)
PaymentsToAcquireBusinessesNetOfCashAcquired,us-gaap,"Payments to Acquire Businesses, Net of Cash Acquired",USD,duration,2024-02-01,2024-07-31,FY2025 Q2,181,2026,Q2,10-Q,0,2025-09-05,0001676238-25-000134,,audited (SEC XBRL)
PaymentsToAcquireBusinessesNetOfCashAcquired,us-gaap,"Payments to Acquire Businesses, Net of Cash Acquired",USD,duration,2024-02-01,2024-10-31,FY2025 Q3,273,2026,Q3,10-Q,0,2025-12-10,0001676238-25-000147,,audited (SEC XBRL)
PaymentsToAcquireBusinessesNetOfCashAcquired,us-gaap,"Payments to Acquire Businesses, Net of Cash Acquired",USD,duration,2024-02-01,2025-01-31,FY2025,365,2026,FY,10-K,0,2026-03-25,0001676238-26-000013,CY2024,audited (SEC XBRL)
PaymentsToAcquireBusinessesNetOfCashAcquired,us-gaap,"Payments to Acquire Businesses, Net of Cash Acquired",USD,duration,2025-02-01,2025-07-31,FY2026 Q2,180,2026,Q2,10-Q,181200000,2025-09-05,0001676238-25-000134,,audited (SEC XBRL)
PaymentsToAcquireBusinessesNetOfCashAcquired,us-gaap,"Payments to Acquire Businesses, Net of Cash Acquired",USD,duration,2025-02-01,2025-10-31,FY2026 Q3,272,2026,Q3,10-Q,181889000,2025-12-10,0001676238-25-000147,,audited (SEC XBRL)
PaymentsToAcquireBusinessesNetOfCashAcquired,us-gaap,"Payments to Acquire Businesses, Net of Cash Acquired",USD,duration,2025-02-01,2026-01-31,FY2026,364,2026,FY,10-K,181854000,2026-03-25,0001676238-26-000013,CY2025,audited (SEC XBRL)
ResearchAndDevelopmentExpense,us-gaap,Research and Development Expense,USD,duration,2019-02-01,2020-01-31,FY2020,364,2022,FY,10-K,20339000,2022-03-31,0001676238-22-000005,CY2019,audited (SEC XBRL)
ResearchAndDevelopmentExpense,us-gaap,Research and Development Expense,USD,duration,2020-02-01,2020-10-31,FY2021 Q3,273,2022,Q3,10-Q,20169000,2021-12-21,0001676238-21-000006,,audited (SEC XBRL)
ResearchAndDevelopmentExpense,us-gaap,Research and Development Expense,USD,duration,2020-08-01,2020-10-31,FY2021 Q3,91,2022,Q3,10-Q,7410000,2021-12-21,0001676238-21-000006,CY2020Q3,audited (SEC XBRL)
ResearchAndDevelopmentExpense,us-gaap,Research and Development Expense,USD,duration,2020-02-01,2021-01-31,FY2021,365,2023,FY,10-K,29212000,2023-03-31,0001676238-23-000031,CY2020,audited (SEC XBRL)
ResearchAndDevelopmentExpense,us-gaap,Research and Development Expense,USD,duration,2021-02-01,2021-04-30,FY2022 Q1,88,2023,Q1,10-Q,11797000,2022-06-14,0001676238-22-000019,CY2021Q1,audited (SEC XBRL)
ResearchAndDevelopmentExpense,us-gaap,Research and Development Expense,USD,duration,2021-02-01,2021-07-31,FY2022 Q2,180,2023,Q2,10-Q,23392000,2022-09-13,0001676238-22-000047,,audited (SEC XBRL)
ResearchAndDevelopmentExpense,us-gaap,Research and Development Expense,USD,duration,2021-05-01,2021-07-31,FY2022 Q2,91,2023,Q2,10-Q,11595000,2022-09-13,0001676238-22-000047,CY2021Q2,audited (SEC XBRL)
ResearchAndDevelopmentExpense,us-gaap,Research and Development Expense,USD,duration,2021-02-01,2021-10-31,FY2022 Q3,272,2023,Q3,10-Q,36130000,2022-12-14,0001676238-22-000065,,audited (SEC XBRL)
ResearchAndDevelopmentExpense,us-gaap,Research and Development Expense,USD,duration,2021-08-01,2021-10-31,FY2022 Q3,91,2023,Q3,10-Q,12738000,2022-12-14,0001676238-22-000065,CY2021Q3,audited (SEC XBRL)
ResearchAndDevelopmentExpense,us-gaap,Research and Development Expense,USD,duration,2021-02-01,2022-01-31,FY2022,364,2024,FY,10-K,59034000,2024-04-01,0001676238-24-000049,CY2021,audited (SEC XBRL)
ResearchAndDevelopmentExpense,us-gaap,Research and Development Expense,USD,duration,2022-02-01,2022-04-30,FY2023 Q1,88,2024,Q1,10-Q,21620000,2023-06-09,0001676238-23-000068,CY2022Q1,audited (SEC XBRL)
ResearchAndDevelopmentExpense,us-gaap,Research and Development Expense,USD,duration,2022-02-01,2022-07-31,FY2023 Q2,180,2024,Q2,10-Q,44956000,2023-09-08,0001676238-23-000145,,audited (SEC XBRL)
ResearchAndDevelopmentExpense,us-gaap,Research and Development Expense,USD,duration,2022-05-01,2022-07-31,FY2023 Q2,91,2024,Q2,10-Q,23336000,2023-09-08,0001676238-23-000145,CY2022Q2,audited (SEC XBRL)
ResearchAndDevelopmentExpense,us-gaap,Research and Development Expense,USD,duration,2022-02-01,2022-10-31,FY2023 Q3,272,2024,Q3,10-Q,70539000,2023-12-07,0001676238-23-000209,,audited (SEC XBRL)
ResearchAndDevelopmentExpense,us-gaap,Research and Development Expense,USD,duration,2022-08-01,2022-10-31,FY2023 Q3,91,2024,Q3,10-Q,25583000,2023-12-07,0001676238-23-000209,CY2022Q3,audited (SEC XBRL)
ResearchAndDevelopmentExpense,us-gaap,Research and Development Expense,USD,duration,2022-02-01,2023-01-31,FY2023,364,2025,FY,10-K,97293000,2025-03-31,0001676238-25-000054,CY2022,audited (SEC XBRL)
ResearchAndDevelopmentExpense,us-gaap,Research and Development Expense,USD,duration,2023-02-01,2023-04-30,FY2024 Q1,88,2025,Q1,10-Q,29745000,2024-06-07,0001676238-24-000103,CY2023Q1,audited (SEC XBRL)
ResearchAndDevelopmentExpense,us-gaap,Research and Development Expense,USD,duration,2023-02-01,2023-07-31,FY2024 Q2,180,2025,Q2,10-Q,58877000,2024-09-06,0001676238-24-000171,,audited (SEC XBRL)
ResearchAndDevelopmentExpense,us-gaap,Research and Development Expense,USD,duration,2023-05-01,2023-07-31,FY2024 Q2,91,2025,Q2,10-Q,29132000,2024-09-06,0001676238-24-000171,CY2023Q2,audited (SEC XBRL)
ResearchAndDevelopmentExpense,us-gaap,Research and Development Expense,USD,duration,2023-02-01,2023-10-31,FY2024 Q3,272,2025,Q3,10-Q,88749000,2024-12-10,0001676238-24-000208,,audited (SEC XBRL)
ResearchAndDevelopmentExpense,us-gaap,Research and Development Expense,USD,duration,2023-08-01,2023-10-31,FY2024 Q3,91,2025,Q3,10-Q,29872000,2024-12-10,0001676238-24-000208,CY2023Q3,audited (SEC XBRL)
ResearchAndDevelopmentExpense,us-gaap,Research and Development Expense,USD,duration,2023-02-01,2024-01-31,FY2024,364,2026,FY,10-K,119863000,2026-03-25,0001676238-26-000013,CY2023,audited (SEC XBRL)
ResearchAndDevelopmentExpense,us-gaap,Research and Development Expense,USD,duration,2024-02-01,2024-04-30,FY2025 Q1,89,2026,Q1,10-Q,34373000,2025-06-06,0001676238-25-000079,CY2024Q1,audited (SEC XBRL)
ResearchAndDevelopmentExpense,us-gaap,Research and Development Expense,USD,duration,2024-02-01,2024-07-31,FY2025 Q2,181,2026,Q2,10-Q,67514000,2025-09-05,0001676238-25-000134,,audited (SEC XBRL)
ResearchAndDevelopmentExpense,us-gaap,Research and Development Expense,USD,duration,2024-05-01,2024-07-31,FY2025 Q2,91,2026,Q2,10-Q,33141000,2025-09-05,0001676238-25-000134,CY2024Q2,audited (SEC XBRL)
ResearchAndDevelopmentExpense,us-gaap,Research and Development Expense,USD,duration,2024-02-01,2024-10-31,FY2025 Q3,273,2026,Q3,10-Q,100369000,2025-12-10,0001676238-25-000147,,audited (SEC XBRL)
ResearchAndDevelopmentExpense,us-gaap,Research and Development Expense,USD,duration,2024-08-01,2024-10-31,FY2025 Q3,91,2026,Q3,10-Q,32855000,2025-12-10,0001676238-25-000147,CY2024Q3,audited (SEC XBRL)
ResearchAndDevelopmentExpense,us-gaap,Research and Development Expense,USD,duration,2024-02-01,2025-01-31,FY2025,365,2026,FY,10-K,133969000,2026-03-25,0001676238-26-000013,CY2024,audited (SEC XBRL)
ResearchAndDevelopmentExpense,us-gaap,Research and Development Expense,USD,duration,2025-02-01,2025-04-30,FY2026 Q1,88,2027,Q1,10-Q,36797000,2026-05-28,0001676238-26-000027,CY2025Q1,audited (SEC XBRL)
ResearchAndDevelopmentExpense,us-gaap,Research and Development Expense,USD,duration,2025-02-01,2025-07-31,FY2026 Q2,180,2026,Q2,10-Q,78047000,2025-09-05,0001676238-25-000134,,audited (SEC XBRL)
ResearchAndDevelopmentExpense,us-gaap,Research and Development Expense,USD,duration,2025-05-01,2025-07-31,FY2026 Q2,91,2026,Q2,10-Q,41250000,2025-09-05,0001676238-25-000134,CY2025Q2,audited (SEC XBRL)
ResearchAndDevelopmentExpense,us-gaap,Research and Development Expense,USD,duration,2025-02-01,2025-10-31,FY2026 Q3,272,2026,Q3,10-Q,122114000,2025-12-10,0001676238-25-000147,,audited (SEC XBRL)
ResearchAndDevelopmentExpense,us-gaap,Research and Development Expense,USD,duration,2025-08-01,2025-10-31,FY2026 Q3,91,2026,Q3,10-Q,44067000,2025-12-10,0001676238-25-000147,CY2025Q3,audited (SEC XBRL)
ResearchAndDevelopmentExpense,us-gaap,Research and Development Expense,USD,duration,2025-02-01,2026-01-31,FY2026,364,2026,FY,10-K,167143000,2026-03-25,0001676238-26-000013,CY2025,audited (SEC XBRL)
ResearchAndDevelopmentExpense,us-gaap,Research and Development Expense,USD,duration,2026-02-01,2026-04-30,FY2027 Q1,88,2027,Q1,10-Q,46100000,2026-05-28,0001676238-26-000027,CY2026Q1,audited (SEC XBRL)
RevenueFromContractWithCustomerExcludingAssessedTax,us-gaap,"Revenue from Contract with Customer, Excluding Assessed Tax",USD,duration,2019-02-01,2020-01-31,FY2020,364,2022,FY,10-K,96364000,2022-03-31,0001676238-22-000005,CY2019,audited (SEC XBRL)
RevenueFromContractWithCustomerExcludingAssessedTax,us-gaap,"Revenue from Contract with Customer, Excluding Assessed Tax",USD,duration,2020-02-01,2020-10-31,FY2021 Q3,273,2022,Q3,10-Q,107261000,2021-12-21,0001676238-21-000006,,audited (SEC XBRL)
RevenueFromContractWithCustomerExcludingAssessedTax,us-gaap,"Revenue from Contract with Customer, Excluding Assessed Tax",USD,duration,2020-08-01,2020-10-31,FY2021 Q3,91,2022,Q3,10-Q,39332000,2021-12-21,0001676238-21-000006,CY2020Q3,audited (SEC XBRL)
RevenueFromContractWithCustomerExcludingAssessedTax,us-gaap,"Revenue from Contract with Customer, Excluding Assessed Tax",USD,duration,2020-02-01,2021-01-31,FY2021,365,2023,FY,10-K,150191000,2023-03-31,0001676238-23-000031,CY2020,audited (SEC XBRL)
RevenueFromContractWithCustomerExcludingAssessedTax,us-gaap,"Revenue from Contract with Customer, Excluding Assessed Tax",USD,duration,2021-02-01,2021-04-30,FY2022 Q1,88,2023,Q1,10-Q,47877000,2022-06-14,0001676238-22-000019,CY2021Q1,audited (SEC XBRL)
RevenueFromContractWithCustomerExcludingAssessedTax,us-gaap,"Revenue from Contract with Customer, Excluding Assessed Tax",USD,duration,2021-02-01,2021-07-31,FY2022 Q2,180,2023,Q2,10-Q,103633000,2022-09-13,0001676238-22-000047,,audited (SEC XBRL)
RevenueFromContractWithCustomerExcludingAssessedTax,us-gaap,"Revenue from Contract with Customer, Excluding Assessed Tax",USD,duration,2021-05-01,2021-07-31,FY2022 Q2,91,2023,Q2,10-Q,55756000,2022-09-13,0001676238-22-000047,CY2021Q2,audited (SEC XBRL)
RevenueFromContractWithCustomerExcludingAssessedTax,us-gaap,"Revenue from Contract with Customer, Excluding Assessed Tax",USD,duration,2021-02-01,2021-10-31,FY2022 Q3,272,2023,Q3,10-Q,167601000,2022-12-14,0001676238-22-000065,,audited (SEC XBRL)
RevenueFromContractWithCustomerExcludingAssessedTax,us-gaap,"Revenue from Contract with Customer, Excluding Assessed Tax",USD,duration,2021-08-01,2021-10-31,FY2022 Q3,91,2023,Q3,10-Q,63968000,2022-12-14,0001676238-22-000065,CY2021Q3,audited (SEC XBRL)
RevenueFromContractWithCustomerExcludingAssessedTax,us-gaap,"Revenue from Contract with Customer, Excluding Assessed Tax",USD,duration,2021-02-01,2022-01-31,FY2022,364,2024,FY,10-K,238035000,2024-04-01,0001676238-24-000049,CY2021,audited (SEC XBRL)
RevenueFromContractWithCustomerExcludingAssessedTax,us-gaap,"Revenue from Contract with Customer, Excluding Assessed Tax",USD,duration,2022-02-01,2022-04-30,FY2023 Q1,88,2024,Q1,10-Q,77495000,2023-06-09,0001676238-23-000068,CY2022Q1,audited (SEC XBRL)
RevenueFromContractWithCustomerExcludingAssessedTax,us-gaap,"Revenue from Contract with Customer, Excluding Assessed Tax",USD,duration,2022-02-01,2022-07-31,FY2023 Q2,180,2024,Q2,10-Q,163626000,2023-09-08,0001676238-23-000145,,audited (SEC XBRL)
RevenueFromContractWithCustomerExcludingAssessedTax,us-gaap,"Revenue from Contract with Customer, Excluding Assessed Tax",USD,duration,2022-05-01,2022-07-31,FY2023 Q2,91,2024,Q2,10-Q,86131000,2023-09-08,0001676238-23-000145,CY2022Q2,audited (SEC XBRL)
RevenueFromContractWithCustomerExcludingAssessedTax,us-gaap,"Revenue from Contract with Customer, Excluding Assessed Tax",USD,duration,2022-02-01,2022-10-31,FY2023 Q3,272,2024,Q3,10-Q,256751000,2023-12-07,0001676238-23-000209,,audited (SEC XBRL)
RevenueFromContractWithCustomerExcludingAssessedTax,us-gaap,"Revenue from Contract with Customer, Excluding Assessed Tax",USD,duration,2022-08-01,2022-10-31,FY2023 Q3,91,2024,Q3,10-Q,93125000,2023-12-07,0001676238-23-000209,CY2022Q3,audited (SEC XBRL)
RevenueFromContractWithCustomerExcludingAssessedTax,us-gaap,"Revenue from Contract with Customer, Excluding Assessed Tax",USD,duration,2022-02-01,2023-01-31,FY2023,364,2025,FY,10-K,355426000,2025-03-31,0001676238-25-000054,CY2022,audited (SEC XBRL)
RevenueFromContractWithCustomerExcludingAssessedTax,us-gaap,"Revenue from Contract with Customer, Excluding Assessed Tax",USD,duration,2023-02-01,2023-04-30,FY2024 Q1,88,2025,Q1,10-Q,101780000,2024-06-07,0001676238-24-000103,CY2023Q1,audited (SEC XBRL)
RevenueFromContractWithCustomerExcludingAssessedTax,us-gaap,"Revenue from Contract with Customer, Excluding Assessed Tax",USD,duration,2023-02-01,2023-07-31,FY2024 Q2,180,2025,Q2,10-Q,216887000,2024-09-06,0001676238-24-000171,,audited (SEC XBRL)
RevenueFromContractWithCustomerExcludingAssessedTax,us-gaap,"Revenue from Contract with Customer, Excluding Assessed Tax",USD,duration,2023-05-01,2023-07-31,FY2024 Q2,91,2025,Q2,10-Q,115107000,2024-09-06,0001676238-24-000171,CY2023Q2,audited (SEC XBRL)
RevenueFromContractWithCustomerExcludingAssessedTax,us-gaap,"Revenue from Contract with Customer, Excluding Assessed Tax",USD,duration,2023-02-01,2023-10-31,FY2024 Q3,272,2025,Q3,10-Q,340843000,2024-12-10,0001676238-24-000208,,audited (SEC XBRL)
RevenueFromContractWithCustomerExcludingAssessedTax,us-gaap,"Revenue from Contract with Customer, Excluding Assessed Tax",USD,duration,2023-08-01,2023-10-31,FY2024 Q3,91,2025,Q3,10-Q,123956000,2024-12-10,0001676238-24-000208,CY2023Q3,audited (SEC XBRL)
RevenueFromContractWithCustomerExcludingAssessedTax,us-gaap,"Revenue from Contract with Customer, Excluding Assessed Tax",USD,duration,2023-02-01,2024-01-31,FY2024,364,2026,FY,10-K,471800000,2026-03-25,0001676238-26-000013,CY2023,audited (SEC XBRL)
RevenueFromContractWithCustomerExcludingAssessedTax,us-gaap,"Revenue from Contract with Customer, Excluding Assessed Tax",USD,duration,2024-02-01,2024-04-30,FY2025 Q1,89,2026,Q1,10-Q,135459000,2025-06-06,0001676238-25-000079,CY2024Q1,audited (SEC XBRL)
RevenueFromContractWithCustomerExcludingAssessedTax,us-gaap,"Revenue from Contract with Customer, Excluding Assessed Tax",USD,duration,2024-02-01,2024-07-31,FY2025 Q2,181,2026,Q2,10-Q,280958000,2025-09-05,0001676238-25-000134,,audited (SEC XBRL)
RevenueFromContractWithCustomerExcludingAssessedTax,us-gaap,"Revenue from Contract with Customer, Excluding Assessed Tax",USD,duration,2024-05-01,2024-07-31,FY2025 Q2,91,2026,Q2,10-Q,145499000,2025-09-05,0001676238-25-000134,CY2024Q2,audited (SEC XBRL)
RevenueFromContractWithCustomerExcludingAssessedTax,us-gaap,"Revenue from Contract with Customer, Excluding Assessed Tax",USD,duration,2024-02-01,2024-10-31,FY2025 Q3,273,2026,Q3,10-Q,433010000,2025-12-10,0001676238-25-000147,,audited (SEC XBRL)
RevenueFromContractWithCustomerExcludingAssessedTax,us-gaap,"Revenue from Contract with Customer, Excluding Assessed Tax",USD,duration,2024-08-01,2024-10-31,FY2025 Q3,91,2026,Q3,10-Q,152052000,2025-12-10,0001676238-25-000147,CY2024Q3,audited (SEC XBRL)
RevenueFromContractWithCustomerExcludingAssessedTax,us-gaap,"Revenue from Contract with Customer, Excluding Assessed Tax",USD,duration,2024-02-01,2025-01-31,FY2025,365,2026,FY,10-K,593410000,2026-03-25,0001676238-26-000013,CY2024,audited (SEC XBRL)
RevenueFromContractWithCustomerExcludingAssessedTax,us-gaap,"Revenue from Contract with Customer, Excluding Assessed Tax",USD,duration,2025-02-01,2025-04-30,FY2026 Q1,88,2027,Q1,10-Q,162059000,2026-05-28,0001676238-26-000027,CY2025Q1,audited (SEC XBRL)
RevenueFromContractWithCustomerExcludingAssessedTax,us-gaap,"Revenue from Contract with Customer, Excluding Assessed Tax",USD,duration,2025-02-01,2025-07-31,FY2026 Q2,180,2026,Q2,10-Q,342170000,2025-09-05,0001676238-25-000134,,audited (SEC XBRL)
RevenueFromContractWithCustomerExcludingAssessedTax,us-gaap,"Revenue from Contract with Customer, Excluding Assessed Tax",USD,duration,2025-05-01,2025-07-31,FY2026 Q2,91,2026,Q2,10-Q,180111000,2025-09-05,0001676238-25-000134,CY2025Q2,audited (SEC XBRL)
RevenueFromContractWithCustomerExcludingAssessedTax,us-gaap,"Revenue from Contract with Customer, Excluding Assessed Tax",USD,duration,2025-02-01,2025-10-31,FY2026 Q3,272,2026,Q3,10-Q,533012000,2025-12-10,0001676238-25-000147,,audited (SEC XBRL)
RevenueFromContractWithCustomerExcludingAssessedTax,us-gaap,"Revenue from Contract with Customer, Excluding Assessed Tax",USD,duration,2025-08-01,2025-10-31,FY2026 Q3,91,2026,Q3,10-Q,190842000,2025-12-10,0001676238-25-000147,CY2025Q3,audited (SEC XBRL)
RevenueFromContractWithCustomerExcludingAssessedTax,us-gaap,"Revenue from Contract with Customer, Excluding Assessed Tax",USD,duration,2025-02-01,2026-01-31,FY2026,364,2026,FY,10-K,738182000,2026-03-25,0001676238-26-000013,CY2025,audited (SEC XBRL)
RevenueFromContractWithCustomerExcludingAssessedTax,us-gaap,"Revenue from Contract with Customer, Excluding Assessed Tax",USD,duration,2026-02-01,2026-04-30,FY2027 Q1,88,2027,Q1,10-Q,210999000,2026-05-28,0001676238-26-000027,CY2026Q1,audited (SEC XBRL)
RevenueRemainingPerformanceObligation,us-gaap,"Revenue, Remaining Performance Obligation, Amount",USD,instant,,2021-01-31,FY2021 as at 2021-01-31,0,2022,FY,10-K,234200000,2022-03-31,0001676238-22-000005,CY2020Q4I,audited (SEC XBRL)
RevenueRemainingPerformanceObligation,us-gaap,"Revenue, Remaining Performance Obligation, Amount",USD,instant,,2021-04-30,FY2022 as at 2021-04-30,0,2023,Q1,10-Q,249600000,2022-06-14,0001676238-22-000019,CY2021Q1I,audited (SEC XBRL)
RevenueRemainingPerformanceObligation,us-gaap,"Revenue, Remaining Performance Obligation, Amount",USD,instant,,2021-07-31,FY2022 as at 2021-07-31,0,2023,Q2,10-Q,268200000,2022-09-13,0001676238-22-000047,CY2021Q2I,audited (SEC XBRL)
RevenueRemainingPerformanceObligation,us-gaap,"Revenue, Remaining Performance Obligation, Amount",USD,instant,,2021-10-31,FY2022 as at 2021-10-31,0,2023,Q3,10-Q,304000000,2022-12-14,0001676238-22-000065,CY2021Q3I,audited (SEC XBRL)
RevenueRemainingPerformanceObligation,us-gaap,"Revenue, Remaining Performance Obligation, Amount",USD,instant,,2022-01-31,FY2022 as at 2022-01-31,0,2023,FY,10-K,373600000,2023-03-31,0001676238-23-000031,CY2021Q4I,audited (SEC XBRL)
RevenueRemainingPerformanceObligation,us-gaap,"Revenue, Remaining Performance Obligation, Amount",USD,instant,,2022-04-30,FY2023 as at 2022-04-30,0,2024,Q1,10-Q,390900000,2023-06-09,0001676238-23-000068,CY2022Q1I,audited (SEC XBRL)
RevenueRemainingPerformanceObligation,us-gaap,"Revenue, Remaining Performance Obligation, Amount",USD,instant,,2022-07-31,FY2023 as at 2022-07-31,0,2024,Q2,10-Q,410500000,2023-09-08,0001676238-23-000145,CY2022Q2I,audited (SEC XBRL)
RevenueRemainingPerformanceObligation,us-gaap,"Revenue, Remaining Performance Obligation, Amount",USD,instant,,2022-10-31,FY2023 as at 2022-10-31,0,2024,Q3,10-Q,408700000,2023-12-07,0001676238-23-000209,CY2022Q3I,audited (SEC XBRL)
RevenueRemainingPerformanceObligation,us-gaap,"Revenue, Remaining Performance Obligation, Amount",USD,instant,,2023-01-31,FY2023 as at 2023-01-31,0,2024,FY,10-K,455700000,2024-04-01,0001676238-24-000049,CY2022Q4I,audited (SEC XBRL)
RevenueRemainingPerformanceObligation,us-gaap,"Revenue, Remaining Performance Obligation, Amount",USD,instant,,2023-04-30,FY2024 as at 2023-04-30,0,2025,Q1,10-Q,477500000,2024-06-07,0001676238-24-000103,CY2023Q1I,audited (SEC XBRL)
RevenueRemainingPerformanceObligation,us-gaap,"Revenue, Remaining Performance Obligation, Amount",USD,instant,,2023-07-31,FY2024 as at 2023-07-31,0,2025,Q2,10-Q,523500000,2024-09-06,0001676238-24-000171,CY2023Q2I,audited (SEC XBRL)
RevenueRemainingPerformanceObligation,us-gaap,"Revenue, Remaining Performance Obligation, Amount",USD,instant,,2023-10-31,FY2024 as at 2023-10-31,0,2025,Q3,10-Q,560100000,2024-12-10,0001676238-24-000208,CY2023Q3I,audited (SEC XBRL)
RevenueRemainingPerformanceObligation,us-gaap,"Revenue, Remaining Performance Obligation, Amount",USD,instant,,2024-01-31,FY2024 as at 2024-01-31,0,2025,FY,10-K,639200000,2025-03-31,0001676238-25-000054,CY2023Q4I,audited (SEC XBRL)
RevenueRemainingPerformanceObligation,us-gaap,"Revenue, Remaining Performance Obligation, Amount",USD,instant,,2024-04-30,FY2025 as at 2024-04-30,0,2026,Q1,10-Q,657300000,2025-06-06,0001676238-25-000079,CY2024Q1I,audited (SEC XBRL)
RevenueRemainingPerformanceObligation,us-gaap,"Revenue, Remaining Performance Obligation, Amount",USD,instant,,2024-07-31,FY2025 as at 2024-07-31,0,2026,Q2,10-Q,689600000,2025-09-05,0001676238-25-000134,CY2024Q2I,audited (SEC XBRL)
RevenueRemainingPerformanceObligation,us-gaap,"Revenue, Remaining Performance Obligation, Amount",USD,instant,,2024-10-31,FY2025 as at 2024-10-31,0,2026,Q3,10-Q,716800000,2025-12-10,0001676238-25-000147,CY2024Q3I,audited (SEC XBRL)
RevenueRemainingPerformanceObligation,us-gaap,"Revenue, Remaining Performance Obligation, Amount",USD,instant,,2025-01-31,FY2025 as at 2025-01-31,0,2026,FY,10-K,793100000,2026-03-25,0001676238-26-000013,CY2024Q4I,audited (SEC XBRL)
RevenueRemainingPerformanceObligation,us-gaap,"Revenue, Remaining Performance Obligation, Amount",USD,instant,,2025-04-30,FY2026 as at 2025-04-30,0,2027,Q1,10-Q,829300000,2026-05-28,0001676238-26-000027,CY2025Q1I,audited (SEC XBRL)
RevenueRemainingPerformanceObligation,us-gaap,"Revenue, Remaining Performance Obligation, Amount",USD,instant,,2025-07-31,FY2026 as at 2025-07-31,0,2027,Q1,10-Q,862200000,2026-05-28,0001676238-26-000027,CY2025Q2I,audited (SEC XBRL)
RevenueRemainingPerformanceObligation,us-gaap,"Revenue, Remaining Performance Obligation, Amount",USD,instant,,2025-10-31,FY2026 as at 2025-10-31,0,2027,Q1,10-Q,891400000,2026-05-28,0001676238-26-000027,CY2025Q3I,audited (SEC XBRL)
RevenueRemainingPerformanceObligation,us-gaap,"Revenue, Remaining Performance Obligation, Amount",USD,instant,,2026-01-31,FY2026 as at 2026-01-31,0,2027,Q1,10-Q,1033000000,2026-05-28,0001676238-26-000027,CY2025Q4I,audited (SEC XBRL)
RevenueRemainingPerformanceObligation,us-gaap,"Revenue, Remaining Performance Obligation, Amount",USD,instant,,2026-04-30,FY2027 as at 2026-04-30,0,2027,Q1,10-Q,1079200000,2026-05-28,0001676238-26-000027,CY2026Q1I,audited (SEC XBRL)
SellingAndMarketingExpense,us-gaap,Selling and Marketing Expense,USD,duration,2019-02-01,2020-01-31,FY2020,364,2022,FY,10-K,57348000,2022-03-31,0001676238-22-000005,CY2019,audited (SEC XBRL)
SellingAndMarketingExpense,us-gaap,Selling and Marketing Expense,USD,duration,2020-02-01,2020-10-31,FY2021 Q3,273,2022,Q3,10-Q,50198000,2021-12-21,0001676238-21-000006,,audited (SEC XBRL)
SellingAndMarketingExpense,us-gaap,Selling and Marketing Expense,USD,duration,2020-08-01,2020-10-31,FY2021 Q3,91,2022,Q3,10-Q,19137000,2021-12-21,0001676238-21-000006,CY2020Q3,audited (SEC XBRL)
SellingAndMarketingExpense,us-gaap,Selling and Marketing Expense,USD,duration,2020-02-01,2021-01-31,FY2021,365,2023,FY,10-K,70661000,2023-03-31,0001676238-23-000031,CY2020,audited (SEC XBRL)
SellingAndMarketingExpense,us-gaap,Selling and Marketing Expense,USD,duration,2021-02-01,2021-04-30,FY2022 Q1,88,2023,Q1,10-Q,24351000,2022-06-14,0001676238-22-000019,CY2021Q1,audited (SEC XBRL)
SellingAndMarketingExpense,us-gaap,Selling and Marketing Expense,USD,duration,2021-02-01,2021-07-31,FY2022 Q2,180,2023,Q2,10-Q,51843000,2022-09-13,0001676238-22-000047,,audited (SEC XBRL)
SellingAndMarketingExpense,us-gaap,Selling and Marketing Expense,USD,duration,2021-05-01,2021-07-31,FY2022 Q2,91,2023,Q2,10-Q,27492000,2022-09-13,0001676238-22-000047,CY2021Q2,audited (SEC XBRL)
SellingAndMarketingExpense,us-gaap,Selling and Marketing Expense,USD,duration,2021-02-01,2021-10-31,FY2022 Q3,272,2023,Q3,10-Q,81411000,2022-12-14,0001676238-22-000065,,audited (SEC XBRL)
SellingAndMarketingExpense,us-gaap,Selling and Marketing Expense,USD,duration,2021-08-01,2021-10-31,FY2022 Q3,91,2023,Q3,10-Q,29568000,2022-12-14,0001676238-22-000065,CY2021Q3,audited (SEC XBRL)
SellingAndMarketingExpense,us-gaap,Selling and Marketing Expense,USD,duration,2021-02-01,2022-01-31,FY2022,364,2024,FY,10-K,127137000,2024-04-01,0001676238-24-000049,CY2021,audited (SEC XBRL)
SellingAndMarketingExpense,us-gaap,Selling and Marketing Expense,USD,duration,2022-02-01,2022-04-30,FY2023 Q1,88,2024,Q1,10-Q,46044000,2023-06-09,0001676238-23-000068,CY2022Q1,audited (SEC XBRL)
SellingAndMarketingExpense,us-gaap,Selling and Marketing Expense,USD,duration,2022-02-01,2022-07-31,FY2023 Q2,180,2024,Q2,10-Q,96051000,2023-09-08,0001676238-23-000145,,audited (SEC XBRL)
SellingAndMarketingExpense,us-gaap,Selling and Marketing Expense,USD,duration,2022-05-01,2022-07-31,FY2023 Q2,91,2024,Q2,10-Q,50007000,2023-09-08,0001676238-23-000145,CY2022Q2,audited (SEC XBRL)
SellingAndMarketingExpense,us-gaap,Selling and Marketing Expense,USD,duration,2022-02-01,2022-10-31,FY2023 Q3,272,2024,Q3,10-Q,148892000,2023-12-07,0001676238-23-000209,,audited (SEC XBRL)
SellingAndMarketingExpense,us-gaap,Selling and Marketing Expense,USD,duration,2022-08-01,2022-10-31,FY2023 Q3,91,2024,Q3,10-Q,52841000,2023-12-07,0001676238-23-000209,CY2022Q3,audited (SEC XBRL)
SellingAndMarketingExpense,us-gaap,Selling and Marketing Expense,USD,duration,2022-02-01,2023-01-31,FY2023,364,2025,FY,10-K,201684000,2025-03-31,0001676238-25-000054,CY2022,audited (SEC XBRL)
SellingAndMarketingExpense,us-gaap,Selling and Marketing Expense,USD,duration,2023-02-01,2023-04-30,FY2024 Q1,88,2025,Q1,10-Q,57262000,2024-06-07,0001676238-24-000103,CY2023Q1,audited (SEC XBRL)
SellingAndMarketingExpense,us-gaap,Selling and Marketing Expense,USD,duration,2023-02-01,2023-07-31,FY2024 Q2,180,2025,Q2,10-Q,117679000,2024-09-06,0001676238-24-000171,,audited (SEC XBRL)
SellingAndMarketingExpense,us-gaap,Selling and Marketing Expense,USD,duration,2023-05-01,2023-07-31,FY2024 Q2,91,2025,Q2,10-Q,60417000,2024-09-06,0001676238-24-000171,CY2023Q2,audited (SEC XBRL)
SellingAndMarketingExpense,us-gaap,Selling and Marketing Expense,USD,duration,2023-02-01,2023-10-31,FY2024 Q3,272,2025,Q3,10-Q,184074000,2024-12-10,0001676238-24-000208,,audited (SEC XBRL)
SellingAndMarketingExpense,us-gaap,Selling and Marketing Expense,USD,duration,2023-08-01,2023-10-31,FY2024 Q3,91,2025,Q3,10-Q,66395000,2024-12-10,0001676238-24-000208,CY2023Q3,audited (SEC XBRL)
SellingAndMarketingExpense,us-gaap,Selling and Marketing Expense,USD,duration,2023-02-01,2024-01-31,FY2024,364,2026,FY,10-K,247125000,2026-03-25,0001676238-26-000013,CY2023,audited (SEC XBRL)
SellingAndMarketingExpense,us-gaap,Selling and Marketing Expense,USD,duration,2024-02-01,2024-04-30,FY2025 Q1,89,2026,Q1,10-Q,69827000,2025-06-06,0001676238-25-000079,CY2024Q1,audited (SEC XBRL)
SellingAndMarketingExpense,us-gaap,Selling and Marketing Expense,USD,duration,2024-02-01,2024-07-31,FY2025 Q2,181,2026,Q2,10-Q,138396000,2025-09-05,0001676238-25-000134,,audited (SEC XBRL)
SellingAndMarketingExpense,us-gaap,Selling and Marketing Expense,USD,duration,2024-05-01,2024-07-31,FY2025 Q2,91,2026,Q2,10-Q,68569000,2025-09-05,0001676238-25-000134,CY2024Q2,audited (SEC XBRL)
SellingAndMarketingExpense,us-gaap,Selling and Marketing Expense,USD,duration,2024-02-01,2024-10-31,FY2025 Q3,273,2026,Q3,10-Q,213054000,2025-12-10,0001676238-25-000147,,audited (SEC XBRL)
SellingAndMarketingExpense,us-gaap,Selling and Marketing Expense,USD,duration,2024-08-01,2024-10-31,FY2025 Q3,91,2026,Q3,10-Q,74658000,2025-12-10,0001676238-25-000147,CY2024Q3,audited (SEC XBRL)
SellingAndMarketingExpense,us-gaap,Selling and Marketing Expense,USD,duration,2024-02-01,2025-01-31,FY2025,365,2026,FY,10-K,282316000,2026-03-25,0001676238-26-000013,CY2024,audited (SEC XBRL)
SellingAndMarketingExpense,us-gaap,Selling and Marketing Expense,USD,duration,2025-02-01,2025-04-30,FY2026 Q1,88,2027,Q1,10-Q,74127000,2026-05-28,0001676238-26-000027,CY2025Q1,audited (SEC XBRL)
SellingAndMarketingExpense,us-gaap,Selling and Marketing Expense,USD,duration,2025-02-01,2025-07-31,FY2026 Q2,180,2026,Q2,10-Q,156726000,2025-09-05,0001676238-25-000134,,audited (SEC XBRL)
SellingAndMarketingExpense,us-gaap,Selling and Marketing Expense,USD,duration,2025-05-01,2025-07-31,FY2026 Q2,91,2026,Q2,10-Q,82599000,2025-09-05,0001676238-25-000134,CY2025Q2,audited (SEC XBRL)
SellingAndMarketingExpense,us-gaap,Selling and Marketing Expense,USD,duration,2025-02-01,2025-10-31,FY2026 Q3,272,2026,Q3,10-Q,245322000,2025-12-10,0001676238-25-000147,,audited (SEC XBRL)
SellingAndMarketingExpense,us-gaap,Selling and Marketing Expense,USD,duration,2025-08-01,2025-10-31,FY2026 Q3,91,2026,Q3,10-Q,88596000,2025-12-10,0001676238-25-000147,CY2025Q3,audited (SEC XBRL)
SellingAndMarketingExpense,us-gaap,Selling and Marketing Expense,USD,duration,2025-02-01,2026-01-31,FY2026,364,2026,FY,10-K,327012000,2026-03-25,0001676238-26-000013,CY2025,audited (SEC XBRL)
SellingAndMarketingExpense,us-gaap,Selling and Marketing Expense,USD,duration,2026-02-01,2026-04-30,FY2027 Q1,88,2027,Q1,10-Q,89188000,2026-05-28,0001676238-26-000027,CY2026Q1,audited (SEC XBRL)
ShareBasedCompensation,us-gaap,"Share-based Payment Arrangement, Noncash Expense",USD,duration,2019-02-01,2020-01-31,FY2020,364,2022,FY,10-K,12408000,2022-03-31,0001676238-22-000005,CY2019,audited (SEC XBRL)
ShareBasedCompensation,us-gaap,"Share-based Payment Arrangement, Noncash Expense",USD,duration,2020-02-01,2020-10-31,FY2021 Q3,273,2022,Q3,10-Q,5002000,2021-12-21,0001676238-21-000006,,audited (SEC XBRL)
ShareBasedCompensation,us-gaap,"Share-based Payment Arrangement, Noncash Expense",USD,duration,2020-02-01,2021-01-31,FY2021,365,2023,FY,10-K,7540000,2023-03-31,0001676238-23-000031,CY2020,audited (SEC XBRL)
ShareBasedCompensation,us-gaap,"Share-based Payment Arrangement, Noncash Expense",USD,duration,2021-02-01,2021-04-30,FY2022 Q1,88,2023,Q1,10-Q,6956000,2022-06-14,0001676238-22-000019,CY2021Q1,audited (SEC XBRL)
ShareBasedCompensation,us-gaap,"Share-based Payment Arrangement, Noncash Expense",USD,duration,2021-02-01,2021-07-31,FY2022 Q2,180,2023,Q2,10-Q,12606000,2022-09-13,0001676238-22-000047,,audited (SEC XBRL)
ShareBasedCompensation,us-gaap,"Share-based Payment Arrangement, Noncash Expense",USD,duration,2021-02-01,2021-10-31,FY2022 Q3,272,2023,Q3,10-Q,18036000,2022-12-14,0001676238-22-000065,,audited (SEC XBRL)
ShareBasedCompensation,us-gaap,"Share-based Payment Arrangement, Noncash Expense",USD,duration,2021-02-01,2022-01-31,FY2022,364,2024,FY,10-K,47180000,2024-04-01,0001676238-24-000049,CY2021,audited (SEC XBRL)
ShareBasedCompensation,us-gaap,"Share-based Payment Arrangement, Noncash Expense",USD,duration,2022-02-01,2022-04-30,FY2023 Q1,88,2024,Q1,10-Q,16971000,2023-06-09,0001676238-23-000068,CY2022Q1,audited (SEC XBRL)
ShareBasedCompensation,us-gaap,"Share-based Payment Arrangement, Noncash Expense",USD,duration,2022-02-01,2022-07-31,FY2023 Q2,180,2024,Q2,10-Q,34253000,2023-09-08,0001676238-23-000145,,audited (SEC XBRL)
ShareBasedCompensation,us-gaap,"Share-based Payment Arrangement, Noncash Expense",USD,duration,2022-02-01,2022-10-31,FY2023 Q3,272,2024,Q3,10-Q,53394000,2023-12-07,0001676238-23-000209,,audited (SEC XBRL)
ShareBasedCompensation,us-gaap,"Share-based Payment Arrangement, Noncash Expense",USD,duration,2022-02-01,2023-01-31,FY2023,364,2025,FY,10-K,72243000,2025-03-31,0001676238-25-000054,CY2022,audited (SEC XBRL)
ShareBasedCompensation,us-gaap,"Share-based Payment Arrangement, Noncash Expense",USD,duration,2023-02-01,2023-04-30,FY2024 Q1,88,2025,Q1,10-Q,24179000,2024-06-07,0001676238-24-000103,CY2023Q1,audited (SEC XBRL)
ShareBasedCompensation,us-gaap,"Share-based Payment Arrangement, Noncash Expense",USD,duration,2023-02-01,2023-07-31,FY2024 Q2,180,2025,Q2,10-Q,49002000,2024-09-06,0001676238-24-000171,,audited (SEC XBRL)
ShareBasedCompensation,us-gaap,"Share-based Payment Arrangement, Noncash Expense",USD,duration,2023-02-01,2023-10-31,FY2024 Q3,272,2025,Q3,10-Q,72961000,2024-12-10,0001676238-24-000208,,audited (SEC XBRL)
ShareBasedCompensation,us-gaap,"Share-based Payment Arrangement, Noncash Expense",USD,duration,2023-02-01,2024-01-31,FY2024,364,2026,FY,10-K,97232000,2026-03-25,0001676238-26-000013,CY2023,audited (SEC XBRL)
ShareBasedCompensation,us-gaap,"Share-based Payment Arrangement, Noncash Expense",USD,duration,2024-02-01,2024-04-30,FY2025 Q1,89,2026,Q1,10-Q,28620000,2025-06-06,0001676238-25-000079,CY2024Q1,audited (SEC XBRL)
ShareBasedCompensation,us-gaap,"Share-based Payment Arrangement, Noncash Expense",USD,duration,2024-02-01,2024-07-31,FY2025 Q2,181,2026,Q2,10-Q,58756000,2025-09-05,0001676238-25-000134,,audited (SEC XBRL)
ShareBasedCompensation,us-gaap,"Share-based Payment Arrangement, Noncash Expense",USD,duration,2024-02-01,2024-10-31,FY2025 Q3,273,2026,Q3,10-Q,87184000,2025-12-10,0001676238-25-000147,,audited (SEC XBRL)
ShareBasedCompensation,us-gaap,"Share-based Payment Arrangement, Noncash Expense",USD,duration,2024-02-01,2025-01-31,FY2025,365,2026,FY,10-K,115140000,2026-03-25,0001676238-26-000013,CY2024,audited (SEC XBRL)
ShareBasedCompensation,us-gaap,"Share-based Payment Arrangement, Noncash Expense",USD,duration,2025-02-01,2025-04-30,FY2026 Q1,88,2027,Q1,10-Q,30643000,2026-05-28,0001676238-26-000027,CY2025Q1,audited (SEC XBRL)
ShareBasedCompensation,us-gaap,"Share-based Payment Arrangement, Noncash Expense",USD,duration,2025-02-01,2025-07-31,FY2026 Q2,180,2026,Q2,10-Q,68198000,2025-09-05,0001676238-25-000134,,audited (SEC XBRL)
ShareBasedCompensation,us-gaap,"Share-based Payment Arrangement, Noncash Expense",USD,duration,2025-02-01,2025-10-31,FY2026 Q3,272,2026,Q3,10-Q,106026000,2025-12-10,0001676238-25-000147,,audited (SEC XBRL)
ShareBasedCompensation,us-gaap,"Share-based Payment Arrangement, Noncash Expense",USD,duration,2025-02-01,2026-01-31,FY2026,364,2026,FY,10-K,143738000,2026-03-25,0001676238-26-000013,CY2025,audited (SEC XBRL)
ShareBasedCompensation,us-gaap,"Share-based Payment Arrangement, Noncash Expense",USD,duration,2026-02-01,2026-04-30,FY2027 Q1,88,2027,Q1,10-Q,35804000,2026-05-28,0001676238-26-000027,CY2026Q1,audited (SEC XBRL)
StockholdersEquity,us-gaap,Stockholders' Equity Attributable to Parent,USD,instant,,2019-01-31,FY2019 as at 2019-01-31,0,2022,FY,10-K,-78886000,2022-03-31,0001676238-22-000005,CY2018Q4I,audited (SEC XBRL)
StockholdersEquity,us-gaap,Stockholders' Equity Attributable to Parent,USD,instant,,2020-01-31,FY2020 as at 2020-01-31,0,2023,FY,10-K,-86876000,2023-03-31,0001676238-23-000031,CY2019Q4I,audited (SEC XBRL)
StockholdersEquity,us-gaap,Stockholders' Equity Attributable to Parent,USD,instant,,2020-07-31,FY2021 as at 2020-07-31,0,2022,Q3,10-Q,-96020000,2021-12-21,0001676238-21-000006,CY2020Q2I,audited (SEC XBRL)
StockholdersEquity,us-gaap,Stockholders' Equity Attributable to Parent,USD,instant,,2020-10-31,FY2021 as at 2020-10-31,0,2022,Q3,10-Q,-100650000,2021-12-21,0001676238-21-000006,CY2020Q3I,audited (SEC XBRL)
StockholdersEquity,us-gaap,Stockholders' Equity Attributable to Parent,USD,instant,,2021-01-31,FY2021 as at 2021-01-31,0,2024,FY,10-K,-108507000,2024-04-01,0001676238-24-000049,CY2020Q4I,audited (SEC XBRL)
StockholdersEquity,us-gaap,Stockholders' Equity Attributable to Parent,USD,instant,,2021-04-30,FY2022 as at 2021-04-30,0,2023,Q2,10-Q,-111997000,2022-09-13,0001676238-22-000047,CY2021Q1I,audited (SEC XBRL)
StockholdersEquity,us-gaap,Stockholders' Equity Attributable to Parent,USD,instant,,2021-07-31,FY2022 as at 2021-07-31,0,2023,Q3,10-Q,-117459000,2022-12-14,0001676238-22-000065,CY2021Q2I,audited (SEC XBRL)
StockholdersEquity,us-gaap,Stockholders' Equity Attributable to Parent,USD,instant,,2021-10-31,FY2022 as at 2021-10-31,0,2023,Q3,10-Q,-118486000,2022-12-14,0001676238-22-000065,CY2021Q3I,audited (SEC XBRL)
StockholdersEquity,us-gaap,Stockholders' Equity Attributable to Parent,USD,instant,,2022-01-31,FY2022 as at 2022-01-31,0,2025,FY,10-K,501583000,2025-03-31,0001676238-25-000054,CY2021Q4I,audited (SEC XBRL)
StockholdersEquity,us-gaap,Stockholders' Equity Attributable to Parent,USD,instant,,2022-04-30,FY2023 as at 2022-04-30,0,2024,Q2,10-Q,484673000,2023-09-08,0001676238-23-000145,CY2022Q1I,audited (SEC XBRL)
StockholdersEquity,us-gaap,Stockholders' Equity Attributable to Parent,USD,instant,,2022-07-31,FY2023 as at 2022-07-31,0,2024,Q3,10-Q,470551000,2023-12-07,0001676238-23-000209,CY2022Q2I,audited (SEC XBRL)
StockholdersEquity,us-gaap,Stockholders' Equity Attributable to Parent,USD,instant,,2022-10-31,FY2023 as at 2022-10-31,0,2024,Q3,10-Q,452402000,2023-12-07,0001676238-23-000209,CY2022Q3I,audited (SEC XBRL)
StockholdersEquity,us-gaap,Stockholders' Equity Attributable to Parent,USD,instant,,2023-01-31,FY2023 as at 2023-01-31,0,2026,FY,10-K,445303000,2026-03-25,0001676238-26-000013,CY2022Q4I,audited (SEC XBRL)
StockholdersEquity,us-gaap,Stockholders' Equity Attributable to Parent,USD,instant,,2023-04-30,FY2024 as at 2023-04-30,0,2025,Q2,10-Q,435149000,2024-09-06,0001676238-24-000171,CY2023Q1I,audited (SEC XBRL)
StockholdersEquity,us-gaap,Stockholders' Equity Attributable to Parent,USD,instant,,2023-07-31,FY2024 as at 2023-07-31,0,2025,Q3,10-Q,440371000,2024-12-10,0001676238-24-000208,CY2023Q2I,audited (SEC XBRL)
StockholdersEquity,us-gaap,Stockholders' Equity Attributable to Parent,USD,instant,,2023-10-31,FY2024 as at 2023-10-31,0,2025,Q3,10-Q,438238000,2024-12-10,0001676238-24-000208,CY2023Q3I,audited (SEC XBRL)
StockholdersEquity,us-gaap,Stockholders' Equity Attributable to Parent,USD,instant,,2024-01-31,FY2024 as at 2024-01-31,0,2026,FY,10-K,444233000,2026-03-25,0001676238-26-000013,CY2023Q4I,audited (SEC XBRL)
StockholdersEquity,us-gaap,Stockholders' Equity Attributable to Parent,USD,instant,,2024-04-30,FY2025 as at 2024-04-30,0,2026,Q2,10-Q,436107000,2025-09-05,0001676238-25-000134,CY2024Q1I,audited (SEC XBRL)
StockholdersEquity,us-gaap,Stockholders' Equity Attributable to Parent,USD,instant,,2024-07-31,FY2025 as at 2024-07-31,0,2026,Q3,10-Q,453693000,2025-12-10,0001676238-25-000147,CY2024Q2I,audited (SEC XBRL)
StockholdersEquity,us-gaap,Stockholders' Equity Attributable to Parent,USD,instant,,2024-10-31,FY2025 as at 2024-10-31,0,2026,Q3,10-Q,458053000,2025-12-10,0001676238-25-000147,CY2024Q3I,audited (SEC XBRL)
StockholdersEquity,us-gaap,Stockholders' Equity Attributable to Parent,USD,instant,,2025-01-31,FY2025 as at 2025-01-31,0,2027,Q1,10-Q,474861000,2026-05-28,0001676238-26-000027,CY2024Q4I,audited (SEC XBRL)
StockholdersEquity,us-gaap,Stockholders' Equity Attributable to Parent,USD,instant,,2025-04-30,FY2026 as at 2025-04-30,0,2027,Q1,10-Q,474426000,2026-05-28,0001676238-26-000027,CY2025Q1I,audited (SEC XBRL)
StockholdersEquity,us-gaap,Stockholders' Equity Attributable to Parent,USD,instant,,2025-07-31,FY2026 as at 2025-07-31,0,2026,Q3,10-Q,598881000,2025-12-10,0001676238-25-000147,CY2025Q2I,audited (SEC XBRL)
StockholdersEquity,us-gaap,Stockholders' Equity Attributable to Parent,USD,instant,,2025-10-31,FY2026 as at 2025-10-31,0,2026,Q3,10-Q,602032000,2025-12-10,0001676238-25-000147,CY2025Q3I,audited (SEC XBRL)
StockholdersEquity,us-gaap,Stockholders' Equity Attributable to Parent,USD,instant,,2026-01-31,FY2026 as at 2026-01-31,0,2027,Q1,10-Q,623767000,2026-05-28,0001676238-26-000027,CY2025Q4I,audited (SEC XBRL)
StockholdersEquity,us-gaap,Stockholders' Equity Attributable to Parent,USD,instant,,2026-04-30,FY2027 as at 2026-04-30,0,2027,Q1,10-Q,581673000,2026-05-28,0001676238-26-000027,CY2026Q1I,audited (SEC XBRL)
WeightedAverageNumberOfDilutedSharesOutstanding,us-gaap,"Weighted Average Number of Shares Outstanding, Diluted",shares,duration,2019-02-01,2020-01-31,FY2020,364,2022,FY,10-K,16189000,2022-03-31,0001676238-22-000005,CY2019,audited (SEC XBRL)
WeightedAverageNumberOfDilutedSharesOutstanding,us-gaap,"Weighted Average Number of Shares Outstanding, Diluted",shares,duration,2020-02-01,2020-10-31,FY2021 Q3,273,2022,Q3,10-Q,17559000,2021-12-21,0001676238-21-000006,,audited (SEC XBRL)
WeightedAverageNumberOfDilutedSharesOutstanding,us-gaap,"Weighted Average Number of Shares Outstanding, Diluted",shares,duration,2020-08-01,2020-10-31,FY2021 Q3,91,2022,Q3,10-Q,18633000,2021-12-21,0001676238-21-000006,CY2020Q3,audited (SEC XBRL)
WeightedAverageNumberOfDilutedSharesOutstanding,us-gaap,"Weighted Average Number of Shares Outstanding, Diluted",shares,duration,2020-02-01,2021-01-31,FY2021,365,2023,FY,10-K,17972000,2023-03-31,0001676238-23-000031,CY2020,audited (SEC XBRL)
WeightedAverageNumberOfDilutedSharesOutstanding,us-gaap,"Weighted Average Number of Shares Outstanding, Diluted",shares,duration,2021-02-01,2021-04-30,FY2022 Q1,88,2023,Q1,10-Q,19669000,2022-06-14,0001676238-22-000019,CY2021Q1,audited (SEC XBRL)
WeightedAverageNumberOfDilutedSharesOutstanding,us-gaap,"Weighted Average Number of Shares Outstanding, Diluted",shares,duration,2021-02-01,2021-07-31,FY2022 Q2,180,2023,Q2,10-Q,20004000,2022-09-13,0001676238-22-000047,,audited (SEC XBRL)
WeightedAverageNumberOfDilutedSharesOutstanding,us-gaap,"Weighted Average Number of Shares Outstanding, Diluted",shares,duration,2021-05-01,2021-07-31,FY2022 Q2,91,2023,Q2,10-Q,20329000,2022-09-13,0001676238-22-000047,CY2021Q2,audited (SEC XBRL)
WeightedAverageNumberOfDilutedSharesOutstanding,us-gaap,"Weighted Average Number of Shares Outstanding, Diluted",shares,duration,2021-02-01,2021-10-31,FY2022 Q3,272,2023,Q3,10-Q,20244000,2022-12-14,0001676238-22-000065,,audited (SEC XBRL)
WeightedAverageNumberOfDilutedSharesOutstanding,us-gaap,"Weighted Average Number of Shares Outstanding, Diluted",shares,duration,2021-08-01,2021-10-31,FY2022 Q3,91,2023,Q3,10-Q,20717000,2022-12-14,0001676238-22-000065,CY2021Q3,audited (SEC XBRL)
WeightedAverageNumberOfDilutedSharesOutstanding,us-gaap,"Weighted Average Number of Shares Outstanding, Diluted",shares,duration,2021-02-01,2022-01-31,FY2022,364,2024,FY,10-K,34897000,2024-04-01,0001676238-24-000049,CY2021,audited (SEC XBRL)
WeightedAverageNumberOfDilutedSharesOutstanding,us-gaap,"Weighted Average Number of Shares Outstanding, Diluted",shares,duration,2022-02-01,2022-04-30,FY2023 Q1,88,2024,Q1,10-Q,93250000,2023-06-09,0001676238-23-000068,CY2022Q1,audited (SEC XBRL)
WeightedAverageNumberOfDilutedSharesOutstanding,us-gaap,"Weighted Average Number of Shares Outstanding, Diluted",shares,duration,2022-02-01,2022-07-31,FY2023 Q2,180,2024,Q2,10-Q,93668000,2023-09-08,0001676238-23-000145,,audited (SEC XBRL)
WeightedAverageNumberOfDilutedSharesOutstanding,us-gaap,"Weighted Average Number of Shares Outstanding, Diluted",shares,duration,2022-05-01,2022-07-31,FY2023 Q2,91,2024,Q2,10-Q,94103000,2023-09-08,0001676238-23-000145,CY2022Q2,audited (SEC XBRL)
WeightedAverageNumberOfDilutedSharesOutstanding,us-gaap,"Weighted Average Number of Shares Outstanding, Diluted",shares,duration,2022-02-01,2022-10-31,FY2023 Q3,272,2024,Q3,10-Q,94168000,2023-12-07,0001676238-23-000209,,audited (SEC XBRL)
WeightedAverageNumberOfDilutedSharesOutstanding,us-gaap,"Weighted Average Number of Shares Outstanding, Diluted",shares,duration,2022-08-01,2022-10-31,FY2023 Q3,91,2024,Q3,10-Q,94469000,2023-12-07,0001676238-23-000209,CY2022Q3,audited (SEC XBRL)
WeightedAverageNumberOfDilutedSharesOutstanding,us-gaap,"Weighted Average Number of Shares Outstanding, Diluted",shares,duration,2022-02-01,2023-01-31,FY2023,364,2025,FY,10-K,94569000,2025-03-31,0001676238-25-000054,CY2022,audited (SEC XBRL)
WeightedAverageNumberOfDilutedSharesOutstanding,us-gaap,"Weighted Average Number of Shares Outstanding, Diluted",shares,duration,2023-02-01,2023-04-30,FY2024 Q1,88,2025,Q1,10-Q,96353000,2024-06-07,0001676238-24-000103,CY2023Q1,audited (SEC XBRL)
WeightedAverageNumberOfDilutedSharesOutstanding,us-gaap,"Weighted Average Number of Shares Outstanding, Diluted",shares,duration,2023-02-01,2023-07-31,FY2024 Q2,180,2025,Q2,10-Q,97023000,2024-09-06,0001676238-24-000171,,audited (SEC XBRL)
WeightedAverageNumberOfDilutedSharesOutstanding,us-gaap,"Weighted Average Number of Shares Outstanding, Diluted",shares,duration,2023-05-01,2023-07-31,FY2024 Q2,91,2025,Q2,10-Q,97180000,2024-09-06,0001676238-24-000171,CY2023Q2,audited (SEC XBRL)
WeightedAverageNumberOfDilutedSharesOutstanding,us-gaap,"Weighted Average Number of Shares Outstanding, Diluted",shares,duration,2023-02-01,2023-10-31,FY2024 Q3,272,2025,Q3,10-Q,97615000,2024-12-10,0001676238-24-000208,,audited (SEC XBRL)
WeightedAverageNumberOfDilutedSharesOutstanding,us-gaap,"Weighted Average Number of Shares Outstanding, Diluted",shares,duration,2023-08-01,2023-10-31,FY2024 Q3,91,2025,Q3,10-Q,97880000,2024-12-10,0001676238-24-000208,CY2023Q3,audited (SEC XBRL)
WeightedAverageNumberOfDilutedSharesOutstanding,us-gaap,"Weighted Average Number of Shares Outstanding, Diluted",shares,duration,2023-02-01,2024-01-31,FY2024,364,2026,FY,10-K,98096000,2026-03-25,0001676238-26-000013,CY2023,audited (SEC XBRL)
WeightedAverageNumberOfDilutedSharesOutstanding,us-gaap,"Weighted Average Number of Shares Outstanding, Diluted",shares,duration,2024-02-01,2024-04-30,FY2025 Q1,89,2026,Q1,10-Q,100788000,2025-06-06,0001676238-25-000079,CY2024Q1,audited (SEC XBRL)
WeightedAverageNumberOfDilutedSharesOutstanding,us-gaap,"Weighted Average Number of Shares Outstanding, Diluted",shares,duration,2024-02-01,2024-07-31,FY2025 Q2,181,2026,Q2,10-Q,101239000,2025-09-05,0001676238-25-000134,,audited (SEC XBRL)
WeightedAverageNumberOfDilutedSharesOutstanding,us-gaap,"Weighted Average Number of Shares Outstanding, Diluted",shares,duration,2024-05-01,2024-07-31,FY2025 Q2,91,2026,Q2,10-Q,101449000,2025-09-05,0001676238-25-000134,CY2024Q2,audited (SEC XBRL)
WeightedAverageNumberOfDilutedSharesOutstanding,us-gaap,"Weighted Average Number of Shares Outstanding, Diluted",shares,duration,2024-02-01,2024-10-31,FY2025 Q3,273,2026,Q3,10-Q,101714000,2025-12-10,0001676238-25-000147,,audited (SEC XBRL)
WeightedAverageNumberOfDilutedSharesOutstanding,us-gaap,"Weighted Average Number of Shares Outstanding, Diluted",shares,duration,2024-08-01,2024-10-31,FY2025 Q3,91,2026,Q3,10-Q,102146000,2025-12-10,0001676238-25-000147,CY2024Q3,audited (SEC XBRL)
WeightedAverageNumberOfDilutedSharesOutstanding,us-gaap,"Weighted Average Number of Shares Outstanding, Diluted",shares,duration,2024-02-01,2025-01-31,FY2025,365,2026,FY,10-K,102189000,2026-03-25,0001676238-26-000013,CY2024,audited (SEC XBRL)
WeightedAverageNumberOfDilutedSharesOutstanding,us-gaap,"Weighted Average Number of Shares Outstanding, Diluted",shares,duration,2025-02-01,2025-04-30,FY2026 Q1,88,2027,Q1,10-Q,104572000,2026-05-28,0001676238-26-000027,CY2025Q1,audited (SEC XBRL)
WeightedAverageNumberOfDilutedSharesOutstanding,us-gaap,"Weighted Average Number of Shares Outstanding, Diluted",shares,duration,2025-02-01,2025-07-31,FY2026 Q2,180,2026,Q2,10-Q,105858000,2025-09-05,0001676238-25-000134,,audited (SEC XBRL)
WeightedAverageNumberOfDilutedSharesOutstanding,us-gaap,"Weighted Average Number of Shares Outstanding, Diluted",shares,duration,2025-05-01,2025-07-31,FY2026 Q2,91,2026,Q2,10-Q,106807000,2025-09-05,0001676238-25-000134,CY2025Q2,audited (SEC XBRL)
WeightedAverageNumberOfDilutedSharesOutstanding,us-gaap,"Weighted Average Number of Shares Outstanding, Diluted",shares,duration,2025-02-01,2025-10-31,FY2026 Q3,272,2026,Q3,10-Q,107035000,2025-12-10,0001676238-25-000147,,audited (SEC XBRL)
WeightedAverageNumberOfDilutedSharesOutstanding,us-gaap,"Weighted Average Number of Shares Outstanding, Diluted",shares,duration,2025-08-01,2025-10-31,FY2026 Q3,91,2026,Q3,10-Q,107627000,2025-12-10,0001676238-25-000147,CY2025Q3,audited (SEC XBRL)
WeightedAverageNumberOfDilutedSharesOutstanding,us-gaap,"Weighted Average Number of Shares Outstanding, Diluted",shares,duration,2025-02-01,2026-01-31,FY2026,364,2026,FY,10-K,107906000,2026-03-25,0001676238-26-000013,CY2025,audited (SEC XBRL)
WeightedAverageNumberOfDilutedSharesOutstanding,us-gaap,"Weighted Average Number of Shares Outstanding, Diluted",shares,duration,2026-02-01,2026-04-30,FY2027 Q1,88,2027,Q1,10-Q,110797000,2026-05-28,0001676238-26-000027,CY2026Q1,audited (SEC XBRL)
WeightedAverageNumberOfSharesOutstandingBasic,us-gaap,"Weighted Average Number of Shares Outstanding, Basic",shares,duration,2019-02-01,2020-01-31,FY2020,364,2022,FY,10-K,16189000,2022-03-31,0001676238-22-000005,CY2019,audited (SEC XBRL)
WeightedAverageNumberOfSharesOutstandingBasic,us-gaap,"Weighted Average Number of Shares Outstanding, Basic",shares,duration,2020-02-01,2020-10-31,FY2021 Q3,273,2022,Q3,10-Q,17559000,2021-12-21,0001676238-21-000006,,audited (SEC XBRL)
WeightedAverageNumberOfSharesOutstandingBasic,us-gaap,"Weighted Average Number of Shares Outstanding, Basic",shares,duration,2020-08-01,2020-10-31,FY2021 Q3,91,2022,Q3,10-Q,18633000,2021-12-21,0001676238-21-000006,CY2020Q3,audited (SEC XBRL)
WeightedAverageNumberOfSharesOutstandingBasic,us-gaap,"Weighted Average Number of Shares Outstanding, Basic",shares,duration,2020-02-01,2021-01-31,FY2021,365,2023,FY,10-K,17972000,2023-03-31,0001676238-23-000031,CY2020,audited (SEC XBRL)
WeightedAverageNumberOfSharesOutstandingBasic,us-gaap,"Weighted Average Number of Shares Outstanding, Basic",shares,duration,2021-02-01,2021-04-30,FY2022 Q1,88,2023,Q1,10-Q,19669000,2022-06-14,0001676238-22-000019,CY2021Q1,audited (SEC XBRL)
WeightedAverageNumberOfSharesOutstandingBasic,us-gaap,"Weighted Average Number of Shares Outstanding, Basic",shares,duration,2021-02-01,2021-07-31,FY2022 Q2,180,2023,Q2,10-Q,20004000,2022-09-13,0001676238-22-000047,,audited (SEC XBRL)
WeightedAverageNumberOfSharesOutstandingBasic,us-gaap,"Weighted Average Number of Shares Outstanding, Basic",shares,duration,2021-05-01,2021-07-31,FY2022 Q2,91,2023,Q2,10-Q,20329000,2022-09-13,0001676238-22-000047,CY2021Q2,audited (SEC XBRL)
WeightedAverageNumberOfSharesOutstandingBasic,us-gaap,"Weighted Average Number of Shares Outstanding, Basic",shares,duration,2021-02-01,2021-10-31,FY2022 Q3,272,2023,Q3,10-Q,20244000,2022-12-14,0001676238-22-000065,,audited (SEC XBRL)
WeightedAverageNumberOfSharesOutstandingBasic,us-gaap,"Weighted Average Number of Shares Outstanding, Basic",shares,duration,2021-08-01,2021-10-31,FY2022 Q3,91,2023,Q3,10-Q,20717000,2022-12-14,0001676238-22-000065,CY2021Q3,audited (SEC XBRL)
WeightedAverageNumberOfSharesOutstandingBasic,us-gaap,"Weighted Average Number of Shares Outstanding, Basic",shares,duration,2021-02-01,2022-01-31,FY2022,364,2024,FY,10-K,34897000,2024-04-01,0001676238-24-000049,CY2021,audited (SEC XBRL)
WeightedAverageNumberOfSharesOutstandingBasic,us-gaap,"Weighted Average Number of Shares Outstanding, Basic",shares,duration,2022-02-01,2022-04-30,FY2023 Q1,88,2024,Q1,10-Q,93250000,2023-06-09,0001676238-23-000068,CY2022Q1,audited (SEC XBRL)
WeightedAverageNumberOfSharesOutstandingBasic,us-gaap,"Weighted Average Number of Shares Outstanding, Basic",shares,duration,2022-02-01,2022-07-31,FY2023 Q2,180,2024,Q2,10-Q,93668000,2023-09-08,0001676238-23-000145,,audited (SEC XBRL)
WeightedAverageNumberOfSharesOutstandingBasic,us-gaap,"Weighted Average Number of Shares Outstanding, Basic",shares,duration,2022-05-01,2022-07-31,FY2023 Q2,91,2024,Q2,10-Q,94103000,2023-09-08,0001676238-23-000145,CY2022Q2,audited (SEC XBRL)
WeightedAverageNumberOfSharesOutstandingBasic,us-gaap,"Weighted Average Number of Shares Outstanding, Basic",shares,duration,2022-02-01,2022-10-31,FY2023 Q3,272,2024,Q3,10-Q,94168000,2023-12-07,0001676238-23-000209,,audited (SEC XBRL)
WeightedAverageNumberOfSharesOutstandingBasic,us-gaap,"Weighted Average Number of Shares Outstanding, Basic",shares,duration,2022-08-01,2022-10-31,FY2023 Q3,91,2024,Q3,10-Q,94469000,2023-12-07,0001676238-23-000209,CY2022Q3,audited (SEC XBRL)
WeightedAverageNumberOfSharesOutstandingBasic,us-gaap,"Weighted Average Number of Shares Outstanding, Basic",shares,duration,2022-02-01,2023-01-31,FY2023,364,2025,FY,10-K,94569000,2025-03-31,0001676238-25-000054,CY2022,audited (SEC XBRL)
WeightedAverageNumberOfSharesOutstandingBasic,us-gaap,"Weighted Average Number of Shares Outstanding, Basic",shares,duration,2023-02-01,2023-04-30,FY2024 Q1,88,2025,Q1,10-Q,96353000,2024-06-07,0001676238-24-000103,CY2023Q1,audited (SEC XBRL)
WeightedAverageNumberOfSharesOutstandingBasic,us-gaap,"Weighted Average Number of Shares Outstanding, Basic",shares,duration,2023-02-01,2023-07-31,FY2024 Q2,180,2025,Q2,10-Q,97023000,2024-09-06,0001676238-24-000171,,audited (SEC XBRL)
WeightedAverageNumberOfSharesOutstandingBasic,us-gaap,"Weighted Average Number of Shares Outstanding, Basic",shares,duration,2023-05-01,2023-07-31,FY2024 Q2,91,2025,Q2,10-Q,97180000,2024-09-06,0001676238-24-000171,CY2023Q2,audited (SEC XBRL)
WeightedAverageNumberOfSharesOutstandingBasic,us-gaap,"Weighted Average Number of Shares Outstanding, Basic",shares,duration,2023-02-01,2023-10-31,FY2024 Q3,272,2025,Q3,10-Q,97615000,2024-12-10,0001676238-24-000208,,audited (SEC XBRL)
WeightedAverageNumberOfSharesOutstandingBasic,us-gaap,"Weighted Average Number of Shares Outstanding, Basic",shares,duration,2023-08-01,2023-10-31,FY2024 Q3,91,2025,Q3,10-Q,97880000,2024-12-10,0001676238-24-000208,CY2023Q3,audited (SEC XBRL)
WeightedAverageNumberOfSharesOutstandingBasic,us-gaap,"Weighted Average Number of Shares Outstanding, Basic",shares,duration,2023-02-01,2024-01-31,FY2024,364,2026,FY,10-K,98096000,2026-03-25,0001676238-26-000013,CY2023,audited (SEC XBRL)
WeightedAverageNumberOfSharesOutstandingBasic,us-gaap,"Weighted Average Number of Shares Outstanding, Basic",shares,duration,2024-02-01,2024-04-30,FY2025 Q1,89,2026,Q1,10-Q,100788000,2025-06-06,0001676238-25-000079,CY2024Q1,audited (SEC XBRL)
WeightedAverageNumberOfSharesOutstandingBasic,us-gaap,"Weighted Average Number of Shares Outstanding, Basic",shares,duration,2024-02-01,2024-07-31,FY2025 Q2,181,2026,Q2,10-Q,101239000,2025-09-05,0001676238-25-000134,,audited (SEC XBRL)
WeightedAverageNumberOfSharesOutstandingBasic,us-gaap,"Weighted Average Number of Shares Outstanding, Basic",shares,duration,2024-05-01,2024-07-31,FY2025 Q2,91,2026,Q2,10-Q,101449000,2025-09-05,0001676238-25-000134,CY2024Q2,audited (SEC XBRL)
WeightedAverageNumberOfSharesOutstandingBasic,us-gaap,"Weighted Average Number of Shares Outstanding, Basic",shares,duration,2024-02-01,2024-10-31,FY2025 Q3,273,2026,Q3,10-Q,101714000,2025-12-10,0001676238-25-000147,,audited (SEC XBRL)
WeightedAverageNumberOfSharesOutstandingBasic,us-gaap,"Weighted Average Number of Shares Outstanding, Basic",shares,duration,2024-08-01,2024-10-31,FY2025 Q3,91,2026,Q3,10-Q,102146000,2025-12-10,0001676238-25-000147,CY2024Q3,audited (SEC XBRL)
WeightedAverageNumberOfSharesOutstandingBasic,us-gaap,"Weighted Average Number of Shares Outstanding, Basic",shares,duration,2024-02-01,2025-01-31,FY2025,365,2026,FY,10-K,102189000,2026-03-25,0001676238-26-000013,CY2024,audited (SEC XBRL)
WeightedAverageNumberOfSharesOutstandingBasic,us-gaap,"Weighted Average Number of Shares Outstanding, Basic",shares,duration,2025-02-01,2025-04-30,FY2026 Q1,88,2027,Q1,10-Q,104572000,2026-05-28,0001676238-26-000027,CY2025Q1,audited (SEC XBRL)
WeightedAverageNumberOfSharesOutstandingBasic,us-gaap,"Weighted Average Number of Shares Outstanding, Basic",shares,duration,2025-02-01,2025-07-31,FY2026 Q2,180,2026,Q2,10-Q,105858000,2025-09-05,0001676238-25-000134,,audited (SEC XBRL)
WeightedAverageNumberOfSharesOutstandingBasic,us-gaap,"Weighted Average Number of Shares Outstanding, Basic",shares,duration,2025-05-01,2025-07-31,FY2026 Q2,91,2026,Q2,10-Q,106807000,2025-09-05,0001676238-25-000134,CY2025Q2,audited (SEC XBRL)
WeightedAverageNumberOfSharesOutstandingBasic,us-gaap,"Weighted Average Number of Shares Outstanding, Basic",shares,duration,2025-02-01,2025-10-31,FY2026 Q3,272,2026,Q3,10-Q,107035000,2025-12-10,0001676238-25-000147,,audited (SEC XBRL)
WeightedAverageNumberOfSharesOutstandingBasic,us-gaap,"Weighted Average Number of Shares Outstanding, Basic",shares,duration,2025-08-01,2025-10-31,FY2026 Q3,91,2026,Q3,10-Q,107627000,2025-12-10,0001676238-25-000147,CY2025Q3,audited (SEC XBRL)
WeightedAverageNumberOfSharesOutstandingBasic,us-gaap,"Weighted Average Number of Shares Outstanding, Basic",shares,duration,2025-02-01,2026-01-31,FY2026,364,2026,FY,10-K,107906000,2026-03-25,0001676238-26-000013,CY2025,audited (SEC XBRL)
WeightedAverageNumberOfSharesOutstandingBasic,us-gaap,"Weighted Average Number of Shares Outstanding, Basic",shares,duration,2026-02-01,2026-04-30,FY2027 Q1,88,2027,Q1,10-Q,110797000,2026-05-28,0001676238-26-000027,CY2026Q1,audited (SEC XBRL)
