repo,number,title,state,created,closed,days_open,comments,labels,author_is_member,url,evidence
braze-flutter-sdk,142,[Feature]: Deprecating BrazePlugin.initBraze(_:) is problematic for Add-to-App projects,open,2026-08-27,,,3,,False,https://github.com/braze-inc/braze-flutter-sdk/issues/142,"third-party (unsolicited, public issue tracker)"
braze-android-sdk,115,[Bug]: getDeviceIdAsync callback never fires on a significant share of app launches,open,2026-08-21,,,0,bug,False,https://github.com/braze-inc/braze-android-sdk/issues/115,"third-party (unsolicited, public issue tracker)"
braze-cordova-sdk,109,Android NPE in BrazePlugin when displaying In-App Message with Capacitor 8,closed,2026-08-20,2026-08-20,0,4,,False,https://github.com/braze-inc/braze-cordova-sdk/issues/109,"third-party (unsolicited, public issue tracker)"
braze-cordova-sdk,108,Expose DISPLAY_LATER (defer + replay) for in-app messages via the Cordova/Capacitor bridge,open,2026-08-17,,,1,,False,https://github.com/braze-inc/braze-cordova-sdk/issues/108,"third-party (unsolicited, public issue tracker)"
braze-android-sdk,114,"[Bug]: DUST/SDK Debugger stream consumer busy-loops at 100% CPU after SSE stream EOF (42.2.0, still in 43.0.0)",closed,2026-08-13,2026-08-19,5,4,,False,https://github.com/braze-inc/braze-android-sdk/issues/114,"third-party (unsolicited, public issue tracker)"
braze-android-sdk,113,[Bug]: OOM from pending-event storage — full-map re-serialization per event + runBlocking writes (reproduced on 40.1.1 and 43.0.0),open,2026-08-11,,,2,bug,False,https://github.com/braze-inc/braze-android-sdk/issues/113,"third-party (unsolicited, public issue tracker)"
braze-android-sdk,112,[Bug]: System back is consumed after an IAM transitions through a blocklisted Activity,closed,2026-07-30,2026-07-31,1,3,bug,False,https://github.com/braze-inc/braze-android-sdk/issues/112,"third-party (unsolicited, public issue tracker)"
braze-react-native-sdk,330,[Bug]: NPE in Braze requestPushPermission (Activity.requestPermissions off main thread),closed,2026-07-22,2026-07-22,0,2,bug,False,https://github.com/braze-inc/braze-react-native-sdk/issues/330,"third-party (unsolicited, public issue tracker)"
braze-android-sdk,111,[Feature]: Android sdk should provide the `braze_id`,closed,2026-07-21,2026-07-21,0,1,,False,https://github.com/braze-inc/braze-android-sdk/issues/111,"third-party (unsolicited, public issue tracker)"
braze-flutter-sdk,140,[BUG]: Attempted to call on a destroyed WebView,closed,2026-07-15,2026-07-17,2,1,bug,False,https://github.com/braze-inc/braze-flutter-sdk/issues/140,"third-party (unsolicited, public issue tracker)"
braze-swift-sdk,199,[Bug]: iOS 26 version showing title/body of campaign as empty,closed,2026-07-15,2026-07-15,0,5,bug,False,https://github.com/braze-inc/braze-swift-sdk/issues/199,"third-party (unsolicited, public issue tracker)"
braze-react-native-sdk,329,[Bug]: Custom In App Message UI Behavior Incorrect,closed,2026-07-14,2026-08-21,38,3,bug,False,https://github.com/braze-inc/braze-react-native-sdk/issues/329,"third-party (unsolicited, public issue tracker)"
braze-flutter-sdk,138,[BUG]: handlePushDeepLinksAutomatically defaults to false,open,2026-07-07,,,1,documentation,False,https://github.com/braze-inc/braze-flutter-sdk/issues/138,"third-party (unsolicited, public issue tracker)"
braze-swift-sdk,196,Breaking Change: An upcoming SDK version will raise the minimum OS versions for Xcode 27 compatibility,open,2026-07-06,,,0,,False,https://github.com/braze-inc/braze-swift-sdk/issues/196,"third-party (unsolicited, public issue tracker)"
braze-react-native-sdk,328,Confirming external_id ↔ APNs token linkage on iOS after account switching,closed,2026-07-03,2026-07-08,5,1,bug,False,https://github.com/braze-inc/braze-react-native-sdk/issues/328,"third-party (unsolicited, public issue tracker)"
braze-flutter-sdk,135,[Feature]: Migrate to Built-in Kotlin to prevent future AGP 9 build failures,open,2026-06-25,,,1,,False,https://github.com/braze-inc/braze-flutter-sdk/issues/135,"third-party (unsolicited, public issue tracker)"
braze-swift-sdk,195,[Bug]: Unable to consume bundle resources with static xcframework,closed,2026-06-24,2026-06-25,1,1,bug,False,https://github.com/braze-inc/braze-swift-sdk/issues/195,"third-party (unsolicited, public issue tracker)"
braze-flutter-sdk,134,[Bug]: Found AppHang leading to crash during Braze initialization,closed,2026-06-22,2026-06-24,1,2,bug,False,https://github.com/braze-inc/braze-flutter-sdk/issues/134,"third-party (unsolicited, public issue tracker)"
braze-flutter-sdk,133,[Feature]: Allows the init method to be awaited,open,2026-06-17,,,1,,False,https://github.com/braze-inc/braze-flutter-sdk/issues/133,"third-party (unsolicited, public issue tracker)"
braze-flutter-sdk,132,[Feature]: Migrate Plugin to Built-in Kotlin,closed,2026-06-15,2026-07-13,27,1,,False,https://github.com/braze-inc/braze-flutter-sdk/issues/132,"third-party (unsolicited, public issue tracker)"
braze-android-sdk,110,[Bug]: User can interact with app behind modal in-app message via assistive technologies (TalkBack),closed,2026-06-14,2026-06-25,11,2,bug,False,https://github.com/braze-inc/braze-android-sdk/issues/110,"third-party (unsolicited, public issue tracker)"
braze-react-native-sdk,324,[Bug]: iOS: getContentCards() / requestContentCardsRefresh() intermittently hits content_cards/sync rate-limit and fails to return fresh cards — Android never does,closed,2026-06-05,2026-07-13,38,2,bug,False,https://github.com/braze-inc/braze-react-native-sdk/issues/324,"third-party (unsolicited, public issue tracker)"
braze-web-sdk,182,[Bug]: getDeviceId() transiently returns undefined/non-string immediately after requestImmediateDataFlush(),closed,2026-05-27,2026-05-29,1,4,,False,https://github.com/braze-inc/braze-web-sdk/issues/182,"third-party (unsolicited, public issue tracker)"
braze-cordova-sdk,107,Add Swift Package Manager (SPM) support (Package.swift),open,2026-05-26,,,1,,False,https://github.com/braze-inc/braze-cordova-sdk/issues/107,"third-party (unsolicited, public issue tracker)"
braze-flutter-sdk,131,[Bug]: IAM  webview  ANR :at com.braze.BrazeActivityLifecycleCallbackListener.onActivityPaused (BrazeActivityLifecycleCallbackListener.kt:165),closed,2026-05-19,2026-05-20,1,2,bug,False,https://github.com/braze-inc/braze-flutter-sdk/issues/131,"third-party (unsolicited, public issue tracker)"
braze-android-sdk,109,[Bug]: ADM security vulnerability detected in Braze SDK despite FCM-only integration,closed,2026-05-19,2026-05-19,0,2,bug,False,https://github.com/braze-inc/braze-android-sdk/issues/109,"third-party (unsolicited, public issue tracker)"
braze-react-native-sdk,323,"Docs: `logContentCardClicked` JSDoc claims clicks require `card.url`, but RN bridge logs clicks regardless",closed,2026-05-15,2026-05-26,10,2,,False,https://github.com/braze-inc/braze-react-native-sdk/issues/323,"third-party (unsolicited, public issue tracker)"
braze-swift-sdk,194,[Bug]: BrazeUI source fails to compile against BrazeKit binary on Xcode 26.1 / Swift 6.2 — affects 13.2.0 → 14.1.0,closed,2026-05-12,2026-05-13,0,2,,False,https://github.com/braze-inc/braze-swift-sdk/issues/194,"third-party (unsolicited, public issue tracker)"
braze-android-sdk,108,[Bug]: Compose ContentCardsList Crash,closed,2026-05-07,2026-05-07,0,2,bug,False,https://github.com/braze-inc/braze-android-sdk/issues/108,"third-party (unsolicited, public issue tracker)"
braze-swift-sdk,193,[Bug]: Braze.init(configuration:) block main thread in didFinishLaunchingWithOptions,closed,2026-04-23,2026-05-05,11,2,bug,False,https://github.com/braze-inc/braze-swift-sdk/issues/193,"third-party (unsolicited, public issue tracker)"
braze-flutter-sdk,129,[Bug]: Android: setBrazePluginIsReady can crash with NPE when replaying pending push events,closed,2026-04-09,2026-05-14,35,3,bug,False,https://github.com/braze-inc/braze-flutter-sdk/issues/129,"third-party (unsolicited, public issue tracker)"
braze-android-sdk,103,[Feature]: Update embedded version of com.braze:android-sdk-ui inside com.braze:braze-segment-kotlin,closed,2026-04-08,2026-04-16,8,2,,False,https://github.com/braze-inc/braze-android-sdk/issues/103,"third-party (unsolicited, public issue tracker)"
braze-android-sdk,102,[Bug]: In-App Message - IllegalArgumentException when non-HTML In-App Message contains image,closed,2026-04-06,2026-04-06,0,2,bug,False,https://github.com/braze-inc/braze-android-sdk/issues/102,"third-party (unsolicited, public issue tracker)"
braze-android-sdk,101,[Bug]: ContentCardsList: duplicate key crash due to non-main-thread state mutation in `replaceCards()`,closed,2026-04-02,2026-04-02,0,3,bug,False,https://github.com/braze-inc/braze-android-sdk/issues/101,"third-party (unsolicited, public issue tracker)"
braze-android-sdk,100,[Feature]: Consume content cards from a subscription in a type-agnostic way,closed,2026-03-31,2026-06-01,62,5,,False,https://github.com/braze-inc/braze-android-sdk/issues/100,"third-party (unsolicited, public issue tracker)"
braze-react-native-sdk,317,[Bug]:  type 'Braze.InAppMessage.DismissalReason' has no member 'changeUser',closed,2026-03-26,2026-03-26,0,1,bug,False,https://github.com/braze-inc/braze-react-native-sdk/issues/317,"third-party (unsolicited, public issue tracker)"
braze-swift-sdk,191,HTML in-app messages crash with EXC_BREAKPOINT after changeUser() when re-enqueued messages are presented,closed,2026-03-25,2026-06-02,69,4,,False,https://github.com/braze-inc/braze-swift-sdk/issues/191,"third-party (unsolicited, public issue tracker)"
braze-flutter-sdk,125,[Bug]: `registerPushToken` on iOS sends malformed device token due to incorrect encoding,closed,2026-03-18,2026-04-03,16,5,bug,False,https://github.com/braze-inc/braze-flutter-sdk/issues/125,"third-party (unsolicited, public issue tracker)"
braze-cordova-sdk,103,subscribeToInAppMessage not working as expected with Capacitor.js,closed,2026-03-18,2026-03-19,1,3,,False,https://github.com/braze-inc/braze-cordova-sdk/issues/103,"third-party (unsolicited, public issue tracker)"
braze-expo-plugin,45,"[Bug]: CFBundleShortVersionString not synced with main app, resolves to null",closed,2026-03-16,2026-04-08,23,2,bug,False,https://github.com/braze-inc/braze-expo-plugin/issues/45,"third-party (unsolicited, public issue tracker)"
braze-react-native-sdk,316,[Bug]: Version >= 16.1.0 bloats the testing (debug) APKs by ~160 MB (zipped),closed,2026-03-11,2026-03-11,0,3,bug,False,https://github.com/braze-inc/braze-react-native-sdk/issues/316,"third-party (unsolicited, public issue tracker)"
braze-android-sdk,98,[Bug]: HTML In-App Message bottom area is clipped on some Android devices,closed,2026-03-03,2026-04-22,49,3,bug,False,https://github.com/braze-inc/braze-android-sdk/issues/98,"third-party (unsolicited, public issue tracker)"
braze-android-sdk,97,[Bug]: In-App message Duplicated 'onBackInvokedCallback' instances are preventing back navigation.,closed,2026-03-02,2026-04-14,43,3,bug,False,https://github.com/braze-inc/braze-android-sdk/issues/97,"third-party (unsolicited, public issue tracker)"
braze-swift-sdk,188,[Bug]: Banner cache is replaced not merged,closed,2026-02-27,2026-03-02,2,3,bug,False,https://github.com/braze-inc/braze-swift-sdk/issues/188,"third-party (unsolicited, public issue tracker)"
braze-swift-sdk,187,[Bug]: HTML In-App message close button position,closed,2026-02-26,2026-06-05,98,2,bug,False,https://github.com/braze-inc/braze-swift-sdk/issues/187,"third-party (unsolicited, public issue tracker)"
braze-expo-plugin,43,[Bug]: Push notifications deep links not working on cold start when prod build,closed,2026-02-20,2026-06-22,122,5,bug,False,https://github.com/braze-inc/braze-expo-plugin/issues/43,"third-party (unsolicited, public issue tracker)"
braze-swift-sdk,186,[Bug]:,closed,2026-02-18,2026-02-19,0,1,bug,False,https://github.com/braze-inc/braze-swift-sdk/issues/186,"third-party (unsolicited, public issue tracker)"
braze-android-sdk,92,[Bug]: A memory leak may occur when using Coil 3.1.0.,closed,2026-02-12,2026-02-19,7,5,bug,False,https://github.com/braze-inc/braze-android-sdk/issues/92,"third-party (unsolicited, public issue tracker)"
braze-web-sdk,178,[Bug]: Cookies are created when config is set to noCookies=true,closed,2026-02-10,2026-02-10,0,1,bug,False,https://github.com/braze-inc/braze-web-sdk/issues/178,"third-party (unsolicited, public issue tracker)"
braze-flutter-sdk,122,[Bug]: Swift compiler error in BrazePlugin.swift:935 with Xcode 26 - Optional unwrapping issue in processPushEvent,closed,2026-02-04,2026-03-04,27,2,bug,False,https://github.com/braze-inc/braze-flutter-sdk/issues/122,"third-party (unsolicited, public issue tracker)"
braze-android-sdk,91,[Bug]: Memory Leak in com.braze.ui.BrazeWebViewActivity,closed,2026-02-03,2026-02-05,2,4,bug,False,https://github.com/braze-inc/braze-android-sdk/issues/91,"third-party (unsolicited, public issue tracker)"
braze-swift-sdk,185,[Feature]: User attributes are not logged on initialization if app is launched in background and never brought to foreground,closed,2026-02-02,2026-06-05,123,3,feature-request,False,https://github.com/braze-inc/braze-swift-sdk/issues/185,"third-party (unsolicited, public issue tracker)"
braze-expo-plugin,41,[Bug]: Missing push notification entitlement on iOS,open,2026-01-27,,,6,bug,False,https://github.com/braze-inc/braze-expo-plugin/issues/41,"third-party (unsolicited, public issue tracker)"
braze-react-native-sdk,310,[Bug]: Code fails to bundle with API routes,closed,2026-01-27,2026-04-10,73,5,bug,False,https://github.com/braze-inc/braze-react-native-sdk/issues/310,"third-party (unsolicited, public issue tracker)"
braze-flutter-sdk,121,[Feature]: catching and deferring triggered messages on Flutter,open,2026-01-21,,,2,,False,https://github.com/braze-inc/braze-flutter-sdk/issues/121,"third-party (unsolicited, public issue tracker)"
braze-swift-sdk,184,[Feature]: Parity with Android for ContentCard View,open,2026-01-13,,,4,feature-request,False,https://github.com/braze-inc/braze-swift-sdk/issues/184,"third-party (unsolicited, public issue tracker)"
braze-react-native-sdk,309,[Bug]: iOS no metadata is provided on content card push notifications payload,closed,2026-01-12,2026-01-14,1,1,bug,False,https://github.com/braze-inc/braze-react-native-sdk/issues/309,"third-party (unsolicited, public issue tracker)"
braze-swift-sdk,183,[Bug]: HtmlView designated initializer should be public for subclassing after 14.0.0,closed,2026-01-12,2026-02-27,46,2,bug,False,https://github.com/braze-inc/braze-swift-sdk/issues/183,"third-party (unsolicited, public issue tracker)"
braze-swift-sdk,182,[Feature]: Enable Arm64e architecture,closed,2026-01-08,2026-05-12,124,4,feature-request,False,https://github.com/braze-inc/braze-swift-sdk/issues/182,"third-party (unsolicited, public issue tracker)"
braze-swift-sdk,181,"[Bug]:Missing argument for parameter ""showNewsFeed""",closed,2026-01-07,2026-01-08,0,2,bug,False,https://github.com/braze-inc/braze-swift-sdk/issues/181,"third-party (unsolicited, public issue tracker)"
braze-swift-sdk,180,[Bug]: Banner content does not update immediately after updating the Banner campaign,closed,2026-01-07,2026-02-27,51,2,bug,False,https://github.com/braze-inc/braze-swift-sdk/issues/180,"third-party (unsolicited, public issue tracker)"
braze-web-sdk,177,[Bug]: subscribeToContentCardsUpdates returns empty cards for the new user,open,2025-12-30,,,3,bug,False,https://github.com/braze-inc/braze-web-sdk/issues/177,"third-party (unsolicited, public issue tracker)"
braze-android-sdk,90,[Feature]: HTML in-app handling of edge-to-edge,closed,2025-12-19,2026-06-11,174,3,,False,https://github.com/braze-inc/braze-android-sdk/issues/90,"third-party (unsolicited, public issue tracker)"
braze-android-sdk,89,[Bug]: android-sdk-jetpack-compose depends on outdated io.coil-kt instead of io.coil-kt.coil3,closed,2025-12-19,2026-01-29,41,2,bug,False,https://github.com/braze-inc/braze-android-sdk/issues/89,"third-party (unsolicited, public issue tracker)"
braze-swift-sdk,179,[Feature]: Provide Result when calling `presentNext()`,closed,2025-12-18,2026-06-08,171,4,feature-request,False,https://github.com/braze-inc/braze-swift-sdk/issues/179,"third-party (unsolicited, public issue tracker)"
braze-web-sdk,176,[Bug]: TypeScript: Card.id is optionnal,closed,2025-12-16,2025-12-16,0,1,bug,False,https://github.com/braze-inc/braze-web-sdk/issues/176,"third-party (unsolicited, public issue tracker)"
braze-flutter-sdk,120,[Feature]: Flutter SDK prints all debug logs directly to console,closed,2025-12-15,2026-05-14,150,3,bug,False,https://github.com/braze-inc/braze-flutter-sdk/issues/120,"third-party (unsolicited, public issue tracker)"
braze-android-sdk,86,[Bug]:   Memory leak: BrazeActivityLifecycleCallbackListener retains Activity references via internal lambdas queued in LinkedBlockingQueue,closed,2025-12-12,2026-02-05,55,20,bug,False,https://github.com/braze-inc/braze-android-sdk/issues/86,"third-party (unsolicited, public issue tracker)"
braze-expo-plugin,40,[Bug]: enableAutomaticLocationCollection option does not function as expected for iOS platform,closed,2025-12-04,2026-02-11,69,3,bug,False,https://github.com/braze-inc/braze-expo-plugin/issues/40,"third-party (unsolicited, public issue tracker)"
braze-flutter-sdk,119,[Bug]: Content cards trigger,closed,2025-12-02,2026-05-13,162,6,bug,False,https://github.com/braze-inc/braze-flutter-sdk/issues/119,"third-party (unsolicited, public issue tracker)"
braze-android-sdk,85,[Bug]: Crash in BrazeBannerProvider.CreateBannerView$lambda$2$lambda$1,closed,2025-11-27,2026-04-14,138,2,bug,False,https://github.com/braze-inc/braze-android-sdk/issues/85,"third-party (unsolicited, public issue tracker)"
braze-swift-sdk,178,[Bug]: Memory leak in InAppMessage.Data.init() with base64 encoding - SDK 13.2.1,closed,2025-11-26,2026-01-14,49,3,bug,False,https://github.com/braze-inc/braze-swift-sdk/issues/178,"third-party (unsolicited, public issue tracker)"
braze-flutter-sdk,118,[Bug]: Removed flag is not getting updated when logContentCardDismissed is called in iOS,closed,2025-11-18,2025-11-18,0,2,bug,False,https://github.com/braze-inc/braze-flutter-sdk/issues/118,"third-party (unsolicited, public issue tracker)"
braze-react-native-sdk,308,[Feature]: Add configurable timeout for getContentCards() method,closed,2025-11-12,2026-07-31,260,6,feature-request,False,https://github.com/braze-inc/braze-react-native-sdk/issues/308,"third-party (unsolicited, public issue tracker)"
braze-android-sdk,84,[Bug]: Multiple Issues with android.r8.optimizedResourceShrinking Enabled,closed,2025-10-29,2026-04-14,167,11,bug,False,https://github.com/braze-inc/braze-android-sdk/issues/84,"third-party (unsolicited, public issue tracker)"
braze-web-sdk,175,[Bug]: When we firsttime open in incognito braze does not send any cards. its sending empty cards. for Anonymous User. But as i reload it shows content cards.,closed,2025-10-24,2025-10-24,0,6,bug,False,https://github.com/braze-inc/braze-web-sdk/issues/175,"third-party (unsolicited, public issue tracker)"
braze-web-sdk,174,[Bug]: TypeScript: No error when passing null to logInAppMessageClick (expects InAppMessage),closed,2025-10-23,2025-12-16,53,2,bug,False,https://github.com/braze-inc/braze-web-sdk/issues/174,"third-party (unsolicited, public issue tracker)"
braze-react-native-sdk,307,[Bug]: xcodebuild version 26 Errors,closed,2025-10-21,2025-10-27,6,4,bug,False,https://github.com/braze-inc/braze-react-native-sdk/issues/307,"third-party (unsolicited, public issue tracker)"
braze-web-sdk,173,[Bug]: SlideUpMessage Has Unexpected buttons Property,closed,2025-10-16,2025-10-17,1,3,bug,False,https://github.com/braze-inc/braze-web-sdk/issues/173,"third-party (unsolicited, public issue tracker)"
braze-android-sdk,83,[Bug]: BrazeWebViewActivity crashes trying to render WebView,closed,2025-10-16,2025-12-15,60,6,bug,False,https://github.com/braze-inc/braze-android-sdk/issues/83,"third-party (unsolicited, public issue tracker)"
braze-flutter-sdk,117,[Bug]: Push Notification Tokens are not registered in Braze when using iOS 26 on Simulator,closed,2025-10-15,2025-10-15,0,1,bug,False,https://github.com/braze-inc/braze-flutter-sdk/issues/117,"third-party (unsolicited, public issue tracker)"
braze-swift-sdk,177,[Feature]: Make BrazeNotificationService.NotificationService open,closed,2025-10-02,2025-12-15,74,3,feature-request,False,https://github.com/braze-inc/braze-swift-sdk/issues/177,"third-party (unsolicited, public issue tracker)"
braze-swift-sdk,176,[Feature]: Fallback image for `BrazeContentCardUI.ClassicImageCell` when load fails,closed,2025-10-01,2026-06-11,252,4,feature-request,False,https://github.com/braze-inc/braze-swift-sdk/issues/176,"third-party (unsolicited, public issue tracker)"
braze-swift-sdk,175,[Bug]: Crashes in `BrazeContentCardUI.ViewController.viewDidDisappear`,closed,2025-09-29,2025-12-03,65,3,bug,False,https://github.com/braze-inc/braze-swift-sdk/issues/175,"third-party (unsolicited, public issue tracker)"
braze-react-native-sdk,306,[Bug]: iOS build fails with extra argument 'language' in call in BrazeUI mocks after migrating to Expo SDK 54 / RN 0.81,closed,2025-09-25,2025-10-02,7,5,bug,False,https://github.com/braze-inc/braze-react-native-sdk/issues/306,"third-party (unsolicited, public issue tracker)"
braze-react-native-sdk,304,[Feature]: Expo 54 & RN 0.81,closed,2025-09-11,2025-09-12,0,6,feature-request,False,https://github.com/braze-inc/braze-react-native-sdk/issues/304,"third-party (unsolicited, public issue tracker)"
braze-swift-sdk,174,[Bug]: inAppMessage(_:displayChoiceForMessage:) is no longer being called,closed,2025-09-11,2025-09-12,0,3,bug,False,https://github.com/braze-inc/braze-swift-sdk/issues/174,"third-party (unsolicited, public issue tracker)"
braze-flutter-sdk,116,[Feature]: Add Swift Package Manager support,closed,2025-09-07,2026-03-04,177,3,,False,https://github.com/braze-inc/braze-flutter-sdk/issues/116,"third-party (unsolicited, public issue tracker)"
braze-swift-sdk,173,[Bug]: Performance issue - the application prompts slow performance issues during Braze initialization,closed,2025-09-07,2026-07-06,301,4,bug,False,https://github.com/braze-inc/braze-swift-sdk/issues/173,"third-party (unsolicited, public issue tracker)"
braze-android-sdk,81,[Bug]: Unable to control click behavior in Compose BrazeBanner,closed,2025-09-05,2025-09-11,6,3,bug,False,https://github.com/braze-inc/braze-android-sdk/issues/81,"third-party (unsolicited, public issue tracker)"
braze-react-native-sdk,303,[Feature]: Add iOS badges count handling,closed,2025-09-03,2025-09-04,1,1,feature-request,False,https://github.com/braze-inc/braze-react-native-sdk/issues/303,"third-party (unsolicited, public issue tracker)"
braze-flutter-sdk,115,[Bug]: BrazeBannerView causing UI issues while navigating,closed,2025-09-02,2025-10-23,50,2,bug,False,https://github.com/braze-inc/braze-flutter-sdk/issues/115,"third-party (unsolicited, public issue tracker)"
braze-android-sdk,80,[Bug]: Unable to start receiver com.braze.BrazeBootReceiver - lateinit property udm has not been initialized,closed,2025-08-29,2025-09-02,4,2,bug,False,https://github.com/braze-inc/braze-android-sdk/issues/80,"third-party (unsolicited, public issue tracker)"
braze-flutter-sdk,114,[Important]: iOS 26 beta support on devices,closed,2025-08-27,2025-09-16,19,1,,False,https://github.com/braze-inc/braze-flutter-sdk/issues/114,"third-party (unsolicited, public issue tracker)"
braze-react-native-sdk,302,[Bug]: Unable to decode content card data,closed,2025-08-27,2025-12-03,97,2,bug,False,https://github.com/braze-inc/braze-react-native-sdk/issues/302,"third-party (unsolicited, public issue tracker)"
braze-react-native-sdk,301,[Bug]: Android deep links from push notifications are not handled when app launches from terminated state,closed,2025-08-21,2026-02-27,190,40,bug,False,https://github.com/braze-inc/braze-react-native-sdk/issues/301,"third-party (unsolicited, public issue tracker)"
braze-react-native-sdk,300,[Bug]: iOS push tokens require manual `registerPushToken` call after SDK v16 upgrade,closed,2025-08-21,2025-09-09,19,2,bug,False,https://github.com/braze-inc/braze-react-native-sdk/issues/300,"third-party (unsolicited, public issue tracker)"
braze-swift-sdk,172,[Bug]: App hangs in didFinishLaunchingWithOptions until it is terminated by the system,closed,2025-08-18,2025-09-11,24,4,bug,False,https://github.com/braze-inc/braze-swift-sdk/issues/172,"third-party (unsolicited, public issue tracker)"
braze-flutter-sdk,112,[Bug]: Calling setState while no longer mounted,closed,2025-08-14,2025-10-23,69,5,bug,False,https://github.com/braze-inc/braze-flutter-sdk/issues/112,"third-party (unsolicited, public issue tracker)"
braze-flutter-sdk,111,[Bug]: BrazeBannerView `hasSize` assertion thrown,closed,2025-08-14,2026-07-08,327,4,bug,False,https://github.com/braze-inc/braze-flutter-sdk/issues/111,"third-party (unsolicited, public issue tracker)"
braze-android-sdk,79,[Feature]: Glide Integration Sample App to Migration Coil In Android,closed,2025-08-11,2025-08-11,0,2,,False,https://github.com/braze-inc/braze-android-sdk/issues/79,"third-party (unsolicited, public issue tracker)"
braze-expo-plugin,37,[Bug]: This repo should have a root package.json,closed,2025-08-08,2025-08-08,0,1,bug,False,https://github.com/braze-inc/braze-expo-plugin/issues/37,"third-party (unsolicited, public issue tracker)"
braze-react-native-sdk,298,[Bug]: getDeviceId never resolves the promise when SDK has not been initialised,closed,2025-08-04,2025-09-30,57,8,bug,False,https://github.com/braze-inc/braze-react-native-sdk/issues/298,"third-party (unsolicited, public issue tracker)"
braze-swift-sdk,171,[Important]: Xcode 26 beta support,closed,2025-08-01,2025-09-10,40,1,feature-request,False,https://github.com/braze-inc/braze-swift-sdk/issues/171,"third-party (unsolicited, public issue tracker)"
braze-swift-sdk,170,[Bug]: iOS 17.5 and older crash on startup,closed,2025-08-01,2025-08-25,24,2,bug,False,https://github.com/braze-inc/braze-swift-sdk/issues/170,"third-party (unsolicited, public issue tracker)"
braze-android-sdk,78,[Bug]: InAppMessage - SideUp - Does not respect margins,closed,2025-07-22,2025-09-11,51,2,bug,False,https://github.com/braze-inc/braze-android-sdk/issues/78,"third-party (unsolicited, public issue tracker)"
braze-react-native-sdk,297,[Bug]: androidHandlePushDeepLinksAutomatically + getInitialPushPayload not works on RN 0.79 + new Architecture [ANDROID],closed,2025-07-21,2025-08-25,34,3,bug,False,https://github.com/braze-inc/braze-react-native-sdk/issues/297,"third-party (unsolicited, public issue tracker)"
braze-swift-sdk,169,[Bug]: SwiftUI banner causes app to crash,closed,2025-07-21,2025-07-22,0,3,bug,False,https://github.com/braze-inc/braze-swift-sdk/issues/169,"third-party (unsolicited, public issue tracker)"
braze-swift-sdk,168,[Bug]: App crashes on launch (0x8BADF00D) after upgrading to iOS 26 beta,closed,2025-07-14,2025-07-17,3,6,bug,False,https://github.com/braze-inc/braze-swift-sdk/issues/168,"third-party (unsolicited, public issue tracker)"
braze-web-sdk,172,[Bug]: Push notification npm sample fails in Firefox with ServiceWorker registration error,closed,2025-07-10,2025-07-10,0,2,bug,False,https://github.com/braze-inc/braze-web-sdk/issues/172,"third-party (unsolicited, public issue tracker)"
braze-web-sdk,171,[Bug]: TypeError: Cannot read properties of null (reading 'enabled'),open,2025-07-07,,,2,bug,False,https://github.com/braze-inc/braze-web-sdk/issues/171,"third-party (unsolicited, public issue tracker)"
braze-android-sdk,77,[Feature]: Expose public handleBrazeNewToken companion function in BrazeFirebaseMessagingService for safer kill switch integration,closed,2025-06-30,2025-08-28,58,2,,False,https://github.com/braze-inc/braze-android-sdk/issues/77,"third-party (unsolicited, public issue tracker)"
braze-flutter-sdk,110,"[Bug]: PlatformException(Exception encountered, setBrazePluginIsReady, java.lang.NullPointerException: Attempt to invoke virtual method 'com.braze.enums.BrazePushEventType com.braze.events.BrazePushEv",closed,2025-06-27,2025-12-03,159,2,bug,False,https://github.com/braze-inc/braze-flutter-sdk/issues/110,"third-party (unsolicited, public issue tracker)"
braze-react-native-sdk,296,[Bug]: Braze Session and Push Token Issues After React Native 0.79 Upgrade,closed,2025-06-25,2025-08-13,48,4,bug,False,https://github.com/braze-inc/braze-react-native-sdk/issues/296,"third-party (unsolicited, public issue tracker)"
braze-web-sdk,170,Google Tag Manager Server Container Template,open,2025-06-17,,,2,feature-request,False,https://github.com/braze-inc/braze-web-sdk/issues/170,"third-party (unsolicited, public issue tracker)"
braze-react-native-sdk,295,[Feature]: React Native 0.78-0.79+ Support,closed,2025-06-17,2025-08-13,57,8,feature-request,False,https://github.com/braze-inc/braze-react-native-sdk/issues/295,"third-party (unsolicited, public issue tracker)"
braze-swift-sdk,167,[Bug]: SwiftUI banner not displayed on iOS 18.5,closed,2025-06-16,2025-07-02,16,11,bug,False,https://github.com/braze-inc/braze-swift-sdk/issues/167,"third-party (unsolicited, public issue tracker)"
braze-swift-sdk,166,"[Bug]: logImpression() doesn't update local viewed status immediately, causing UI sync issues",closed,2025-06-16,2025-06-20,4,1,feature-request,False,https://github.com/braze-inc/braze-swift-sdk/issues/166,"third-party (unsolicited, public issue tracker)"
braze-android-sdk,76,[Bug]: Content card subscriber receives cards for both anonymous users and signed in users,closed,2025-06-16,2025-08-28,73,2,bug,False,https://github.com/braze-inc/braze-android-sdk/issues/76,"third-party (unsolicited, public issue tracker)"
braze-android-sdk,75,[Bug]: Braze SDK reads from over 30 SharedPreferences instances on app start,closed,2025-06-13,2026-01-28,229,4,bug,False,https://github.com/braze-inc/braze-android-sdk/issues/75,"third-party (unsolicited, public issue tracker)"
braze-flutter-sdk,109,[Bug]: Cannot find type 'Braze' in scope,closed,2025-06-12,2025-08-19,67,2,bug,False,https://github.com/braze-inc/braze-flutter-sdk/issues/109,"third-party (unsolicited, public issue tracker)"
braze-web-sdk,169,[Bug]: Compile Angular 19 project with esbuild,open,2025-06-11,,,3,bug,False,https://github.com/braze-inc/braze-web-sdk/issues/169,"third-party (unsolicited, public issue tracker)"
braze-android-sdk,74,[Feature]: Able to configure Braze at runtime,closed,2025-06-11,2025-06-16,5,1,,False,https://github.com/braze-inc/braze-android-sdk/issues/74,"third-party (unsolicited, public issue tracker)"
braze-web-sdk,168,[Bug]: `logBannerClick` no available on web SDK - Flutter Web,closed,2025-06-10,2025-06-11,0,5,bug,False,https://github.com/braze-inc/braze-web-sdk/issues/168,"third-party (unsolicited, public issue tracker)"
braze-flutter-sdk,108,"[Bug]: minSdkVersion is still at 25 instead of 21, as it is stated in latest release",closed,2025-06-10,2025-06-18,7,2,bug,False,https://github.com/braze-inc/braze-flutter-sdk/issues/108,"third-party (unsolicited, public issue tracker)"
braze-swift-sdk,164,[Bug]: Flickering refresh control,closed,2025-06-05,2025-06-12,7,1,bug,False,https://github.com/braze-inc/braze-swift-sdk/issues/164,"third-party (unsolicited, public issue tracker)"
braze-react-native-sdk,294,[Bug]: TurboModuleRegistry.getEnforcing(...): 'BrazeReactBridge' could not be found. Verify that a module by this name is registered in the native binary.,closed,2025-06-02,2025-06-03,1,3,bug,False,https://github.com/braze-inc/braze-react-native-sdk/issues/294,"third-party (unsolicited, public issue tracker)"
braze-react-native-sdk,293,"[Bug]: NullPointerException  Parameter specified as non-null is null: method com.braze.reactbridge.BrazeReactBridge.setHomeCity, parameter homeCity",closed,2025-05-30,2025-08-13,75,6,bug,False,https://github.com/braze-inc/braze-react-native-sdk/issues/293,"third-party (unsolicited, public issue tracker)"
braze-swift-sdk,163,App Launch Performance Issue During Braze SDK Configuration on iPhone 7,closed,2025-05-29,2025-05-29,0,3,bug,False,https://github.com/braze-inc/braze-swift-sdk/issues/163,"third-party (unsolicited, public issue tracker)"
braze-flutter-sdk,107,[Bug/Question]: `wipeData` / `disableSdk` methods canceling all subscriptions?,closed,2025-05-26,2025-05-27,1,8,bug,False,https://github.com/braze-inc/braze-flutter-sdk/issues/107,"third-party (unsolicited, public issue tracker)"
braze-flutter-sdk,106,[Feature]: In-App Message Display Suspension API,closed,2025-05-21,2026-05-13,357,2,,False,https://github.com/braze-inc/braze-flutter-sdk/issues/106,"third-party (unsolicited, public issue tracker)"
braze-flutter-sdk,105,[Feature]: Runtime configuration,closed,2025-05-21,2026-04-10,324,13,,False,https://github.com/braze-inc/braze-flutter-sdk/issues/105,"third-party (unsolicited, public issue tracker)"
braze-android-sdk,72,[Bug]: IInAppMessageManagerListener.beforeInAppMessageViewOpened() is not triggered after upgrading to 36.0.0,closed,2025-05-20,2026-06-05,381,7,bug,False,https://github.com/braze-inc/braze-android-sdk/issues/72,"third-party (unsolicited, public issue tracker)"
braze-web-sdk,167,[Bug]: Response was blocked by CORB (Cross-Origin Read Blocking),closed,2025-05-12,2025-05-13,0,3,bug,False,https://github.com/braze-inc/braze-web-sdk/issues/167,"third-party (unsolicited, public issue tracker)"
braze-flutter-sdk,104,[Bug]: Not able to get or receive apns: collapse_id in the braze push notification event payload call.arguments (iOS),closed,2025-05-09,2025-05-29,20,2,bug,False,https://github.com/braze-inc/braze-flutter-sdk/issues/104,"third-party (unsolicited, public issue tracker)"
braze-swift-sdk,162,[Feature]: Key-value pair option in InApp Message DnD Editor.,closed,2025-05-09,2025-05-09,0,1,feature-request,False,https://github.com/braze-inc/braze-swift-sdk/issues/162,"third-party (unsolicited, public issue tracker)"
braze-android-sdk,71,[Bug]: ANR in InAppMessageWebView,closed,2025-05-06,2025-05-13,7,1,bug,False,https://github.com/braze-inc/braze-android-sdk/issues/71,"third-party (unsolicited, public issue tracker)"
braze-flutter-sdk,103,[Bug]: Content Cards fetching and dismissing doesn't work consistently on iOS,closed,2025-05-02,2026-07-01,425,13,bug,False,https://github.com/braze-inc/braze-flutter-sdk/issues/103,"third-party (unsolicited, public issue tracker)"
braze-swift-sdk,160,[Bug]: Linker failure on Xcode 16.3,closed,2025-05-02,2025-08-01,90,10,bug,False,https://github.com/braze-inc/braze-swift-sdk/issues/160,"third-party (unsolicited, public issue tracker)"
braze-android-sdk,70,[Bug]: Content Card List duplicate key,closed,2025-05-01,2025-05-01,0,1,bug,False,https://github.com/braze-inc/braze-android-sdk/issues/70,"third-party (unsolicited, public issue tracker)"
braze-android-sdk,69,[Bug]: Content Cards: No such method exception,closed,2025-05-01,2025-05-01,0,1,bug,False,https://github.com/braze-inc/braze-android-sdk/issues/69,"third-party (unsolicited, public issue tracker)"
braze-android-sdk,68,[Feature]: List of custom attributes,closed,2025-04-30,2025-04-30,0,1,,False,https://github.com/braze-inc/braze-android-sdk/issues/68,"third-party (unsolicited, public issue tracker)"
braze-android-sdk,67,[Bug]: Braze 35.0.0 will not work with androidx.compose:compose-bom:2025.04.01,closed,2025-04-29,2025-05-16,17,5,bug,False,https://github.com/braze-inc/braze-android-sdk/issues/67,"third-party (unsolicited, public issue tracker)"
braze-android-sdk,66,[Bug]: Strict mode disk violations,closed,2025-04-28,2025-05-13,15,3,bug,False,https://github.com/braze-inc/braze-android-sdk/issues/66,"third-party (unsolicited, public issue tracker)"
braze-flutter-sdk,102,"[Bug]: Content card not working on iOS, and works fine on Android",closed,2025-04-27,2025-04-30,3,2,bug,False,https://github.com/braze-inc/braze-flutter-sdk/issues/102,"third-party (unsolicited, public issue tracker)"
braze-swift-sdk,159,"[Bug]: unexpected formatting for BrazeSessionInput.userID eg: 24,931,927 instead of 24931927",closed,2025-04-25,2025-04-25,0,1,bug,False,https://github.com/braze-inc/braze-swift-sdk/issues/159,"third-party (unsolicited, public issue tracker)"
braze-swift-sdk,158,[Bug]: Xcode 16.3 + bazel build issues,closed,2025-04-23,2025-12-03,224,3,bug,False,https://github.com/braze-inc/braze-swift-sdk/issues/158,"third-party (unsolicited, public issue tracker)"
braze-expo-plugin,36,[Bug]: Android-Production deep links on push notifications with closed app,closed,2025-04-17,2025-04-17,0,1,bug,False,https://github.com/braze-inc/braze-expo-plugin/issues/36,"third-party (unsolicited, public issue tracker)"
braze-swift-sdk,157,[Bug]: Prebuild binary size doubled,closed,2025-04-14,2025-04-14,0,2,bug,False,https://github.com/braze-inc/braze-swift-sdk/issues/157,"third-party (unsolicited, public issue tracker)"
braze-react-native-sdk,292,[Bug]: Timestamp feature flag property not returned,closed,2025-04-11,2025-09-30,172,4,bug,False,https://github.com/braze-inc/braze-react-native-sdk/issues/292,"third-party (unsolicited, public issue tracker)"
braze-react-native-sdk,291,"[Bug]: Timestamp feature flag property is returned as ""datetime"" type",closed,2025-04-11,2025-09-30,172,5,bug,False,https://github.com/braze-inc/braze-react-native-sdk/issues/291,"third-party (unsolicited, public issue tracker)"
braze-flutter-sdk,101,"[Bug]: On IOS, I can retrieve cached data by calling the getCacherContentCards method, but it doesn't work on Android",closed,2025-04-08,2025-04-22,14,1,bug,False,https://github.com/braze-inc/braze-flutter-sdk/issues/101,"third-party (unsolicited, public issue tracker)"
braze-flutter-sdk,100,[Bug]: `getUserId` doesn't return a value on iOS when user is anonymous,closed,2025-04-07,2025-05-21,43,2,bug,False,https://github.com/braze-inc/braze-flutter-sdk/issues/100,"third-party (unsolicited, public issue tracker)"
braze-swift-sdk,156,[Bug]:,closed,2025-04-04,2025-04-04,0,1,bug,False,https://github.com/braze-inc/braze-swift-sdk/issues/156,"third-party (unsolicited, public issue tracker)"
braze-android-sdk,65,[Bug]: Fatal Exception: org.chromium.base.JniAndroid$UncaughtExceptionException,closed,2025-04-03,2025-04-03,0,1,bug,False,https://github.com/braze-inc/braze-android-sdk/issues/65,"third-party (unsolicited, public issue tracker)"
braze-android-sdk,64,[Feature]: Support dark mode in IAM with drag and drop editor,closed,2025-04-02,2025-04-03,1,1,,False,https://github.com/braze-inc/braze-android-sdk/issues/64,"third-party (unsolicited, public issue tracker)"
braze-android-sdk,63,[Bug]: IAM not respecting status bar and navigation bar insets when edge to edge is enabled,closed,2025-04-02,2025-06-24,83,6,bug,False,https://github.com/braze-inc/braze-android-sdk/issues/63,"third-party (unsolicited, public issue tracker)"
braze-android-sdk,62,"[Bug]: Warning, Error logs",closed,2025-04-02,2025-04-24,22,2,bug,False,https://github.com/braze-inc/braze-android-sdk/issues/62,"third-party (unsolicited, public issue tracker)"
braze-swift-sdk,155,[Feature]: Improve content card dismissal behavior (& extend documentation with relevant information),closed,2025-04-01,2026-06-26,451,4,feature-request,False,https://github.com/braze-inc/braze-swift-sdk/issues/155,"third-party (unsolicited, public issue tracker)"
braze-android-sdk,61,[Feature]: ContentCardList custom emptyComposable fillParentMaxHeight(),closed,2025-03-30,2026-04-21,386,2,,False,https://github.com/braze-inc/braze-android-sdk/issues/61,"third-party (unsolicited, public issue tracker)"
braze-flutter-sdk,99,[Bug]: Media not visible via Rich Push Flutter IOS,closed,2025-03-25,2025-05-29,65,3,bug,False,https://github.com/braze-inc/braze-flutter-sdk/issues/99,"third-party (unsolicited, public issue tracker)"
braze-expo-plugin,34,[Feature]: Add useUUIDAsDeviceId Configuration Option,closed,2025-03-24,2025-04-09,16,2,,False,https://github.com/braze-inc/braze-expo-plugin/issues/34,"third-party (unsolicited, public issue tracker)"
braze-swift-sdk,154,"[Bug]: When the SDK is added via Pod, the preview in Xcode fails to display.",closed,2025-03-20,2026-06-05,441,4,bug,False,https://github.com/braze-inc/braze-swift-sdk/issues/154,"third-party (unsolicited, public issue tracker)"
braze-react-native-sdk,290,[Bug]: Thread 1: Fatal error: NSArray element failed to match the Swift Array Element type,closed,2025-03-18,2025-04-27,39,3,bug,False,https://github.com/braze-inc/braze-react-native-sdk/issues/290,"third-party (unsolicited, public issue tracker)"
braze-android-sdk,60,[Feature]: Request in-app message id field to match iOS SDK,closed,2025-03-18,2025-03-18,0,1,,False,https://github.com/braze-inc/braze-android-sdk/issues/60,"third-party (unsolicited, public issue tracker)"
braze-android-sdk,59,[Bug]: Braze Modal Back Event Issue on Android (SDK 32.1.0 to 35.0.0),closed,2025-03-17,2025-03-26,8,2,bug,False,https://github.com/braze-inc/braze-android-sdk/issues/59,"third-party (unsolicited, public issue tracker)"
braze-android-sdk,58,[Feature]: ContentCardsList - Remove Pull To Refresh,closed,2025-03-11,2025-05-13,63,5,,False,https://github.com/braze-inc/braze-android-sdk/issues/58,"third-party (unsolicited, public issue tracker)"
braze-react-native-sdk,289,[Bug]: iOS build fails after upgrade to 14.0.0,closed,2025-03-08,2025-04-08,31,11,bug,False,https://github.com/braze-inc/braze-react-native-sdk/issues/289,"third-party (unsolicited, public issue tracker)"
braze-swift-sdk,153,"Request to Rename ""displayLinkTick"" Method to Avoid App Store Rejection",closed,2025-03-07,2025-03-19,11,6,bug,False,https://github.com/braze-inc/braze-swift-sdk/issues/153,"third-party (unsolicited, public issue tracker)"
braze-cordova-sdk,99,Firebase not being initialized after upgrade to version 11,closed,2025-03-05,2025-03-06,1,2,,False,https://github.com/braze-inc/braze-cordova-sdk/issues/99,"third-party (unsolicited, public issue tracker)"
braze-cordova-sdk,98,Latency between SDK requests and database writing,closed,2025-03-03,2025-03-05,2,3,,False,https://github.com/braze-inc/braze-cordova-sdk/issues/98,"third-party (unsolicited, public issue tracker)"
braze-react-native-sdk,288,[Bug]: PushNotificationEvent.timestamp is both seconds and milliseconds depending on the OS,closed,2025-03-03,2025-05-16,74,2,bug,False,https://github.com/braze-inc/braze-react-native-sdk/issues/288,"third-party (unsolicited, public issue tracker)"
braze-android-sdk,57,"[Bug]: ""Short News"" card title text cut off in Jetpack Compose library",closed,2025-03-03,2026-03-02,364,3,bug,False,https://github.com/braze-inc/braze-android-sdk/issues/57,"third-party (unsolicited, public issue tracker)"
braze-android-sdk,56,[Bug]: min sdk 25 reason,closed,2025-02-28,2025-05-19,80,7,bug,False,https://github.com/braze-inc/braze-android-sdk/issues/56,"third-party (unsolicited, public issue tracker)"
braze-android-sdk,55,[Bug]: Wrong documentation,closed,2025-02-27,2025-04-24,56,4,bug,False,https://github.com/braze-inc/braze-android-sdk/issues/55,"third-party (unsolicited, public issue tracker)"
braze-react-native-sdk,287,[Bug]: Push Notification doesn't redirect if App is killed and device has been inactive for a few minutes,closed,2025-02-25,2025-06-16,111,2,bug,False,https://github.com/braze-inc/braze-react-native-sdk/issues/287,"third-party (unsolicited, public issue tracker)"
braze-android-sdk,54,[Feature]: Dark theme support in Jetpack Compose,closed,2025-02-21,2025-02-24,3,1,,False,https://github.com/braze-inc/braze-android-sdk/issues/54,"third-party (unsolicited, public issue tracker)"
braze-swift-sdk,152,"[Bug]: Thread checker warning occurs during initialization ""Looking up a symbol with RTLD_DEFAULT argument passed to dlsym on the main thread can cause slow launches. This is known to cause slow launc",closed,2025-02-19,2025-06-25,126,8,bug,False,https://github.com/braze-inc/braze-swift-sdk/issues/152,"third-party (unsolicited, public issue tracker)"
braze-android-sdk,53,[Bug]: LeakedClosableViolation,closed,2025-02-05,2025-06-16,131,1,bug,False,https://github.com/braze-inc/braze-android-sdk/issues/53,"third-party (unsolicited, public issue tracker)"
braze-flutter-sdk,98,[Bug]: Working Push Notification with Deeplinks Example,closed,2025-02-03,2025-03-25,49,6,bug,False,https://github.com/braze-inc/braze-flutter-sdk/issues/98,"third-party (unsolicited, public issue tracker)"
braze-react-native-sdk,285,[Bug]: Task :braze_react-native-sdk:generateCodegenSchemaFromJavaScript FAILED running on Android,closed,2025-02-03,2025-02-05,1,3,bug,False,https://github.com/braze-inc/braze-react-native-sdk/issues/285,"third-party (unsolicited, public issue tracker)"
braze-swift-sdk,151,[Bug]: Random crashes on app start,closed,2025-01-31,2025-02-10,10,2,bug,False,https://github.com/braze-inc/braze-swift-sdk/issues/151,"third-party (unsolicited, public issue tracker)"
braze-android-sdk,52,[Bug]: In-App Message Resets Consumed Insets When Using ViewCompat.setOnApplyWindowInsetsListener,closed,2025-01-31,2025-02-02,1,2,bug,False,https://github.com/braze-inc/braze-android-sdk/issues/52,"third-party (unsolicited, public issue tracker)"
braze-cordova-sdk,96,Add seperate preferences API key for iOS and Android,closed,2025-01-29,2025-02-25,27,3,,False,https://github.com/braze-inc/braze-cordova-sdk/issues/96,"third-party (unsolicited, public issue tracker)"
braze-flutter-sdk,97,"[Bug]: By default braze plugin starting session after adding braze_plugin, How to control braze session based the feature. I have added the com_braze_flutter_enable_automatic_integration_initializer a",closed,2025-01-28,2025-01-28,0,1,bug,False,https://github.com/braze-inc/braze-flutter-sdk/issues/97,"third-party (unsolicited, public issue tracker)"
braze-react-native-sdk,283,[Feature]: setIdentifierForVendor (ios),closed,2025-01-20,2025-02-05,16,3,feature-request,False,https://github.com/braze-inc/braze-react-native-sdk/issues/283,"third-party (unsolicited, public issue tracker)"
braze-android-sdk,51,[Bug]: StrictMode in In-app messages,closed,2025-01-13,2025-03-12,58,3,bug,False,https://github.com/braze-inc/braze-android-sdk/issues/51,"third-party (unsolicited, public issue tracker)"
braze-web-sdk,166,[Feature]: Typescript support for the type devs,closed,2025-01-08,2025-01-24,15,6,,False,https://github.com/braze-inc/braze-web-sdk/issues/166,"third-party (unsolicited, public issue tracker)"
braze-flutter-sdk,96,[Bug]: Swift compile error - handleForegroundNotification function not available,closed,2025-01-08,2025-01-08,0,4,bug,False,https://github.com/braze-inc/braze-flutter-sdk/issues/96,"third-party (unsolicited, public issue tracker)"
braze-android-sdk,50,[Bug]: Possible usage of deprecated API,closed,2025-01-07,2025-01-07,0,2,bug,False,https://github.com/braze-inc/braze-android-sdk/issues/50,"third-party (unsolicited, public issue tracker)"
braze-web-sdk,165,[Feature]: Add sample project with custom UI,open,2024-12-26,,,1,feature-request,False,https://github.com/braze-inc/braze-web-sdk/issues/165,"third-party (unsolicited, public issue tracker)"
braze-web-sdk,164,[Feature]: Add listener of push notification received,open,2024-12-26,,,1,feature-request,False,https://github.com/braze-inc/braze-web-sdk/issues/164,"third-party (unsolicited, public issue tracker)"
braze-web-sdk,163,[Bug]: ContentCard Subscription issue,closed,2024-12-26,2025-01-03,8,6,bug,False,https://github.com/braze-inc/braze-web-sdk/issues/163,"third-party (unsolicited, public issue tracker)"
braze-swift-sdk,150,[Bug]: Crash on BrazeInAppMessageUI.SlideupView,closed,2024-12-25,2024-12-26,1,1,bug,False,https://github.com/braze-inc/braze-swift-sdk/issues/150,"third-party (unsolicited, public issue tracker)"
braze-android-sdk,49,[Bug]: Slideup IAM is not automatically dismissed when a new activity is started,closed,2024-12-18,2025-06-16,180,6,bug,False,https://github.com/braze-inc/braze-android-sdk/issues/49,"third-party (unsolicited, public issue tracker)"
braze-swift-sdk,149,[Bug]: Adding alias event is not trigger immediately,closed,2024-12-16,2024-12-16,0,1,bug,False,https://github.com/braze-inc/braze-swift-sdk/issues/149,"third-party (unsolicited, public issue tracker)"
braze-web-sdk,162,[Bug]: Cannot import the web-sdk ,closed,2024-12-13,2024-12-13,0,2,bug,False,https://github.com/braze-inc/braze-web-sdk/issues/162,"third-party (unsolicited, public issue tracker)"
braze-flutter-sdk,95,[Bug]: board error,closed,2024-12-12,2024-12-17,5,1,bug,False,https://github.com/braze-inc/braze-flutter-sdk/issues/95,"third-party (unsolicited, public issue tracker)"
braze-react-native-sdk,282,"[Bug]: APNs environment not detected, no docs on how to fix",closed,2024-12-11,2025-02-05,55,6,bug,False,https://github.com/braze-inc/braze-react-native-sdk/issues/282,"third-party (unsolicited, public issue tracker)"
braze-web-sdk,161,[Bug]: Push notification get delay,closed,2024-12-06,2024-12-09,3,2,bug,False,https://github.com/braze-inc/braze-web-sdk/issues/161,"third-party (unsolicited, public issue tracker)"
braze-expo-plugin,33,"[Bug]: eas build error ""com.apple.security.application-groups"" has invalid value ""$(BRAZE_PUSH_STORY_APP_GROUP)"".",closed,2024-12-03,2024-12-03,0,1,bug,False,https://github.com/braze-inc/braze-expo-plugin/issues/33,"third-party (unsolicited, public issue tracker)"
braze-android-sdk,48,[Feature]: Optionally disable automatic push notification permission request,closed,2024-11-27,2024-11-27,0,0,,False,https://github.com/braze-inc/braze-android-sdk/issues/48,"third-party (unsolicited, public issue tracker)"
braze-react-native-sdk,280,"[Bug]: ITMS-91056: Invalid privacy manifest, ITMS-91064: Invalid tracking information",closed,2024-11-22,2025-02-05,75,6,bug,False,https://github.com/braze-inc/braze-react-native-sdk/issues/280,"third-party (unsolicited, public issue tracker)"
braze-swift-sdk,148,[Bug]: Rate-limiting on dismissal of content cards flow,closed,2024-11-22,2024-12-04,11,6,bug,False,https://github.com/braze-inc/braze-swift-sdk/issues/148,"third-party (unsolicited, public issue tracker)"
braze-react-native-sdk,279,"[Bug]: ITMS-91056: Invalid privacy manifest, ITMS-91064: Invalid tracking information",closed,2024-11-19,2024-11-19,0,3,bug,False,https://github.com/braze-inc/braze-react-native-sdk/issues/279,"third-party (unsolicited, public issue tracker)"
braze-android-sdk,47,[Bug]: Braze SDK is not correctly integrated into your project.,closed,2024-11-19,2024-11-20,1,5,bug,False,https://github.com/braze-inc/braze-android-sdk/issues/47,"third-party (unsolicited, public issue tracker)"
braze-swift-sdk,147,Privacy Manifest Warnings v9.0.0 - Instruments,closed,2024-11-15,2025-06-25,222,2,bug,False,https://github.com/braze-inc/braze-swift-sdk/issues/147,"third-party (unsolicited, public issue tracker)"
braze-swift-sdk,146,[Bug]: ITMS-91064: Invalid tracking information,closed,2024-11-14,2025-04-23,160,12,bug,False,https://github.com/braze-inc/braze-swift-sdk/issues/146,"third-party (unsolicited, public issue tracker)"
braze-swift-sdk,145,[Bug]: Occasional crash when entering foreground after being backgrounded,closed,2024-11-12,2025-02-10,90,3,bug,False,https://github.com/braze-inc/braze-swift-sdk/issues/145,"third-party (unsolicited, public issue tracker)"
braze-react-native-sdk,278,[Feature]: Document BrazeIdentityError error code 28,closed,2024-11-11,2024-11-22,11,2,feature-request,False,https://github.com/braze-inc/braze-react-native-sdk/issues/278,"third-party (unsolicited, public issue tracker)"
braze-react-native-sdk,277,Confusing Release notes for 13.x,closed,2024-11-08,2024-11-12,3,1,bug,False,https://github.com/braze-inc/braze-react-native-sdk/issues/277,"third-party (unsolicited, public issue tracker)"
braze-react-native-sdk,276,[Bug]: rate-limiting issue after Braze.getContentCards(),closed,2024-11-08,2024-11-11,2,1,bug,False,https://github.com/braze-inc/braze-react-native-sdk/issues/276,"third-party (unsolicited, public issue tracker)"
braze-react-native-sdk,275,[Bug]: Braze IOS value send to dashboard error,closed,2024-11-06,2024-12-04,28,9,bug,False,https://github.com/braze-inc/braze-react-native-sdk/issues/275,"third-party (unsolicited, public issue tracker)"
braze-react-native-sdk,274,[Bug]: Braze.getContentCards() - sometimes it takes a lot of time to end when called too often,closed,2024-11-05,2024-12-04,29,2,bug,False,https://github.com/braze-inc/braze-react-native-sdk/issues/274,"third-party (unsolicited, public issue tracker)"
braze-flutter-sdk,94,[Bug]: Versions older than 11.0.0 have excessive connection consumption with Firebase Messaging android.net.ConnectivityManager$TooManyRequestsException,closed,2024-11-01,2025-09-25,328,3,bug,False,https://github.com/braze-inc/braze-flutter-sdk/issues/94,"third-party (unsolicited, public issue tracker)"
braze-react-native-sdk,273,[Bug]: Build fails on React Native 0.76.0 and 0.76.1,closed,2024-10-30,2024-11-20,21,18,bug,False,https://github.com/braze-inc/braze-react-native-sdk/issues/273,"third-party (unsolicited, public issue tracker)"
braze-android-sdk,46,"[Bug]: In production, sometimes I have a ANR in: Braze.getInstance(context).deviceId",closed,2024-10-28,2025-01-07,71,1,bug,False,https://github.com/braze-inc/braze-android-sdk/issues/46,"third-party (unsolicited, public issue tracker)"
braze-android-sdk,45,[Bug]: Location collection disabled keeps disable ,closed,2024-10-25,2025-05-13,199,2,bug,False,https://github.com/braze-inc/braze-android-sdk/issues/45,"third-party (unsolicited, public issue tracker)"
braze-swift-sdk,144,[Bug]: ContentCardUIViewController default attributes are let - therefore we cannot modify them  ,closed,2024-10-24,2024-10-30,6,2,bug,False,https://github.com/braze-inc/braze-swift-sdk/issues/144,"third-party (unsolicited, public issue tracker)"
braze-flutter-sdk,92,[Bug]: inappmessage modal - icon & text not centered,closed,2024-10-23,2024-11-20,28,4,bug,False,https://github.com/braze-inc/braze-flutter-sdk/issues/92,"third-party (unsolicited, public issue tracker)"
braze-flutter-sdk,91,[Bug]: Swift Compiler Error (Xcode): Value of optional type '[String : Any]?' must be unwrapped to a value of type '[String : Any]',closed,2024-10-23,2024-11-08,16,5,bug,False,https://github.com/braze-inc/braze-flutter-sdk/issues/91,"third-party (unsolicited, public issue tracker)"
braze-react-native-sdk,272,[Bug]: Robustness for GDPR compliance,closed,2024-10-23,2026-04-10,534,2,bug,False,https://github.com/braze-inc/braze-react-native-sdk/issues/272,"third-party (unsolicited, public issue tracker)"
braze-react-native-sdk,271,[Bug]: getInitialPushPayload function always return pushPayload as undefined (with @braze/expo-plugin),closed,2024-10-21,2024-11-08,18,4,bug,False,https://github.com/braze-inc/braze-react-native-sdk/issues/271,"third-party (unsolicited, public issue tracker)"
braze-swift-sdk,143,[Bug]:  [iOS] ActivityKit.Activity.pushToStartTokenUpdates.getter,closed,2024-10-21,2024-10-21,0,1,bug,False,https://github.com/braze-inc/braze-swift-sdk/issues/143,"third-party (unsolicited, public issue tracker)"
braze-swift-sdk,142,[Bug]: Build fails with Xcode 15.0.1,closed,2024-10-18,2024-10-18,0,1,bug,False,https://github.com/braze-inc/braze-swift-sdk/issues/142,"third-party (unsolicited, public issue tracker)"
braze-react-native-sdk,270,[Feature]: Listener for in app message being dismissed,closed,2024-10-16,2026-05-26,586,4,feature-request,False,https://github.com/braze-inc/braze-react-native-sdk/issues/270,"third-party (unsolicited, public issue tracker)"
braze-cordova-sdk,95,Capacitor Configuration,closed,2024-10-14,2024-11-06,23,2,,False,https://github.com/braze-inc/braze-cordova-sdk/issues/95,"third-party (unsolicited, public issue tracker)"
braze-android-sdk,44,[Bug]: HTML In-App message not dismissed after calling brazeBridge.closeMessage() with deeplink href.,closed,2024-10-10,2024-10-14,3,2,bug,False,https://github.com/braze-inc/braze-android-sdk/issues/44,"third-party (unsolicited, public issue tracker)"
braze-react-native-sdk,269,[Bug]: Can't run app with Android ,closed,2024-10-07,2024-10-08,0,2,bug,False,https://github.com/braze-inc/braze-react-native-sdk/issues/269,"third-party (unsolicited, public issue tracker)"
braze-swift-sdk,141,Xcode 16/ iOS18 Compatibility check,closed,2024-10-02,2024-10-02,0,1,bug,False,https://github.com/braze-inc/braze-swift-sdk/issues/141,"third-party (unsolicited, public issue tracker)"
braze-web-sdk,160,[Feature]: zero storage version,open,2024-09-27,,,1,feature-request,False,https://github.com/braze-inc/braze-web-sdk/issues/160,"third-party (unsolicited, public issue tracker)"
braze-android-sdk,43,[Bug]: In-App Message Body Alignment Issue: Always Aligned to View Start,closed,2024-09-27,2024-10-03,6,2,bug,False,https://github.com/braze-inc/braze-android-sdk/issues/43,"third-party (unsolicited, public issue tracker)"
braze-flutter-sdk,88,[Bug]: ClickAction.uri not received on Dart layer for in-app message buttons,closed,2024-09-26,2024-11-21,55,2,bug,False,https://github.com/braze-inc/braze-flutter-sdk/issues/88,"third-party (unsolicited, public issue tracker)"
braze-flutter-sdk,87,[Bug]: braze.notifications.subscribeToUpdates process 4 events instead of 1 in IOS,closed,2024-09-25,2024-10-23,27,5,bug,False,https://github.com/braze-inc/braze-flutter-sdk/issues/87,"third-party (unsolicited, public issue tracker)"
braze-react-native-sdk,268,"[Bug]: On android, calling `Braze.getContentCards` right after `Didomi.setUserStatusSets` returns a never-resolving promise",closed,2024-09-25,2024-12-05,71,2,bug,False,https://github.com/braze-inc/braze-react-native-sdk/issues/268,"third-party (unsolicited, public issue tracker)"
braze-swift-sdk,140,[Feature]: Allow for configuration of line height in InAppMessageView,closed,2024-09-17,2024-10-30,43,6,feature-request,False,https://github.com/braze-inc/braze-swift-sdk/issues/140,"third-party (unsolicited, public issue tracker)"
braze-swift-sdk,139,[Bug]: Add BrazeKitCompat to the README,closed,2024-09-17,2024-09-17,0,1,bug,False,https://github.com/braze-inc/braze-swift-sdk/issues/139,"third-party (unsolicited, public issue tracker)"
braze-flutter-sdk,86,[Bug]:   Caused by: java.lang.NoSuchMethodError: No static method brazelog$default(Lcom/braze/support/BrazeLogger;Ljava/lang/Object;Lcom/braze/support/BrazeLogger$Priority;Ljava/lang/Throwable;Lkotlin,closed,2024-09-16,2024-09-16,0,0,bug,False,https://github.com/braze-inc/braze-flutter-sdk/issues/86,"third-party (unsolicited, public issue tracker)"
braze-flutter-sdk,85,[Bug]: userInterfaceStyle is only available in iOs 12.0 or newer,closed,2024-09-12,2024-09-12,0,2,bug,False,https://github.com/braze-inc/braze-flutter-sdk/issues/85,"third-party (unsolicited, public issue tracker)"
braze-swift-sdk,138,[Bug]: ITMS-91107: Invalid tracking information,closed,2024-09-12,2024-09-12,0,3,bug,False,https://github.com/braze-inc/braze-swift-sdk/issues/138,"third-party (unsolicited, public issue tracker)"
braze-react-native-sdk,267,[Bug]: requestContentCardsRefresh doesn't work as expected,closed,2024-09-01,2024-12-05,95,3,bug,False,https://github.com/braze-inc/braze-react-native-sdk/issues/267,"third-party (unsolicited, public issue tracker)"
braze-flutter-sdk,84,Build issue with android (emulator and physical device) : java.lang.NoSuchMethodError,closed,2024-08-29,2024-09-05,7,2,,False,https://github.com/braze-inc/braze-flutter-sdk/issues/84,"third-party (unsolicited, public issue tracker)"
braze-react-native-sdk,266,[Bug]: malformed export/typing,closed,2024-08-29,2024-12-05,97,2,bug,False,https://github.com/braze-inc/braze-react-native-sdk/issues/266,"third-party (unsolicited, public issue tracker)"
braze-android-sdk,42,[Bug]: Crash at line 311 of AppboyIntegration on BrazeProperties instatiation,closed,2024-08-29,2024-08-30,0,3,bug,False,https://github.com/braze-inc/braze-android-sdk/issues/42,"third-party (unsolicited, public issue tracker)"
braze-flutter-sdk,83,[Feature]: Content Card synchronous refresh,closed,2024-08-28,2026-05-13,623,2,,False,https://github.com/braze-inc/braze-flutter-sdk/issues/83,"third-party (unsolicited, public issue tracker)"
braze-react-native-sdk,265,[Bug]: ,closed,2024-08-27,2024-08-27,0,3,bug,False,https://github.com/braze-inc/braze-react-native-sdk/issues/265,"third-party (unsolicited, public issue tracker)"
braze-flutter-sdk,82,InApp message not showing automatically on IOS,closed,2024-08-26,2024-08-26,0,1,,False,https://github.com/braze-inc/braze-flutter-sdk/issues/82,"third-party (unsolicited, public issue tracker)"
braze-flutter-sdk,81,Possible to use Braze and FirebaseMessaging same time?,closed,2024-08-26,2024-08-26,0,3,,False,https://github.com/braze-inc/braze-flutter-sdk/issues/81,"third-party (unsolicited, public issue tracker)"
braze-react-native-sdk,264,[Bug]: com.braze:android-sdk-location:+ causes crash,closed,2024-08-26,2024-09-16,21,9,bug,False,https://github.com/braze-inc/braze-react-native-sdk/issues/264,"third-party (unsolicited, public issue tracker)"
braze-react-native-sdk,263,[Bug]: Android build crash (Debug and Release),closed,2024-08-23,2024-08-23,0,10,bug,False,https://github.com/braze-inc/braze-react-native-sdk/issues/263,"third-party (unsolicited, public issue tracker)"
braze-android-sdk,41,[Bug]: No static method brazelog,closed,2024-08-22,2024-08-27,5,6,bug,False,https://github.com/braze-inc/braze-android-sdk/issues/41,"third-party (unsolicited, public issue tracker)"
braze-swift-sdk,137,[Feature]: Ability to read `SubscriptionState` for users Push/Email states.,closed,2024-08-21,2026-05-28,645,9,feature-request,False,https://github.com/braze-inc/braze-swift-sdk/issues/137,"third-party (unsolicited, public issue tracker)"
braze-swift-sdk,136,[Bug]: Not getting Bool to decide to opening of URL through WebView or external browser,closed,2024-08-06,2024-08-06,0,3,bug,False,https://github.com/braze-inc/braze-swift-sdk/issues/136,"third-party (unsolicited, public issue tracker)"
braze-swift-sdk,135,[Bug]: Intermittent crash in BrazeInAppMessageUI's dismiss method,closed,2024-08-01,2024-09-13,42,6,bug,False,https://github.com/braze-inc/braze-swift-sdk/issues/135,"third-party (unsolicited, public issue tracker)"
braze-react-native-sdk,262,[Bug]: Custom attributes only reflecting 15 seconds later,closed,2024-07-18,2024-07-29,10,1,bug,False,https://github.com/braze-inc/braze-react-native-sdk/issues/262,"third-party (unsolicited, public issue tracker)"
braze-react-native-sdk,261,[Bug]: launchContentCards feed does not dismiss on deep link,closed,2024-07-17,2024-08-23,36,3,bug,False,https://github.com/braze-inc/braze-react-native-sdk/issues/261,"third-party (unsolicited, public issue tracker)"
braze-web-sdk,159,[Bug]: subscribeToContentCardsUpdates's callback doesn't get trigger,closed,2024-07-09,2024-07-23,14,5,bug,False,https://github.com/braze-inc/braze-web-sdk/issues/159,"third-party (unsolicited, public issue tracker)"
braze-expo-plugin,32,[Bug]: Build Failure with braze-inc/expo-plugin 2.1.2 and Expo SDK 51 due to Resource Bundle Signing in Xcode 14,closed,2024-07-09,2024-07-09,0,2,bug,False,https://github.com/braze-inc/braze-expo-plugin/issues/32,"third-party (unsolicited, public issue tracker)"
braze-android-sdk,40,[Bug]: Incorrect behavior of In-App Message Dialogs with enabled Predictive Back,closed,2024-07-09,2024-07-09,0,1,bug,False,https://github.com/braze-inc/braze-android-sdk/issues/40,"third-party (unsolicited, public issue tracker)"
braze-android-sdk,39,[Bug]: HTML In App back navigation not working correctly,closed,2024-07-09,2024-12-11,155,4,bug,False,https://github.com/braze-inc/braze-android-sdk/issues/39,"third-party (unsolicited, public issue tracker)"
braze-flutter-sdk,80,BrazeSdkAuthenticationErrorCallback will trigger multiple times when calling changeUser with an expired token.,closed,2024-07-02,2024-07-02,0,1,,False,https://github.com/braze-inc/braze-flutter-sdk/issues/80,"third-party (unsolicited, public issue tracker)"
braze-flutter-sdk,79,Early returning because the Braze instance isn't fully initialized,closed,2024-07-01,2024-07-01,0,1,,False,https://github.com/braze-inc/braze-flutter-sdk/issues/79,"third-party (unsolicited, public issue tracker)"
braze-swift-sdk,134,[Bug]: Universal Link forwarding is not filtering URL schema ,closed,2024-06-28,2024-08-05,38,2,bug,False,https://github.com/braze-inc/braze-swift-sdk/issues/134,"third-party (unsolicited, public issue tracker)"
braze-web-sdk,158,[Question]: How to wait in a website for window.braze when it's loaded and initialized from GTM,closed,2024-06-26,2024-07-03,6,11,feature-request,False,https://github.com/braze-inc/braze-web-sdk/issues/158,"third-party (unsolicited, public issue tracker)"
braze-android-sdk,38,[Feature]: Setup braze api_key by Kotlin,closed,2024-06-26,2024-06-26,0,1,,False,https://github.com/braze-inc/braze-android-sdk/issues/38,"third-party (unsolicited, public issue tracker)"
braze-flutter-sdk,77,Payload not received when opening the app from a terminated state in Android.,closed,2024-06-24,2024-09-05,73,5,,False,https://github.com/braze-inc/braze-flutter-sdk/issues/77,"third-party (unsolicited, public issue tracker)"
braze-flutter-sdk,76, Braze Push Notifications in Release Mode,closed,2024-06-21,2024-06-21,0,1,,False,https://github.com/braze-inc/braze-flutter-sdk/issues/76,"third-party (unsolicited, public issue tracker)"
braze-swift-sdk,133,[Bug]: Build failed,closed,2024-06-21,2024-06-21,0,3,bug,False,https://github.com/braze-inc/braze-swift-sdk/issues/133,"third-party (unsolicited, public issue tracker)"
braze-swift-sdk,132,[Bug]: Adopt Swift Concurrency annotations in public APIs,closed,2024-06-21,2024-06-21,0,1,bug,False,https://github.com/braze-inc/braze-swift-sdk/issues/132,"third-party (unsolicited, public issue tracker)"
braze-android-sdk,37,[Bug]: The workspace key is incorrectly set.,closed,2024-06-20,2024-06-21,0,7,bug,False,https://github.com/braze-inc/braze-android-sdk/issues/37,"third-party (unsolicited, public issue tracker)"
braze-react-native-sdk,260,[Bug]: Braze Authentication Error when app is on the background,closed,2024-06-19,2024-12-05,169,4,bug,False,https://github.com/braze-inc/braze-react-native-sdk/issues/260,"third-party (unsolicited, public issue tracker)"
braze-android-sdk,36,[Bug]: Unexpected high latency when fetching content cards after several times,closed,2024-06-14,2024-07-19,35,3,bug,False,https://github.com/braze-inc/braze-android-sdk/issues/36,"third-party (unsolicited, public issue tracker)"
braze-web-sdk,157,[Bug]: Braze SDK Authentication falied with code 22 after upgrading version v4.8.3 -> v5.2.0,closed,2024-06-13,2024-07-23,40,6,bug,False,https://github.com/braze-inc/braze-web-sdk/issues/157,"third-party (unsolicited, public issue tracker)"
braze-swift-sdk,131,[Bug]:  Crash in Xcode16 beta1/iOS18 beta,closed,2024-06-13,2024-06-13,0,4,bug,False,https://github.com/braze-inc/braze-swift-sdk/issues/131,"third-party (unsolicited, public issue tracker)"
braze-android-sdk,35,[Bug]: IAM not dismissed if as action a new activity is started,closed,2024-06-11,2024-07-29,48,6,bug,False,https://github.com/braze-inc/braze-android-sdk/issues/35,"third-party (unsolicited, public issue tracker)"
braze-android-sdk,34,[Bug]: Child job of SerialCoroutineScope got exception on 31.1.0,closed,2024-06-11,2024-09-13,94,8,bug,False,https://github.com/braze-inc/braze-android-sdk/issues/34,"third-party (unsolicited, public issue tracker)"
braze-swift-sdk,130,[Bug]: Session update observers fire unexpectedly,closed,2024-06-05,2024-06-05,0,3,bug,False,https://github.com/braze-inc/braze-swift-sdk/issues/130,"third-party (unsolicited, public issue tracker)"
braze-flutter-sdk,75,"Unable to perform content cards operation, the content cards feature is disabled - in iOS",closed,2024-06-04,2024-06-24,20,2,,False,https://github.com/braze-inc/braze-flutter-sdk/issues/75,"third-party (unsolicited, public issue tracker)"
braze-swift-sdk,129,[Feature]: Callback for addAlias Function in Swift SDK for Enhanced Error Handling,closed,2024-05-30,2025-06-25,391,5,feature-request,False,https://github.com/braze-inc/braze-swift-sdk/issues/129,"third-party (unsolicited, public issue tracker)"
braze-web-sdk,156,[Bug]: Huge delay on /sync request ,closed,2024-05-23,2024-05-24,0,3,bug,False,https://github.com/braze-inc/braze-web-sdk/issues/156,"third-party (unsolicited, public issue tracker)"
braze-swift-sdk,128,[Help]: How to set BrazeKit.overrideResourceBundle,closed,2024-05-23,2024-05-24,0,2,bug,False,https://github.com/braze-inc/braze-swift-sdk/issues/128,"third-party (unsolicited, public issue tracker)"
braze-flutter-sdk,74,Android emulator error reading date and time from network,closed,2024-05-22,2024-09-05,105,2,,False,https://github.com/braze-inc/braze-flutter-sdk/issues/74,"third-party (unsolicited, public issue tracker)"
braze-web-sdk,155,[Bug]: changeUser method triggering re-render on initial load of page when using React.,closed,2024-05-16,2024-05-17,1,9,bug,False,https://github.com/braze-inc/braze-web-sdk/issues/155,"third-party (unsolicited, public issue tracker)"
braze-swift-sdk,127,[Bug]: 9.0.0 Build error,closed,2024-05-13,2024-05-21,8,6,bug,False,https://github.com/braze-inc/braze-swift-sdk/issues/127,"third-party (unsolicited, public issue tracker)"
braze-flutter-sdk,73,No Push notification on Android,closed,2024-05-09,2024-06-24,46,2,,False,https://github.com/braze-inc/braze-flutter-sdk/issues/73,"third-party (unsolicited, public issue tracker)"
braze-api-client-ruby,3,Doesn't work with the US-07 datacentre,open,2024-05-07,,,0,,False,https://github.com/braze-inc/braze-api-client-ruby/issues/3,"third-party (unsolicited, public issue tracker)"
braze-android-sdk,33,[Bug]: Crash IllegalArgumentException in compose ContentCardsList,closed,2024-05-06,2024-07-29,84,10,bug,False,https://github.com/braze-inc/braze-android-sdk/issues/33,"third-party (unsolicited, public issue tracker)"
braze-flutter-sdk,72, Undefined symbols: linker command failed with exit code 1 ,closed,2024-05-03,2024-05-03,0,2,,False,https://github.com/braze-inc/braze-flutter-sdk/issues/72,"third-party (unsolicited, public issue tracker)"
braze-android-sdk,32,[Bug]: Crash with IndexOutOfBoundsException in compose ContentCardsList,closed,2024-05-03,2024-07-26,84,7,bug,False,https://github.com/braze-inc/braze-android-sdk/issues/32,"third-party (unsolicited, public issue tracker)"
braze-android-sdk,31,[Bug]: jdk.internal.misc.Unsafe.park,closed,2024-04-29,2024-05-06,7,5,bug,False,https://github.com/braze-inc/braze-android-sdk/issues/31,"third-party (unsolicited, public issue tracker)"
braze-swift-sdk,126,[Bug]: Privacy Manifest has NSPrivacyTracking incorrectly set to FALSE but should be TRUE,closed,2024-04-26,2024-04-26,0,1,bug,False,https://github.com/braze-inc/braze-swift-sdk/issues/126,"third-party (unsolicited, public issue tracker)"
braze-swift-sdk,125,[Bug]: Privacy Manifest Issue,closed,2024-04-26,2024-05-19,23,7,bug,False,https://github.com/braze-inc/braze-swift-sdk/issues/125,"third-party (unsolicited, public issue tracker)"
braze-web-sdk,154,[Bug]: Ignored attempt to cancel a touchmove event,closed,2024-04-25,2024-04-30,5,9,bug,False,https://github.com/braze-inc/braze-web-sdk/issues/154,"third-party (unsolicited, public issue tracker)"
braze-expo-plugin,30,[Bug]: Integration of Rich Notification on iOS errors out EAS Build,closed,2024-04-24,2024-06-20,57,25,bug,False,https://github.com/braze-inc/braze-expo-plugin/issues/30,"third-party (unsolicited, public issue tracker)"
braze-react-native-sdk,258,[Bug]: Sending push notification to wrong user,closed,2024-04-24,2024-08-15,113,7,bug,False,https://github.com/braze-inc/braze-react-native-sdk/issues/258,"third-party (unsolicited, public issue tracker)"
braze-android-sdk,30,[Bug]: ActivityNotFoundException: No Activity found to handle Intent { act=android.intent.action.VIEW dat=appboy://close/...,closed,2024-04-19,2024-05-06,17,6,bug,False,https://github.com/braze-inc/braze-android-sdk/issues/30,"third-party (unsolicited, public issue tracker)"
braze-swift-sdk,124,[Bug]: Braze creates new session after dismissing Apple Pay pop-up,closed,2024-04-17,2024-04-19,1,2,bug,False,https://github.com/braze-inc/braze-swift-sdk/issues/124,"third-party (unsolicited, public issue tracker)"
braze-react-native-sdk,257,[Bug]: In-App Notification Timing Issues in React Native Expo App ,closed,2024-04-16,2024-05-16,30,1,bug,False,https://github.com/braze-inc/braze-react-native-sdk/issues/257,"third-party (unsolicited, public issue tracker)"
braze-swift-sdk,123,[Bug]: Privacy Manifest Issue,closed,2024-04-16,2024-04-25,8,9,bug,False,https://github.com/braze-inc/braze-swift-sdk/issues/123,"third-party (unsolicited, public issue tracker)"
braze-android-sdk,29,[Bug]: Crash when removing view from parent IndexOutOfBoundsException,closed,2024-04-16,2024-05-06,20,5,bug,False,https://github.com/braze-inc/braze-android-sdk/issues/29,"third-party (unsolicited, public issue tracker)"
braze-web-sdk,153,[Bug]: getAllFeatureFlags returns undefined in some cases,closed,2024-04-12,2024-04-26,14,2,bug,False,https://github.com/braze-inc/braze-web-sdk/issues/153,"third-party (unsolicited, public issue tracker)"
braze-swift-sdk,122,[Bug]: Duplicate Classes when using with FirebaseRemoteConfig for Kotlin Multiplatform Project (URGENT!!!!),closed,2024-04-11,2024-05-08,26,8,bug,False,https://github.com/braze-inc/braze-swift-sdk/issues/122,"third-party (unsolicited, public issue tracker)"
braze-android-sdk,28,"[Bug]: logs getting flooded with ""java.time.DateTimeException: Missing network time fix""",closed,2024-04-11,2024-04-11,0,2,bug,False,https://github.com/braze-inc/braze-android-sdk/issues/28,"third-party (unsolicited, public issue tracker)"
braze-swift-sdk,121,[Bug]: BrazePushStory Privacy manifest is missing the NSPrivacyCollectedDataTypes key,closed,2024-04-09,2024-04-25,15,10,bug,False,https://github.com/braze-inc/braze-swift-sdk/issues/121,"third-party (unsolicited, public issue tracker)"
braze-flutter-sdk,69,Support for setting `.trackingPropertyAllowList` from Dart layer,closed,2024-04-02,2024-04-09,7,2,,False,https://github.com/braze-inc/braze-flutter-sdk/issues/69,"third-party (unsolicited, public issue tracker)"
braze-react-native-sdk,256,[Feature]: Add a method to read user's push notification subscription type,closed,2024-04-02,2024-07-31,119,4,feature-request,False,https://github.com/braze-inc/braze-react-native-sdk/issues/256,"third-party (unsolicited, public issue tracker)"
braze-android-sdk,27,[Bug]: InAppMessageWebView ANR,closed,2024-04-02,2024-08-15,135,1,bug,False,https://github.com/braze-inc/braze-android-sdk/issues/27,"third-party (unsolicited, public issue tracker)"
braze-react-native-sdk,255,[Bug]: Build error while upgrading to 0.9.x,closed,2024-03-29,2024-04-02,3,2,bug,False,https://github.com/braze-inc/braze-react-native-sdk/issues/255,"third-party (unsolicited, public issue tracker)"
braze-swift-sdk,120,[Bug]: BrazePushStory is not working as expected while legacy AppboyPushStory is working well,closed,2024-03-29,2024-05-14,46,2,bug,False,https://github.com/braze-inc/braze-swift-sdk/issues/120,"third-party (unsolicited, public issue tracker)"
braze-swift-sdk,119,[Bug]: Calling id() on Braze user throws continuation leaked warning when Braze enabled is false,closed,2024-03-28,2024-05-14,46,3,bug,False,https://github.com/braze-inc/braze-swift-sdk/issues/119,"third-party (unsolicited, public issue tracker)"
braze-swift-sdk,118,[Bug]: Missing required reason API justification for Notification Content Extension,closed,2024-03-28,2024-04-05,7,10,bug,False,https://github.com/braze-inc/braze-swift-sdk/issues/118,"third-party (unsolicited, public issue tracker)"
braze-flutter-sdk,68,Missing information on braze content cards when resending campaign,closed,2024-03-27,2024-05-22,56,3,,False,https://github.com/braze-inc/braze-flutter-sdk/issues/68,"third-party (unsolicited, public issue tracker)"
braze-react-native-sdk,254,[Bug]: BrazeReactBridge.setCustomUserAttributeObject NullPointerException,closed,2024-03-27,2024-05-02,36,3,bug,False,https://github.com/braze-inc/braze-react-native-sdk/issues/254,"third-party (unsolicited, public issue tracker)"
braze-swift-sdk,117,[Bug]: Braze SDK 8.2.1 not compiling,closed,2024-03-27,2024-03-27,0,1,bug,False,https://github.com/braze-inc/braze-swift-sdk/issues/117,"third-party (unsolicited, public issue tracker)"
braze-flutter-sdk,67,Android DateTimeUtils error,closed,2024-03-26,2024-05-03,38,5,,False,https://github.com/braze-inc/braze-flutter-sdk/issues/67,"third-party (unsolicited, public issue tracker)"
braze-swift-sdk,116,"[Bug]: inAppMessage(_ ui: BrazeInAppMessageUI, willPresent message: Braze.InAppMessage, view: InAppMessageView) not called",closed,2024-03-23,2024-05-14,52,3,bug,False,https://github.com/braze-inc/braze-swift-sdk/issues/116,"third-party (unsolicited, public issue tracker)"
braze-web-sdk,151,[Bug]: openSession doesn't trigger contentCards refresh,closed,2024-03-21,2024-07-23,124,11,bug,False,https://github.com/braze-inc/braze-web-sdk/issues/151,"third-party (unsolicited, public issue tracker)"
braze-swift-sdk,115,[Bug]: Linker failure when using Xcode 15.0 + BrazeKit 8.2.1 ,closed,2024-03-21,2024-03-21,0,1,bug,False,https://github.com/braze-inc/braze-swift-sdk/issues/115,"third-party (unsolicited, public issue tracker)"
braze-swift-sdk,114,"[Bug]: `BrazeInAppMessageUI.DisplayChoice` choices `.later`, `.reenqueue`, `.discard` do not remove message from `BrazeInAppMessageUI.stack`",closed,2024-03-21,2024-04-04,14,3,bug,False,https://github.com/braze-inc/braze-swift-sdk/issues/114,"third-party (unsolicited, public issue tracker)"
braze-flutter-sdk,66,StrictMode DiskReadViolation reported several times,closed,2024-03-18,2024-05-02,45,2,,False,https://github.com/braze-inc/braze-flutter-sdk/issues/66,"third-party (unsolicited, public issue tracker)"
braze-react-native-sdk,253,[Bug]: NoClassDefFoundError com.braze.support.ReflectionUtils$g,closed,2024-03-18,2024-07-31,135,2,bug,False,https://github.com/braze-inc/braze-react-native-sdk/issues/253,"third-party (unsolicited, public issue tracker)"
braze-react-native-sdk,252,[Feature]: New architecture and bridgeless support,closed,2024-03-13,2024-07-31,139,4,feature-request,False,https://github.com/braze-inc/braze-react-native-sdk/issues/252,"third-party (unsolicited, public issue tracker)"
braze-react-native-sdk,251,[Bug]: 'shared' is unavailable in application extensions for iOS: Use view controller based solutions where appropriate instead.,closed,2024-03-13,2024-03-14,0,3,bug,False,https://github.com/braze-inc/braze-react-native-sdk/issues/251,"third-party (unsolicited, public issue tracker)"
braze-swift-sdk,113,[Bug]: Including BrazeKit in tvOS target causes issue with push notification entitlement,closed,2024-03-13,2025-06-25,469,4,bug,False,https://github.com/braze-inc/braze-swift-sdk/issues/113,"third-party (unsolicited, public issue tracker)"
braze-expo-plugin,29,[Feature]: provide many fallback service class path for android firebase messaging,closed,2024-03-10,2024-03-11,1,1,,False,https://github.com/braze-inc/braze-expo-plugin/issues/29,"third-party (unsolicited, public issue tracker)"
braze-web-sdk,150,[Bug]: User ID is truncated on the colon `:` character,closed,2024-03-08,2024-03-14,6,3,bug,False,https://github.com/braze-inc/braze-web-sdk/issues/150,"third-party (unsolicited, public issue tracker)"
braze-swift-sdk,112,[Bug]: Xcode 15.3 and App Store Connect Issue ,closed,2024-03-08,2024-03-19,11,9,bug,False,https://github.com/braze-inc/braze-swift-sdk/issues/112,"third-party (unsolicited, public issue tracker)"
braze-android-sdk,26,[Bug]: getInstance(Context) method may unexpectedly provide different Braze instances,closed,2024-03-05,2024-04-11,37,5,bug,False,https://github.com/braze-inc/braze-android-sdk/issues/26,"third-party (unsolicited, public issue tracker)"
braze-android-sdk,25,[Bug]: StrictMode DiskReadViolation crash when clicking on a Content Card,closed,2024-03-05,2024-05-06,62,3,bug,False,https://github.com/braze-inc/braze-android-sdk/issues/25,"third-party (unsolicited, public issue tracker)"
braze-swift-sdk,111,Braze.__allocating_init(configuration:) blocks main thread for 37.53ms on iPhone 12pro,closed,2024-02-29,2024-07-03,125,3,bug,False,https://github.com/braze-inc/braze-swift-sdk/issues/111,"third-party (unsolicited, public issue tracker)"
braze-react-native-sdk,250,[Bug]: unable to build using new architecture,closed,2024-02-27,2024-02-29,2,3,bug,False,https://github.com/braze-inc/braze-react-native-sdk/issues/250,"third-party (unsolicited, public issue tracker)"
braze-web-sdk,149,"[Bug]: ReferenceError: window is not defined"" During Braze Initialization with Shopify Checkout UI Extensions",closed,2024-02-22,2024-02-23,1,2,bug,False,https://github.com/braze-inc/braze-web-sdk/issues/149,"third-party (unsolicited, public issue tracker)"
braze-swift-sdk,110,[Bug]: Updated feature flag values don't always get updated on initialization,closed,2024-02-22,2024-07-03,131,2,bug,False,https://github.com/braze-inc/braze-swift-sdk/issues/110,"third-party (unsolicited, public issue tracker)"
braze-swift-sdk,109,[Bug]: prepareAndPresent stack.removeAll { $0.isApproximatelyEqual(to: message) } throwing an error,closed,2024-02-22,2025-06-25,488,3,bug,False,https://github.com/braze-inc/braze-swift-sdk/issues/109,"third-party (unsolicited, public issue tracker)"
braze-android-sdk,24,[Bug]: Crash - NoSuchFieldError - No static field Key of type CoroutineExceptionHandler,closed,2024-02-22,2024-08-15,175,8,bug,False,https://github.com/braze-inc/braze-android-sdk/issues/24,"third-party (unsolicited, public issue tracker)"
braze-react-native-sdk,249,[Bug]: React Native defaulting In App Message trigger to 1s,closed,2024-02-21,2024-03-27,35,2,bug,False,https://github.com/braze-inc/braze-react-native-sdk/issues/249,"third-party (unsolicited, public issue tracker)"
braze-swift-sdk,108,[Bug]: BrazeUI not found when trying to import it on an Objective-C class,closed,2024-02-21,2024-09-23,215,3,bug,False,https://github.com/braze-inc/braze-swift-sdk/issues/108,"third-party (unsolicited, public issue tracker)"
braze-web-sdk,148,[Bug]: The documentation's `loading-snippet.js` throws an error,closed,2024-02-15,2024-02-15,0,4,bug,False,https://github.com/braze-inc/braze-web-sdk/issues/148,"third-party (unsolicited, public issue tracker)"
braze-swift-sdk,106,[Bug]: braze:shouldOpenURL not being called when app is closed,closed,2024-02-15,2024-08-19,186,4,bug,False,https://github.com/braze-inc/braze-swift-sdk/issues/106,"third-party (unsolicited, public issue tracker)"
braze-swift-sdk,105,[Bug]: Static XCFramework assets are embedded in app during compilation on Xcode 15.3 RC (Xcode bug),closed,2024-02-14,2024-03-19,34,11,bug,False,https://github.com/braze-inc/braze-swift-sdk/issues/105,"third-party (unsolicited, public issue tracker)"
braze-swift-sdk,104,[Bug]: Wrong SDK version logged for 8.0.0,closed,2024-02-14,2024-02-14,0,2,bug,False,https://github.com/braze-inc/braze-swift-sdk/issues/104,"third-party (unsolicited, public issue tracker)"
braze-swift-sdk,103,[Feature]: Ability to Blacklist Classes for Automatic Session Handling and In-App Messaging Registration in Swift SDK,closed,2024-02-13,2024-05-06,83,6,feature-request,False,https://github.com/braze-inc/braze-swift-sdk/issues/103,"third-party (unsolicited, public issue tracker)"
braze-react-native-sdk,246,[Bug]: Could not connect to the server Braze,closed,2024-02-11,2024-02-12,0,2,bug,False,https://github.com/braze-inc/braze-react-native-sdk/issues/246,"third-party (unsolicited, public issue tracker)"
braze-react-native-sdk,245,[Bug]: 1 duplicate symbol for architecture arm64,closed,2024-02-09,2024-02-29,20,2,bug,False,https://github.com/braze-inc/braze-react-native-sdk/issues/245,"third-party (unsolicited, public issue tracker)"
braze-react-native-sdk,244,[Bug]: Jest issue,closed,2024-02-06,2024-02-06,0,4,bug,False,https://github.com/braze-inc/braze-react-native-sdk/issues/244,"third-party (unsolicited, public issue tracker)"
braze-expo-plugin,28,[Bug]:  Expo SDK 50 iOS Braze methods not firing,closed,2024-01-30,2024-02-08,8,8,bug,False,https://github.com/braze-inc/braze-expo-plugin/issues/28,"third-party (unsolicited, public issue tracker)"
braze-android-sdk,23,[Bug]: Android resource linking failed,closed,2024-01-30,2024-05-06,97,2,bug,False,https://github.com/braze-inc/braze-android-sdk/issues/23,"third-party (unsolicited, public issue tracker)"
braze-swift-sdk,102,[Bug]: The custom attribute with `$` symbol in the very beginning of the name (key) is being ignored,closed,2024-01-29,2024-02-02,4,3,bug,False,https://github.com/braze-inc/braze-swift-sdk/issues/102,"third-party (unsolicited, public issue tracker)"
braze-swift-sdk,101,[Feature]: In App Message Dynamic Type support for accessibility. ,closed,2024-01-24,2024-03-21,56,2,feature-request,False,https://github.com/braze-inc/braze-swift-sdk/issues/101,"third-party (unsolicited, public issue tracker)"
braze-expo-plugin,26,[Bug]: Failed to build android with expo sdk 50,closed,2024-01-19,2024-02-02,14,3,bug,False,https://github.com/braze-inc/braze-expo-plugin/issues/26,"third-party (unsolicited, public issue tracker)"
braze-expo-plugin,25,[Bug]: [iOS] Build error - 'Braze.Configuration.Push' has no member 'automation',closed,2024-01-17,2024-01-18,1,2,bug,False,https://github.com/braze-inc/braze-expo-plugin/issues/25,"third-party (unsolicited, public issue tracker)"
braze-react-native-sdk,243,[Bug]: Redefinition of 'NativeBrazeReactModuleSpecJSI' on new arch,closed,2024-01-17,2024-01-18,0,2,bug,False,https://github.com/braze-inc/braze-react-native-sdk/issues/243,"third-party (unsolicited, public issue tracker)"
braze-android-sdk,22,[Bug]: Strict Mode DiskReadViolation,closed,2024-01-12,2024-01-24,12,3,bug,False,https://github.com/braze-inc/braze-android-sdk/issues/22,"third-party (unsolicited, public issue tracker)"
braze-swift-sdk,100,[Bug]: Braze Payload issue,closed,2024-01-03,2024-07-03,182,7,bug,False,https://github.com/braze-inc/braze-swift-sdk/issues/100,"third-party (unsolicited, public issue tracker)"
braze-flutter-sdk,63,Android error of 8.1.0,closed,2023-12-26,2024-01-26,31,2,,False,https://github.com/braze-inc/braze-flutter-sdk/issues/63,"third-party (unsolicited, public issue tracker)"
braze-swift-sdk,99,[Bug]: IAM messages with buttons don't appear on iOS ,closed,2023-12-22,2024-03-21,90,2,bug,False,https://github.com/braze-inc/braze-swift-sdk/issues/99,"third-party (unsolicited, public issue tracker)"
braze-swift-sdk,98,[Feature]: Add Privacy Manifest to Braze,closed,2023-12-21,2024-01-08,17,8,feature-request,False,https://github.com/braze-inc/braze-swift-sdk/issues/98,"third-party (unsolicited, public issue tracker)"
braze-react-native-sdk,240,[Feature]: Update Braze for React Native 0.73 Support,closed,2023-12-20,2024-01-10,21,12,bug,False,https://github.com/braze-inc/braze-react-native-sdk/issues/240,"third-party (unsolicited, public issue tracker)"
braze-swift-sdk,97,"[Bug]: BrazeInAppMessageUI, incorrect deletion of messages from the stack",closed,2023-12-19,2024-01-30,42,2,bug,False,https://github.com/braze-inc/braze-swift-sdk/issues/97,"third-party (unsolicited, public issue tracker)"
braze-swift-sdk,96,[Bug]: Crashing on tvOS 15 at launch,closed,2023-12-18,2024-01-08,20,3,bug,False,https://github.com/braze-inc/braze-swift-sdk/issues/96,"third-party (unsolicited, public issue tracker)"
braze-flutter-sdk,62,How can I add custom sound on braze notification in flutter,closed,2023-12-08,2023-12-11,2,1,,False,https://github.com/braze-inc/braze-flutter-sdk/issues/62,"third-party (unsolicited, public issue tracker)"
braze-flutter-sdk,61,How can I change braze notification sound in flutter ,closed,2023-12-08,2023-12-08,0,1,,False,https://github.com/braze-inc/braze-flutter-sdk/issues/61,"third-party (unsolicited, public issue tracker)"
braze-react-native-sdk,239,[Bug]: iOS 13 crashes after receiving In-App Message,closed,2023-12-06,2024-07-31,238,6,bug,False,https://github.com/braze-inc/braze-react-native-sdk/issues/239,"third-party (unsolicited, public issue tracker)"
braze-react-native-sdk,238,[Feature]: Background push handler for silent push notifications,closed,2023-12-04,2024-08-15,255,2,,False,https://github.com/braze-inc/braze-react-native-sdk/issues/238,"third-party (unsolicited, public issue tracker)"
braze-expo-plugin,24,[Feature]: Return a promise and success or push token from Braze.requestPushPermission();,closed,2023-12-01,2024-11-08,342,4,,False,https://github.com/braze-inc/braze-expo-plugin/issues/24,"third-party (unsolicited, public issue tracker)"
braze-react-native-sdk,237,[Bug]: ios real device build fail ,closed,2023-11-29,2023-11-30,1,4,bug,False,https://github.com/braze-inc/braze-react-native-sdk/issues/237,"third-party (unsolicited, public issue tracker)"
braze-android-sdk,21,[Bug]: ContentCardFragment does not display first in-app message,closed,2023-11-27,2024-01-24,58,3,bug,False,https://github.com/braze-inc/braze-android-sdk/issues/21,"third-party (unsolicited, public issue tracker)"
braze-swift-sdk,94,[Feature]: Enable filtering push notifications,closed,2023-11-24,2024-07-03,222,2,feature-request,False,https://github.com/braze-inc/braze-swift-sdk/issues/94,"third-party (unsolicited, public issue tracker)"
braze-android-sdk,20,[Bug]: In-app message disappears after blocking/minimizing the application,closed,2023-11-23,2024-04-11,140,3,bug,False,https://github.com/braze-inc/braze-android-sdk/issues/20,"third-party (unsolicited, public issue tracker)"
braze-android-sdk,19,[Bug]: Strict Mode in In-app messages,closed,2023-11-23,2024-01-24,62,4,bug,False,https://github.com/braze-inc/braze-android-sdk/issues/19,"third-party (unsolicited, public issue tracker)"
braze-cordova-sdk,92,app is crashing with SDK version 2.33.0,closed,2023-11-15,2023-11-15,0,2,,False,https://github.com/braze-inc/braze-cordova-sdk/issues/92,"third-party (unsolicited, public issue tracker)"
braze-swift-sdk,93,[Feature]: Add API `subscribeToNetworkFailures`,closed,2023-11-15,2026-05-12,909,4,feature-request,False,https://github.com/braze-inc/braze-swift-sdk/issues/93,"third-party (unsolicited, public issue tracker)"
braze-web-sdk,147,[Feature]: Support SSR frameworks as an ES6 module,open,2023-11-14,,,1,feature-request,False,https://github.com/braze-inc/braze-web-sdk/issues/147,"third-party (unsolicited, public issue tracker)"
braze-swift-sdk,92,[Bug]: Can't disable in app message webview dismissal when clicking on deeplink in the webview,closed,2023-11-14,2023-12-12,28,5,bug,False,https://github.com/braze-inc/braze-swift-sdk/issues/92,"third-party (unsolicited, public issue tracker)"
braze-android-sdk,18,[Bug]: requestContentCardsRefresh() not refreshing the content cards,closed,2023-11-07,2023-11-27,20,2,bug,False,https://github.com/braze-inc/braze-android-sdk/issues/18,"third-party (unsolicited, public issue tracker)"
braze-swift-sdk,91,[Bug]: Registering live activity with launchActivity is not working,closed,2023-11-06,2023-12-12,35,9,bug,False,https://github.com/braze-inc/braze-swift-sdk/issues/91,"third-party (unsolicited, public issue tracker)"
braze-swift-sdk,90,[Bug]: InApp Modal height (blank space is taking the whole screen),closed,2023-11-05,2023-11-14,8,3,bug,False,https://github.com/braze-inc/braze-swift-sdk/issues/90,"third-party (unsolicited, public issue tracker)"
braze-swift-sdk,89,[Bug]: Why does the validateMainThread run sync on the main thread?,closed,2023-11-05,2023-11-14,9,4,bug,False,https://github.com/braze-inc/braze-swift-sdk/issues/89,"third-party (unsolicited, public issue tracker)"
braze-react-native-sdk,235,[Bug]: Push Notifications Deep Links not working when application in background thread ,closed,2023-11-03,2023-12-01,27,1,bug,False,https://github.com/braze-inc/braze-react-native-sdk/issues/235,"third-party (unsolicited, public issue tracker)"
braze-swift-sdk,88,"[Bug]: BrazeInAppMessageUIDelegate, discarding a Test Send in-app message isn’t discarding it",closed,2023-11-01,2024-01-30,90,8,bug,False,https://github.com/braze-inc/braze-swift-sdk/issues/88,"third-party (unsolicited, public issue tracker)"
braze-android-sdk,17,[Bug]: Black screen visible on Notification click with Android 14,closed,2023-11-01,2023-11-01,0,1,bug,False,https://github.com/braze-inc/braze-android-sdk/issues/17,"third-party (unsolicited, public issue tracker)"
braze-flutter-sdk,60,v7.0.0 isn't compatible with Flutter Android version,closed,2023-10-27,2023-11-22,26,6,,False,https://github.com/braze-inc/braze-flutter-sdk/issues/60,"third-party (unsolicited, public issue tracker)"
braze-expo-plugin,23,[RichNotifications]: how to enable rich push notifications with the expo plugin? ,closed,2023-10-27,2024-03-14,138,12,,False,https://github.com/braze-inc/braze-expo-plugin/issues/23,"third-party (unsolicited, public issue tracker)"
braze-swift-sdk,86,[Bug]: Localization issues on push notification action buttons,closed,2023-10-26,2023-10-27,0,8,bug,False,https://github.com/braze-inc/braze-swift-sdk/issues/86,"third-party (unsolicited, public issue tracker)"
braze-swift-sdk,85,[Feature]: Swift Concurrency / Sendable support for Braze,closed,2023-10-26,2024-09-23,333,4,feature-request,False,https://github.com/braze-inc/braze-swift-sdk/issues/85,"third-party (unsolicited, public issue tracker)"
braze-expo-plugin,22,[Bug]: iOS not hitting any push notification listeners,closed,2023-10-25,2026-05-13,930,7,bug,False,https://github.com/braze-inc/braze-expo-plugin/issues/22,"third-party (unsolicited, public issue tracker)"
braze-swift-sdk,84,[Bug]: SDK keeps trying to present in app message even after discarding it,closed,2023-10-25,2023-10-31,6,7,bug,False,https://github.com/braze-inc/braze-swift-sdk/issues/84,"third-party (unsolicited, public issue tracker)"
braze-expo-plugin,21,[Bug]: iOS does not build with latest @braze/react-native-sdk,closed,2023-10-24,2023-12-05,41,2,bug,False,https://github.com/braze-inc/braze-expo-plugin/issues/21,"third-party (unsolicited, public issue tracker)"
braze-react-native-sdk,234,[Bug]: rich notification not working on iOS,closed,2023-10-23,2024-01-17,86,10,bug,False,https://github.com/braze-inc/braze-react-native-sdk/issues/234,"third-party (unsolicited, public issue tracker)"
braze-swift-sdk,83,"[Bug]: Content Card Classic, text only shows placeholder-image in test send outs. ",closed,2023-10-23,2023-10-23,0,6,bug,False,https://github.com/braze-inc/braze-swift-sdk/issues/83,"third-party (unsolicited, public issue tracker)"
braze-swift-sdk,82,[Bug]: Fail to present InAppMessage with multiple UIWindows,closed,2023-10-19,2023-11-14,26,7,bug,False,https://github.com/braze-inc/braze-swift-sdk/issues/82,"third-party (unsolicited, public issue tracker)"
braze-react-native-sdk,233,[Bug]: Invariant Violation: new NativeEventEmitter() requires a non-null argument.,closed,2023-10-18,2025-08-13,665,13,bug,False,https://github.com/braze-inc/braze-react-native-sdk/issues/233,"third-party (unsolicited, public issue tracker)"
braze-web-sdk,146,[Bug]: Difference in request payload for setCustomUserAttribute dependent upon value type,closed,2023-10-12,2023-10-12,0,1,bug,False,https://github.com/braze-inc/braze-web-sdk/issues/146,"third-party (unsolicited, public issue tracker)"
braze-android-sdk,16,[Bug]: ANR at Broadcast of Intent { act=com.safetyculture.iauditor.intent.BRAZE_SESSION_SHOULD_SEAL } ,closed,2023-10-10,2023-11-27,48,6,bug,False,https://github.com/braze-inc/braze-android-sdk/issues/16,"third-party (unsolicited, public issue tracker)"
braze-android-sdk,15,[Bug]: Braze Accent Color ,closed,2023-10-10,2024-01-22,104,4,bug,False,https://github.com/braze-inc/braze-android-sdk/issues/15,"third-party (unsolicited, public issue tracker)"
braze-cordova-sdk,91,Android build failing: Could not find method kotlinOptions(),closed,2023-10-09,2024-03-01,144,3,,False,https://github.com/braze-inc/braze-cordova-sdk/issues/91,"third-party (unsolicited, public issue tracker)"
braze-react-native-sdk,232,Trigger Content Card Default Feed only when we send a Content Card from Braze,closed,2023-10-09,2024-01-17,100,7,bug,False,https://github.com/braze-inc/braze-react-native-sdk/issues/232,"third-party (unsolicited, public issue tracker)"
braze-flutter-sdk,59,[Feature]: Flutter Integration with Segment,closed,2023-10-04,2025-12-03,791,4,,False,https://github.com/braze-inc/braze-flutter-sdk/issues/59,"third-party (unsolicited, public issue tracker)"
braze-react-native-sdk,231,[Bug]: Double Activity shows up on Android in Recents tasks when a Push Notification is Clicked,closed,2023-10-04,2023-10-30,25,3,bug,False,https://github.com/braze-inc/braze-react-native-sdk/issues/231,"third-party (unsolicited, public issue tracker)"
braze-web-sdk,145,[Bug]: Cannot initialize Braze,closed,2023-10-03,2023-10-03,0,2,bug,False,https://github.com/braze-inc/braze-web-sdk/issues/145,"third-party (unsolicited, public issue tracker)"
braze-swift-sdk,81,[Bug]: Many warnings when building BrazeUI via SPM,closed,2023-09-27,2023-10-03,5,3,bug,False,https://github.com/braze-inc/braze-swift-sdk/issues/81,"third-party (unsolicited, public issue tracker)"
braze-android-sdk,12,[Bug]: Double Activity shows up on Android in Recents tasks when a Push Notification is Clicked,closed,2023-09-27,2023-10-04,7,5,bug,False,https://github.com/braze-inc/braze-android-sdk/issues/12,"third-party (unsolicited, public issue tracker)"
braze-flutter-sdk,58,Missing Error Data for Content Card Streams,closed,2023-09-26,2023-11-22,57,2,,False,https://github.com/braze-inc/braze-flutter-sdk/issues/58,"third-party (unsolicited, public issue tracker)"
braze-react-native-sdk,230,[Feature]: Can't extract the custom attributes sent via key-value pair on iOS,closed,2023-09-12,2023-11-14,63,5,,False,https://github.com/braze-inc/braze-react-native-sdk/issues/230,"third-party (unsolicited, public issue tracker)"
braze-swift-sdk,79,[Bug]: Crashed: com.braze.core,closed,2023-09-11,2023-10-23,42,11,bug,False,https://github.com/braze-inc/braze-swift-sdk/issues/79,"third-party (unsolicited, public issue tracker)"
braze-swift-sdk,78,[Bug]: Update dependency of SDWebImage to 5.18.0 to solve SPM issues.,closed,2023-09-07,2023-09-08,0,2,bug,False,https://github.com/braze-inc/braze-swift-sdk/issues/78,"third-party (unsolicited, public issue tracker)"
braze-android-sdk,11,[Bug]: Crash in HTML IAM when calling `window.open`,closed,2023-09-06,2023-09-07,0,4,bug,False,https://github.com/braze-inc/braze-android-sdk/issues/11,"third-party (unsolicited, public issue tracker)"
braze-swift-sdk,77,[Bug]: Compiler warning when importing `BrazeKit/BrazeKit-Swift.h` umbrella header in an ObjC project,closed,2023-08-24,2023-10-03,40,2,bug,False,https://github.com/braze-inc/braze-swift-sdk/issues/77,"third-party (unsolicited, public issue tracker)"
braze-react-native-sdk,229,[Bug]: iOS in app messages not working in foreground with notifee,closed,2023-08-22,2025-08-13,722,3,bug,False,https://github.com/braze-inc/braze-react-native-sdk/issues/229,"third-party (unsolicited, public issue tracker)"
braze-swift-sdk,76,[Bug]: Braze InAppMessage Crash,closed,2023-08-22,2023-10-03,42,4,bug,False,https://github.com/braze-inc/braze-swift-sdk/issues/76,"third-party (unsolicited, public issue tracker)"
braze-react-native-sdk,228,[Feature]: Standard Push Notification Setup missing for AppDelegate.mm/Objective-C,closed,2023-08-18,2023-09-12,25,5,,False,https://github.com/braze-inc/braze-react-native-sdk/issues/228,"third-party (unsolicited, public issue tracker)"
braze-swift-sdk,75,[Bug]: Notification Content Extension can not find BrazePushStory module ,closed,2023-08-16,2023-08-23,7,3,bug,False,https://github.com/braze-inc/braze-swift-sdk/issues/75,"third-party (unsolicited, public issue tracker)"
braze-swift-sdk,74,[Bug]: Geofence Crash Issue ,closed,2023-08-16,2023-09-14,29,4,bug,False,https://github.com/braze-inc/braze-swift-sdk/issues/74,"third-party (unsolicited, public issue tracker)"
braze-react-native-sdk,227,[Bug]: Deeplink not working when iOS app is open/background,closed,2023-08-12,2023-08-12,0,2,bug,False,https://github.com/braze-inc/braze-react-native-sdk/issues/227,"third-party (unsolicited, public issue tracker)"
braze-react-native-sdk,226,[Bug]: Braze.getInitialUrl() doesn't use the callback on Android,closed,2023-08-10,2023-09-12,33,3,bug,False,https://github.com/braze-inc/braze-react-native-sdk/issues/226,"third-party (unsolicited, public issue tracker)"
braze-swift-sdk,73,[Bug]: Push Notification links issue when app is closed,closed,2023-08-10,2023-08-11,0,7,bug,False,https://github.com/braze-inc/braze-swift-sdk/issues/73,"third-party (unsolicited, public issue tracker)"
braze-flutter-sdk,57,Missing Gradle 8 support,closed,2023-08-08,2023-10-04,57,2,,False,https://github.com/braze-inc/braze-flutter-sdk/issues/57,"third-party (unsolicited, public issue tracker)"
braze-web-sdk,144,[Feature]: Show a triggered in app message at a later time on a different page,closed,2023-07-24,2023-09-15,53,9,feature-request,False,https://github.com/braze-inc/braze-web-sdk/issues/144,"third-party (unsolicited, public issue tracker)"
braze-react-native-sdk,225,[Feature]: Set Channel priority for android,closed,2023-07-24,2023-07-24,0,2,,False,https://github.com/braze-inc/braze-react-native-sdk/issues/225,"third-party (unsolicited, public issue tracker)"
braze-swift-sdk,72,[Bug]: Images in ABKInAppMessageWindow Dont Scale Correctly,closed,2023-07-20,2023-07-26,6,5,bug,False,https://github.com/braze-inc/braze-swift-sdk/issues/72,"third-party (unsolicited, public issue tracker)"
braze-swift-sdk,71,[Bug]: `BrazeInAppMessageUI.presentNext()` skips `BrazeInAppMessageUIDelegate.displayChoice(for:)`,closed,2023-07-20,2023-07-20,0,2,bug,False,https://github.com/braze-inc/braze-swift-sdk/issues/71,"third-party (unsolicited, public issue tracker)"
braze-expo-plugin,20,[Bug]: Example throws an error,closed,2023-07-19,2023-10-27,99,2,bug,False,https://github.com/braze-inc/braze-expo-plugin/issues/20,"third-party (unsolicited, public issue tracker)"
braze-swift-sdk,70,[Feature]: Improve migration documentation,closed,2023-07-12,2023-07-26,14,3,feature-request,False,https://github.com/braze-inc/braze-swift-sdk/issues/70,"third-party (unsolicited, public issue tracker)"
braze-swift-sdk,69,[Bug]: Content card impression logged once per user session,closed,2023-07-12,2023-08-02,21,5,bug,False,https://github.com/braze-inc/braze-swift-sdk/issues/69,"third-party (unsolicited, public issue tracker)"
braze-swift-sdk,68,[Feature]: Restore unviewedContentCardCount ,closed,2023-07-06,2023-07-06,0,3,feature-request,False,https://github.com/braze-inc/braze-swift-sdk/issues/68,"third-party (unsolicited, public issue tracker)"
braze-swift-sdk,67,[Bug]: App Hanging when starting Braze SDK with print function setup,closed,2023-07-04,2023-10-20,108,3,bug,False,https://github.com/braze-inc/braze-swift-sdk/issues/67,"third-party (unsolicited, public issue tracker)"
braze-android-sdk,10,[Bug]: Content Cards impression not logged when setting vertical padding to `Braze.ContentCardsDisplay.Recycler`,closed,2023-07-04,2023-07-05,1,3,bug,False,https://github.com/braze-inc/braze-android-sdk/issues/10,"third-party (unsolicited, public issue tracker)"
braze-react-native-sdk,222,[Bug]: Build Fails in RN 0.72.0,closed,2023-06-23,2023-07-13,20,9,bug,False,https://github.com/braze-inc/braze-react-native-sdk/issues/222,"third-party (unsolicited, public issue tracker)"
braze-web-sdk,143,[Feature]: Cannot distinguish ControlMessage | InAppMessage,closed,2023-06-21,2023-06-27,6,2,,False,https://github.com/braze-inc/braze-web-sdk/issues/143,"third-party (unsolicited, public issue tracker)"
braze-react-native-sdk,221,[Feature]: provide a `registerIOSPushToken`,closed,2023-06-21,2024-03-27,280,10,,False,https://github.com/braze-inc/braze-react-native-sdk/issues/221,"third-party (unsolicited, public issue tracker)"
braze-react-native-sdk,220,[Bug]: ios app failing to build `undefined symbol`,closed,2023-06-12,2023-06-15,2,9,bug,False,https://github.com/braze-inc/braze-react-native-sdk/issues/220,"third-party (unsolicited, public issue tracker)"
braze-android-sdk,9,"[Bug]: Notification runtime permission, POST_NOTIFICATIONS",closed,2023-06-12,2023-06-13,1,4,bug,False,https://github.com/braze-inc/braze-android-sdk/issues/9,"third-party (unsolicited, public issue tracker)"
braze-react-native-sdk,219,[Bug]: invalid api key error and changeUser not working,closed,2023-06-11,2023-06-12,0,5,bug,False,https://github.com/braze-inc/braze-react-native-sdk/issues/219,"third-party (unsolicited, public issue tracker)"
braze-react-native-sdk,218,How not to request push permission upon launching the app using Expo?,closed,2023-06-10,2023-06-10,0,6,bug,False,https://github.com/braze-inc/braze-react-native-sdk/issues/218,"third-party (unsolicited, public issue tracker)"
braze-android-sdk,8,[Bug]: Content Card is not enabled when upgrading Braze SDK,closed,2023-06-09,2023-09-27,110,10,bug,False,https://github.com/braze-inc/braze-android-sdk/issues/8,"third-party (unsolicited, public issue tracker)"
braze-web-sdk,142,[Bug]: Initializing SDK with noCookies=true still creates cookies,closed,2023-06-08,2023-06-09,1,5,bug,False,https://github.com/braze-inc/braze-web-sdk/issues/142,"third-party (unsolicited, public issue tracker)"
braze-swift-sdk,66,[Feature]: Alternative to AppBoyProvider.isAppboyRemoteNotification,closed,2023-06-08,2023-06-09,0,4,feature-request,False,https://github.com/braze-inc/braze-swift-sdk/issues/66,"third-party (unsolicited, public issue tracker)"
braze-android-sdk,7,[Feature]: IsAnonymous getter for BrazeUser,closed,2023-06-07,2023-07-24,47,3,,False,https://github.com/braze-inc/braze-android-sdk/issues/7,"third-party (unsolicited, public issue tracker)"
braze-swift-sdk,65,[Feature]: Make code using `BrazeDelegate` testable,closed,2023-06-06,2023-06-12,6,5,feature-request,False,https://github.com/braze-inc/braze-swift-sdk/issues/65,"third-party (unsolicited, public issue tracker)"
braze-react-native-sdk,217,[Bug]: Issue with BrazeReactBridge.kt when migrate from appboy to @braze/react-native-sdk android,closed,2023-06-05,2023-06-05,0,4,bug,False,https://github.com/braze-inc/braze-react-native-sdk/issues/217,"third-party (unsolicited, public issue tracker)"
braze-react-native-sdk,216,[Bug]: Advanced customization issues,closed,2023-06-02,2023-07-13,41,3,bug,False,https://github.com/braze-inc/braze-react-native-sdk/issues/216,"third-party (unsolicited, public issue tracker)"
braze-react-native-sdk,215,[Feature]: Way to access notification payload when app is in foreground or background (Not Killed),closed,2023-06-02,2023-09-12,102,4,,False,https://github.com/braze-inc/braze-react-native-sdk/issues/215,"third-party (unsolicited, public issue tracker)"
braze-react-native-sdk,214,[Bug]: Apps doesn't receive push notifications when background or killed.,closed,2023-06-01,2023-09-12,103,6,bug,False,https://github.com/braze-inc/braze-react-native-sdk/issues/214,"third-party (unsolicited, public issue tracker)"
braze-react-native-sdk,213,"[Bug]: logCustomEvent not allowed object has ""type"" key and null value",closed,2023-06-01,2023-06-26,25,3,bug,False,https://github.com/braze-inc/braze-react-native-sdk/issues/213,"third-party (unsolicited, public issue tracker)"
braze-web-sdk,141,"[Bug]: subscribeToClickedEvent is not working, when content card is clicked. but works for link within the content card",closed,2023-05-29,2023-05-30,0,1,bug,False,https://github.com/braze-inc/braze-web-sdk/issues/141,"third-party (unsolicited, public issue tracker)"
braze-swift-sdk,64,[Bug]: Cannot compile app when migrating to Swift-SDK,closed,2023-05-25,2023-09-15,113,8,bug,False,https://github.com/braze-inc/braze-swift-sdk/issues/64,"third-party (unsolicited, public issue tracker)"
braze-android-sdk,6,the return value of remoteMessage.getNotification() is null.,closed,2023-05-24,2023-05-25,1,4,bug,False,https://github.com/braze-inc/braze-android-sdk/issues/6,"third-party (unsolicited, public issue tracker)"
braze-react-native-sdk,212,[Bug]: Calling `subscribeToInAppMessage` is still needed to display IAMs on iOS default UI,closed,2023-05-23,2023-09-12,112,3,,False,https://github.com/braze-inc/braze-react-native-sdk/issues/212,"third-party (unsolicited, public issue tracker)"
braze-flutter-sdk,55,Whitelist/Blacklist screen for inAppMessage ,closed,2023-05-22,2023-07-07,46,4,,False,https://github.com/braze-inc/braze-flutter-sdk/issues/55,"third-party (unsolicited, public issue tracker)"
braze-react-native-sdk,211,[Bug]: Could not find com.appboy:android-sdk-ui:24.3.0,closed,2023-05-22,2023-05-25,3,18,bug,False,https://github.com/braze-inc/braze-react-native-sdk/issues/211,"third-party (unsolicited, public issue tracker)"
braze-flutter-sdk,54,Can't build Android with version 5.0.0,closed,2023-05-20,2023-05-20,0,1,,False,https://github.com/braze-inc/braze-flutter-sdk/issues/54,"third-party (unsolicited, public issue tracker)"
braze-swift-sdk,63,[Bug]: Crash in ABKInAppMessageHTMLBaseViewController.m - Line 116,closed,2023-05-18,2023-05-22,4,3,bug,False,https://github.com/braze-inc/braze-swift-sdk/issues/63,"third-party (unsolicited, public issue tracker)"
braze-swift-sdk,62,[Bug]: OpenURL is not called after handling Push with deeplink,closed,2023-05-17,2023-05-17,0,7,bug,False,https://github.com/braze-inc/braze-swift-sdk/issues/62,"third-party (unsolicited, public issue tracker)"
braze-web-sdk,140,[Bug]: TypeError: Class extends value undefined is not a constructor or null,closed,2023-05-16,2023-05-16,0,2,bug,False,https://github.com/braze-inc/braze-web-sdk/issues/140,"third-party (unsolicited, public issue tracker)"
braze-android-sdk,5,[Bug]: Register activity lifecycle callbacks,closed,2023-05-12,2023-05-17,4,3,bug,False,https://github.com/braze-inc/braze-android-sdk/issues/5,"third-party (unsolicited, public issue tracker)"
braze-flutter-sdk,53,Suport Android 8 InApp campaign,closed,2023-05-10,2023-07-07,58,2,,False,https://github.com/braze-inc/braze-flutter-sdk/issues/53,"third-party (unsolicited, public issue tracker)"
braze-android-sdk,4,[Bug]: MainThread freezes up to 40 seconds on initial app launch,closed,2023-05-10,2023-05-16,6,4,bug,False,https://github.com/braze-inc/braze-android-sdk/issues/4,"third-party (unsolicited, public issue tracker)"
braze-flutter-sdk,52,[Bug]: Content card image aspect ratio decode bug,closed,2023-05-02,2023-07-07,66,2,,False,https://github.com/braze-inc/braze-flutter-sdk/issues/52,"third-party (unsolicited, public issue tracker)"
braze-flutter-sdk,51,Upgrade to 5.0.0 seems broken,closed,2023-05-01,2023-05-02,0,6,,False,https://github.com/braze-inc/braze-flutter-sdk/issues/51,"third-party (unsolicited, public issue tracker)"
braze-expo-plugin,19,[Bug]: Push notifications on Android do not arrive,closed,2023-04-29,2026-06-12,1140,11,bug,False,https://github.com/braze-inc/braze-expo-plugin/issues/19,"third-party (unsolicited, public issue tracker)"
braze-react-native-sdk,209,[Bug]: Push notifications on Android do not arrive,closed,2023-04-29,2023-09-12,136,8,bug,False,https://github.com/braze-inc/braze-react-native-sdk/issues/209,"third-party (unsolicited, public issue tracker)"
braze-react-native-sdk,208,[Feature]: Pause and Resume display of In App Messages,closed,2023-04-28,2026-05-13,1110,6,feature-request,False,https://github.com/braze-inc/braze-react-native-sdk/issues/208,"third-party (unsolicited, public issue tracker)"
braze-react-native-sdk,207,[Bug]: React Native - Seeing both Session Start and Session End at the same time. ,closed,2023-04-26,2023-04-26,0,1,bug,False,https://github.com/braze-inc/braze-react-native-sdk/issues/207,"third-party (unsolicited, public issue tracker)"
braze-flutter-sdk,50,"[Feature]:  Rich push notifications, push stories",closed,2023-04-24,2023-07-07,74,12,,False,https://github.com/braze-inc/braze-flutter-sdk/issues/50,"third-party (unsolicited, public issue tracker)"
braze-swift-sdk,61,[Feature]: Support both static & dynamic frameworks via Package managers,closed,2023-04-20,2023-12-13,236,4,feature-request,False,https://github.com/braze-inc/braze-swift-sdk/issues/61,"third-party (unsolicited, public issue tracker)"
braze-flutter-sdk,49,In App Messages image url not valid (v4.1.0),closed,2023-04-18,2023-05-22,34,15,,False,https://github.com/braze-inc/braze-flutter-sdk/issues/49,"third-party (unsolicited, public issue tracker)"
braze-react-native-sdk,206,[Bug]: Unable to import `BrazeUI` code into ObjC++ files,closed,2023-04-17,2024-01-17,275,10,bug,False,https://github.com/braze-inc/braze-react-native-sdk/issues/206,"third-party (unsolicited, public issue tracker)"
braze-swift-sdk,60,[Bug]: App Hanging when starting Braze SDK on Mac Catalyst,closed,2023-04-14,2023-05-22,38,8,bug,False,https://github.com/braze-inc/braze-swift-sdk/issues/60,"third-party (unsolicited, public issue tracker)"
braze-react-native-sdk,205,[Bug]: Clicking on push notifications does not open the app,closed,2023-04-13,2023-04-13,0,2,bug,False,https://github.com/braze-inc/braze-react-native-sdk/issues/205,"third-party (unsolicited, public issue tracker)"
braze-react-native-sdk,204,[Bug]: Plugin with id 'kotlin-android' not found,closed,2023-04-13,2023-04-13,0,2,bug,False,https://github.com/braze-inc/braze-react-native-sdk/issues/204,"third-party (unsolicited, public issue tracker)"
braze-swift-sdk,59,[Bug]: In App Message clickAction doesn't handle Deeplink nor opens URL into WebView,closed,2023-04-12,2023-04-28,16,3,bug,False,https://github.com/braze-inc/braze-swift-sdk/issues/59,"third-party (unsolicited, public issue tracker)"
braze-expo-plugin,18,[Feature]: Support configuration of com_braze_push_small_notification_icon (and possibly others) via this plugin,open,2023-04-11,,,5,,False,https://github.com/braze-inc/braze-expo-plugin/issues/18,"third-party (unsolicited, public issue tracker)"
braze-react-native-sdk,203,[Bug]: logContentCardClicked is not working,closed,2023-04-07,2023-04-10,3,2,bug,False,https://github.com/braze-inc/braze-react-native-sdk/issues/203,"third-party (unsolicited, public issue tracker)"
braze-swift-sdk,58,[Bug]: Content card - ContentCard.Data.extras.getter,closed,2023-04-04,2023-06-22,78,7,bug,False,https://github.com/braze-inc/braze-swift-sdk/issues/58,"third-party (unsolicited, public issue tracker)"
braze-swift-sdk,57,[Bug]:  App crash on ABKFeedWebViewController in BrazeUICompat,closed,2023-04-04,2023-04-28,24,3,bug,False,https://github.com/braze-inc/braze-swift-sdk/issues/57,"third-party (unsolicited, public issue tracker)"
braze-react-native-sdk,202,[Bug]: Typo in PushNotificationEvent,closed,2023-03-31,2023-04-10,9,2,bug,False,https://github.com/braze-inc/braze-react-native-sdk/issues/202,"third-party (unsolicited, public issue tracker)"
braze-api-client-ruby,2,Link to codegen 404s,closed,2023-03-30,2024-03-07,343,0,,False,https://github.com/braze-inc/braze-api-client-ruby/issues/2,"third-party (unsolicited, public issue tracker)"
braze-flutter-sdk,47,In App Messages Click Events Do Not Work,closed,2023-03-28,2023-05-24,57,16,,False,https://github.com/braze-inc/braze-flutter-sdk/issues/47,"third-party (unsolicited, public issue tracker)"
braze-swift-sdk,55,[Bug]: ABKInAppMessageWindowController not available in BrazeUI,closed,2023-03-28,2023-04-28,30,5,bug,False,https://github.com/braze-inc/braze-swift-sdk/issues/55,"third-party (unsolicited, public issue tracker)"
braze-web-sdk,139,[Bug]: `requestContentCardsRefresh` not always provide Error object when fail,closed,2023-03-27,2023-03-27,0,1,bug,False,https://github.com/braze-inc/braze-web-sdk/issues/139,"third-party (unsolicited, public issue tracker)"
braze-swift-sdk,54,[Bug]: Excessive debug logs CDPurgeableResultCache,closed,2023-03-24,2023-03-24,0,2,bug,False,https://github.com/braze-inc/braze-swift-sdk/issues/54,"third-party (unsolicited, public issue tracker)"
braze-react-native-sdk,201,[Bug]: card properties malformated,closed,2023-03-23,2023-03-31,8,3,bug,False,https://github.com/braze-inc/braze-react-native-sdk/issues/201,"third-party (unsolicited, public issue tracker)"
braze-react-native-sdk,200,[Bug]: Breaking change not specified in release notes,closed,2023-03-23,2023-03-31,8,6,bug,False,https://github.com/braze-inc/braze-react-native-sdk/issues/200,"third-party (unsolicited, public issue tracker)"
braze-swift-sdk,53,[Bug]: In App Message not displaying after Trigger Event,closed,2023-03-23,2023-03-23,0,3,bug,False,https://github.com/braze-inc/braze-swift-sdk/issues/53,"third-party (unsolicited, public issue tracker)"
braze-swift-sdk,52,[Important] Xcode 14.3 RC support,closed,2023-03-22,2023-03-27,4,1,bug,False,https://github.com/braze-inc/braze-swift-sdk/issues/52,"third-party (unsolicited, public issue tracker)"
braze-expo-plugin,17,[Bug]: Android doesn't build on android,closed,2023-03-16,2023-03-23,7,4,bug,False,https://github.com/braze-inc/braze-expo-plugin/issues/17,"third-party (unsolicited, public issue tracker)"
braze-react-native-sdk,198,[Bug]: Proper error handling and information access in content cards,closed,2023-03-16,2023-03-31,15,4,bug,False,https://github.com/braze-inc/braze-react-native-sdk/issues/198,"third-party (unsolicited, public issue tracker)"
braze-web-sdk,138,[Bug]: subscribeToSdkAuthenticationFailures type declarations incorrect,closed,2023-03-15,2023-04-12,27,4,bug,False,https://github.com/braze-inc/braze-web-sdk/issues/138,"third-party (unsolicited, public issue tracker)"
braze-expo-plugin,15,[Bug]: Deeplinks not working with push notification on iOS when app is closed,closed,2023-03-15,2023-03-29,14,2,bug,False,https://github.com/braze-inc/braze-expo-plugin/issues/15,"third-party (unsolicited, public issue tracker)"
braze-react-native-sdk,197,[Bug]: Content Cards are shown as push notification,closed,2023-03-15,2023-03-15,0,0,bug,False,https://github.com/braze-inc/braze-react-native-sdk/issues/197,"third-party (unsolicited, public issue tracker)"
braze-react-native-sdk,196,[Bug]: new v2+ iOS installation raises concerns,closed,2023-03-14,2023-03-31,17,27,bug,False,https://github.com/braze-inc/braze-react-native-sdk/issues/196,"third-party (unsolicited, public issue tracker)"
braze-swift-sdk,51,[Bug]: BrazeDelegate methods are not called if app is not in memory,closed,2023-03-14,2023-03-27,12,7,bug,False,https://github.com/braze-inc/braze-swift-sdk/issues/51,"third-party (unsolicited, public issue tracker)"
braze-android-sdk,2,[Feature]: Jetpack Compose Support,closed,2023-03-13,2024-04-11,394,5,,False,https://github.com/braze-inc/braze-android-sdk/issues/2,"third-party (unsolicited, public issue tracker)"
braze-android-sdk,1,[Feature]: Publish on Maven Central,closed,2023-03-13,2023-04-19,36,3,,False,https://github.com/braze-inc/braze-android-sdk/issues/1,"third-party (unsolicited, public issue tracker)"
braze-swift-sdk,50,[Bug]: 5.11.0 cannot be used in Xcode 14.1,closed,2023-03-10,2023-03-10,0,1,bug,False,https://github.com/braze-inc/braze-swift-sdk/issues/50,"third-party (unsolicited, public issue tracker)"
braze-cordova-sdk,88,Migrate to new Swift SDK,closed,2023-03-06,2023-03-06,0,1,,False,https://github.com/braze-inc/braze-cordova-sdk/issues/88,"third-party (unsolicited, public issue tracker)"
braze-expo-plugin,14,[Bug]: expo prebuild not working,closed,2023-03-02,2023-03-02,0,11,bug,False,https://github.com/braze-inc/braze-expo-plugin/issues/14,"third-party (unsolicited, public issue tracker)"
braze-swift-sdk,49,[Bug]: logClick opens webbrowser when URL is set,closed,2023-03-01,2023-03-01,0,1,bug,False,https://github.com/braze-inc/braze-swift-sdk/issues/49,"third-party (unsolicited, public issue tracker)"
braze-swift-sdk,48,[Bug]: BrazeNotificationService - Does not exist in the list of available frameworks,closed,2023-03-01,2023-03-01,0,2,bug,False,https://github.com/braze-inc/braze-swift-sdk/issues/48,"third-party (unsolicited, public issue tracker)"
braze-swift-sdk,47,[Bug]: Content card - crash in updateImage,closed,2023-03-01,2023-04-28,58,3,bug,False,https://github.com/braze-inc/braze-swift-sdk/issues/47,"third-party (unsolicited, public issue tracker)"
braze-react-native-sdk,195,[Bug] `getContentCards` doesn't trigger a refresh on iOS,closed,2023-02-27,2023-03-13,14,5,bug,False,https://github.com/braze-inc/braze-react-native-sdk/issues/195,"third-party (unsolicited, public issue tracker)"
braze-react-native-sdk,194,[Bug]: Plugin with id 'kotlin-android' not found error for RN version 0.71.3,closed,2023-02-27,2023-02-28,1,3,bug,False,https://github.com/braze-inc/braze-react-native-sdk/issues/194,"third-party (unsolicited, public issue tracker)"
braze-flutter-sdk,45,logContentCardClicked implements different behaviour when url is set,closed,2023-02-24,2023-03-14,18,17,,False,https://github.com/braze-inc/braze-flutter-sdk/issues/45,"third-party (unsolicited, public issue tracker)"
braze-react-native-sdk,193,[Bug]: v2 doesn't support RN <0.68 on iOS,closed,2023-02-24,2023-03-13,17,3,bug,False,https://github.com/braze-inc/braze-react-native-sdk/issues/193,"third-party (unsolicited, public issue tracker)"
braze-expo-plugin,13,"Plugin sets ""useFrameworks"" to ""static""",closed,2023-02-23,2023-03-02,7,3,bug,False,https://github.com/braze-inc/braze-expo-plugin/issues/13,"third-party (unsolicited, public issue tracker)"
braze-flutter-sdk,44,'Braze in app message callback not present' message keeps spawning after subscribing,closed,2023-02-21,2023-03-14,21,2,,False,https://github.com/braze-inc/braze-flutter-sdk/issues/44,"third-party (unsolicited, public issue tracker)"
braze-flutter-sdk,43,Unused static in example app?,closed,2023-02-21,2023-02-21,0,5,,False,https://github.com/braze-inc/braze-flutter-sdk/issues/43,"third-party (unsolicited, public issue tracker)"
braze-swift-sdk,46,[Feature]: BrazeKit - Support for Xcode 14.3 Beta,closed,2023-02-21,2023-03-08,15,15,feature-request,False,https://github.com/braze-inc/braze-swift-sdk/issues/46,"third-party (unsolicited, public issue tracker)"
braze-swift-sdk,45,[Build Settings]: BrazeKit.framework doesn't contain bitcode.,closed,2023-02-21,2023-02-23,2,2,bug,False,https://github.com/braze-inc/braze-swift-sdk/issues/45,"third-party (unsolicited, public issue tracker)"
braze-swift-sdk,44,[Bug]: Braze not loading resources/Localization,closed,2023-02-21,2023-03-09,16,16,bug,False,https://github.com/braze-inc/braze-swift-sdk/issues/44,"third-party (unsolicited, public issue tracker)"
braze-react-native-sdk,191,[Feature]: React Native iOS sdk setup missing swift version of configuration,closed,2023-02-17,2023-02-17,0,24,,False,https://github.com/braze-inc/braze-react-native-sdk/issues/191,"third-party (unsolicited, public issue tracker)"
braze-swift-sdk,43,[Bug]: Campaign not triggered by custom event,closed,2023-02-16,2023-02-21,4,2,bug,False,https://github.com/braze-inc/braze-swift-sdk/issues/43,"third-party (unsolicited, public issue tracker)"
braze-swift-sdk,42,[Bug]: BackgroundTask running might cause terminate the app,closed,2023-02-16,2023-03-08,20,3,bug,False,https://github.com/braze-inc/braze-swift-sdk/issues/42,"third-party (unsolicited, public issue tracker)"
braze-expo-plugin,12,[Bug]: Build (Run gradlew | Install pods) error if using with `braze-react-native-sdk` (>= 2.0.0),closed,2023-02-14,2023-02-15,1,3,bug,False,https://github.com/braze-inc/braze-expo-plugin/issues/12,"third-party (unsolicited, public issue tracker)"
braze-react-native-sdk,190,[Feature]:  Braze.removeEventListener(Braze.Events.PUSH_NOTIFICATION_EVENT);,closed,2023-02-13,2023-02-13,0,2,,False,https://github.com/braze-inc/braze-react-native-sdk/issues/190,"third-party (unsolicited, public issue tracker)"
braze-swift-sdk,41,[Feature]: Missing documentation for Content Cards as supplemental content,closed,2023-02-09,2023-02-09,0,3,feature-request,False,https://github.com/braze-inc/braze-swift-sdk/issues/41,"third-party (unsolicited, public issue tracker)"
braze-swift-sdk,40,[Feature]: CC - Classic Image Card - imageAspectRatio (?),closed,2023-02-07,2023-02-17,10,2,feature-request,False,https://github.com/braze-inc/braze-swift-sdk/issues/40,"third-party (unsolicited, public issue tracker)"
braze-web-sdk,137,[Bug]: `subscribeToContentCardsUpdates` returning duplicate content cards with different IDs,closed,2023-02-06,2023-02-06,0,8,bug,False,https://github.com/braze-inc/braze-web-sdk/issues/137,"third-party (unsolicited, public issue tracker)"
braze-flutter-sdk,42,[Feature]: Add push notification code into sample app,closed,2023-02-01,2023-11-22,294,10,,False,https://github.com/braze-inc/braze-flutter-sdk/issues/42,"third-party (unsolicited, public issue tracker)"
braze-swift-sdk,39,[Bug]: shouldOpenURL delegate method not being called,closed,2023-02-01,2023-03-08,35,8,bug,False,https://github.com/braze-inc/braze-swift-sdk/issues/39,"third-party (unsolicited, public issue tracker)"
braze-swift-sdk,38,[Feature]: ABKCard class - a lot of methods UnImplement,closed,2023-02-01,2023-03-08,35,3,bug,False,https://github.com/braze-inc/braze-swift-sdk/issues/38,"third-party (unsolicited, public issue tracker)"
braze-swift-sdk,37,[Bug]: Content card doesn't clear out after expiration,closed,2023-01-31,2023-02-02,1,5,bug,False,https://github.com/braze-inc/braze-swift-sdk/issues/37,"third-party (unsolicited, public issue tracker)"
braze-swift-sdk,36,[Bug]: BackgroundTask running might cause terminate the app,closed,2023-01-31,2023-02-02,1,5,bug,False,https://github.com/braze-inc/braze-swift-sdk/issues/36,"third-party (unsolicited, public issue tracker)"
braze-expo-plugin,11,[Bug]: No Braze log messages (even with logLevel: 0),closed,2023-01-27,2023-02-15,18,2,bug,False,https://github.com/braze-inc/braze-expo-plugin/issues/11,"third-party (unsolicited, public issue tracker)"
braze-swift-sdk,35,[Bug]: Build fails with `duplicate symbols` warning when `use_frameworks!` is written in the Podfile,closed,2023-01-27,2023-01-30,2,3,bug,False,https://github.com/braze-inc/braze-swift-sdk/issues/35,"third-party (unsolicited, public issue tracker)"
braze-flutter-sdk,40,Upgrade to iOS swift-sdk 5.9.0,closed,2023-01-26,2023-02-01,6,3,,False,https://github.com/braze-inc/braze-flutter-sdk/issues/40,"third-party (unsolicited, public issue tracker)"
braze-cordova-sdk,87,Android push notifications failing to launch app after SDK version bump,closed,2023-01-18,2023-01-25,6,5,,False,https://github.com/braze-inc/braze-cordova-sdk/issues/87,"third-party (unsolicited, public issue tracker)"
braze-expo-plugin,10,[Bug]: We Cant Open App on press ,closed,2023-01-17,2023-01-25,8,0,bug,False,https://github.com/braze-inc/braze-expo-plugin/issues/10,"third-party (unsolicited, public issue tracker)"
braze-swift-sdk,34,[Bug]: tvOS - App crash due to the cache size,closed,2023-01-17,2023-03-07,49,10,bug,False,https://github.com/braze-inc/braze-swift-sdk/issues/34,"third-party (unsolicited, public issue tracker)"
braze-expo-plugin,8,[Bug]: expo doctor reports @expo/config-plugins incompatibility with Expo 47,closed,2023-01-13,2023-01-27,13,2,bug,False,https://github.com/braze-inc/braze-expo-plugin/issues/8,"third-party (unsolicited, public issue tracker)"
braze-swift-sdk,33,[Bug]: isInternalNotification returning false for appboy_uninstall_tracking test push,closed,2023-01-10,2023-02-15,35,7,bug,False,https://github.com/braze-inc/braze-swift-sdk/issues/33,"third-party (unsolicited, public issue tracker)"
braze-cordova-sdk,86,Main field missing in package.json,closed,2023-01-05,2023-01-30,24,4,,False,https://github.com/braze-inc/braze-cordova-sdk/issues/86,"third-party (unsolicited, public issue tracker)"
braze-cordova-sdk,85,Unable to create service com.appboy.AppboyFirebaseMessagingService,closed,2023-01-05,2023-01-05,0,1,,False,https://github.com/braze-inc/braze-cordova-sdk/issues/85,"third-party (unsolicited, public issue tracker)"
braze-react-native-sdk,188,[Bug]: java.lang.NoClassDefFoundError: Failed resolution of: Lcom/appboy/enums/CardCategory,closed,2023-01-05,2023-01-09,4,3,bug,False,https://github.com/braze-inc/braze-react-native-sdk/issues/188,"third-party (unsolicited, public issue tracker)"
braze-swift-sdk,32,[Bug]: BrazeUICompat refuses to compile with some configurations,closed,2023-01-05,2023-01-25,19,16,bug,False,https://github.com/braze-inc/braze-swift-sdk/issues/32,"third-party (unsolicited, public issue tracker)"
braze-swift-sdk,31,[Bug]: Unexpected warnings generating dSym,closed,2022-12-30,2023-01-25,25,4,bug,False,https://github.com/braze-inc/braze-swift-sdk/issues/31,"third-party (unsolicited, public issue tracker)"
braze-flutter-sdk,39,No such module 'BrazePushStory' and No such module 'BrazeNotificationService',closed,2022-12-29,2023-02-01,34,14,,False,https://github.com/braze-inc/braze-flutter-sdk/issues/39,"third-party (unsolicited, public issue tracker)"
braze-flutter-sdk,38,Tapping Braze notification on Android doesn't open the app,closed,2022-12-19,2023-01-06,18,1,,False,https://github.com/braze-inc/braze-flutter-sdk/issues/38,"third-party (unsolicited, public issue tracker)"
braze-react-native-sdk,187,[Feature]: News Feed API Access,closed,2022-12-19,2023-02-08,51,9,,False,https://github.com/braze-inc/braze-react-native-sdk/issues/187,"third-party (unsolicited, public issue tracker)"
braze-flutter-sdk,37,How to register device token on iOS for notification on version 3.0.0?,closed,2022-12-16,2022-12-16,0,2,,False,https://github.com/braze-inc/braze-flutter-sdk/issues/37,"third-party (unsolicited, public issue tracker)"
braze-expo-plugin,7,[Feature]: Custom notification sound support,closed,2022-12-15,2023-02-15,61,5,,False,https://github.com/braze-inc/braze-expo-plugin/issues/7,"third-party (unsolicited, public issue tracker)"
braze-flutter-sdk,36,[Bug]: Issue with Content Cards custom implementation,closed,2022-12-14,2022-12-21,7,3,,False,https://github.com/braze-inc/braze-flutter-sdk/issues/36,"third-party (unsolicited, public issue tracker)"
braze-flutter-sdk,35,Error when updating to 3.0.0,closed,2022-12-14,2022-12-21,7,5,,False,https://github.com/braze-inc/braze-flutter-sdk/issues/35,"third-party (unsolicited, public issue tracker)"
braze-flutter-sdk,34,Unclear upgrade path from 2.x to 3.0.0,closed,2022-12-14,2022-12-14,0,1,,False,https://github.com/braze-inc/braze-flutter-sdk/issues/34,"third-party (unsolicited, public issue tracker)"
braze-web-sdk,136,[Feature]: `logInAppMissageDismissal`,closed,2022-12-13,2022-12-15,2,5,,False,https://github.com/braze-inc/braze-web-sdk/issues/136,"third-party (unsolicited, public issue tracker)"
braze-web-sdk,135,[Bug]: braze type return as any and cause TS errors,closed,2022-12-06,2022-12-07,0,2,bug,False,https://github.com/braze-inc/braze-web-sdk/issues/135,"third-party (unsolicited, public issue tracker)"
braze-swift-sdk,30,[Bug]: removed and viewed properties don't persist through sessions,closed,2022-11-30,2022-12-21,20,4,bug,False,https://github.com/braze-inc/braze-swift-sdk/issues/30,"third-party (unsolicited, public issue tracker)"
braze-swift-sdk,29,[Bug]: InAppMessageView can be dismissed by tap gesture by default,closed,2022-11-30,2022-12-01,0,3,bug,False,https://github.com/braze-inc/braze-swift-sdk/issues/29,"third-party (unsolicited, public issue tracker)"
braze-swift-sdk,28,[Bug]: Failed to compile if integrated with Cocoapods on M1,closed,2022-11-29,2022-11-29,0,2,bug,False,https://github.com/braze-inc/braze-swift-sdk/issues/28,"third-party (unsolicited, public issue tracker)"
braze-cordova-sdk,84,The sample application just not work!,closed,2022-11-24,2022-11-27,2,1,,False,https://github.com/braze-inc/braze-cordova-sdk/issues/84,"third-party (unsolicited, public issue tracker)"
braze-swift-sdk,27,[Bug]: In-app message Modal Image the image and contentView can be scaleAspectFit,closed,2022-11-24,2022-12-06,12,4,bug,False,https://github.com/braze-inc/braze-swift-sdk/issues/27,"third-party (unsolicited, public issue tracker)"
braze-web-sdk,134,[Bug]: Content Cards of old user are shown to new user,closed,2022-11-23,2022-11-23,0,1,bug,False,https://github.com/braze-inc/braze-web-sdk/issues/134,"third-party (unsolicited, public issue tracker)"
braze-expo-plugin,6,[Bug]: Could not get unknown property 'kotlinVersion' when building,closed,2022-11-23,2022-12-07,14,4,bug,False,https://github.com/braze-inc/braze-expo-plugin/issues/6,"third-party (unsolicited, public issue tracker)"
braze-web-sdk,133,[Bug]: ,closed,2022-11-18,2022-11-18,0,6,bug,False,https://github.com/braze-inc/braze-web-sdk/issues/133,"third-party (unsolicited, public issue tracker)"
braze-flutter-sdk,33,[Feature] Can braze support In App Message Clicked Listener ?,closed,2022-11-18,2022-11-29,11,4,,False,https://github.com/braze-inc/braze-flutter-sdk/issues/33,"third-party (unsolicited, public issue tracker)"
braze-flutter-sdk,32,Example Code Has a Static Compilation Error,closed,2022-11-16,2022-11-18,2,8,,False,https://github.com/braze-inc/braze-flutter-sdk/issues/32,"third-party (unsolicited, public issue tracker)"
braze-flutter-sdk,31,[Bug]: Content cards ordering on Android,closed,2022-11-16,2023-02-01,77,5,,False,https://github.com/braze-inc/braze-flutter-sdk/issues/31,"third-party (unsolicited, public issue tracker)"
braze-expo-plugin,5,"[Bug]: The Swift pod `ExpoAdapterBraze` depends upon `react-native-appboy-sdk`, which does not define modules",closed,2022-11-16,2022-12-07,20,2,bug,False,https://github.com/braze-inc/braze-expo-plugin/issues/5,"third-party (unsolicited, public issue tracker)"
braze-react-native-sdk,186,[Bug]: Dismiss Content Cards Modal Android,closed,2022-11-16,2022-11-16,0,1,bug,False,https://github.com/braze-inc/braze-react-native-sdk/issues/186,"third-party (unsolicited, public issue tracker)"
braze-react-native-sdk,185,[Feature]:  tvOS support,closed,2022-11-16,2026-04-22,1253,5,feature-request,False,https://github.com/braze-inc/braze-react-native-sdk/issues/185,"third-party (unsolicited, public issue tracker)"
braze-flutter-sdk,30,[Help Needed] In App Messages not showing,closed,2022-11-15,2022-12-05,19,10,,False,https://github.com/braze-inc/braze-flutter-sdk/issues/30,"third-party (unsolicited, public issue tracker)"
braze-web-sdk,132,[Feature]: Export SDK in CommonJS,closed,2022-11-14,2022-11-14,0,2,,False,https://github.com/braze-inc/braze-web-sdk/issues/132,"third-party (unsolicited, public issue tracker)"
braze-expo-plugin,3,Compatibility Expo SDK 47,closed,2022-11-14,2022-12-07,23,2,,False,https://github.com/braze-inc/braze-expo-plugin/issues/3,"third-party (unsolicited, public issue tracker)"
braze-flutter-sdk,29,Build error after update to 2.6.,closed,2022-11-11,2022-11-15,3,1,,False,https://github.com/braze-inc/braze-flutter-sdk/issues/29,"third-party (unsolicited, public issue tracker)"
braze-swift-sdk,26,[Bug]: InAppMessageRaw.extras not copied over to InAppMessage.extras,closed,2022-11-11,2022-11-14,2,4,bug,False,https://github.com/braze-inc/braze-swift-sdk/issues/26,"third-party (unsolicited, public issue tracker)"
braze-swift-sdk,25,[Feature]: Github Slack integration,closed,2022-11-08,2022-11-08,0,2,feature-request,False,https://github.com/braze-inc/braze-swift-sdk/issues/25,"third-party (unsolicited, public issue tracker)"
braze-swift-sdk,24,[Feature]: Carthage support for Core feature,closed,2022-11-04,2025-12-19,1140,8,feature-request,False,https://github.com/braze-inc/braze-swift-sdk/issues/24,"third-party (unsolicited, public issue tracker)"
braze-swift-sdk,23,[Bug]: Crash on com.braze.core.persistence (SIGABRT ABORT) reported by Crashlytics,closed,2022-11-04,2022-12-06,32,4,bug,False,https://github.com/braze-inc/braze-swift-sdk/issues/23,"third-party (unsolicited, public issue tracker)"
braze-cordova-sdk,82,Support for in app messages listeners.,closed,2022-10-27,2023-01-06,71,3,,False,https://github.com/braze-inc/braze-cordova-sdk/issues/82,"third-party (unsolicited, public issue tracker)"
braze-swift-sdk,22,[Request]: What's happened to Braze 5.5.1?,closed,2022-10-27,2022-10-27,0,1,bug,False,https://github.com/braze-inc/braze-swift-sdk/issues/22,"third-party (unsolicited, public issue tracker)"
braze-swift-sdk,20,"[Bug]: Error with ""Braze SDK disabled: Cannot perform action"" after init",closed,2022-10-20,2022-10-20,0,1,bug,False,https://github.com/braze-inc/braze-swift-sdk/issues/20,"third-party (unsolicited, public issue tracker)"
braze-react-native-sdk,183,Cannot initialize a parameter of type 'id<RCTBridgeDelegate>' with an lvalue of type 'AppDelegate *const __strong',closed,2022-10-18,2022-10-18,0,2,,False,https://github.com/braze-inc/braze-react-native-sdk/issues/183,"third-party (unsolicited, public issue tracker)"
braze-react-native-sdk,182,IOS build fails when installed with react native maps.,closed,2022-10-17,2022-12-07,51,7,,False,https://github.com/braze-inc/braze-react-native-sdk/issues/182,"third-party (unsolicited, public issue tracker)"
braze-react-native-sdk,181,Xcode 14 Code Signing,closed,2022-10-14,2022-12-07,54,7,,False,https://github.com/braze-inc/braze-react-native-sdk/issues/181,"third-party (unsolicited, public issue tracker)"
braze-swift-sdk,19,[Feature]: Missing functionality parity from ABKPushUtils,closed,2022-10-13,2022-10-25,12,3,feature-request,False,https://github.com/braze-inc/braze-swift-sdk/issues/19,"third-party (unsolicited, public issue tracker)"
braze-swift-sdk,18,[Bug]: In-App Message's images are not visible,closed,2022-10-13,2022-10-25,12,15,bug,False,https://github.com/braze-inc/braze-swift-sdk/issues/18,"third-party (unsolicited, public issue tracker)"
braze-swift-sdk,17,[Bug]: contentCards.subscribeToUpdates not receiving callback,closed,2022-10-11,2022-10-12,0,2,bug,False,https://github.com/braze-inc/braze-swift-sdk/issues/17,"third-party (unsolicited, public issue tracker)"
braze-react-native-sdk,180,In app message not triggered while the app is closed for custom ui,closed,2022-10-10,2022-10-11,1,1,,False,https://github.com/braze-inc/braze-react-native-sdk/issues/180,"third-party (unsolicited, public issue tracker)"
braze-flutter-sdk,28,[bug][regression] the new streaming api's broke an existing fix,closed,2022-10-07,2022-11-02,26,3,,False,https://github.com/braze-inc/braze-flutter-sdk/issues/28,"third-party (unsolicited, public issue tracker)"
braze-swift-sdk,16,[Bug]: Github Actions is always failing when Braze is added via SPM,closed,2022-10-07,2022-10-14,6,4,bug,False,https://github.com/braze-inc/braze-swift-sdk/issues/16,"third-party (unsolicited, public issue tracker)"
braze-react-native-sdk,178,Content cards are not updating correctly on iOS when viewed on other platforms,closed,2022-10-05,2023-02-08,126,11,,False,https://github.com/braze-inc/braze-react-native-sdk/issues/178,"third-party (unsolicited, public issue tracker)"
braze-react-native-sdk,177,addToSubscriptionGroup only returns false and user is not added,closed,2022-10-04,2022-10-05,0,1,,False,https://github.com/braze-inc/braze-react-native-sdk/issues/177,"third-party (unsolicited, public issue tracker)"
braze-react-native-sdk,176,getContentCards is making my android app crash,closed,2022-09-29,2022-10-11,11,4,,False,https://github.com/braze-inc/braze-react-native-sdk/issues/176,"third-party (unsolicited, public issue tracker)"
braze-flutter-sdk,27,"On iOS, can't see user id used on `changeUser` on Dashboard",closed,2022-09-28,2022-09-28,0,2,,False,https://github.com/braze-inc/braze-flutter-sdk/issues/27,"third-party (unsolicited, public issue tracker)"
braze-react-native-sdk,174,[Feature]: Listen for push notifications on iOS in the Javascript layer,closed,2022-09-22,2023-11-14,418,15,,False,https://github.com/braze-inc/braze-react-native-sdk/issues/174,"third-party (unsolicited, public issue tracker)"
braze-cordova-sdk,81,push registration - updates for Android 13,closed,2022-09-20,2022-09-22,2,4,,False,https://github.com/braze-inc/braze-cordova-sdk/issues/81,"third-party (unsolicited, public issue tracker)"
braze-react-native-sdk,173,addInAppMessage is supported?,closed,2022-09-20,2022-09-20,0,1,,False,https://github.com/braze-inc/braze-react-native-sdk/issues/173,"third-party (unsolicited, public issue tracker)"
braze-flutter-sdk,26,[Feature]: Support for Flutter Web,closed,2022-09-14,2026-05-12,1336,6,,False,https://github.com/braze-inc/braze-flutter-sdk/issues/26,"third-party (unsolicited, public issue tracker)"
braze-react-native-sdk,172,braze-swift-sdk is included?,closed,2022-09-14,2023-02-08,147,2,,False,https://github.com/braze-inc/braze-react-native-sdk/issues/172,"third-party (unsolicited, public issue tracker)"
braze-swift-sdk,14,[Bug]: Content Cards sync network error,closed,2022-09-14,2022-10-25,41,3,bug,False,https://github.com/braze-inc/braze-swift-sdk/issues/14,"third-party (unsolicited, public issue tracker)"
braze-react-native-sdk,171,Cannot close session,closed,2022-09-13,2022-09-13,0,1,,False,https://github.com/braze-inc/braze-react-native-sdk/issues/171,"third-party (unsolicited, public issue tracker)"
braze-react-native-sdk,170,Does 1.38.0 supports latest version of RN ie 0.70 (old arch)?,closed,2022-09-11,2022-09-13,2,4,,False,https://github.com/braze-inc/braze-react-native-sdk/issues/170,"third-party (unsolicited, public issue tracker)"
braze-react-native-sdk,169,Email is not showing up in Braze Dashboard,closed,2022-09-08,2022-09-12,4,3,,False,https://github.com/braze-inc/braze-react-native-sdk/issues/169,"third-party (unsolicited, public issue tracker)"
braze-react-native-sdk,168,subscribeToInAppMessage not worked,closed,2022-09-07,2022-09-07,0,0,,False,https://github.com/braze-inc/braze-react-native-sdk/issues/168,"third-party (unsolicited, public issue tracker)"
braze-react-native-sdk,167,subscribeToInAppMessage not work because sendDeviceEventWithName is deprecated  ,closed,2022-09-07,2022-09-08,1,1,,False,https://github.com/braze-inc/braze-react-native-sdk/issues/167,"third-party (unsolicited, public issue tracker)"
braze-react-native-sdk,166,Anything besides default export results in functions being undefined,closed,2022-09-06,2022-09-09,2,5,,False,https://github.com/braze-inc/braze-react-native-sdk/issues/166,"third-party (unsolicited, public issue tracker)"
braze-swift-sdk,13,[Feature]: `changeUser` doesn't accept `nil`,closed,2022-09-05,2022-09-06,1,1,feature-request,False,https://github.com/braze-inc/braze-swift-sdk/issues/13,"third-party (unsolicited, public issue tracker)"
braze-swift-sdk,12,[Bug]: Unit test compilation error,closed,2022-09-02,2022-09-06,4,2,bug,False,https://github.com/braze-inc/braze-swift-sdk/issues/12,"third-party (unsolicited, public issue tracker)"
braze-react-native-sdk,165,Issue compiling on android.,closed,2022-09-01,2022-09-04,2,4,,False,https://github.com/braze-inc/braze-react-native-sdk/issues/165,"third-party (unsolicited, public issue tracker)"
braze-swift-sdk,11,[Bug]: Can't build for simulator using Apple Silicon,closed,2022-09-01,2022-09-07,5,4,bug,False,https://github.com/braze-inc/braze-swift-sdk/issues/11,"third-party (unsolicited, public issue tracker)"
braze-web-sdk,131,[Feature]: requestImmediateDataFlush not reporting reason of failure,closed,2022-08-30,2022-10-25,56,1,,False,https://github.com/braze-inc/braze-web-sdk/issues/131,"third-party (unsolicited, public issue tracker)"
braze-react-native-sdk,163,Warning NativeEventEmitter with non-null argument,closed,2022-08-25,2022-09-26,32,5,,False,https://github.com/braze-inc/braze-react-native-sdk/issues/163,"third-party (unsolicited, public issue tracker)"
braze-swift-sdk,10,[Bug]: Migrating new SDK - missing methods and variables,closed,2022-08-25,2022-08-26,1,1,bug,False,https://github.com/braze-inc/braze-swift-sdk/issues/10,"third-party (unsolicited, public issue tracker)"
braze-web-sdk,130,[Bug]: `subscribeToContentCardsUpdates` not working on NextJS,closed,2022-08-24,2022-08-25,1,7,bug,False,https://github.com/braze-inc/braze-web-sdk/issues/130,"third-party (unsolicited, public issue tracker)"
braze-web-sdk,129,[Bug]: Error when trying to use requestContentCardsRefresh method,closed,2022-08-21,2022-08-31,9,5,bug,False,https://github.com/braze-inc/braze-web-sdk/issues/129,"third-party (unsolicited, public issue tracker)"
braze-swift-sdk,9,[Bug]: duplicate symbols for architecture arm64 when using -ObjC flag,closed,2022-08-20,2022-08-22,1,3,bug,False,https://github.com/braze-inc/braze-swift-sdk/issues/9,"third-party (unsolicited, public issue tracker)"
braze-react-native-sdk,162,Braze - IAM iOS/Android,closed,2022-08-19,2022-08-22,2,3,,False,https://github.com/braze-inc/braze-react-native-sdk/issues/162,"third-party (unsolicited, public issue tracker)"
braze-swift-sdk,8,[Info] Migrate code from old AppBoy SDK to the new braze-swift-sdk,closed,2022-08-16,2022-09-01,16,7,bug,False,https://github.com/braze-inc/braze-swift-sdk/issues/8,"third-party (unsolicited, public issue tracker)"
braze-react-native-sdk,161,[Feature]: New architecture support,closed,2022-08-11,2023-09-12,397,14,,False,https://github.com/braze-inc/braze-react-native-sdk/issues/161,"third-party (unsolicited, public issue tracker)"
braze-react-native-sdk,160,getContentCards returns stale data after calling requestContentCardsRefresh,closed,2022-08-07,2022-08-08,1,1,,False,https://github.com/braze-inc/braze-react-native-sdk/issues/160,"third-party (unsolicited, public issue tracker)"
braze-react-native-sdk,159,"""cannot find symbol""",closed,2022-07-29,2022-08-01,2,3,,False,https://github.com/braze-inc/braze-react-native-sdk/issues/159,"third-party (unsolicited, public issue tracker)"
braze-react-native-sdk,158,"Didn't find class ""com.appboy.IBrazeEndpointProvider"" ",closed,2022-07-29,2022-08-01,3,1,,False,https://github.com/braze-inc/braze-react-native-sdk/issues/158,"third-party (unsolicited, public issue tracker)"
braze-react-native-sdk,157,[Android] - Push notifications don't work on Android 13,closed,2022-07-28,2022-08-31,34,19,,False,https://github.com/braze-inc/braze-react-native-sdk/issues/157,"third-party (unsolicited, public issue tracker)"
braze-react-native-sdk,156,[Android] can't build application due to conflict with supportsRtl,closed,2022-07-27,2022-07-27,0,2,,False,https://github.com/braze-inc/braze-react-native-sdk/issues/156,"third-party (unsolicited, public issue tracker)"
braze-web-sdk,128,[Bug]:`subscribeToContentCardsUpdates` not working on Next JS,closed,2022-07-25,2022-07-26,0,10,bug,False,https://github.com/braze-inc/braze-web-sdk/issues/128,"third-party (unsolicited, public issue tracker)"
braze-flutter-sdk,25,Braze in Flutter Environment Production Not Working,closed,2022-07-20,2022-07-20,0,1,,False,https://github.com/braze-inc/braze-flutter-sdk/issues/25,"third-party (unsolicited, public issue tracker)"
braze-web-sdk,125,[Bug]: SyntaxError: 'import' and 'export' may appear only with 'sourceType: module',closed,2022-07-19,2022-07-19,0,3,bug,False,https://github.com/braze-inc/braze-web-sdk/issues/125,"third-party (unsolicited, public issue tracker)"
braze-swift-sdk,6,[Feature]: Update push subscription state,closed,2022-07-19,2022-07-19,0,2,,False,https://github.com/braze-inc/braze-swift-sdk/issues/6,"third-party (unsolicited, public issue tracker)"
braze-flutter-sdk,24,BREAKING with latest Android SDK 22.0.0 release,closed,2022-07-18,2022-07-18,0,1,,False,https://github.com/braze-inc/braze-flutter-sdk/issues/24,"third-party (unsolicited, public issue tracker)"
braze-swift-sdk,5,[Feature]: cocoapods support,closed,2022-07-18,2022-08-15,27,3,,False,https://github.com/braze-inc/braze-swift-sdk/issues/5,"third-party (unsolicited, public issue tracker)"
braze-web-sdk,124,"Question: Content Cards, is there onClose listener available ?",closed,2022-07-15,2022-07-15,0,1,bug,False,https://github.com/braze-inc/braze-web-sdk/issues/124,"third-party (unsolicited, public issue tracker)"
braze-flutter-sdk,23,braze plugin no have function register ios apns token just only register android push token to setup at flutter code only,closed,2022-07-12,2022-09-29,79,4,,False,https://github.com/braze-inc/braze-flutter-sdk/issues/23,"third-party (unsolicited, public issue tracker)"
braze-swift-sdk,4,[Bug]: Crashes in prod,closed,2022-07-05,2022-08-04,29,8,bug,False,https://github.com/braze-inc/braze-swift-sdk/issues/4,"third-party (unsolicited, public issue tracker)"
braze-react-native-sdk,155,"[Android] Build error: cannot find symbol ""import com.appboy.ui.AppboyNavigator""",closed,2022-06-30,2022-07-13,13,2,,False,https://github.com/braze-inc/braze-react-native-sdk/issues/155,"third-party (unsolicited, public issue tracker)"
braze-react-native-sdk,154,[Android] react-native-notifications doesn't work with Braze,closed,2022-06-27,2022-08-12,45,1,,False,https://github.com/braze-inc/braze-react-native-sdk/issues/154,"third-party (unsolicited, public issue tracker)"
braze-react-native-sdk,153,[iOS] Content Card doesn't reload,closed,2022-06-24,2022-06-27,3,1,,False,https://github.com/braze-inc/braze-react-native-sdk/issues/153,"third-party (unsolicited, public issue tracker)"
braze-api-client-ruby,1,Release to Ruby Gems,open,2022-06-23,,,0,,False,https://github.com/braze-inc/braze-api-client-ruby/issues/1,"third-party (unsolicited, public issue tracker)"
braze-web-sdk,123,[Bug]: Circular dependencies causing error with Vite,closed,2022-06-16,2022-08-01,46,11,bug,False,https://github.com/braze-inc/braze-web-sdk/issues/123,"third-party (unsolicited, public issue tracker)"
braze-cordova-sdk,79,Error Building Android version latest appboy-plugin version,closed,2022-06-13,2023-01-06,207,2,,False,https://github.com/braze-inc/braze-cordova-sdk/issues/79,"third-party (unsolicited, public issue tracker)"
braze-flutter-sdk,22,"[CRASH]: Braze crashes on Android, high number of crashes",closed,2022-06-10,2022-09-29,111,8,,False,https://github.com/braze-inc/braze-flutter-sdk/issues/22,"third-party (unsolicited, public issue tracker)"
braze-react-native-sdk,152,Notification on click Deep Link into Application does not work,closed,2022-06-07,2022-06-09,2,9,,False,https://github.com/braze-inc/braze-react-native-sdk/issues/152,"third-party (unsolicited, public issue tracker)"
braze-react-native-sdk,151,Assigning to 'id<ABKInAppMessageControllerDelegate> _Nullable' from incompatible type 'AppDelegate *const __strong',closed,2022-05-24,2022-05-25,0,5,,False,https://github.com/braze-inc/braze-react-native-sdk/issues/151,"third-party (unsolicited, public issue tracker)"
braze-web-sdk,122,[Bug]: Braze initialization fails ,closed,2022-05-19,2022-05-19,0,3,bug,False,https://github.com/braze-inc/braze-web-sdk/issues/122,"third-party (unsolicited, public issue tracker)"
braze-swift-sdk,2,Test Issue,closed,2022-05-19,2022-05-19,0,0,bug,False,https://github.com/braze-inc/braze-swift-sdk/issues/2,"third-party (unsolicited, public issue tracker)"
braze-flutter-sdk,21,[Feature]: Support for desktop platforms,closed,2022-05-17,2026-05-14,1457,2,,False,https://github.com/braze-inc/braze-flutter-sdk/issues/21,"third-party (unsolicited, public issue tracker)"
braze-swift-sdk,1,[Feature]: tvOS Support,closed,2022-05-17,2022-08-24,98,2,,False,https://github.com/braze-inc/braze-swift-sdk/issues/1,"third-party (unsolicited, public issue tracker)"
braze-web-sdk,121,[Bug]: Jest errors integrating SDK 4.0.2,closed,2022-05-16,2022-05-24,7,7,bug,False,https://github.com/braze-inc/braze-web-sdk/issues/121,"third-party (unsolicited, public issue tracker)"
braze-web-sdk,120,[Feature]: Update migration guide,closed,2022-05-16,2022-05-16,0,9,,False,https://github.com/braze-inc/braze-web-sdk/issues/120,"third-party (unsolicited, public issue tracker)"
braze-react-native-sdk,150,Handling two firebase messaging service,closed,2022-05-14,2022-08-12,90,1,,False,https://github.com/braze-inc/braze-react-native-sdk/issues/150,"third-party (unsolicited, public issue tracker)"
braze-web-sdk,119,[Bug]: Service worker update failed,closed,2022-05-12,2022-05-12,0,3,bug,False,https://github.com/braze-inc/braze-web-sdk/issues/119,"third-party (unsolicited, public issue tracker)"
braze-web-sdk,118,[Bug]: Safari push request didn't called,closed,2022-05-09,2022-05-23,14,9,bug,False,https://github.com/braze-inc/braze-web-sdk/issues/118,"third-party (unsolicited, public issue tracker)"
braze-react-native-sdk,149,Android 13 Support,closed,2022-05-06,2022-05-06,0,1,,False,https://github.com/braze-inc/braze-react-native-sdk/issues/149,"third-party (unsolicited, public issue tracker)"
braze-react-native-sdk,148,[push notification] with sound,closed,2022-05-04,2022-05-04,0,1,,False,https://github.com/braze-inc/braze-react-native-sdk/issues/148,"third-party (unsolicited, public issue tracker)"
braze-react-native-sdk,147,"Push Notification is received, but not showing in Android?",closed,2022-05-03,2022-05-03,0,2,,False,https://github.com/braze-inc/braze-react-native-sdk/issues/147,"third-party (unsolicited, public issue tracker)"
braze-web-sdk,117,[Bug]: navigator is not defined when importing package,closed,2022-05-02,2022-05-04,1,5,bug,False,https://github.com/braze-inc/braze-web-sdk/issues/117,"third-party (unsolicited, public issue tracker)"
braze-web-sdk,116,[Bug]: Cannot import individual modules,closed,2022-05-02,2022-05-02,0,5,bug,False,https://github.com/braze-inc/braze-web-sdk/issues/116,"third-party (unsolicited, public issue tracker)"
braze-web-sdk,115,[Bug]: appboy.registerAppboyPushMessages not working on Safari,closed,2022-04-18,2022-04-19,1,5,bug,False,https://github.com/braze-inc/braze-web-sdk/issues/115,"third-party (unsolicited, public issue tracker)"
braze-react-native-sdk,146,Need a getPushNotificationSubscriptionType() method,closed,2022-04-13,2022-04-13,0,1,,False,https://github.com/braze-inc/braze-react-native-sdk/issues/146,"third-party (unsolicited, public issue tracker)"
braze-cordova-sdk,77,When can we expect Cordova plugin to point to latest iOS SDK? ,closed,2022-03-29,2022-09-06,160,1,,False,https://github.com/braze-inc/braze-cordova-sdk/issues/77,"third-party (unsolicited, public issue tracker)"
braze-react-native-sdk,145,Deep link invocation when app is in quit state on iOS is not working,closed,2022-03-25,2022-04-27,32,7,,False,https://github.com/braze-inc/braze-react-native-sdk/issues/145,"third-party (unsolicited, public issue tracker)"
braze-cordova-sdk,76,iOS Deep links / Universal Links from push notifications doesn't work,closed,2022-03-21,2024-07-31,863,4,,False,https://github.com/braze-inc/braze-cordova-sdk/issues/76,"third-party (unsolicited, public issue tracker)"
braze-web-sdk,114,[Feature]: unuglified version,closed,2022-03-18,2022-03-18,0,1,,False,https://github.com/braze-inc/braze-web-sdk/issues/114,"third-party (unsolicited, public issue tracker)"
braze-react-native-sdk,144,crasher on v1.35.0 - AppboyReactBridge.setMetadata is not a function (Android),closed,2022-03-15,2022-03-16,0,2,,False,https://github.com/braze-inc/braze-react-native-sdk/issues/144,"third-party (unsolicited, public issue tracker)"
braze-web-sdk,113,[Feature]: Disable clickAction ,closed,2022-03-10,2022-03-18,8,4,,False,https://github.com/braze-inc/braze-web-sdk/issues/113,"third-party (unsolicited, public issue tracker)"
braze-flutter-sdk,19,SDK authentication support in Flutter,closed,2022-02-25,2022-04-19,53,2,,False,https://github.com/braze-inc/braze-flutter-sdk/issues/19,"third-party (unsolicited, public issue tracker)"
braze-flutter-sdk,18,Braze ios subscribe again,closed,2022-02-22,2022-02-22,0,0,,False,https://github.com/braze-inc/braze-flutter-sdk/issues/18,"third-party (unsolicited, public issue tracker)"
braze-react-native-sdk,143,"Unable to install ""APPNAME"" on iphone after add notification service extension for set up rich notification IOS",closed,2022-02-16,2022-02-28,12,5,,False,https://github.com/braze-inc/braze-react-native-sdk/issues/143,"third-party (unsolicited, public issue tracker)"
braze-react-native-sdk,142,Is there a way to get attributes from current user?,closed,2022-02-08,2022-02-08,0,2,,False,https://github.com/braze-inc/braze-react-native-sdk/issues/142,"third-party (unsolicited, public issue tracker)"
braze-flutter-sdk,17,Handling push notifications on-click navigation in flutter app,closed,2022-01-31,2022-09-29,241,4,,False,https://github.com/braze-inc/braze-flutter-sdk/issues/17,"third-party (unsolicited, public issue tracker)"
braze-react-native-sdk,140,[1.34.0] ReactAppboy.getInitialURL is never resolved / rejected on iOS when there is no initial URL,closed,2022-01-26,2022-01-28,2,4,,False,https://github.com/braze-inc/braze-react-native-sdk/issues/140,"third-party (unsolicited, public issue tracker)"
braze-web-sdk,111,Appboy Api Key Hardcoded in app.,closed,2022-01-24,2022-01-24,0,1,,False,https://github.com/braze-inc/braze-web-sdk/issues/111,"third-party (unsolicited, public issue tracker)"
braze-flutter-sdk,16,"Onclick android push notification, app is crashing",closed,2022-01-18,2022-01-24,5,6,,False,https://github.com/braze-inc/braze-flutter-sdk/issues/16,"third-party (unsolicited, public issue tracker)"
braze-react-native-sdk,139,Weird `changeUser()` behavior,closed,2022-01-17,2022-01-19,2,7,,False,https://github.com/braze-inc/braze-react-native-sdk/issues/139,"third-party (unsolicited, public issue tracker)"
braze-react-native-sdk,138,Android crashing with exception 'get for prop 'AppboyReactBridge': java.lang.NoClassDefFoundError',closed,2022-01-17,2022-01-20,3,3,,False,https://github.com/braze-inc/braze-react-native-sdk/issues/138,"third-party (unsolicited, public issue tracker)"
braze-flutter-sdk,14,[Feature]: Push Notification callbacks in the Dart layer,closed,2022-01-11,2024-04-09,819,19,,False,https://github.com/braze-inc/braze-flutter-sdk/issues/14,"third-party (unsolicited, public issue tracker)"
braze-web-sdk,110,AppBoy type not defined,closed,2022-01-04,2022-01-06,1,2,,False,https://github.com/braze-inc/braze-web-sdk/issues/110,"third-party (unsolicited, public issue tracker)"
braze-react-native-sdk,136,Remove iOS deprecated protocol,closed,2022-01-04,2022-01-20,16,2,,False,https://github.com/braze-inc/braze-react-native-sdk/issues/136,"third-party (unsolicited, public issue tracker)"
braze-react-native-sdk,135,[Feature]: Add `setLastKnownLocation()` to the SDK,closed,2021-12-21,2023-09-12,630,6,,False,https://github.com/braze-inc/braze-react-native-sdk/issues/135,"third-party (unsolicited, public issue tracker)"
braze-react-native-sdk,134,Android - getInitialNotification always returns null when opening the app with a Braze notification,closed,2021-12-20,2022-01-20,31,5,,False,https://github.com/braze-inc/braze-react-native-sdk/issues/134,"third-party (unsolicited, public issue tracker)"
braze-flutter-sdk,13,Add minimum OS version for Android  & iOS in flutter documentation,closed,2021-12-14,2021-12-15,1,2,,False,https://github.com/braze-inc/braze-flutter-sdk/issues/13,"third-party (unsolicited, public issue tracker)"
braze-flutter-sdk,12,contentCardsHandler not called on Android,closed,2021-12-06,2022-01-07,32,4,,False,https://github.com/braze-inc/braze-flutter-sdk/issues/12,"third-party (unsolicited, public issue tracker)"
braze-cordova-sdk,75,Support Delaying Automatic Session Tracking for iOS ,closed,2021-12-02,2021-12-03,0,1,,False,https://github.com/braze-inc/braze-cordova-sdk/issues/75,"third-party (unsolicited, public issue tracker)"
braze-react-native-sdk,133,Use of undeclared identifier 'Appboy' on Xcode ,closed,2021-12-01,2021-12-07,5,3,,False,https://github.com/braze-inc/braze-react-native-sdk/issues/133,"third-party (unsolicited, public issue tracker)"
braze-web-sdk,109,How to display content cards,closed,2021-11-23,2021-11-23,0,1,,False,https://github.com/braze-inc/braze-web-sdk/issues/109,"third-party (unsolicited, public issue tracker)"
braze-web-sdk,108,how to track user events when they are not logged in,closed,2021-11-18,2021-11-18,0,1,,False,https://github.com/braze-inc/braze-web-sdk/issues/108,"third-party (unsolicited, public issue tracker)"
braze-web-sdk,107,Appboy: Waiting for VAPID key from server config before subscribing to push. next.js,closed,2021-11-15,2021-11-16,0,5,,False,https://github.com/braze-inc/braze-web-sdk/issues/107,"third-party (unsolicited, public issue tracker)"
braze-flutter-sdk,11,Out of memory exception when handling dart message in Android,closed,2021-11-11,2022-02-25,105,6,,False,https://github.com/braze-inc/braze-flutter-sdk/issues/11,"third-party (unsolicited, public issue tracker)"
braze-react-native-sdk,131,Android Issue: Warning: None of the selected users have matching push tokens for Android Push.,closed,2021-11-11,2021-11-12,1,2,,False,https://github.com/braze-inc/braze-react-native-sdk/issues/131,"third-party (unsolicited, public issue tracker)"
braze-flutter-sdk,10,An InAppMessage is both shown nativly and processed by the flutter SDK,closed,2021-11-01,2022-01-07,67,6,,False,https://github.com/braze-inc/braze-flutter-sdk/issues/10,"third-party (unsolicited, public issue tracker)"
braze-cordova-sdk,74,"Cordova iOS build is failed. AppboyUI.ContentCards.bundle"" not found. Run 'pod install' to update the copy resources script. ",closed,2021-10-22,2024-07-31,1012,2,,False,https://github.com/braze-inc/braze-cordova-sdk/issues/74,"third-party (unsolicited, public issue tracker)"
braze-flutter-sdk,9,"""None of the selected users have matching push tokens for iOS Push""",closed,2021-10-18,2021-12-06,48,3,,False,https://github.com/braze-inc/braze-flutter-sdk/issues/9,"third-party (unsolicited, public issue tracker)"
braze-web-sdk,106,Detecting if service is opt-out,closed,2021-10-11,2022-02-02,114,4,,False,https://github.com/braze-inc/braze-web-sdk/issues/106,"third-party (unsolicited, public issue tracker)"
braze-flutter-sdk,8,Content card logging documentation is incomplete,closed,2021-10-05,2021-10-29,24,2,,False,https://github.com/braze-inc/braze-flutter-sdk/issues/8,"third-party (unsolicited, public issue tracker)"
braze-web-sdk,105,`campaignId` is not typed in in-app messages,closed,2021-09-27,2021-09-27,0,1,,False,https://github.com/braze-inc/braze-web-sdk/issues/105,"third-party (unsolicited, public issue tracker)"
braze-web-sdk,104,`instanceof` keyword does not work for in app messages,closed,2021-09-27,2021-09-27,0,1,,False,https://github.com/braze-inc/braze-web-sdk/issues/104,"third-party (unsolicited, public issue tracker)"
braze-cordova-sdk,73,Android: Android keyboard not appearing on input focus - with IAM,closed,2021-09-27,2021-09-28,1,4,,False,https://github.com/braze-inc/braze-cordova-sdk/issues/73,"third-party (unsolicited, public issue tracker)"
braze-flutter-sdk,6,Braze Regiested firebase Toke to APPBOYreceiver,closed,2021-09-21,2021-11-02,42,8,,False,https://github.com/braze-inc/braze-flutter-sdk/issues/6,"third-party (unsolicited, public issue tracker)"
braze-cordova-sdk,72,iOS > Direct Opens not logging,closed,2021-09-20,2021-10-12,22,9,,False,https://github.com/braze-inc/braze-cordova-sdk/issues/72,"third-party (unsolicited, public issue tracker)"
braze-flutter-sdk,5,Braze plugin already receives in-app messages before we can handle them,closed,2021-09-03,2021-10-29,56,7,,False,https://github.com/braze-inc/braze-flutter-sdk/issues/5,"third-party (unsolicited, public issue tracker)"
braze-flutter-sdk,4,"InAppMessages are ""swallowed"" given the suggested setup",closed,2021-09-02,2021-10-29,57,14,,False,https://github.com/braze-inc/braze-flutter-sdk/issues/4,"third-party (unsolicited, public issue tracker)"
braze-web-sdk,103,Can't use web-sdk with Next.js.  ReferenceError: window is not defined when importing @braze/web-sdk.,closed,2021-07-21,2021-07-22,0,4,,False,https://github.com/braze-inc/braze-web-sdk/issues/103,"third-party (unsolicited, public issue tracker)"
braze-cordova-sdk,70,Android Capacitorjs Compatibility?,closed,2021-07-21,2021-08-16,26,5,,False,https://github.com/braze-inc/braze-cordova-sdk/issues/70,"third-party (unsolicited, public issue tracker)"
braze-cordova-sdk,69,Android implementation appears out of date ,closed,2021-07-14,2021-07-19,4,2,,False,https://github.com/braze-inc/braze-cordova-sdk/issues/69,"third-party (unsolicited, public issue tracker)"
braze-web-sdk,102,Content Cards' aspectRatio should be a number,closed,2021-07-12,2022-02-02,205,2,,False,https://github.com/braze-inc/braze-web-sdk/issues/102,"third-party (unsolicited, public issue tracker)"
braze-flutter-sdk,3,Content card methods need return values/error reporting,closed,2021-07-01,2021-07-06,4,4,,False,https://github.com/braze-inc/braze-flutter-sdk/issues/3,"third-party (unsolicited, public issue tracker)"
braze-web-sdk,101,Method getUnviewedCardCount() return wrong type,closed,2021-06-15,2021-08-31,77,4,,False,https://github.com/braze-inc/braze-web-sdk/issues/101,"third-party (unsolicited, public issue tracker)"
braze-web-sdk,100,Typescript Types,closed,2021-05-18,2021-09-14,119,2,,False,https://github.com/braze-inc/braze-web-sdk/issues/100,"third-party (unsolicited, public issue tracker)"
braze-flutter-sdk,2,test,closed,2021-05-03,2021-05-03,0,0,,False,https://github.com/braze-inc/braze-flutter-sdk/issues/2,"third-party (unsolicited, public issue tracker)"
braze-cordova-sdk,67,iOS build error AppboyUI.ContentCards.bundle not found,closed,2021-04-29,2021-05-06,7,1,,False,https://github.com/braze-inc/braze-cordova-sdk/issues/67,"third-party (unsolicited, public issue tracker)"
braze-web-sdk,99,Ab-pause-scrolling fails to remove if other classes on body,closed,2021-04-23,2021-08-31,130,3,,False,https://github.com/braze-inc/braze-web-sdk/issues/99,"third-party (unsolicited, public issue tracker)"
braze-web-sdk,98,Segment initialised SDK more susceptible to race conditions,closed,2021-04-13,2021-05-24,41,14,,False,https://github.com/braze-inc/braze-web-sdk/issues/98,"third-party (unsolicited, public issue tracker)"
braze-web-sdk,97,subscribeToClickedEvent after showFeed not working,closed,2021-03-17,2021-03-19,2,4,,False,https://github.com/braze-inc/braze-web-sdk/issues/97,"third-party (unsolicited, public issue tracker)"
braze-web-sdk,96,Massive Package Size,closed,2021-03-11,2022-04-26,411,10,,False,https://github.com/braze-inc/braze-web-sdk/issues/96,"third-party (unsolicited, public issue tracker)"
braze-cordova-sdk,65,use web-sdk and cordova-sdk at the same time within an ionic 5 application,closed,2021-02-08,2021-10-12,245,4,,False,https://github.com/braze-inc/braze-cordova-sdk/issues/65,"third-party (unsolicited, public issue tracker)"
braze-cordova-sdk,64,Add NPM support,closed,2021-01-25,2026-05-12,1933,3,,False,https://github.com/braze-inc/braze-cordova-sdk/issues/64,"third-party (unsolicited, public issue tracker)"
braze-web-sdk,95,Test web InApp Message requires push Token,closed,2021-01-22,2021-01-22,0,3,,False,https://github.com/braze-inc/braze-web-sdk/issues/95,"third-party (unsolicited, public issue tracker)"
braze-cordova-sdk,63,Error in cordova build ios,closed,2020-12-14,2021-07-21,218,5,,False,https://github.com/braze-inc/braze-cordova-sdk/issues/63,"third-party (unsolicited, public issue tracker)"
braze-cordova-sdk,62,Display notifications while app is in the foreground in iOS.,closed,2020-11-19,2021-10-03,317,0,,False,https://github.com/braze-inc/braze-cordova-sdk/issues/62,"third-party (unsolicited, public issue tracker)"
braze-cordova-sdk,61, Appboy-iOS-SDK / Segment-Appboy Version Mismatch ,closed,2020-11-18,2021-10-12,327,1,,False,https://github.com/braze-inc/braze-cordova-sdk/issues/61,"third-party (unsolicited, public issue tracker)"
braze-cordova-sdk,60,requestContentCardsRefresh - successCallback and errorCallback are undefined,closed,2020-11-04,2020-12-11,36,3,,False,https://github.com/braze-inc/braze-cordova-sdk/issues/60,"third-party (unsolicited, public issue tracker)"
braze-cordova-sdk,59,requestImmediateDataFlush does not accept callback,closed,2020-11-04,2020-12-11,36,6,,False,https://github.com/braze-inc/braze-cordova-sdk/issues/59,"third-party (unsolicited, public issue tracker)"
braze-cordova-sdk,58,SetLanguage,closed,2020-10-23,2020-12-11,49,2,,False,https://github.com/braze-inc/braze-cordova-sdk/issues/58,"third-party (unsolicited, public issue tracker)"
braze-cordova-sdk,57,How to activate Push notifications on iOS?,closed,2020-10-22,2020-12-11,50,20,,False,https://github.com/braze-inc/braze-cordova-sdk/issues/57,"third-party (unsolicited, public issue tracker)"
braze-cordova-sdk,56,"Plugin activates ""In-App Purchases"" on iOS (14.1)",closed,2020-10-22,2020-12-11,50,7,,False,https://github.com/braze-inc/braze-cordova-sdk/issues/56,"third-party (unsolicited, public issue tracker)"
braze-web-sdk,94,"When I used Braze 3.28.0, I Got request to switch to the current user ID. There is nothing to transition, returning without action",closed,2020-10-06,2020-10-06,0,3,,False,https://github.com/braze-inc/braze-web-sdk/issues/94,"third-party (unsolicited, public issue tracker)"
braze-web-sdk,91,Appboy SDK Error: ServiceWorker registration failed,closed,2020-09-14,2020-09-17,2,4,,False,https://github.com/braze-inc/braze-web-sdk/issues/91,"third-party (unsolicited, public issue tracker)"
braze-cordova-sdk,55,Android: Android keyboard not appearing on input focus - with IAM,closed,2020-09-01,2020-11-19,79,6,,False,https://github.com/braze-inc/braze-cordova-sdk/issues/55,"third-party (unsolicited, public issue tracker)"
braze-cordova-sdk,54,New SDK updates for iOS/Andriod,closed,2020-08-15,2020-08-30,14,2,,False,https://github.com/braze-inc/braze-cordova-sdk/issues/54,"third-party (unsolicited, public issue tracker)"
braze-web-sdk,89,"Question: use only CustomHtml In app message, do library still need to load fontawesome ?",closed,2020-07-25,2020-07-27,1,2,,False,https://github.com/braze-inc/braze-web-sdk/issues/89,"third-party (unsolicited, public issue tracker)"
braze-web-sdk,88,"Question: Long loading ""fontawesome"" block other asset in Safari/Chrome browser",closed,2020-07-13,2020-07-14,1,4,,False,https://github.com/braze-inc/braze-web-sdk/issues/88,"third-party (unsolicited, public issue tracker)"
braze-web-sdk,87,"Question: Is there any difference using alias methods e.g. setFirstName vs setCustomUserAttribute(""first_name"")?",closed,2020-07-06,2020-07-06,0,2,,False,https://github.com/braze-inc/braze-web-sdk/issues/87,"third-party (unsolicited, public issue tracker)"
braze-web-sdk,86,SDK breaks on web on all browsers.,closed,2020-06-17,2020-06-23,5,1,,False,https://github.com/braze-inc/braze-web-sdk/issues/86,"third-party (unsolicited, public issue tracker)"
braze-web-sdk,85,Question: Does In-APP messaging works if notification setting is off/blocked?,closed,2020-05-22,2020-05-22,0,1,,False,https://github.com/braze-inc/braze-web-sdk/issues/85,"third-party (unsolicited, public issue tracker)"
braze-web-sdk,84,Question: Tracking in-app message clicks/dismissals (v2.5.2),closed,2020-05-21,2020-05-27,6,5,,False,https://github.com/braze-inc/braze-web-sdk/issues/84,"third-party (unsolicited, public issue tracker)"
braze-cordova-sdk,53,No push subscription state update via the app settings,closed,2020-05-05,2020-05-05,0,4,,False,https://github.com/braze-inc/braze-cordova-sdk/issues/53,"third-party (unsolicited, public issue tracker)"
braze-cordova-sdk,52,Getting error in build for iOS - IDFADelegate,closed,2020-04-23,2021-01-08,260,44,,False,https://github.com/braze-inc/braze-cordova-sdk/issues/52,"third-party (unsolicited, public issue tracker)"
braze-web-sdk,82,Question: Handling error fetching news feed,closed,2020-04-17,2022-02-15,669,3,,False,https://github.com/braze-inc/braze-web-sdk/issues/82,"third-party (unsolicited, public issue tracker)"
braze-web-sdk,81,Question: removing user from Browser storages,closed,2020-03-24,2020-03-24,0,2,,False,https://github.com/braze-inc/braze-web-sdk/issues/81,"third-party (unsolicited, public issue tracker)"
braze-cordova-sdk,50,ITMS-90809: Deprecated API Usage - UIWeb Worning!,closed,2020-03-20,2020-03-20,0,3,,False,https://github.com/braze-inc/braze-cordova-sdk/issues/50,"third-party (unsolicited, public issue tracker)"
braze-web-sdk,80,Can we have access to sdk source code?,closed,2020-03-02,2020-03-04,1,1,,False,https://github.com/braze-inc/braze-web-sdk/issues/80,"third-party (unsolicited, public issue tracker)"
braze-web-sdk,79,Can we have access to sdk source code?,closed,2020-03-02,2020-03-04,2,2,,False,https://github.com/braze-inc/braze-web-sdk/issues/79,"third-party (unsolicited, public issue tracker)"
braze-cordova-sdk,49,Can this plugin use with https://capacitor.ionicframework.com/ ?,closed,2020-02-27,2020-03-02,4,32,,False,https://github.com/braze-inc/braze-cordova-sdk/issues/49,"third-party (unsolicited, public issue tracker)"
braze-web-sdk,78,Non AMD version of appboy.js?,closed,2020-02-19,2020-03-17,26,2,,False,https://github.com/braze-inc/braze-web-sdk/issues/78,"third-party (unsolicited, public issue tracker)"
braze-web-sdk,77,Question: `subscribeToInAppMessage` not called (v2.4.1),closed,2020-02-17,2020-02-20,2,4,,False,https://github.com/braze-inc/braze-web-sdk/issues/77,"third-party (unsolicited, public issue tracker)"
braze-cordova-sdk,48,Facing issue with building ios for 2.13.0,closed,2020-02-09,2020-05-15,96,11,,False,https://github.com/braze-inc/braze-cordova-sdk/issues/48,"third-party (unsolicited, public issue tracker)"
braze-web-sdk,76,Question: Updating `getUnviewedCardCount` (v2.4.1),closed,2020-02-03,2020-02-04,1,2,,False,https://github.com/braze-inc/braze-web-sdk/issues/76,"third-party (unsolicited, public issue tracker)"
braze-web-sdk,75,Question: `logCardClick` not updating cards (v2.4.1),closed,2020-02-03,2020-03-17,42,9,,False,https://github.com/braze-inc/braze-web-sdk/issues/75,"third-party (unsolicited, public issue tracker)"
braze-web-sdk,74,No cards received from appBoy.getCachedContentCards() in 2.4.0,closed,2020-01-28,2020-01-29,0,3,,False,https://github.com/braze-inc/braze-web-sdk/issues/74,"third-party (unsolicited, public issue tracker)"
braze-web-sdk,73,[Question] There is a relevant difference using google tag manager?,closed,2020-01-20,2020-01-22,1,2,,False,https://github.com/braze-inc/braze-web-sdk/issues/73,"third-party (unsolicited, public issue tracker)"
braze-web-sdk,72,Safari: Soft Push Notification,closed,2020-01-16,2020-01-16,0,1,,False,https://github.com/braze-inc/braze-web-sdk/issues/72,"third-party (unsolicited, public issue tracker)"
braze-web-sdk,71,Feature Request: Typescript Type Definition files,closed,2019-12-11,2020-08-14,247,9,,False,https://github.com/braze-inc/braze-web-sdk/issues/71,"third-party (unsolicited, public issue tracker)"
braze-web-sdk,70,Braze message sent count not increasing : [ Braze Notification ] ,closed,2019-12-04,2019-12-04,0,1,,False,https://github.com/braze-inc/braze-web-sdk/issues/70,"third-party (unsolicited, public issue tracker)"
braze-cordova-sdk,47,Android not registering tokens,closed,2019-12-03,2019-12-05,1,8,,False,https://github.com/braze-inc/braze-cordova-sdk/issues/47,"third-party (unsolicited, public issue tracker)"
braze-web-sdk,69,Safari not receiving web push,closed,2019-12-02,2019-12-11,9,1,,False,https://github.com/braze-inc/braze-web-sdk/issues/69,"third-party (unsolicited, public issue tracker)"
braze-web-sdk,68,SDK breaks push notifications in newer Safari,closed,2019-11-26,2019-11-26,0,1,,False,https://github.com/braze-inc/braze-web-sdk/issues/68,"third-party (unsolicited, public issue tracker)"
braze-web-sdk,67,campaignId is undefined in subscribeToNewInAppMessages & subscribeToInAppMessage,closed,2019-11-11,2019-11-12,1,1,,False,https://github.com/braze-inc/braze-web-sdk/issues/67,"third-party (unsolicited, public issue tracker)"
braze-cordova-sdk,46,Should probably pin dependency versions,closed,2019-10-30,2019-10-31,1,2,,False,https://github.com/braze-inc/braze-cordova-sdk/issues/46,"third-party (unsolicited, public issue tracker)"
braze-web-sdk,66,Cant dismiss card manually. Appboy: Card [object Object] refused this dismissal. Ignoring analytics event.,closed,2019-10-29,2019-10-30,0,4,,False,https://github.com/braze-inc/braze-web-sdk/issues/66,"third-party (unsolicited, public issue tracker)"
braze-web-sdk,65,Catch service worker errors,closed,2019-10-24,2020-02-19,118,5,,False,https://github.com/braze-inc/braze-web-sdk/issues/65,"third-party (unsolicited, public issue tracker)"
braze-web-sdk,64,Network requests going to both https://sdk.iad-03.appboy.com/ & https://sdk.iad-03.braze.com/,closed,2019-10-23,2019-10-23,0,4,,False,https://github.com/braze-inc/braze-web-sdk/issues/64,"third-party (unsolicited, public issue tracker)"
braze-web-sdk,63,Race condition causes queued events to error out,closed,2019-10-21,2019-10-23,1,1,,False,https://github.com/braze-inc/braze-web-sdk/issues/63,"third-party (unsolicited, public issue tracker)"
braze-web-sdk,62,No cards received from appBoy.getCachedContentCards() in 2.4.x but works in 2.3.4,closed,2019-10-08,2019-10-16,7,5,,False,https://github.com/braze-inc/braze-web-sdk/issues/62,"third-party (unsolicited, public issue tracker)"
braze-cordova-sdk,45,iOS - Push notification when the app is open ,closed,2019-10-02,2020-08-29,331,14,,False,https://github.com/braze-inc/braze-cordova-sdk/issues/45,"third-party (unsolicited, public issue tracker)"
braze-web-sdk,61,Uncaught (in promise) TypeError: Cannot read property 'jl' of undefined,closed,2019-09-30,2019-10-02,2,2,,False,https://github.com/braze-inc/braze-web-sdk/issues/61,"third-party (unsolicited, public issue tracker)"
braze-web-sdk,60,subscribeToInAppMessage is not a function,closed,2019-09-26,2019-09-26,0,2,,False,https://github.com/braze-inc/braze-web-sdk/issues/60,"third-party (unsolicited, public issue tracker)"
braze-web-sdk,59,Question: Future of `messageReadyCallback`,closed,2019-09-25,2020-03-17,173,5,,False,https://github.com/braze-inc/braze-web-sdk/issues/59,"third-party (unsolicited, public issue tracker)"
braze-cordova-sdk,44,iOS - Bluetooth Permission,closed,2019-09-20,2019-09-20,0,2,,False,https://github.com/braze-inc/braze-cordova-sdk/issues/44,"third-party (unsolicited, public issue tracker)"
braze-web-sdk,58,"logInAppMessageImpression says ""The in-app message has no analytics id. Not logging event to Braze servers.""",closed,2019-09-17,2019-09-17,0,4,,False,https://github.com/braze-inc/braze-web-sdk/issues/58,"third-party (unsolicited, public issue tracker)"
braze-cordova-sdk,43,Issue with the plugin installation,closed,2019-09-12,2019-09-13,0,3,,False,https://github.com/braze-inc/braze-cordova-sdk/issues/43,"third-party (unsolicited, public issue tracker)"
braze-web-sdk,57,Does gcm_sender_id in manifest.json is still needed?,closed,2019-07-31,2019-10-04,65,9,,False,https://github.com/braze-inc/braze-web-sdk/issues/57,"third-party (unsolicited, public issue tracker)"
braze-cordova-sdk,42,Icon Drawable,closed,2019-07-24,2019-07-24,0,3,,False,https://github.com/braze-inc/braze-cordova-sdk/issues/42,"third-party (unsolicited, public issue tracker)"
braze-cordova-sdk,41,Android - Not Registering for Push,closed,2019-07-24,2019-07-24,0,3,,False,https://github.com/braze-inc/braze-cordova-sdk/issues/41,"third-party (unsolicited, public issue tracker)"
braze-web-sdk,56,"Issue with CSP rule ""style-src 'self'""",closed,2019-06-24,2019-09-10,78,4,,False,https://github.com/braze-inc/braze-web-sdk/issues/56,"third-party (unsolicited, public issue tracker)"
braze-cordova-sdk,40,Android Network error,closed,2019-06-21,2019-09-13,84,1,,False,https://github.com/braze-inc/braze-cordova-sdk/issues/40,"third-party (unsolicited, public issue tracker)"
braze-web-sdk,55,Failed to register a ServiceWorker: The URL protocol of the current origin ('null') is not supported.,closed,2019-06-14,2019-06-25,10,2,,False,https://github.com/braze-inc/braze-web-sdk/issues/55,"third-party (unsolicited, public issue tracker)"
braze-cordova-sdk,39,Automatic ios config fails,closed,2019-06-12,2019-06-14,2,4,,False,https://github.com/braze-inc/braze-cordova-sdk/issues/39,"third-party (unsolicited, public issue tracker)"
braze-web-sdk,54,Unsubscribing push unregisters our Service Worker,closed,2019-06-07,2019-09-10,95,2,,False,https://github.com/braze-inc/braze-web-sdk/issues/54,"third-party (unsolicited, public issue tracker)"
braze-web-sdk,53,Unusable without 'unsafe-eval' Content Security Policy,closed,2019-06-07,2022-02-04,973,11,,False,https://github.com/braze-inc/braze-web-sdk/issues/53,"third-party (unsolicited, public issue tracker)"
braze-web-sdk,52,class 'ab-pause-scrolling' not being removed from body in double modal situation,closed,2019-06-04,2019-06-07,3,6,,False,https://github.com/braze-inc/braze-web-sdk/issues/52,"third-party (unsolicited, public issue tracker)"
braze-web-sdk,51,Push notifications in angular,closed,2019-05-24,2019-06-21,28,3,,False,https://github.com/braze-inc/braze-web-sdk/issues/51,"third-party (unsolicited, public issue tracker)"
braze-web-sdk,50,Web push notification error,closed,2019-05-20,2019-09-10,113,6,,False,https://github.com/braze-inc/braze-web-sdk/issues/50,"third-party (unsolicited, public issue tracker)"
braze-web-sdk,49,"baseUrl should accept a domain without /api/v3, e.g. https://sdk.iad-03.braze.com",closed,2019-05-20,2019-09-10,113,6,,False,https://github.com/braze-inc/braze-web-sdk/issues/49,"third-party (unsolicited, public issue tracker)"
braze-cordova-sdk,38,RuntimeException,closed,2019-05-14,2019-09-13,121,6,,False,https://github.com/braze-inc/braze-cordova-sdk/issues/38,"third-party (unsolicited, public issue tracker)"
braze-cordova-sdk,37,Possible problem with AppboyConfigurationProvider.getAppboyApiKey(),closed,2019-05-08,2019-05-13,5,2,,False,https://github.com/braze-inc/braze-cordova-sdk/issues/37,"third-party (unsolicited, public issue tracker)"
braze-web-sdk,48,GTM error caused by default install snippet,closed,2019-04-02,2019-04-15,13,8,,False,https://github.com/braze-inc/braze-web-sdk/issues/48,"third-party (unsolicited, public issue tracker)"
braze-cordova-sdk,36,Android purchase price,closed,2019-03-29,2019-05-13,45,2,,False,https://github.com/braze-inc/braze-cordova-sdk/issues/36,"third-party (unsolicited, public issue tracker)"
braze-cordova-sdk,35,Weird number conversion for iOS,closed,2019-03-29,2019-06-04,66,4,,False,https://github.com/braze-inc/braze-cordova-sdk/issues/35,"third-party (unsolicited, public issue tracker)"
braze-web-sdk,47,invalid api key,closed,2019-03-01,2019-03-01,0,2,,False,https://github.com/braze-inc/braze-web-sdk/issues/47,"third-party (unsolicited, public issue tracker)"
braze-cordova-sdk,34,Errors when uploading iOS build to TestFlight,closed,2019-01-30,2019-02-01,2,0,,False,https://github.com/braze-inc/braze-cordova-sdk/issues/34,"third-party (unsolicited, public issue tracker)"
braze-cordova-sdk,33,dyld: Library not loaded: ,closed,2019-01-28,2019-01-30,2,6,,False,https://github.com/braze-inc/braze-cordova-sdk/issues/33,"third-party (unsolicited, public issue tracker)"
braze-web-sdk,46,Uncaught ReferenceError: appboyBridge is not defined,closed,2018-12-21,2019-01-03,13,3,,False,https://github.com/braze-inc/braze-web-sdk/issues/46,"third-party (unsolicited, public issue tracker)"
braze-cordova-sdk,32,Unable to register for push notifications on iOS,closed,2018-12-21,2019-01-07,16,2,,False,https://github.com/braze-inc/braze-cordova-sdk/issues/32,"third-party (unsolicited, public issue tracker)"
braze-cordova-sdk,31,App crash on Android,closed,2018-11-14,2018-11-29,14,12,,False,https://github.com/braze-inc/braze-cordova-sdk/issues/31,"third-party (unsolicited, public issue tracker)"
braze-cordova-sdk,30,Flush custom events manually,closed,2018-11-12,2019-01-30,79,3,,False,https://github.com/braze-inc/braze-cordova-sdk/issues/30,"third-party (unsolicited, public issue tracker)"
braze-cordova-sdk,29,Session Starts Automatically with Cordova SDK,closed,2018-10-25,2020-10-23,728,2,,False,https://github.com/braze-inc/braze-cordova-sdk/issues/29,"third-party (unsolicited, public issue tracker)"
braze-cordova-sdk,28,Support for ios 12 & general question about sdk updates,closed,2018-10-15,2018-10-16,1,3,,False,https://github.com/braze-inc/braze-cordova-sdk/issues/28,"third-party (unsolicited, public issue tracker)"
braze-web-sdk,45,Callback for sdk load event,closed,2018-09-28,2018-09-29,0,3,,False,https://github.com/braze-inc/braze-web-sdk/issues/45,"third-party (unsolicited, public issue tracker)"
braze-web-sdk,44,Uncought TypeError from appboy.min.js,closed,2018-09-27,2018-09-27,0,2,,False,https://github.com/braze-inc/braze-web-sdk/issues/44,"third-party (unsolicited, public issue tracker)"
braze-web-sdk,43,ServiceWorker for push notifications not loading due to redirect,closed,2018-09-18,2018-09-18,0,3,,False,https://github.com/braze-inc/braze-web-sdk/issues/43,"third-party (unsolicited, public issue tracker)"
braze-web-sdk,42,RangeError: Unsupported time zone specified undefined,closed,2018-08-14,2018-08-14,0,3,,False,https://github.com/braze-inc/braze-web-sdk/issues/42,"third-party (unsolicited, public issue tracker)"
braze-cordova-sdk,27,Phonegap 8.0.0 Andoid build issue ,closed,2018-08-03,2018-08-07,3,2,,False,https://github.com/braze-inc/braze-cordova-sdk/issues/27,"third-party (unsolicited, public issue tracker)"
braze-web-sdk,41,Programmatically dismissing In App Messages,closed,2018-07-09,2019-04-04,269,2,,False,https://github.com/braze-inc/braze-web-sdk/issues/41,"third-party (unsolicited, public issue tracker)"
braze-web-sdk,40,appboy.openSession throwing error on safari 9,closed,2018-06-21,2018-06-22,1,3,,False,https://github.com/braze-inc/braze-web-sdk/issues/40,"third-party (unsolicited, public issue tracker)"
braze-web-sdk,39,appboy.openSession throws an exception when in an Iframe on safari,closed,2018-06-17,2018-08-13,57,3,,False,https://github.com/braze-inc/braze-web-sdk/issues/39,"third-party (unsolicited, public issue tracker)"
braze-cordova-sdk,26,Phonegap build issue with geofence-branch,closed,2018-05-31,2018-06-04,3,1,,False,https://github.com/braze-inc/braze-cordova-sdk/issues/26,"third-party (unsolicited, public issue tracker)"
braze-cordova-sdk,25,Firebase Cloud Messaging,closed,2018-05-07,2018-05-07,0,2,,False,https://github.com/braze-inc/braze-cordova-sdk/issues/25,"third-party (unsolicited, public issue tracker)"
braze-cordova-sdk,23,Android - Obtain Location Permissions from the End User,closed,2018-04-29,2018-05-02,3,1,,False,https://github.com/braze-inc/braze-cordova-sdk/issues/23,"third-party (unsolicited, public issue tracker)"
braze-cordova-sdk,22,sample-project - Android integration issues,closed,2018-04-22,2018-04-24,2,4,,False,https://github.com/braze-inc/braze-cordova-sdk/issues/22,"third-party (unsolicited, public issue tracker)"
braze-cordova-sdk,21,iOS build issuse,closed,2018-04-20,2018-04-23,3,4,,False,https://github.com/braze-inc/braze-cordova-sdk/issues/21,"third-party (unsolicited, public issue tracker)"
braze-web-sdk,38,registerAppboyPushMessages works incorrect on permission popup close,closed,2018-04-18,2018-08-13,117,5,,False,https://github.com/braze-inc/braze-web-sdk/issues/38,"third-party (unsolicited, public issue tracker)"
braze-cordova-sdk,20,Push registration - Manual call,closed,2018-04-17,2018-05-02,14,8,,False,https://github.com/braze-inc/braze-cordova-sdk/issues/20,"third-party (unsolicited, public issue tracker)"
braze-web-sdk,37,node.js compatible appboy sdk?,closed,2018-03-19,2019-04-01,377,11,,False,https://github.com/braze-inc/braze-web-sdk/issues/37,"third-party (unsolicited, public issue tracker)"
braze-web-sdk,36,using of registerAppboyPushMessages,closed,2018-03-05,2018-04-03,29,6,,False,https://github.com/braze-inc/braze-web-sdk/issues/36,"third-party (unsolicited, public issue tracker)"
braze-web-sdk,35,Broken logger for IndexedDBAdapter at service-worker.js,closed,2018-01-10,2018-01-10,0,4,,False,https://github.com/braze-inc/braze-web-sdk/issues/35,"third-party (unsolicited, public issue tracker)"
braze-web-sdk,34,How to determine when appboy is loaded,closed,2018-01-07,2018-01-07,0,1,,False,https://github.com/braze-inc/braze-web-sdk/issues/34,"third-party (unsolicited, public issue tracker)"
braze-web-sdk,33,Soft Push - TypeError: Cannot read property 'push' of null,closed,2018-01-04,2018-01-11,7,3,,False,https://github.com/braze-inc/braze-web-sdk/issues/33,"third-party (unsolicited, public issue tracker)"
braze-web-sdk,32,Push giving me a 410 error,closed,2017-12-05,2017-12-05,0,9,,False,https://github.com/braze-inc/braze-web-sdk/issues/32,"third-party (unsolicited, public issue tracker)"
braze-cordova-sdk,18,Cordova-ios build issue,closed,2017-11-16,2017-11-20,4,2,,False,https://github.com/braze-inc/braze-cordova-sdk/issues/18,"third-party (unsolicited, public issue tracker)"
braze-cordova-sdk,17,Notification click handling,closed,2017-11-15,2018-02-23,99,7,,False,https://github.com/braze-inc/braze-cordova-sdk/issues/17,"third-party (unsolicited, public issue tracker)"
braze-web-sdk,31,Feature Request: Callback or a promise chain on openSession once session is actually initialized,closed,2017-10-11,2018-01-10,90,5,,False,https://github.com/braze-inc/braze-web-sdk/issues/31,"third-party (unsolicited, public issue tracker)"
braze-web-sdk,30,API method to close session ,closed,2017-09-11,2017-09-11,0,1,,False,https://github.com/braze-inc/braze-web-sdk/issues/30,"third-party (unsolicited, public issue tracker)"
braze-web-sdk,29,Appboy logo is broken link on Readme page,closed,2017-07-18,2017-07-19,1,2,,False,https://github.com/braze-inc/braze-web-sdk/issues/29,"third-party (unsolicited, public issue tracker)"
braze-web-sdk,28,Update to Font Awesome 4.7.0,closed,2017-07-18,2018-04-03,259,2,,False,https://github.com/braze-inc/braze-web-sdk/issues/28,"third-party (unsolicited, public issue tracker)"
braze-web-sdk,26,"Send simple modal message from campaign for ""Web"" only",closed,2017-06-06,2017-06-06,0,4,,False,https://github.com/braze-inc/braze-web-sdk/issues/26,"third-party (unsolicited, public issue tracker)"
braze-web-sdk,25,Get in-app message to display on user's first page view,closed,2017-06-01,2017-06-01,0,6,,False,https://github.com/braze-inc/braze-web-sdk/issues/25,"third-party (unsolicited, public issue tracker)"
braze-web-sdk,24,Notification not showing after disable and enable again.,closed,2017-05-12,2017-05-15,2,1,,False,https://github.com/braze-inc/braze-web-sdk/issues/24,"third-party (unsolicited, public issue tracker)"
braze-web-sdk,23,Safari web push configuration,closed,2017-05-04,2017-05-04,0,1,,False,https://github.com/braze-inc/braze-web-sdk/issues/23,"third-party (unsolicited, public issue tracker)"
braze-web-sdk,22,Appboy: Trigger event custom_event did not match any trigger conditions.,closed,2017-05-03,2017-05-04,1,3,,False,https://github.com/braze-inc/braze-web-sdk/issues/22,"third-party (unsolicited, public issue tracker)"
braze-cordova-sdk,15,Keyboard on Android Nougat not working after receiving in app message,closed,2017-05-03,2017-07-19,77,7,,False,https://github.com/braze-inc/braze-cordova-sdk/issues/15,"third-party (unsolicited, public issue tracker)"
braze-web-sdk,21,in app messages not being fired,closed,2017-05-01,2017-05-01,0,1,,False,https://github.com/braze-inc/braze-web-sdk/issues/21,"third-party (unsolicited, public issue tracker)"
braze-web-sdk,20,How do I know when appboy is initialized,closed,2017-04-28,2017-04-28,0,2,,False,https://github.com/braze-inc/braze-web-sdk/issues/20,"third-party (unsolicited, public issue tracker)"
braze-web-sdk,19,Appboy number of cookies causing 413 responses on Cloudfront,closed,2017-04-25,2017-09-07,135,3,,False,https://github.com/braze-inc/braze-web-sdk/issues/19,"third-party (unsolicited, public issue tracker)"
braze-web-sdk,18,Support to `registerAppboyPushMessages();` in use HTML & CSS In app message.,closed,2017-04-11,2017-04-12,1,6,,False,https://github.com/braze-inc/braze-web-sdk/issues/18,"third-party (unsolicited, public issue tracker)"
braze-web-sdk,17,Notification is not defined,closed,2017-04-06,2017-04-06,0,3,,False,https://github.com/braze-inc/braze-web-sdk/issues/17,"third-party (unsolicited, public issue tracker)"
braze-cordova-sdk,13,Problems with 2.2.0,closed,2017-04-03,2017-04-13,10,7,,False,https://github.com/braze-inc/braze-cordova-sdk/issues/13,"third-party (unsolicited, public issue tracker)"
braze-cordova-sdk,12,Android 7 not registering for notifications,closed,2017-03-13,2017-03-14,1,7,,False,https://github.com/braze-inc/braze-cordova-sdk/issues/12,"third-party (unsolicited, public issue tracker)"
braze-web-sdk,16,Documentation Problem: InAppMessage.buttons default,closed,2016-12-20,2016-12-20,0,3,,False,https://github.com/braze-inc/braze-web-sdk/issues/16,"third-party (unsolicited, public issue tracker)"
braze-cordova-sdk,10,Question: Which Branch to use,closed,2016-12-07,2017-01-12,36,10,,False,https://github.com/braze-inc/braze-cordova-sdk/issues/10,"third-party (unsolicited, public issue tracker)"
braze-web-sdk,15,Notifications bottom some screens,closed,2016-10-21,2016-11-16,26,2,,False,https://github.com/braze-inc/braze-web-sdk/issues/15,"third-party (unsolicited, public issue tracker)"
braze-web-sdk,14,Ghost Notifcations,closed,2016-10-20,2016-12-19,59,7,,False,https://github.com/braze-inc/braze-web-sdk/issues/14,"third-party (unsolicited, public issue tracker)"
braze-cordova-sdk,9,Question,closed,2016-10-17,2016-10-24,7,12,,False,https://github.com/braze-inc/braze-cordova-sdk/issues/9,"third-party (unsolicited, public issue tracker)"
braze-web-sdk,13,isPushGranted calls noCallback when permission is granted,closed,2016-10-14,2016-10-18,3,8,,False,https://github.com/braze-inc/braze-web-sdk/issues/13,"third-party (unsolicited, public issue tracker)"
braze-cordova-sdk,8,[Android] Ability to specify notification accent color and small icons,closed,2016-10-06,2016-12-07,61,2,,False,https://github.com/braze-inc/braze-cordova-sdk/issues/8,"third-party (unsolicited, public issue tracker)"
braze-web-sdk,12,Callback Method Signature Inconsistency,closed,2016-10-05,2016-10-05,0,2,,False,https://github.com/braze-inc/braze-web-sdk/issues/12,"third-party (unsolicited, public issue tracker)"
braze-web-sdk,11,registerAppboyPushMessages takes Safari push id,closed,2016-10-04,2016-10-14,10,3,,False,https://github.com/braze-inc/braze-web-sdk/issues/11,"third-party (unsolicited, public issue tracker)"
braze-web-sdk,10,Chrome pushes not coming through,closed,2016-10-03,2016-10-04,0,3,,False,https://github.com/braze-inc/braze-web-sdk/issues/10,"third-party (unsolicited, public issue tracker)"
braze-web-sdk,9,Expose way to stub internal redirect method,closed,2016-09-15,2016-09-16,0,2,,False,https://github.com/braze-inc/braze-web-sdk/issues/9,"third-party (unsolicited, public issue tracker)"
braze-web-sdk,8,showInAppMessages() override for SPA framework minification workaround,closed,2016-09-15,2016-09-16,1,6,,False,https://github.com/braze-inc/braze-web-sdk/issues/8,"third-party (unsolicited, public issue tracker)"
braze-web-sdk,7,Feature Request: Automated Testing Mode,closed,2016-09-15,2022-02-15,1979,3,,False,https://github.com/braze-inc/braze-web-sdk/issues/7,"third-party (unsolicited, public issue tracker)"
braze-web-sdk,6,Web push notifications,closed,2016-08-04,2016-09-10,36,12,,False,https://github.com/braze-inc/braze-web-sdk/issues/6,"third-party (unsolicited, public issue tracker)"
braze-web-sdk,5,Asynchronous JS call,closed,2016-05-25,2016-08-02,68,7,,False,https://github.com/braze-inc/braze-web-sdk/issues/5,"third-party (unsolicited, public issue tracker)"
braze-web-sdk,4,Api key visibility,closed,2016-05-15,2016-05-15,0,5,,False,https://github.com/braze-inc/braze-web-sdk/issues/4,"third-party (unsolicited, public issue tracker)"
braze-cordova-sdk,4,Feature Request: Unread Newsfeed Count,closed,2016-04-18,2016-10-07,171,2,,False,https://github.com/braze-inc/braze-cordova-sdk/issues/4,"third-party (unsolicited, public issue tracker)"
braze-web-sdk,3,1.2.2 - appboy.display is undefined,closed,2016-03-01,2016-03-01,0,3,,False,https://github.com/braze-inc/braze-web-sdk/issues/3,"third-party (unsolicited, public issue tracker)"
braze-web-sdk,2,Publish on npm,closed,2016-02-25,2016-03-02,6,4,,False,https://github.com/braze-inc/braze-web-sdk/issues/2,"third-party (unsolicited, public issue tracker)"
