host,first_seen,issuer,apex,source,certs,evidence
braze.com,2025-08-06,"C=US, O=Amazon, CN=Amazon RSA 2048 M02",braze.com,certspotter,4,infrastructure (certificate transparency)
clicks.partnernews.braze.com,2025-10-06,"C=BE, O=GlobalSign nv-sa, CN=GlobalSign Atlas R3 DV TLS CA 2025 Q3",braze.com,certspotter,1,infrastructure (certificate transparency)
lab.braze.com,2025-10-15,"C=US, O=Amazon, CN=Amazon RSA 2048 M04",braze.com,certspotter,1,infrastructure (certificate transparency)
cloudbound.nasuni.com,2025-10-20,"C=US, O=Amazon, CN=Amazon RSA 2048 M04",braze.com,certspotter,2,infrastructure (certificate transparency)
connectorsummit23.crossbeam.com,2025-10-20,"C=US, O=Amazon, CN=Amazon RSA 2048 M04",braze.com,certspotter,2,infrastructure (certificate transparency)
forge-amer-reg.globalevents.braze.com,2025-10-20,"C=US, O=Amazon, CN=Amazon RSA 2048 M04",braze.com,certspotter,2,infrastructure (certificate transparency)
forge-emea-reg.globalevents.braze.com,2025-10-20,"C=US, O=Amazon, CN=Amazon RSA 2048 M04",braze.com,certspotter,2,infrastructure (certificate transparency)
forge-hub.globalevents.braze.com,2025-10-20,"C=US, O=Amazon, CN=Amazon RSA 2048 M04",braze.com,certspotter,2,infrastructure (certificate transparency)
forge.globalevents.braze.com,2025-10-20,"C=US, O=Amazon, CN=Amazon RSA 2048 M04",braze.com,certspotter,2,infrastructure (certificate transparency)
marketingsuccess.mailchimp.com,2025-10-20,"C=US, O=Amazon, CN=Amazon RSA 2048 M04",braze.com,certspotter,3,infrastructure (certificate transparency)
mtesregistration.kobiton.com,2025-10-20,"C=US, O=Amazon, CN=Amazon RSA 2048 M04",braze.com,certspotter,2,infrastructure (certificate transparency)
registration.calendly.com,2025-10-20,"C=US, O=Amazon, CN=Amazon RSA 2048 M04",braze.com,certspotter,2,infrastructure (certificate transparency)
rko2024registration.ontra.ai,2025-10-20,"C=US, O=Amazon, CN=Amazon RSA 2048 M04",braze.com,certspotter,2,infrastructure (certificate transparency)
webinars.decrypt.co,2025-10-20,"C=US, O=Amazon, CN=Amazon RSA 2048 M04",braze.com,certspotter,2,infrastructure (certificate transparency)
webinars.lattice.com,2025-10-20,"C=US, O=Amazon, CN=Amazon RSA 2048 M04",braze.com,certspotter,2,infrastructure (certificate transparency)
wms-unpackedregistration.shipbob.com,2025-10-20,"C=US, O=Amazon, CN=Amazon RSA 2048 M04",braze.com,certspotter,2,infrastructure (certificate transparency)
www.ai-summit.goldcast.io,2025-10-20,"C=US, O=Amazon, CN=Amazon RSA 2048 M04",braze.com,certspotter,2,infrastructure (certificate transparency)
www.goldcast.over-haul.com,2025-10-20,"C=US, O=Amazon, CN=Amazon RSA 2048 M04",braze.com,certspotter,2,infrastructure (certificate transparency)
www.mailchimpmarketingsuccess.com,2025-10-20,"C=US, O=Amazon, CN=Amazon RSA 2048 M04",braze.com,certspotter,2,infrastructure (certificate transparency)
partnerlab.braze.com,2025-10-24,"C=US, O=Amazon, CN=Amazon RSA 2048 M01",braze.com,certspotter,1,infrastructure (certificate transparency)
view2023.birdeye.com,2025-11-04,"C=US, O=Amazon, CN=Amazon RSA 2048 M04",braze.com,certspotter,2,infrastructure (certificate transparency)
view2023registration.birdeye.com,2025-11-04,"C=US, O=Amazon, CN=Amazon RSA 2048 M04",braze.com,certspotter,1,infrastructure (certificate transparency)
confluence-uat.braze.com,2025-11-30,"C=US, O=Amazon, CN=Amazon RSA 2048 M04",braze.com,certspotter,1,infrastructure (certificate transparency)
confluence.atl.braze.com,2025-11-30,"C=US, O=Amazon, CN=Amazon RSA 2048 M01",braze.com,certspotter,1,infrastructure (certificate transparency)
jira-uat.braze.com,2025-12-09,"C=US, O=Amazon, CN=Amazon RSA 2048 M01",braze.com,certspotter,1,infrastructure (certificate transparency)
jira.atl.braze.com,2025-12-09,"C=US, O=Amazon, CN=Amazon RSA 2048 M04",braze.com,certspotter,1,infrastructure (certificate transparency)
arxkc89723.stage.lithium.com,2025-12-15,"C=US, O=Amazon, CN=Amazon ECDSA 256 M01",braze.com,certspotter,3,infrastructure (certificate transparency)
community-stage.braze.com,2025-12-15,"C=US, O=Amazon, CN=Amazon ECDSA 256 M01",braze.com,certspotter,3,infrastructure (certificate transparency)
learning.braze.com,2026-01-19,"C=US, O=Amazon, CN=Amazon RSA 2048 M04",braze.com,certspotter,1,infrastructure (certificate transparency)
ablink.internal.braze.com,2026-01-20,"C=BE, O=GlobalSign nv-sa, CN=GlobalSign Atlas R3 DV TLS CA 2026 Q1",braze.com,certspotter,1,infrastructure (certificate transparency)
brand.braze.com,2026-01-21,"C=US, O=Amazon, CN=Amazon RSA 2048 M01",braze.com,certspotter,1,infrastructure (certificate transparency)
braze.bynder.com,2026-01-21,"C=US, O=Amazon, CN=Amazon RSA 2048 M01",braze.com,certspotter,1,infrastructure (certificate transparency)
events-app.braze.com,2026-01-28,"C=US, O=Amazon, CN=Amazon RSA 2048 M01",braze.com,certspotter,1,infrastructure (certificate transparency)
portal.help.braze.com,2026-02-17,"C=US, O=Amazon, CN=Amazon RSA 2048 M01",braze.com,certspotter,1,infrastructure (certificate transparency)
click.updates.braze.com,2026-02-18,"C=BE, O=GlobalSign nv-sa, CN=GlobalSign Atlas R3 DV TLS CA 2026 Q1",braze.com,certspotter,1,infrastructure (certificate transparency)
mail.development.braze.com,2026-02-18,"C=BE, O=GlobalSign nv-sa, CN=GlobalSign Atlas R3 DV TLS CA 2026 Q1",braze.com,certspotter,1,infrastructure (certificate transparency)
help.platform.braze.com,2026-02-19,"C=US, O=Amazon, CN=Amazon RSA 2048 M01",braze.com,certspotter,2,infrastructure (certificate transparency)
platform.braze.com,2026-02-19,"C=US, O=Amazon, CN=Amazon RSA 2048 M04",braze.com,certspotter,1,infrastructure (certificate transparency)
attend.agiloft.com,2026-04-01,"C=US, O=Amazon, CN=Amazon RSA 2048 M01",braze.com,certspotter,1,infrastructure (certificate transparency)
attend.intercomevents.com,2026-04-01,"C=US, O=Amazon, CN=Amazon RSA 2048 M01",braze.com,certspotter,1,infrastructure (certificate transparency)
attendelevate.medallion.co,2026-04-01,"C=US, O=Amazon, CN=Amazon RSA 2048 M01",braze.com,certspotter,1,infrastructure (certificate transparency)
autoqa.supportlogic.com,2026-04-01,"C=US, O=Amazon, CN=Amazon RSA 2048 M01",braze.com,certspotter,1,infrastructure (certificate transparency)
beyondtheperimeter2023.events.ams.goldcast.io,2026-04-01,"C=US, O=Amazon, CN=Amazon RSA 2048 M01",braze.com,certspotter,1,infrastructure (certificate transparency)
beyondtheperimeter2023.events.apj.goldcast.io,2026-04-01,"C=US, O=Amazon, CN=Amazon RSA 2048 M01",braze.com,certspotter,1,infrastructure (certificate transparency)
beyondtheperimeter2023.events.emea.goldcast.io,2026-04-01,"C=US, O=Amazon, CN=Amazon RSA 2048 M01",braze.com,certspotter,1,infrastructure (certificate transparency)
bfcm-unpacked.shipbob.com,2026-04-01,"C=US, O=Amazon, CN=Amazon RSA 2048 M01",braze.com,certspotter,1,infrastructure (certificate transparency)
creatorexperienceconference.traackr.com,2026-04-01,"C=US, O=Amazon, CN=Amazon RSA 2048 M01",braze.com,certspotter,1,infrastructure (certificate transparency)
demofest.consensus.io,2026-04-01,"C=US, O=Amazon, CN=Amazon RSA 2048 M01",braze.com,certspotter,1,infrastructure (certificate transparency)
event.betterup.com,2026-04-01,"C=US, O=Amazon, CN=Amazon RSA 2048 M01",braze.com,certspotter,1,infrastructure (certificate transparency)
event.enterprisegrowthalliance.com,2026-04-01,"C=US, O=Amazon, CN=Amazon RSA 2048 M01",braze.com,certspotter,1,infrastructure (certificate transparency)
event.hwcon22.com,2026-04-01,"C=US, O=Amazon, CN=Amazon RSA 2048 M01",braze.com,certspotter,1,infrastructure (certificate transparency)
event.ontra.ai,2026-04-01,"C=US, O=Amazon, CN=Amazon RSA 2048 M01",braze.com,certspotter,1,infrastructure (certificate transparency)
events.alation.com,2026-04-01,"C=US, O=Amazon, CN=Amazon RSA 2048 M01",braze.com,certspotter,1,infrastructure (certificate transparency)
events.emburse.io,2026-04-01,"C=US, O=Amazon, CN=Amazon RSA 2048 M01",braze.com,certspotter,1,infrastructure (certificate transparency)
events.jebbit.com,2026-04-01,"C=US, O=Amazon, CN=Amazon RSA 2048 M01",braze.com,certspotter,1,infrastructure (certificate transparency)
events.nasuni.com,2026-04-01,"C=US, O=Amazon, CN=Amazon RSA 2048 M01",braze.com,certspotter,1,infrastructure (certificate transparency)
events.phenom.com,2026-04-01,"C=US, O=Amazon, CN=Amazon RSA 2048 M01",braze.com,certspotter,1,infrastructure (certificate transparency)
events.prod.gcpublic.com,2026-04-01,"C=US, O=Amazon, CN=Amazon RSA 2048 M01",braze.com,certspotter,1,infrastructure (certificate transparency)
events.sysaid.com,2026-04-01,"C=US, O=Amazon, CN=Amazon RSA 2048 M01",braze.com,certspotter,1,infrastructure (certificate transparency)
forge-amer.globalevents.braze.com,2026-04-01,"C=US, O=Amazon, CN=Amazon RSA 2048 M01",braze.com,certspotter,1,infrastructure (certificate transparency)
forge-emea.globalevents.braze.com,2026-04-01,"C=US, O=Amazon, CN=Amazon RSA 2048 M01",braze.com,certspotter,1,infrastructure (certificate transparency)
globalevents.braze.com,2026-04-01,"C=US, O=Amazon, CN=Amazon RSA 2048 M01",braze.com,certspotter,1,infrastructure (certificate transparency)
globalwebinars.hootsuite.com,2026-04-01,"C=US, O=Amazon, CN=Amazon RSA 2048 M01",braze.com,certspotter,1,infrastructure (certificate transparency)
go.events.tecton.ai,2026-04-01,"C=US, O=Amazon, CN=Amazon RSA 2048 M01",braze.com,certspotter,1,infrastructure (certificate transparency)
go.graylog.com,2026-04-01,"C=US, O=Amazon, CN=Amazon RSA 2048 M01",braze.com,certspotter,1,infrastructure (certificate transparency)
guesslessandsellmore.mailchimp.com,2026-04-01,"C=US, O=Amazon, CN=Amazon RSA 2048 M01",braze.com,certspotter,1,infrastructure (certificate transparency)
innovate.radar.com,2026-04-01,"C=US, O=Amazon, CN=Amazon RSA 2048 M01",braze.com,certspotter,1,infrastructure (certificate transparency)
irlondemand.radar.com,2026-04-01,"C=US, O=Amazon, CN=Amazon RSA 2048 M01",braze.com,certspotter,1,infrastructure (certificate transparency)
leapday2024.activecampaign.com,2026-04-01,"C=US, O=Amazon, CN=Amazon RSA 2048 M01",braze.com,certspotter,1,infrastructure (certificate transparency)
live.events.arbinger.com,2026-04-01,"C=US, O=Amazon, CN=Amazon RSA 2048 M01",braze.com,certspotter,1,infrastructure (certificate transparency)
live.xentral.com,2026-04-01,"C=US, O=Amazon, CN=Amazon RSA 2048 M01",braze.com,certspotter,1,infrastructure (certificate transparency)
mtes.kobiton.com,2026-04-01,"C=US, O=Amazon, CN=Amazon RSA 2048 M01",braze.com,certspotter,1,infrastructure (certificate transparency)
penteracon2023.pentera.io,2026-04-01,"C=US, O=Amazon, CN=Amazon RSA 2048 M01",braze.com,certspotter,1,infrastructure (certificate transparency)
pipelinesummit.qualified.com,2026-04-01,"C=US, O=Amazon, CN=Amazon RSA 2048 M01",braze.com,certspotter,1,infrastructure (certificate transparency)
rko2024.ontra.ai,2026-04-01,"C=US, O=Amazon, CN=Amazon RSA 2048 M01",braze.com,certspotter,1,infrastructure (certificate transparency)
talentsummit2023.gem.com,2026-04-01,"C=US, O=Amazon, CN=Amazon RSA 2048 M01",braze.com,certspotter,1,infrastructure (certificate transparency)
testevents.gcpublic.com,2026-04-01,"C=US, O=Amazon, CN=Amazon RSA 2048 M01",braze.com,certspotter,1,infrastructure (certificate transparency)
webinars.qualified.com,2026-04-01,"C=US, O=Amazon, CN=Amazon RSA 2048 M01",braze.com,certspotter,1,infrastructure (certificate transparency)
wms-unpacked.shipbob.com,2026-04-01,"C=US, O=Amazon, CN=Amazon RSA 2048 M01",braze.com,certspotter,1,infrastructure (certificate transparency)
www.connect.accela.com,2026-04-01,"C=US, O=Amazon, CN=Amazon RSA 2048 M01",braze.com,certspotter,1,infrastructure (certificate transparency)
www.domorewithmailchimp.com,2026-04-01,"C=US, O=Amazon, CN=Amazon RSA 2048 M01",braze.com,certspotter,1,infrastructure (certificate transparency)
www.rippleswellglobal.com,2026-04-01,"C=US, O=Amazon, CN=Amazon RSA 2048 M01",braze.com,certspotter,1,infrastructure (certificate transparency)
www.ripplewebinar.com,2026-04-01,"C=US, O=Amazon, CN=Amazon RSA 2048 M01",braze.com,certspotter,1,infrastructure (certificate transparency)
openlab.braze.com,2026-05-11,"C=US, O=Amazon, CN=Amazon RSA 2048 M04",braze.com,certspotter,1,infrastructure (certificate transparency)
pub-services.fra.braze.eu,2026-05-26,"C=US, O=Amazon, CN=Amazon RSA 2048 M01",braze.com,certspotter,1,infrastructure (certificate transparency)
pub-services.iad.appboy.com,2026-05-26,"C=US, O=Amazon, CN=Amazon RSA 2048 M01",braze.com,certspotter,1,infrastructure (certificate transparency)
pub-services.iad.appboy.eu,2026-05-26,"C=US, O=Amazon, CN=Amazon RSA 2048 M01",braze.com,certspotter,1,infrastructure (certificate transparency)
pub-services.iad.braze.com,2026-05-26,"C=US, O=Amazon, CN=Amazon RSA 2048 M01",braze.com,certspotter,1,infrastructure (certificate transparency)
pub-services.iad.braze.eu,2026-05-26,"C=US, O=Amazon, CN=Amazon RSA 2048 M01",braze.com,certspotter,1,infrastructure (certificate transparency)
api.gpt-at-braze.k8s.tools-001.d-use-1.braze.com,2026-06-04,"C=US, O=Let's Encrypt, CN=YR1",braze.com,certspotter,1,infrastructure (certificate transparency)
brz-ai-dev.braze.com,2026-06-04,"C=US, O=Let's Encrypt, CN=YR1",braze.com,certspotter,1,infrastructure (certificate transparency)
caboodle-backend.k8s.test-001.d-usw-2.braze.com,2026-06-04,"C=US, O=Let's Encrypt, CN=YR1",braze.com,certspotter,1,infrastructure (certificate transparency)
cc-sdk-01.k8s.cluster-001.p-apse-3.braze.com,2026-06-04,"C=US, O=Let's Encrypt, CN=YR2",braze.com,certspotter,1,infrastructure (certificate transparency)
clickhouse-connect.k8s.region-001.p-aze-us.braze.com,2026-06-04,"C=US, O=Let's Encrypt, CN=YR1",braze.com,certspotter,1,infrastructure (certificate transparency)
cpaas-chat.k8s.cluster-001.d-use-1.braze.com,2026-06-04,"C=US, O=Let's Encrypt, CN=YR1",braze.com,certspotter,1,infrastructure (certificate transparency)
elasticsearch-test.k8s.test-001.t-usw-2.braze.com,2026-06-04,"C=US, O=Let's Encrypt, CN=YR1",braze.com,certspotter,4,infrastructure (certificate transparency)
fleet-diagnostic-logs.braze.com,2026-06-04,"C=US, O=Let's Encrypt, CN=YR2",braze.com,certspotter,1,infrastructure (certificate transparency)
go-apis-mongo.k8s.cluster-001.s-use-1.braze.com,2026-06-04,"C=US, O=Let's Encrypt, CN=YR1",braze.com,certspotter,1,infrastructure (certificate transparency)
internal-rest.id-01.braze.com,2026-06-04,"C=US, O=Let's Encrypt, CN=YR1",braze.com,certspotter,1,infrastructure (certificate transparency)
internal-rest.us-09.braze.com,2026-06-04,"C=US, O=Let's Encrypt, CN=YR1",braze.com,certspotter,1,infrastructure (certificate transparency)
kibana-test.k8s.test-001.t-usw-2.braze.com,2026-06-04,"C=US, O=Let's Encrypt, CN=YR2",braze.com,certspotter,4,infrastructure (certificate transparency)
playwright.k8s.region-001.d-use-1.braze.com,2026-06-04,"C=US, O=Let's Encrypt, CN=YR2",braze.com,certspotter,1,infrastructure (certificate transparency)
playwright.k8s.region-001.p-apse-2.braze.com,2026-06-04,"C=US, O=Let's Encrypt, CN=YR1",braze.com,certspotter,1,infrastructure (certificate transparency)
playwright.k8s.region-001.p-aze-us.braze.com,2026-06-04,"C=US, O=Let's Encrypt, CN=YR2",braze.com,certspotter,1,infrastructure (certificate transparency)
playwright.k8s.region-001.p-use-1.braze.com,2026-06-04,"C=US, O=Let's Encrypt, CN=YR2",braze.com,certspotter,1,infrastructure (certificate transparency)
playwright.k8s.region-001.s-aze-us.braze.com,2026-06-04,"C=US, O=Let's Encrypt, CN=YR2",braze.com,certspotter,1,infrastructure (certificate transparency)
playwright.k8s.region-001.s-euc-1.braze.com,2026-06-04,"C=US, O=Let's Encrypt, CN=YR1",braze.com,certspotter,1,infrastructure (certificate transparency)
playwright.k8s.region-001.s-use-1.braze.com,2026-06-04,"C=US, O=Let's Encrypt, CN=YR1",braze.com,certspotter,1,infrastructure (certificate transparency)
rest-01-internal-app.k8s.cluster-001.p-apse-3.braze.com,2026-06-04,"C=US, O=Let's Encrypt, CN=YR1",braze.com,certspotter,1,infrastructure (certificate transparency)
rest-01-internal.id-01.braze.com,2026-06-04,"C=US, O=Let's Encrypt, CN=YR1",braze.com,certspotter,1,infrastructure (certificate transparency)
rest-09-internal-app.k8s.cluster-009.p-use-1.braze.com,2026-06-04,"C=US, O=Let's Encrypt, CN=YR1",braze.com,certspotter,1,infrastructure (certificate transparency)
rest-09-internal.braze.com,2026-06-04,"C=US, O=Let's Encrypt, CN=YR1",braze.com,certspotter,1,infrastructure (certificate transparency)
rest-09.k8s.cluster-009.p-use-1.braze.com,2026-06-04,"C=US, O=Let's Encrypt, CN=YR1",braze.com,certspotter,1,infrastructure (certificate transparency)
rest-bulk.k8s.cluster-001.p-apse-3.braze.com,2026-06-04,"C=US, O=Let's Encrypt, CN=YR1",braze.com,certspotter,1,infrastructure (certificate transparency)
sdk-01.k8s.cluster-001.p-apse-3.braze.com,2026-06-04,"C=US, O=Let's Encrypt, CN=YR1",braze.com,certspotter,1,infrastructure (certificate transparency)
url-shortener-redirect-svc.k8s.region-001.d-use-1.braze.com,2026-06-04,"C=US, O=Let's Encrypt, CN=YR1",braze.com,certspotter,1,infrastructure (certificate transparency)
webhook.k8s.region-001.d-use-1.braze.com,2026-06-04,"C=US, O=Let's Encrypt, CN=YR2",braze.com,certspotter,1,infrastructure (certificate transparency)
bifrost.infra.braze.com,2026-06-05,"C=US, O=Let's Encrypt, CN=YR2",braze.com,certspotter,1,infrastructure (certificate transparency)
churn-pangolin.k8s.cluster-001.p-apne-2.braze.com,2026-06-05,"C=US, O=Let's Encrypt, CN=YR2",braze.com,certspotter,1,infrastructure (certificate transparency)
churn-pangolin.kr-01.braze.com,2026-06-05,"C=US, O=Let's Encrypt, CN=YR2",braze.com,certspotter,1,infrastructure (certificate transparency)
echo.k8s.cluster-001.s-aze-us.braze.com,2026-06-05,"C=US, O=Let's Encrypt, CN=YR2",braze.com,certspotter,1,infrastructure (certificate transparency)
go-apis-mongo.k8s.cluster-001.p-use-1.braze.com,2026-06-05,"C=US, O=Let's Encrypt, CN=YR1",braze.com,certspotter,1,infrastructure (certificate transparency)
go-apis-mongo.k8s.cluster-003.p-use-1.braze.com,2026-06-05,"C=US, O=Let's Encrypt, CN=YR2",braze.com,certspotter,1,infrastructure (certificate transparency)
go-apis-mongo.k8s.cluster-004.p-use-1.braze.com,2026-06-05,"C=US, O=Let's Encrypt, CN=YR2",braze.com,certspotter,1,infrastructure (certificate transparency)
go-apis-mongo.k8s.cluster-005.p-use-1.braze.com,2026-06-05,"C=US, O=Let's Encrypt, CN=YR1",braze.com,certspotter,1,infrastructure (certificate transparency)
go-apis-mongo.k8s.cluster-006.p-use-1.braze.com,2026-06-05,"C=US, O=Let's Encrypt, CN=YR1",braze.com,certspotter,1,infrastructure (certificate transparency)
go-apis-mongo.k8s.cluster-007.p-use-1.braze.com,2026-06-05,"C=US, O=Let's Encrypt, CN=YR2",braze.com,certspotter,1,infrastructure (certificate transparency)
intel-jupyterhub.k8s.cluster-001.p-apne-2.braze.com,2026-06-05,"C=US, O=Let's Encrypt, CN=YR1",braze.com,certspotter,1,infrastructure (certificate transparency)
intel-jupyterhub.k8s.region-001.p-apse-2.braze.com,2026-06-05,"C=US, O=Let's Encrypt, CN=YR1",braze.com,certspotter,1,infrastructure (certificate transparency)
intel-rabbitmq.k8s.cluster-001.p-apne-2.braze.com,2026-06-05,"C=US, O=Let's Encrypt, CN=YR1",braze.com,certspotter,1,infrastructure (certificate transparency)
intel-rabbitmq.k8s.region-001.p-apse-2.braze.com,2026-06-05,"C=US, O=Let's Encrypt, CN=YR2",braze.com,certspotter,1,infrastructure (certificate transparency)
itp-api.au-01.braze.com,2026-06-05,"C=US, O=Let's Encrypt, CN=YR1",braze.com,certspotter,1,infrastructure (certificate transparency)
itp-api.k8s.cluster-001.p-apne-2.braze.com,2026-06-05,"C=US, O=Let's Encrypt, CN=YR1",braze.com,certspotter,1,infrastructure (certificate transparency)
itp-api.k8s.region-001.p-apse-2.braze.com,2026-06-05,"C=US, O=Let's Encrypt, CN=YR1",braze.com,certspotter,1,infrastructure (certificate transparency)
itp-api.kr-01.braze.com,2026-06-05,"C=US, O=Let's Encrypt, CN=YR1",braze.com,certspotter,1,infrastructure (certificate transparency)
pds.development.braze.com,2026-06-05,"C=US, O=Let's Encrypt, CN=YR2",braze.com,certspotter,1,infrastructure (certificate transparency)
platform-deployment-service.k8s.tools-001.d-use-1.braze.com,2026-06-05,"C=US, O=Let's Encrypt, CN=YR2",braze.com,certspotter,1,infrastructure (certificate transparency)
prometheus.k8s.cluster-001.s-use-1.braze.com,2026-06-05,"C=US, O=Let's Encrypt, CN=YR1",braze.com,certspotter,1,infrastructure (certificate transparency)
public-screenshotter.k8s.tools-001.d-use-1.braze.com,2026-06-05,"C=US, O=Let's Encrypt, CN=YR2",braze.com,certspotter,2,infrastructure (certificate transparency)
reportportal.k8s.core-001.cd-use-1.braze.com,2026-06-05,"C=US, O=Let's Encrypt, CN=YR2",braze.com,certspotter,1,infrastructure (certificate transparency)
screenshotter.k8s.tools-001.d-use-1.braze.com,2026-06-05,"C=US, O=Let's Encrypt, CN=YR2",braze.com,certspotter,2,infrastructure (certificate transparency)
churn-pangolin.s-use-1.braze.com,2026-06-06,"C=US, O=Let's Encrypt, CN=YR2",braze.com,certspotter,1,infrastructure (certificate transparency)
devinole.braze.com,2026-06-06,"C=US, O=Let's Encrypt, CN=YR1",braze.com,certspotter,1,infrastructure (certificate transparency)
echo-server-internal.k8s.test-001.d-usw-2.braze.com,2026-06-06,"C=US, O=Let's Encrypt, CN=YR2",braze.com,certspotter,1,infrastructure (certificate transparency)
echo-server-public.k8s.test-001.d-usw-2.braze.com,2026-06-06,"C=US, O=Let's Encrypt, CN=YR1",braze.com,certspotter,1,infrastructure (certificate transparency)
example-ruby-service-other.k8s.test-001.d-usw-2.braze.com,2026-06-06,"C=US, O=Let's Encrypt, CN=YR1",braze.com,certspotter,1,infrastructure (certificate transparency)
intel-jupyterhub.k8s.region-001.d-use-1.braze.com,2026-06-06,"C=US, O=Let's Encrypt, CN=YR2",braze.com,certspotter,1,infrastructure (certificate transparency)
jenkins.i-use-1.braze.com,2026-06-06,"C=US, O=Let's Encrypt, CN=YR1",braze.com,certspotter,1,infrastructure (certificate transparency)
kamaji-api.k8s.test-005.t-usw-2.braze.com,2026-06-06,"C=US, O=Let's Encrypt, CN=YR1",braze.com,certspotter,1,infrastructure (certificate transparency)
kamaji-ui.k8s.test-005.t-usw-2.braze.com,2026-06-06,"C=US, O=Let's Encrypt, CN=YR1",braze.com,certspotter,1,infrastructure (certificate transparency)
resources.braze.com,2026-06-06,"C=US, O=Let's Encrypt, CN=YR1",braze.com,certspotter,1,infrastructure (certificate transparency)
rest-01-secondary.k8s.cluster-001.p-apse-2.braze.com,2026-06-06,"C=US, O=Let's Encrypt, CN=YR1",braze.com,certspotter,1,infrastructure (certificate transparency)
rest-01.k8s.cluster-001.p-apse-2.braze.com,2026-06-06,"C=US, O=Let's Encrypt, CN=YR2",braze.com,certspotter,1,infrastructure (certificate transparency)
rest-responder.k8s.cluster-001.s-aze-us.braze.com,2026-06-06,"C=US, O=Let's Encrypt, CN=YR2",braze.com,certspotter,1,infrastructure (certificate transparency)
sdk-01.k8s.cluster-001.p-apse-2.braze.com,2026-06-06,"C=US, O=Let's Encrypt, CN=YR1",braze.com,certspotter,1,infrastructure (certificate transparency)
sdk-02.braze.com,2026-06-06,"C=US, O=Let's Encrypt, CN=YR1",braze.com,certspotter,1,infrastructure (certificate transparency)
sdk-02.k8s.cluster-002.p-use-1.braze.com,2026-06-06,"C=US, O=Let's Encrypt, CN=YR1",braze.com,certspotter,1,infrastructure (certificate transparency)
sf-proxy-internal.d-usw-2.braze.com,2026-06-06,"C=US, O=Let's Encrypt, CN=YR2",braze.com,certspotter,1,infrastructure (certificate transparency)
tenant.k8s.cluster-001.p-apne-2.braze.com,2026-06-06,"C=US, O=Let's Encrypt, CN=YR1",braze.com,certspotter,1,infrastructure (certificate transparency)
webhook-partners.k8s.region-001.d-use-1.braze.com,2026-06-06,"C=US, O=Let's Encrypt, CN=YR1",braze.com,certspotter,1,infrastructure (certificate transparency)
webinole.k8s.tools-001.d-use-1.braze.com,2026-06-06,"C=US, O=Let's Encrypt, CN=YR1",braze.com,certspotter,1,infrastructure (certificate transparency)
argocd-dev.k8s.test-001.t-usw-2.braze.com,2026-06-07,"C=US, O=Let's Encrypt, CN=YR1",braze.com,certspotter,6,infrastructure (certificate transparency)
dashboard-02.braze.com,2026-06-07,"C=US, O=Let's Encrypt, CN=YR1",braze.com,certspotter,1,infrastructure (certificate transparency)
dashboard-us02.k8s.cluster-002.p-use-1.braze.com,2026-06-07,"C=US, O=Let's Encrypt, CN=YR1",braze.com,certspotter,1,infrastructure (certificate transparency)
dashboard.k8s.cluster-002.p-use-1.braze.com,2026-06-07,"C=US, O=Let's Encrypt, CN=YR1",braze.com,certspotter,1,infrastructure (certificate transparency)
dataexport-user-profiles.k8s.cluster-001.s-use-1.braze.com,2026-06-07,"C=US, O=Let's Encrypt, CN=YR1",braze.com,certspotter,1,infrastructure (certificate transparency)
echo-server-secure.k8s.test-001.t-usw-2.braze.com,2026-06-07,"C=US, O=Let's Encrypt, CN=YR2",braze.com,certspotter,6,infrastructure (certificate transparency)
event-replay-hipaa.k8s.region-001.p-use-1.braze.com,2026-06-07,"C=US, O=Let's Encrypt, CN=YR2",braze.com,certspotter,1,infrastructure (certificate transparency)
go-apis-rest.k8s.cluster-001.p-apne-2.braze.com,2026-06-07,"C=US, O=Let's Encrypt, CN=YR2",braze.com,certspotter,1,infrastructure (certificate transparency)
gpr.k8s.tools-001.s-use-1.braze.com,2026-06-07,"C=US, O=Let's Encrypt, CN=YR2",braze.com,certspotter,1,infrastructure (certificate transparency)
grafana.k8s.test-001.t-usw-2.braze.com,2026-06-07,"C=US, O=Let's Encrypt, CN=YR1",braze.com,certspotter,9,infrastructure (certificate transparency)
podinfo-canary.k8s.test-001.t-usw-2.braze.com,2026-06-07,"C=US, O=Let's Encrypt, CN=YR1",braze.com,certspotter,7,infrastructure (certificate transparency)
podinfo.k8s.test-001.t-usw-2.braze.com,2026-06-07,"C=US, O=Let's Encrypt, CN=YR2",braze.com,certspotter,6,infrastructure (certificate transparency)
polaris.k8s.cluster-001.s-aze-us.braze.com,2026-06-07,"C=US, O=Let's Encrypt, CN=YR1",braze.com,certspotter,1,infrastructure (certificate transparency)
polaris.k8s.region-001.p-aze-us.braze.com,2026-06-07,"C=US, O=Let's Encrypt, CN=YR2",braze.com,certspotter,1,infrastructure (certificate transparency)
polaris.k8s.region-001.s-aze-us.braze.com,2026-06-07,"C=US, O=Let's Encrypt, CN=YR2",braze.com,certspotter,1,infrastructure (certificate transparency)
prometheus-pushgateway.k8s.test-001.t-usw-2.braze.com,2026-06-07,"C=US, O=Let's Encrypt, CN=YR1",braze.com,certspotter,9,infrastructure (certificate transparency)
prometheus.k8s.test-001.t-usw-2.braze.com,2026-06-07,"C=US, O=Let's Encrypt, CN=YR1",braze.com,certspotter,9,infrastructure (certificate transparency)
rest-bulk.k8s.cluster-001.p-use-1.braze.com,2026-06-07,"C=US, O=Let's Encrypt, CN=YR1",braze.com,certspotter,1,infrastructure (certificate transparency)
subcenter-us02.k8s.cluster-002.p-use-1.braze.com,2026-06-07,"C=US, O=Let's Encrypt, CN=YR1",braze.com,certspotter,1,infrastructure (certificate transparency)
subcenter.k8s.cluster-002.p-use-1.braze.com,2026-06-07,"C=US, O=Let's Encrypt, CN=YR1",braze.com,certspotter,1,infrastructure (certificate transparency)
testkube.k8s.test-001.t-usw-2.braze.com,2026-06-07,"C=US, O=Let's Encrypt, CN=YR1",braze.com,certspotter,7,infrastructure (certificate transparency)
thanos-bucket.k8s.test-001.t-usw-2.braze.com,2026-06-07,"C=US, O=Let's Encrypt, CN=YR2",braze.com,certspotter,9,infrastructure (certificate transparency)
thanos-grpc-query.k8s.test-001.t-usw-2.braze.com,2026-06-07,"C=US, O=Let's Encrypt, CN=YR1",braze.com,certspotter,9,infrastructure (certificate transparency)
thanos-query-frontend-http.k8s.test-001.t-usw-2.braze.com,2026-06-07,"C=US, O=Let's Encrypt, CN=YR2",braze.com,certspotter,10,infrastructure (certificate transparency)
thanos-query.k8s.test-001.t-usw-2.braze.com,2026-06-07,"C=US, O=Let's Encrypt, CN=YR2",braze.com,certspotter,10,infrastructure (certificate transparency)
thanos-store.k8s.test-001.t-usw-2.braze.com,2026-06-07,"C=US, O=Let's Encrypt, CN=YR1",braze.com,certspotter,9,infrastructure (certificate transparency)
airflow-datalake.k8s.cluster-001.p-apne-2.braze.com,2026-06-08,"C=US, O=Let's Encrypt, CN=YR2",braze.com,certspotter,1,infrastructure (certificate transparency)
argo-rollouts.k8s.test-001.t-usw-2.braze.com,2026-06-08,"C=US, O=Let's Encrypt, CN=YR2",braze.com,certspotter,2,infrastructure (certificate transparency)
bifrost.d-use-1.braze.com,2026-06-08,"C=US, O=Let's Encrypt, CN=YR2",braze.com,certspotter,1,infrastructure (certificate transparency)
dataexport-test-hipaa.k8s.region-001.p-use-1.braze.com,2026-06-08,"C=US, O=Let's Encrypt, CN=YR1",braze.com,certspotter,1,infrastructure (certificate transparency)
html-iam-templating-engine.k8s.region-001.p-aze-us.braze.com,2026-06-08,"C=US, O=Let's Encrypt, CN=YR1",braze.com,certspotter,1,infrastructure (certificate transparency)
rollouts-demo.k8s.test-001.t-usw-2.braze.com,2026-06-08,"C=US, O=Let's Encrypt, CN=YR2",braze.com,certspotter,3,infrastructure (certificate transparency)
scim.braze.com,2026-06-08,"C=US, O=Let's Encrypt, CN=YE2",braze.com,certspotter,1,infrastructure (certificate transparency)
cc-sdk-01.k8s.cluster-001.p-apse-2.braze.com,2026-06-09,"C=US, O=Let's Encrypt, CN=YR1",braze.com,certspotter,1,infrastructure (certificate transparency)
clickhouse-atlantis.k8s.tools-001.p-use-1.braze.com,2026-06-09,"C=US, O=Let's Encrypt, CN=YR1",braze.com,certspotter,1,infrastructure (certificate transparency)
clickhouse-connect.k8s.cluster-010.p-use-1.braze.com,2026-06-09,"C=US, O=Let's Encrypt, CN=YR2",braze.com,certspotter,1,infrastructure (certificate transparency)
clickhouse-connect.k8s.region-001.p-apse-2.braze.com,2026-06-09,"C=US, O=Let's Encrypt, CN=YR1",braze.com,certspotter,1,infrastructure (certificate transparency)
clickhouse-connect.k8s.region-001.p-use-1.braze.com,2026-06-09,"C=US, O=Let's Encrypt, CN=YR2",braze.com,certspotter,2,infrastructure (certificate transparency)
cpaas-callback-service.k8s.cluster-004.p-use-1.braze.com,2026-06-09,"C=US, O=Let's Encrypt, CN=YR2",braze.com,certspotter,1,infrastructure (certificate transparency)
dataexport-standard-hipaa.k8s.region-001.p-use-1.braze.com,2026-06-09,"C=US, O=Let's Encrypt, CN=YR1",braze.com,certspotter,1,infrastructure (certificate transparency)
diagnostic-logs-api.k8s.region-001.d-use-1.braze.com,2026-06-09,"C=US, O=Let's Encrypt, CN=YR1",braze.com,certspotter,1,infrastructure (certificate transparency)
events.braze.com,2026-06-09,"C=US, O=Let's Encrypt, CN=YE2",braze.com,certspotter,4,infrastructure (certificate transparency)
fallback.iad-01.braze.com,2026-06-09,"C=US, O=Google Trust Services, CN=WR1",braze.com,certspotter,4,infrastructure (certificate transparency)
intel-rabbitmq.k8s.region-001.s-aze-us.braze.com,2026-06-09,"C=US, O=Let's Encrypt, CN=YR1",braze.com,certspotter,1,infrastructure (certificate transparency)
internal-rest.kr-01.braze.com,2026-06-09,"C=US, O=Let's Encrypt, CN=YR1",braze.com,certspotter,1,infrastructure (certificate transparency)
rest-01-internal-app.k8s.cluster-001.p-apne-2.braze.com,2026-06-09,"C=US, O=Let's Encrypt, CN=YR1",braze.com,certspotter,1,infrastructure (certificate transparency)
rest-01-internal.kr-01.braze.com,2026-06-09,"C=US, O=Let's Encrypt, CN=YR1",braze.com,certspotter,1,infrastructure (certificate transparency)
airflow.k8s.cluster-001.p-apse-3.braze.com,2026-06-10,"C=US, O=Let's Encrypt, CN=YR2",braze.com,certspotter,1,infrastructure (certificate transparency)
cpaas-callback-service.k8s.cluster-001.p-apse-2.braze.com,2026-06-10,"C=US, O=Let's Encrypt, CN=YR1",braze.com,certspotter,1,infrastructure (certificate transparency)
cpaas-callback-service.k8s.cluster-002.p-use-1.braze.com,2026-06-10,"C=US, O=Let's Encrypt, CN=YR2",braze.com,certspotter,1,infrastructure (certificate transparency)
cpaas-callback-service.k8s.cluster-003.p-use-1.braze.com,2026-06-10,"C=US, O=Let's Encrypt, CN=YR1",braze.com,certspotter,1,infrastructure (certificate transparency)
dataexport-backup-connector-hipaa.k8s.region-001.p-use-1.braze.com,2026-06-10,"C=US, O=Let's Encrypt, CN=YR2",braze.com,certspotter,1,infrastructure (certificate transparency)
dataexport-standard.k8s.cluster-001.p-aze-us.braze.com,2026-06-10,"C=US, O=Let's Encrypt, CN=YR1",braze.com,certspotter,1,infrastructure (certificate transparency)
dataexport-standard.k8s.region-001.p-use-1.braze.com,2026-06-10,"C=US, O=Let's Encrypt, CN=YR2",braze.com,certspotter,1,infrastructure (certificate transparency)
dataexport-test.k8s.cluster-001.p-aze-us.braze.com,2026-06-10,"C=US, O=Let's Encrypt, CN=YR2",braze.com,certspotter,1,infrastructure (certificate transparency)
dataexport-test.k8s.region-001.p-use-1.braze.com,2026-06-10,"C=US, O=Let's Encrypt, CN=YR1",braze.com,certspotter,1,infrastructure (certificate transparency)
dscs.k8s.tools-001.p-use-1.braze.com,2026-06-10,"C=US, O=Let's Encrypt, CN=YR2",braze.com,certspotter,1,infrastructure (certificate transparency)
dscs.k8s.tools-001.s-use-1.braze.com,2026-06-10,"C=US, O=Let's Encrypt, CN=YR2",braze.com,certspotter,1,infrastructure (certificate transparency)
html-iam-templating-engine.k8s.tools-001.d-use-1.braze.com,2026-06-10,"C=US, O=Let's Encrypt, CN=YR1",braze.com,certspotter,1,infrastructure (certificate transparency)
internal-tools-queue-cache.id-01.braze.com,2026-06-10,"C=US, O=Let's Encrypt, CN=YR1",braze.com,certspotter,1,infrastructure (certificate transparency)
internal-tools-queue-cache.k8s.cluster-001.p-apse-3.braze.com,2026-06-10,"C=US, O=Let's Encrypt, CN=YR1",braze.com,certspotter,1,infrastructure (certificate transparency)
internal-tools.k8s.cluster-001.p-apse-3.braze.com,2026-06-10,"C=US, O=Let's Encrypt, CN=YR2",braze.com,certspotter,1,infrastructure (certificate transparency)
internal.id-01.braze.com,2026-06-10,"C=US, O=Let's Encrypt, CN=YR2",braze.com,certspotter,1,infrastructure (certificate transparency)
navi.k8s.region-001.s-use-1.braze.com,2026-06-10,"C=US, O=Let's Encrypt, CN=YR2",braze.com,certspotter,1,infrastructure (certificate transparency)
openbao.k8s.core-001.cp-use-1.braze.com,2026-06-10,"C=US, O=Let's Encrypt, CN=YR1",braze.com,certspotter,1,infrastructure (certificate transparency)
rits.k8s.cluster-001.p-apse-3.braze.com,2026-06-10,"C=US, O=Let's Encrypt, CN=YR1",braze.com,certspotter,1,infrastructure (certificate transparency)
rits.k8s.region-001.p-apse-2.braze.com,2026-06-10,"C=US, O=Let's Encrypt, CN=YR2",braze.com,certspotter,1,infrastructure (certificate transparency)
sf-proxy.infra.braze.com,2026-06-10,"C=US, O=Let's Encrypt, CN=YR2",braze.com,certspotter,1,infrastructure (certificate transparency)
airflow.k8s.region-001.p-apse-2.braze.com,2026-06-11,"C=US, O=Let's Encrypt, CN=YR2",braze.com,certspotter,1,infrastructure (certificate transparency)
caboodle.k8s.test-001.d-usw-2.braze.com,2026-06-11,"C=US, O=Let's Encrypt, CN=YR2",braze.com,certspotter,1,infrastructure (certificate transparency)
community.braze.com,2026-06-11,"C=US, O=Let's Encrypt, CN=YR2",braze.com,certspotter,2,infrastructure (certificate transparency)
devopsbot.infra.braze.com,2026-06-11,"C=US, O=Let's Encrypt, CN=YR1",braze.com,certspotter,1,infrastructure (certificate transparency)
devopsbot.k8s.core-001.cp-use-1.braze.com,2026-06-11,"C=US, O=Let's Encrypt, CN=YR1",braze.com,certspotter,1,infrastructure (certificate transparency)
mdb-opsmgr.k8s.test-003.t-usw-2.braze.com,2026-06-11,"C=US, O=Let's Encrypt, CN=YR2",braze.com,certspotter,1,infrastructure (certificate transparency)
argocd.k8s.core-001.cp-use-1.braze.com,2026-06-12,"C=US, O=Let's Encrypt, CN=YR1",braze.com,certspotter,1,infrastructure (certificate transparency)
dust.k8s.cluster-004.p-use-1.braze.com,2026-06-12,"C=US, O=Let's Encrypt, CN=YR2",braze.com,certspotter,1,infrastructure (certificate transparency)
dust2.k8s.cluster-004.p-use-1.braze.com,2026-06-12,"C=US, O=Let's Encrypt, CN=YR2",braze.com,certspotter,1,infrastructure (certificate transparency)
eck-cluster-staging.k8s.stc-001.s-use-1.braze.com,2026-06-12,"C=US, O=Let's Encrypt, CN=YR1",braze.com,certspotter,1,infrastructure (certificate transparency)
html-iam-templating-engine.k8s.cluster-001.p-apne-2.braze.com,2026-06-12,"C=US, O=Let's Encrypt, CN=YR1",braze.com,certspotter,1,infrastructure (certificate transparency)
internal-tools.k8s.cluster-001.p-apne-2.braze.com,2026-06-12,"C=US, O=Let's Encrypt, CN=YR1",braze.com,certspotter,1,infrastructure (certificate transparency)
internal-tools.k8s.region-001.p-apse-2.braze.com,2026-06-12,"C=US, O=Let's Encrypt, CN=YR1",braze.com,certspotter,1,infrastructure (certificate transparency)
internal.au.braze.com,2026-06-12,"C=US, O=Let's Encrypt, CN=YR1",braze.com,certspotter,1,infrastructure (certificate transparency)
internal.kr-01.braze.com,2026-06-12,"C=US, O=Let's Encrypt, CN=YR1",braze.com,certspotter,1,infrastructure (certificate transparency)
kafka-ui.k8s.cluster-001.d-use-1.braze.com,2026-06-12,"C=US, O=Let's Encrypt, CN=YR1",braze.com,certspotter,1,infrastructure (certificate transparency)
kibana-eck-staging.k8s.stc-001.s-use-1.braze.com,2026-06-12,"C=US, O=Let's Encrypt, CN=YR2",braze.com,certspotter,1,infrastructure (certificate transparency)
podinfo-canary.k8s.test-003.t-usw-2.braze.com,2026-06-12,"C=US, O=Let's Encrypt, CN=YR2",braze.com,certspotter,1,infrastructure (certificate transparency)
prometheus.k8s.infra-001.i-use-1.braze.com,2026-06-12,"C=US, O=Let's Encrypt, CN=YR1",braze.com,certspotter,1,infrastructure (certificate transparency)
prometheus.k8s.region-001.s-use-1.braze.com,2026-06-12,"C=US, O=Let's Encrypt, CN=YR2",braze.com,certspotter,1,infrastructure (certificate transparency)
prometheus.k8s.tools-001.s-use-1.braze.com,2026-06-12,"C=US, O=Let's Encrypt, CN=YR1",braze.com,certspotter,1,infrastructure (certificate transparency)
rits.k8s.cluster-001.p-apne-2.braze.com,2026-06-12,"C=US, O=Let's Encrypt, CN=YR1",braze.com,certspotter,1,infrastructure (certificate transparency)
rundeck.braze.com,2026-06-12,"C=US, O=Let's Encrypt, CN=YR2",braze.com,certspotter,1,infrastructure (certificate transparency)
rundeck.infra.braze.com,2026-06-12,"C=US, O=Let's Encrypt, CN=YR2",braze.com,certspotter,1,infrastructure (certificate transparency)
rundeck.k8s.core-001.cp-use-1.braze.com,2026-06-12,"C=US, O=Let's Encrypt, CN=YR2",braze.com,certspotter,1,infrastructure (certificate transparency)
tenant.k8s.cluster-001.p-apse-3.braze.com,2026-06-12,"C=US, O=Let's Encrypt, CN=YR1",braze.com,certspotter,1,infrastructure (certificate transparency)
dataexport-backup-connector.k8s.cluster-001.p-aze-us.braze.com,2026-06-13,"C=US, O=Let's Encrypt, CN=YR1",braze.com,certspotter,1,infrastructure (certificate transparency)
dataexport-backup-connector.k8s.region-001.p-use-1.braze.com,2026-06-13,"C=US, O=Let's Encrypt, CN=YR2",braze.com,certspotter,1,infrastructure (certificate transparency)
grafana.k8s.region-001.s-use-1.braze.com,2026-06-13,"C=US, O=Let's Encrypt, CN=YR1",braze.com,certspotter,1,infrastructure (certificate transparency)
internal-tools-queue-cache.k8s.cluster-001.p-apne-2.braze.com,2026-06-13,"C=US, O=Let's Encrypt, CN=YR2",braze.com,certspotter,1,infrastructure (certificate transparency)
internal-tools-queue-cache.kr-01.braze.com,2026-06-13,"C=US, O=Let's Encrypt, CN=YR2",braze.com,certspotter,1,infrastructure (certificate transparency)
itp-api.braze.com,2026-06-13,"C=US, O=Let's Encrypt, CN=YR2",braze.com,certspotter,1,infrastructure (certificate transparency)
itp-api.k8s.region-001.p-use-1.braze.com,2026-06-13,"C=US, O=Let's Encrypt, CN=YR2",braze.com,certspotter,1,infrastructure (certificate transparency)
thanos-bucket.k8s.cluster-004.p-use-1.braze.com,2026-06-13,"C=US, O=Let's Encrypt, CN=YR2",braze.com,certspotter,1,infrastructure (certificate transparency)
thanos-grpc-query.k8s.cluster-004.p-use-1.braze.com,2026-06-13,"C=US, O=Let's Encrypt, CN=YR2",braze.com,certspotter,1,infrastructure (certificate transparency)
thanos-query.k8s.cluster-004.p-use-1.braze.com,2026-06-13,"C=US, O=Let's Encrypt, CN=YR1",braze.com,certspotter,1,infrastructure (certificate transparency)
cdn-staging.braze.com,2026-06-14,"C=US, O=Let's Encrypt, CN=YR2",braze.com,certspotter,2,infrastructure (certificate transparency)
cdn.braze.com,2026-06-14,"C=US, O=Let's Encrypt, CN=YR1",braze.com,certspotter,4,infrastructure (certificate transparency)
churn-pangolin.d-use-1.braze.com,2026-06-14,"C=US, O=Let's Encrypt, CN=YR1",braze.com,certspotter,1,infrastructure (certificate transparency)
consul.k8s.core-001.cd-use-1.braze.com,2026-06-14,"C=US, O=Let's Encrypt, CN=YR1",braze.com,certspotter,1,infrastructure (certificate transparency)
data-lake-streaming-connect.k8s.cluster-001.p-apne-2.braze.com,2026-06-14,"C=US, O=Let's Encrypt, CN=YR1",braze.com,certspotter,1,infrastructure (certificate transparency)
data-lake-user-profile-connect.k8s.cluster-001.p-apne-2.braze.com,2026-06-14,"C=US, O=Let's Encrypt, CN=YR2",braze.com,certspotter,1,infrastructure (certificate transparency)
dataexport-canary.k8s.cluster-001.d-use-1.braze.com,2026-06-14,"C=US, O=Let's Encrypt, CN=YR2",braze.com,certspotter,1,infrastructure (certificate transparency)
dataexport-canary.k8s.cluster-001.p-apne-1.braze.com,2026-06-14,"C=US, O=Let's Encrypt, CN=YR1",braze.com,certspotter,1,infrastructure (certificate transparency)
dataexport-canary.k8s.cluster-001.p-apne-2.braze.com,2026-06-14,"C=US, O=Let's Encrypt, CN=YR2",braze.com,certspotter,1,infrastructure (certificate transparency)
go.braze.com,2026-06-14,"C=US, O=Google Trust Services, CN=WR1",braze.com,certspotter,2,infrastructure (certificate transparency)
html-iam-templating-engine.k8s.region-001.d-use-1.braze.com,2026-06-14,"C=US, O=Let's Encrypt, CN=YR1",braze.com,certspotter,1,infrastructure (certificate transparency)
itp-api.development.braze.com,2026-06-14,"C=US, O=Let's Encrypt, CN=YR2",braze.com,certspotter,1,infrastructure (certificate transparency)
itp-api.k8s.region-001.d-use-1.braze.com,2026-06-14,"C=US, O=Let's Encrypt, CN=YR2",braze.com,certspotter,1,infrastructure (certificate transparency)
kirby.k8s.cluster-001.p-apne-2.braze.com,2026-06-14,"C=US, O=Let's Encrypt, CN=YR1",braze.com,certspotter,1,infrastructure (certificate transparency)
sondheim.braze.com,2026-06-14,"C=US, O=Google Trust Services, CN=WR1",braze.com,certspotter,6,infrastructure (certificate transparency)
tenant.k8s.region-001.d-use-1.braze.com,2026-06-14,"C=US, O=Let's Encrypt, CN=YR2",braze.com,certspotter,1,infrastructure (certificate transparency)
thanos-bucket.k8s.cluster-003.p-use-1.braze.com,2026-06-14,"C=US, O=Let's Encrypt, CN=YR2",braze.com,certspotter,1,infrastructure (certificate transparency)
change-management.k8s.tools-001.d-use-1.braze.com,2026-06-15,"C=US, O=Let's Encrypt, CN=YR1",braze.com,certspotter,1,infrastructure (certificate transparency)
dataexport-behaviors.k8s.cluster-001.s-use-1.braze.com,2026-06-15,"C=US, O=Let's Encrypt, CN=YR1",braze.com,certspotter,1,infrastructure (certificate transparency)
dataexport-canary.k8s.cluster-001.p-aze-us.braze.com,2026-06-15,"C=US, O=Let's Encrypt, CN=YR2",braze.com,certspotter,1,infrastructure (certificate transparency)
dataexport-engagement.k8s.cluster-001.s-use-1.braze.com,2026-06-15,"C=US, O=Let's Encrypt, CN=YR1",braze.com,certspotter,1,infrastructure (certificate transparency)
dataexport-messaging.k8s.cluster-001.s-use-1.braze.com,2026-06-15,"C=US, O=Let's Encrypt, CN=YR2",braze.com,certspotter,1,infrastructure (certificate transparency)
intel-rabbitmq.k8s.cluster-001.p-apse-3.braze.com,2026-06-15,"C=US, O=Let's Encrypt, CN=YR2",braze.com,certspotter,1,infrastructure (certificate transparency)
intel-rabbitmq.k8s.region-001.d-use-1.braze.com,2026-06-15,"C=US, O=Let's Encrypt, CN=YR2",braze.com,certspotter,1,infrastructure (certificate transparency)
internal-dashboard-01.braze.com,2026-06-15,"C=US, O=Let's Encrypt, CN=YR1",braze.com,certspotter,1,infrastructure (certificate transparency)
internal-dashboard-us01.k8s.cluster-001.p-use-1.braze.com,2026-06-15,"C=US, O=Let's Encrypt, CN=YR1",braze.com,certspotter,1,infrastructure (certificate transparency)
internal-dashboard.braze.com,2026-06-15,"C=US, O=Let's Encrypt, CN=YR1",braze.com,certspotter,1,infrastructure (certificate transparency)
internal-dashboard.k8s.cluster-001.p-use-1.braze.com,2026-06-15,"C=US, O=Let's Encrypt, CN=YR1",braze.com,certspotter,1,infrastructure (certificate transparency)
internal-tools.k8s.region-001.d-use-1.braze.com,2026-06-15,"C=US, O=Let's Encrypt, CN=YR1",braze.com,certspotter,1,infrastructure (certificate transparency)
internal-tools.k8s.region-001.p-aze-us.braze.com,2026-06-15,"C=US, O=Let's Encrypt, CN=YR2",braze.com,certspotter,1,infrastructure (certificate transparency)
internal.azure.braze.com,2026-06-15,"C=US, O=Let's Encrypt, CN=YR2",braze.com,certspotter,1,infrastructure (certificate transparency)
internal.development.braze.com,2026-06-15,"C=US, O=Let's Encrypt, CN=YR1",braze.com,certspotter,1,infrastructure (certificate transparency)
itp-api.id-01.braze.com,2026-06-15,"C=US, O=Let's Encrypt, CN=YR2",braze.com,certspotter,1,infrastructure (certificate transparency)
itp-api.k8s.cluster-001.p-apse-3.braze.com,2026-06-15,"C=US, O=Let's Encrypt, CN=YR2",braze.com,certspotter,1,infrastructure (certificate transparency)
kamaji-api-release.k8s.test-005.t-usw-2.braze.com,2026-06-15,"C=US, O=Let's Encrypt, CN=YR1",braze.com,certspotter,1,infrastructure (certificate transparency)
kamaji-gha.platform.braze.com,2026-06-15,"C=US, O=Let's Encrypt, CN=YR1",braze.com,certspotter,1,infrastructure (certificate transparency)
kamaji-github-release.k8s.test-005.t-usw-2.braze.com,2026-06-15,"C=US, O=Let's Encrypt, CN=YR1",braze.com,certspotter,1,infrastructure (certificate transparency)
kamaji-ui-release.k8s.test-005.t-usw-2.braze.com,2026-06-15,"C=US, O=Let's Encrypt, CN=YR1",braze.com,certspotter,1,infrastructure (certificate transparency)
kamaji.platform.braze.com,2026-06-15,"C=US, O=Let's Encrypt, CN=YR1",braze.com,certspotter,1,infrastructure (certificate transparency)
kargo.k8s.core-001.cp-use-1.braze.com,2026-06-15,"C=US, O=Let's Encrypt, CN=YR1",braze.com,certspotter,1,infrastructure (certificate transparency)
kirby-kafka-connect.k8s.cluster-001.p-apne-2.braze.com,2026-06-15,"C=US, O=Let's Encrypt, CN=YR1",braze.com,certspotter,1,infrastructure (certificate transparency)
navi.k8s.cluster-001.p-apne-2.braze.com,2026-06-15,"C=US, O=Let's Encrypt, CN=YR1",braze.com,certspotter,1,infrastructure (certificate transparency)
prometheus-pushgateway.k8s.cluster-005.p-use-1.braze.com,2026-06-15,"C=US, O=Let's Encrypt, CN=YR1",braze.com,certspotter,1,infrastructure (certificate transparency)
rits.k8s.region-001.d-use-1.braze.com,2026-06-15,"C=US, O=Let's Encrypt, CN=YR2",braze.com,certspotter,1,infrastructure (certificate transparency)
rits.k8s.region-001.p-aze-us.braze.com,2026-06-15,"C=US, O=Let's Encrypt, CN=YR1",braze.com,certspotter,1,infrastructure (certificate transparency)
tenant.k8s.region-001.s-use-1.braze.com,2026-06-15,"C=US, O=Let's Encrypt, CN=YR1",braze.com,certspotter,1,infrastructure (certificate transparency)
thanos-bucket.k8s.cluster-007.p-use-1.braze.com,2026-06-15,"C=US, O=Let's Encrypt, CN=YR1",braze.com,certspotter,1,infrastructure (certificate transparency)
thanos-grpc-query.k8s.cluster-003.p-use-1.braze.com,2026-06-15,"C=US, O=Let's Encrypt, CN=YR2",braze.com,certspotter,1,infrastructure (certificate transparency)
thanos-grpc-query.k8s.cluster-007.p-use-1.braze.com,2026-06-15,"C=US, O=Let's Encrypt, CN=YR2",braze.com,certspotter,1,infrastructure (certificate transparency)
thanos-query.k8s.cluster-003.p-use-1.braze.com,2026-06-15,"C=US, O=Let's Encrypt, CN=YR1",braze.com,certspotter,1,infrastructure (certificate transparency)
thanos-query.k8s.cluster-007.p-use-1.braze.com,2026-06-15,"C=US, O=Let's Encrypt, CN=YR1",braze.com,certspotter,1,infrastructure (certificate transparency)
thanos-query.k8s.cluster-009.p-use-1.braze.com,2026-06-15,"C=US, O=Let's Encrypt, CN=YR2",braze.com,certspotter,1,infrastructure (certificate transparency)
thanos-store.k8s.cluster-003.p-use-1.braze.com,2026-06-15,"C=US, O=Let's Encrypt, CN=YR1",braze.com,certspotter,1,infrastructure (certificate transparency)
thanos-store.k8s.cluster-007.p-use-1.braze.com,2026-06-15,"C=US, O=Let's Encrypt, CN=YR1",braze.com,certspotter,1,infrastructure (certificate transparency)
thanos-store.k8s.cluster-009.p-use-1.braze.com,2026-06-15,"C=US, O=Let's Encrypt, CN=YR2",braze.com,certspotter,1,infrastructure (certificate transparency)
www.braze.com,2026-06-15,"C=US, O=Let's Encrypt, CN=YR2",braze.com,certspotter,2,infrastructure (certificate transparency)
argo-rollouts.k8s.cluster-001.d-use-1.braze.com,2026-06-16,"C=US, O=Let's Encrypt, CN=YR1",braze.com,certspotter,1,infrastructure (certificate transparency)
argo-rollouts.k8s.core-001.cd-use-1.braze.com,2026-06-16,"C=US, O=Let's Encrypt, CN=YR2",braze.com,certspotter,1,infrastructure (certificate transparency)
argo-rollouts.k8s.region-001.d-use-1.braze.com,2026-06-16,"C=US, O=Let's Encrypt, CN=YR2",braze.com,certspotter,1,infrastructure (certificate transparency)
argo-rollouts.k8s.stc-001.d-use-1.braze.com,2026-06-16,"C=US, O=Let's Encrypt, CN=YR1",braze.com,certspotter,1,infrastructure (certificate transparency)
argo-rollouts.k8s.test-003.t-usw-2.braze.com,2026-06-16,"C=US, O=Let's Encrypt, CN=YR1",braze.com,certspotter,1,infrastructure (certificate transparency)
argo-rollouts.k8s.tools-001.d-use-1.braze.com,2026-06-16,"C=US, O=Let's Encrypt, CN=YR1",braze.com,certspotter,1,infrastructure (certificate transparency)
argocd.k8s.cluster-001.d-use-1.braze.com,2026-06-16,"C=US, O=Let's Encrypt, CN=YR1",braze.com,certspotter,1,infrastructure (certificate transparency)
argocd.k8s.core-001.cd-use-1.braze.com,2026-06-16,"C=US, O=Let's Encrypt, CN=YR1",braze.com,certspotter,1,infrastructure (certificate transparency)
argocd.k8s.region-001.d-use-1.braze.com,2026-06-16,"C=US, O=Let's Encrypt, CN=YR1",braze.com,certspotter,1,infrastructure (certificate transparency)
argocd.k8s.stc-001.d-use-1.braze.com,2026-06-16,"C=US, O=Let's Encrypt, CN=YR1",braze.com,certspotter,1,infrastructure (certificate transparency)
argocd.k8s.test-001.t-usw-2.braze.com,2026-06-16,"C=US, O=Let's Encrypt, CN=YR2",braze.com,certspotter,4,infrastructure (certificate transparency)
argocd.k8s.test-003.t-usw-2.braze.com,2026-06-16,"C=US, O=Let's Encrypt, CN=YR1",braze.com,certspotter,1,infrastructure (certificate transparency)
argocd.k8s.tools-001.d-use-1.braze.com,2026-06-16,"C=US, O=Let's Encrypt, CN=YR1",braze.com,certspotter,1,infrastructure (certificate transparency)
itp-api-08.p-aze-us.braze.com,2026-06-16,"C=US, O=Let's Encrypt, CN=YR1",braze.com,certspotter,1,infrastructure (certificate transparency)
itp-api.k8s.region-001.p-aze-us.braze.com,2026-06-16,"C=US, O=Let's Encrypt, CN=YR1",braze.com,certspotter,1,infrastructure (certificate transparency)
pcedms-staging.cd-use-1.braze.com,2026-06-16,"C=US, O=Let's Encrypt, CN=YR1",braze.com,certspotter,1,infrastructure (certificate transparency)
playwright.k8s.cluster-001.p-apne-2.braze.com,2026-06-16,"C=US, O=Let's Encrypt, CN=YR2",braze.com,certspotter,1,infrastructure (certificate transparency)
sf-proxy-internal.d-use-1.braze.com,2026-06-16,"C=US, O=Let's Encrypt, CN=YR2",braze.com,certspotter,1,infrastructure (certificate transparency)
tenant.k8s.region-001.p-use-1.braze.com,2026-06-16,"C=US, O=Let's Encrypt, CN=YR1",braze.com,certspotter,1,infrastructure (certificate transparency)
thanos-bucket.k8s.cluster-009.p-use-1.braze.com,2026-06-16,"C=US, O=Let's Encrypt, CN=YR2",braze.com,certspotter,1,infrastructure (certificate transparency)
thanos-bucket.k8s.infra-001.i-use-1.braze.com,2026-06-16,"C=US, O=Let's Encrypt, CN=YR2",braze.com,certspotter,2,infrastructure (certificate transparency)
thanos-grpc-query.k8s.cluster-009.p-use-1.braze.com,2026-06-16,"C=US, O=Let's Encrypt, CN=YR1",braze.com,certspotter,1,infrastructure (certificate transparency)
thanos-grpc-query.k8s.infra-001.i-use-1.braze.com,2026-06-16,"C=US, O=Let's Encrypt, CN=YR1",braze.com,certspotter,2,infrastructure (certificate transparency)
thanos-query-frontend-http.k8s.infra-001.i-use-1.braze.com,2026-06-16,"C=US, O=Let's Encrypt, CN=YR2",braze.com,certspotter,2,infrastructure (certificate transparency)
thanos-query.k8s.infra-001.i-use-1.braze.com,2026-06-16,"C=US, O=Let's Encrypt, CN=YR1",braze.com,certspotter,2,infrastructure (certificate transparency)
thanos-store.k8s.infra-001.i-use-1.braze.com,2026-06-16,"C=US, O=Let's Encrypt, CN=YR2",braze.com,certspotter,2,infrastructure (certificate transparency)
albumapp.k8s.tools-001.d-use-1.braze.com,2026-06-17,"C=US, O=Let's Encrypt, CN=YR1",braze.com,certspotter,1,infrastructure (certificate transparency)
argo-rollouts.k8s.cluster-001.p-apne-1.braze.com,2026-06-17,"C=US, O=Let's Encrypt, CN=YR2",braze.com,certspotter,1,infrastructure (certificate transparency)
argo-rollouts.k8s.cluster-001.p-apne-2.braze.com,2026-06-17,"C=US, O=Let's Encrypt, CN=YR1",braze.com,certspotter,1,infrastructure (certificate transparency)
argo-rollouts.k8s.cluster-001.p-apse-2.braze.com,2026-06-17,"C=US, O=Let's Encrypt, CN=YR2",braze.com,certspotter,1,infrastructure (certificate transparency)
argo-rollouts.k8s.cluster-001.p-apse-3.braze.com,2026-06-17,"C=US, O=Let's Encrypt, CN=YR1",braze.com,certspotter,1,infrastructure (certificate transparency)
argo-rollouts.k8s.cluster-001.p-use-1.braze.com,2026-06-17,"C=US, O=Let's Encrypt, CN=YR2",braze.com,certspotter,1,infrastructure (certificate transparency)
argo-rollouts.k8s.cluster-001.s-use-1.braze.com,2026-06-17,"C=US, O=Let's Encrypt, CN=YR2",braze.com,certspotter,2,infrastructure (certificate transparency)
argo-rollouts.k8s.cluster-002.p-use-1.braze.com,2026-06-17,"C=US, O=Let's Encrypt, CN=YR2",braze.com,certspotter,1,infrastructure (certificate transparency)
argo-rollouts.k8s.cluster-003.p-use-1.braze.com,2026-06-17,"C=US, O=Let's Encrypt, CN=YR1",braze.com,certspotter,1,infrastructure (certificate transparency)
argo-rollouts.k8s.cluster-004.p-use-1.braze.com,2026-06-17,"C=US, O=Let's Encrypt, CN=YR1",braze.com,certspotter,1,infrastructure (certificate transparency)
argo-rollouts.k8s.cluster-005.p-use-1.braze.com,2026-06-17,"C=US, O=Let's Encrypt, CN=YR2",braze.com,certspotter,1,infrastructure (certificate transparency)
argo-rollouts.k8s.cluster-006.p-use-1.braze.com,2026-06-17,"C=US, O=Let's Encrypt, CN=YR1",braze.com,certspotter,1,infrastructure (certificate transparency)
argo-rollouts.k8s.cluster-007.p-use-1.braze.com,2026-06-17,"C=US, O=Let's Encrypt, CN=YR1",braze.com,certspotter,1,infrastructure (certificate transparency)
argo-rollouts.k8s.cluster-009.p-use-1.braze.com,2026-06-17,"C=US, O=Let's Encrypt, CN=YR2",braze.com,certspotter,1,infrastructure (certificate transparency)
argo-rollouts.k8s.cluster-010.p-use-1.braze.com,2026-06-17,"C=US, O=Let's Encrypt, CN=YR2",braze.com,certspotter,1,infrastructure (certificate transparency)
argo-rollouts.k8s.region-001.p-apse-2.braze.com,2026-06-17,"C=US, O=Let's Encrypt, CN=YR2",braze.com,certspotter,1,infrastructure (certificate transparency)
argo-rollouts.k8s.region-001.p-use-1.braze.com,2026-06-17,"C=US, O=Let's Encrypt, CN=YR1",braze.com,certspotter,1,infrastructure (certificate transparency)
argo-rollouts.k8s.region-001.s-use-1.braze.com,2026-06-17,"C=US, O=Let's Encrypt, CN=YR1",braze.com,certspotter,1,infrastructure (certificate transparency)
argo-rollouts.k8s.stc-001.p-use-1.braze.com,2026-06-17,"C=US, O=Let's Encrypt, CN=YR2",braze.com,certspotter,1,infrastructure (certificate transparency)
argo-rollouts.k8s.stc-001.s-use-1.braze.com,2026-06-17,"C=US, O=Let's Encrypt, CN=YR1",braze.com,certspotter,1,infrastructure (certificate transparency)
argo-rollouts.k8s.stc-002.p-use-1.braze.com,2026-06-17,"C=US, O=Let's Encrypt, CN=YR1",braze.com,certspotter,1,infrastructure (certificate transparency)
argo-rollouts.k8s.tools-001.p-use-1.braze.com,2026-06-17,"C=US, O=Let's Encrypt, CN=YR1",braze.com,certspotter,1,infrastructure (certificate transparency)
argo-rollouts.k8s.tools-001.s-use-1.braze.com,2026-06-17,"C=US, O=Let's Encrypt, CN=YR2",braze.com,certspotter,1,infrastructure (certificate transparency)
argocd.k8s.cluster-001.p-apne-1.braze.com,2026-06-17,"C=US, O=Let's Encrypt, CN=YR1",braze.com,certspotter,1,infrastructure (certificate transparency)
argocd.k8s.cluster-001.p-apne-2.braze.com,2026-06-17,"C=US, O=Let's Encrypt, CN=YR1",braze.com,certspotter,1,infrastructure (certificate transparency)
argocd.k8s.cluster-001.p-apse-2.braze.com,2026-06-17,"C=US, O=Let's Encrypt, CN=YR1",braze.com,certspotter,1,infrastructure (certificate transparency)
argocd.k8s.cluster-001.p-apse-3.braze.com,2026-06-17,"C=US, O=Let's Encrypt, CN=YR1",braze.com,certspotter,1,infrastructure (certificate transparency)
argocd.k8s.cluster-001.p-use-1.braze.com,2026-06-17,"C=US, O=Let's Encrypt, CN=YR1",braze.com,certspotter,1,infrastructure (certificate transparency)
argocd.k8s.cluster-001.s-use-1.braze.com,2026-06-17,"C=US, O=Let's Encrypt, CN=YR1",braze.com,certspotter,1,infrastructure (certificate transparency)
argocd.k8s.cluster-002.p-use-1.braze.com,2026-06-17,"C=US, O=Let's Encrypt, CN=YR2",braze.com,certspotter,1,infrastructure (certificate transparency)
argocd.k8s.cluster-003.p-use-1.braze.com,2026-06-17,"C=US, O=Let's Encrypt, CN=YR2",braze.com,certspotter,1,infrastructure (certificate transparency)
argocd.k8s.cluster-004.p-use-1.braze.com,2026-06-17,"C=US, O=Let's Encrypt, CN=YR1",braze.com,certspotter,1,infrastructure (certificate transparency)
argocd.k8s.cluster-005.p-use-1.braze.com,2026-06-17,"C=US, O=Let's Encrypt, CN=YR1",braze.com,certspotter,1,infrastructure (certificate transparency)
argocd.k8s.cluster-006.p-use-1.braze.com,2026-06-17,"C=US, O=Let's Encrypt, CN=YR2",braze.com,certspotter,1,infrastructure (certificate transparency)
argocd.k8s.cluster-007.p-use-1.braze.com,2026-06-17,"C=US, O=Let's Encrypt, CN=YR2",braze.com,certspotter,1,infrastructure (certificate transparency)
argocd.k8s.cluster-009.p-use-1.braze.com,2026-06-17,"C=US, O=Let's Encrypt, CN=YR2",braze.com,certspotter,1,infrastructure (certificate transparency)
argocd.k8s.cluster-010.p-use-1.braze.com,2026-06-17,"C=US, O=Let's Encrypt, CN=YR1",braze.com,certspotter,1,infrastructure (certificate transparency)
argocd.k8s.region-001.p-apse-2.braze.com,2026-06-17,"C=US, O=Let's Encrypt, CN=YR1",braze.com,certspotter,1,infrastructure (certificate transparency)
argocd.k8s.region-001.p-use-1.braze.com,2026-06-17,"C=US, O=Let's Encrypt, CN=YR1",braze.com,certspotter,1,infrastructure (certificate transparency)
argocd.k8s.region-001.s-use-1.braze.com,2026-06-17,"C=US, O=Let's Encrypt, CN=YR2",braze.com,certspotter,1,infrastructure (certificate transparency)
argocd.k8s.stc-001.p-use-1.braze.com,2026-06-17,"C=US, O=Let's Encrypt, CN=YR2",braze.com,certspotter,1,infrastructure (certificate transparency)
argocd.k8s.stc-001.s-use-1.braze.com,2026-06-17,"C=US, O=Let's Encrypt, CN=YR2",braze.com,certspotter,1,infrastructure (certificate transparency)
argocd.k8s.stc-002.p-use-1.braze.com,2026-06-17,"C=US, O=Let's Encrypt, CN=YR1",braze.com,certspotter,1,infrastructure (certificate transparency)
argocd.k8s.tools-001.p-use-1.braze.com,2026-06-17,"C=US, O=Let's Encrypt, CN=YR2",braze.com,certspotter,1,infrastructure (certificate transparency)
argocd.k8s.tools-001.s-use-1.braze.com,2026-06-17,"C=US, O=Let's Encrypt, CN=YR1",braze.com,certspotter,1,infrastructure (certificate transparency)
change-management.k8s.tools-001.p-use-1.braze.com,2026-06-17,"C=US, O=Let's Encrypt, CN=YR1",braze.com,certspotter,1,infrastructure (certificate transparency)
churn-pangolin.id-01.braze.com,2026-06-17,"C=US, O=Let's Encrypt, CN=YR1",braze.com,certspotter,1,infrastructure (certificate transparency)
churn-pangolin.k8s.cluster-001.p-apse-3.braze.com,2026-06-17,"C=US, O=Let's Encrypt, CN=YR1",braze.com,certspotter,1,infrastructure (certificate transparency)
cors-any.k8s.region-001.s-use-1.braze.com,2026-06-17,"C=US, O=Let's Encrypt, CN=YR2",braze.com,certspotter,1,infrastructure (certificate transparency)
intel-jupyterhub.k8s.cluster-001.p-apse-3.braze.com,2026-06-17,"C=US, O=Let's Encrypt, CN=YR1",braze.com,certspotter,1,infrastructure (certificate transparency)
nessie.k8s.region-001.d-use-1.braze.com,2026-06-17,"C=US, O=Let's Encrypt, CN=YR2",braze.com,certspotter,1,infrastructure (certificate transparency)
argo-rollouts.k8s.infra-001.i-use-1.braze.com,2026-06-18,"C=US, O=Let's Encrypt, CN=YR2",braze.com,certspotter,1,infrastructure (certificate transparency)
argocd.k8s.infra-001.i-use-1.braze.com,2026-06-18,"C=US, O=Let's Encrypt, CN=YR1",braze.com,certspotter,1,infrastructure (certificate transparency)
nessie.k8s.region-001.p-use-1.braze.com,2026-06-18,"C=US, O=Let's Encrypt, CN=YR2",braze.com,certspotter,1,infrastructure (certificate transparency)
pce.braze.com,2026-06-18,"C=US, O=Let's Encrypt, CN=YR2",braze.com,certspotter,1,infrastructure (certificate transparency)
pcedms-frontend.cd-use-1.braze.com,2026-06-18,"C=US, O=Let's Encrypt, CN=YR2",braze.com,certspotter,1,infrastructure (certificate transparency)
pcedms-frontend.i-use-1.braze.com,2026-06-18,"C=US, O=Let's Encrypt, CN=YR1",braze.com,certspotter,1,infrastructure (certificate transparency)
polaris.k8s.cluster-001.p-use-1.braze.com,2026-06-18,"C=US, O=Let's Encrypt, CN=YR1",braze.com,certspotter,1,infrastructure (certificate transparency)
polaris.k8s.cluster-002.p-use-1.braze.com,2026-06-18,"C=US, O=Let's Encrypt, CN=YR2",braze.com,certspotter,1,infrastructure (certificate transparency)
polaris.k8s.cluster-003.p-use-1.braze.com,2026-06-18,"C=US, O=Let's Encrypt, CN=YR2",braze.com,certspotter,1,infrastructure (certificate transparency)
polaris.k8s.cluster-004.p-use-1.braze.com,2026-06-18,"C=US, O=Let's Encrypt, CN=YR1",braze.com,certspotter,1,infrastructure (certificate transparency)
polaris.k8s.cluster-005.p-use-1.braze.com,2026-06-18,"C=US, O=Let's Encrypt, CN=YR2",braze.com,certspotter,1,infrastructure (certificate transparency)
polaris.k8s.region-001.p-use-1.braze.com,2026-06-18,"C=US, O=Let's Encrypt, CN=YR2",braze.com,certspotter,1,infrastructure (certificate transparency)
polaris.k8s.stc-001.p-use-1.braze.com,2026-06-18,"C=US, O=Let's Encrypt, CN=YR2",braze.com,certspotter,1,infrastructure (certificate transparency)
polaris.k8s.stc-001.s-use-1.braze.com,2026-06-18,"C=US, O=Let's Encrypt, CN=YR1",braze.com,certspotter,1,infrastructure (certificate transparency)
polaris.k8s.tools-001.p-use-1.braze.com,2026-06-18,"C=US, O=Let's Encrypt, CN=YR2",braze.com,certspotter,1,infrastructure (certificate transparency)
polaris.k8s.tools-001.s-use-1.braze.com,2026-06-18,"C=US, O=Let's Encrypt, CN=YR2",braze.com,certspotter,1,infrastructure (certificate transparency)
sdk-az-us08.iad-08.braze.com,2026-06-18,"C=US, O=Let's Encrypt, CN=YR1",braze.com,certspotter,1,infrastructure (certificate transparency)
sdk-us08.k8s.cluster-001.p-aze-us.braze.com,2026-06-18,"C=US, O=Let's Encrypt, CN=YR1",braze.com,certspotter,1,infrastructure (certificate transparency)
soleng-ser-awsleaderboard.k8s.test-001.d-usw-2.braze.com,2026-06-18,"C=US, O=Let's Encrypt, CN=YR2",braze.com,certspotter,1,infrastructure (certificate transparency)
soleng-ser-awsleaderboard.k8s.tools-001.p-use-1.braze.com,2026-06-18,"C=US, O=Let's Encrypt, CN=YR1",braze.com,certspotter,1,infrastructure (certificate transparency)
subcenter-08-az.k8s.cluster-001.p-aze-us.braze.com,2026-06-18,"C=US, O=Let's Encrypt, CN=YR1",braze.com,certspotter,1,infrastructure (certificate transparency)
subcenter-08.k8s.cluster-001.p-aze-us.braze.com,2026-06-18,"C=US, O=Let's Encrypt, CN=YR1",braze.com,certspotter,1,infrastructure (certificate transparency)
beacon.braze.com,2026-06-19,"C=US, O=Let's Encrypt, CN=YR2",braze.com,certspotter,1,infrastructure (certificate transparency)
cityxcity.braze.com,2026-06-19,"C=US, O=Let's Encrypt, CN=YE1",braze.com,certspotter,1,infrastructure (certificate transparency)
data-infra-load-tester.k8s.cluster-001.s-aze-us.braze.com,2026-06-19,"C=US, O=Let's Encrypt, CN=YR1",braze.com,certspotter,1,infrastructure (certificate transparency)
data-lake-connect.k8s.cluster-001.s-aze-us.braze.com,2026-06-19,"C=US, O=Let's Encrypt, CN=YR1",braze.com,certspotter,1,infrastructure (certificate transparency)
masquerade-dashboard.k8s.tools-001.s-use-1.braze.com,2026-06-19,"C=US, O=Let's Encrypt, CN=YR1",braze.com,certspotter,1,infrastructure (certificate transparency)
masquerade-dashboard.staging.braze.com,2026-06-19,"C=US, O=Let's Encrypt, CN=YR1",braze.com,certspotter,1,infrastructure (certificate transparency)
misato-2.k8s.region-001.p-use-1.braze.com,2026-06-19,"C=US, O=Let's Encrypt, CN=YR2",braze.com,certspotter,1,infrastructure (certificate transparency)
thanos-bucket.k8s.cluster-001.p-aze-us.braze.com,2026-06-19,"C=US, O=Let's Encrypt, CN=YR1",braze.com,certspotter,1,infrastructure (certificate transparency)
thanos-bucket.k8s.cluster-001.p-use-1.braze.com,2026-06-19,"C=US, O=Let's Encrypt, CN=YR1",braze.com,certspotter,1,infrastructure (certificate transparency)
thanos-grpc-query.k8s.cluster-001.p-aze-us.braze.com,2026-06-19,"C=US, O=Let's Encrypt, CN=YR2",braze.com,certspotter,1,infrastructure (certificate transparency)
thanos-grpc-query.k8s.cluster-001.p-use-1.braze.com,2026-06-19,"C=US, O=Let's Encrypt, CN=YR2",braze.com,certspotter,1,infrastructure (certificate transparency)
thanos-query.k8s.cluster-001.p-aze-us.braze.com,2026-06-19,"C=US, O=Let's Encrypt, CN=YR2",braze.com,certspotter,1,infrastructure (certificate transparency)
thanos-query.k8s.cluster-001.p-use-1.braze.com,2026-06-19,"C=US, O=Let's Encrypt, CN=YR2",braze.com,certspotter,1,infrastructure (certificate transparency)
thanos-store.k8s.cluster-001.p-aze-us.braze.com,2026-06-19,"C=US, O=Let's Encrypt, CN=YR1",braze.com,certspotter,1,infrastructure (certificate transparency)
airflow.k8s.cluster-001.p-apne-2.braze.com,2026-06-20,"C=US, O=Let's Encrypt, CN=YR1",braze.com,certspotter,1,infrastructure (certificate transparency)
argocd-dev.k8s.core-001.cd-use-1.braze.com,2026-06-20,"C=US, O=Let's Encrypt, CN=YR1",braze.com,certspotter,1,infrastructure (certificate transparency)
argocd-dev.k8s.test-003.t-usw-2.braze.com,2026-06-20,"C=US, O=Let's Encrypt, CN=YR2",braze.com,certspotter,1,infrastructure (certificate transparency)
beacon-storybook.braze.com,2026-06-20,"C=US, O=Let's Encrypt, CN=YR1",braze.com,certspotter,1,infrastructure (certificate transparency)
beacon.k8s.tools-001.d-use-1.braze.com,2026-06-20,"C=US, O=Let's Encrypt, CN=YR1",braze.com,certspotter,1,infrastructure (certificate transparency)
clickhouse-connect.k8s.cluster-001.d-use-1.braze.com,2026-06-20,"C=US, O=Let's Encrypt, CN=YR1",braze.com,certspotter,1,infrastructure (certificate transparency)
currents-endpoint-tester.k8s.cluster-001.s-aze-us.braze.com,2026-06-20,"C=US, O=Let's Encrypt, CN=YR2",braze.com,certspotter,1,infrastructure (certificate transparency)
datahub.k8s.tools-001.p-use-1.braze.com,2026-06-20,"C=US, O=Let's Encrypt, CN=YR1",braze.com,certspotter,1,infrastructure (certificate transparency)
kirby-kafka-connect.k8s.region-001.d-use-1.braze.com,2026-06-20,"C=US, O=Let's Encrypt, CN=YR1",braze.com,certspotter,1,infrastructure (certificate transparency)
masthead-e2e.k8s.test-001.d-usw-2.braze.com,2026-06-20,"C=US, O=Let's Encrypt, CN=YR2",braze.com,certspotter,1,infrastructure (certificate transparency)
prometheus-pushgateway.k8s.core-001.cd-use-1.braze.com,2026-06-20,"C=US, O=Let's Encrypt, CN=YR2",braze.com,certspotter,1,infrastructure (certificate transparency)
prometheus.k8s.core-001.cd-use-1.braze.com,2026-06-20,"C=US, O=Let's Encrypt, CN=YR2",braze.com,certspotter,1,infrastructure (certificate transparency)
rest.us-09.braze.com,2026-06-20,"C=US, O=Let's Encrypt, CN=YR2",braze.com,certspotter,2,infrastructure (certificate transparency)
sdk-cc-us08.k8s.cluster-001.p-aze-us.braze.com,2026-06-20,"C=US, O=Let's Encrypt, CN=YR1",braze.com,certspotter,1,infrastructure (certificate transparency)
us-09.braze.com,2026-06-20,"C=US, O=Let's Encrypt, CN=YR1",braze.com,certspotter,2,infrastructure (certificate transparency)
airflow-datalake.k8s.region-001.d-use-1.braze.com,2026-06-21,"C=US, O=Let's Encrypt, CN=YR2",braze.com,certspotter,1,infrastructure (certificate transparency)
cpaas-callback-service.k8s.cluster-005.p-use-1.braze.com,2026-06-21,"C=US, O=Let's Encrypt, CN=YR2",braze.com,certspotter,1,infrastructure (certificate transparency)
go-apis-rest.k8s.cluster-009.p-use-1.braze.com,2026-06-21,"C=US, O=Let's Encrypt, CN=YR2",braze.com,certspotter,1,infrastructure (certificate transparency)
kargo-dev.k8s.core-001.cd-use-1.braze.com,2026-06-21,"C=US, O=Let's Encrypt, CN=YR2",braze.com,certspotter,1,infrastructure (certificate transparency)
nessie-hipaa.k8s.region-001.p-use-1.braze.com,2026-06-21,"C=US, O=Let's Encrypt, CN=YR2",braze.com,certspotter,1,infrastructure (certificate transparency)
openbao.k8s.core-001.cd-use-1.braze.com,2026-06-21,"C=US, O=Let's Encrypt, CN=YR2",braze.com,certspotter,1,infrastructure (certificate transparency)
pbug.braze.com,2026-06-21,"C=US, O=Let's Encrypt, CN=YR1",braze.com,certspotter,1,infrastructure (certificate transparency)
pbug.k8s.tools-001.d-use-1.braze.com,2026-06-21,"C=US, O=Let's Encrypt, CN=YR1",braze.com,certspotter,1,infrastructure (certificate transparency)
prometheus-pushgateway.k8s.cluster-010.p-use-1.braze.com,2026-06-21,"C=US, O=Let's Encrypt, CN=YR1",braze.com,certspotter,1,infrastructure (certificate transparency)
prometheus-pushgateway.k8s.upgrade-test-ci.t-usw-2.braze.com,2026-06-21,"C=US, O=Let's Encrypt, CN=YR2",braze.com,certspotter,10,infrastructure (certificate transparency)
prometheus.k8s.upgrade-test-ci.t-usw-2.braze.com,2026-06-21,"C=US, O=Let's Encrypt, CN=YR2",braze.com,certspotter,10,infrastructure (certificate transparency)
tenant.k8s.region-001.s-aze-us.braze.com,2026-06-21,"C=US, O=Let's Encrypt, CN=YR1",braze.com,certspotter,1,infrastructure (certificate transparency)
testkube.k8s.upgrade-test-ci.t-usw-2.braze.com,2026-06-21,"C=US, O=Let's Encrypt, CN=YR1",braze.com,certspotter,10,infrastructure (certificate transparency)
thanos-bucket.k8s.cluster-010.p-use-1.braze.com,2026-06-21,"C=US, O=Let's Encrypt, CN=YR2",braze.com,certspotter,1,infrastructure (certificate transparency)
thanos-bucket.k8s.upgrade-test-ci.t-usw-2.braze.com,2026-06-21,"C=US, O=Let's Encrypt, CN=YR2",braze.com,certspotter,10,infrastructure (certificate transparency)
thanos-grpc-query.k8s.cluster-010.p-use-1.braze.com,2026-06-21,"C=US, O=Let's Encrypt, CN=YR2",braze.com,certspotter,1,infrastructure (certificate transparency)
thanos-grpc-query.k8s.upgrade-test-ci.t-usw-2.braze.com,2026-06-21,"C=US, O=Let's Encrypt, CN=YR1",braze.com,certspotter,10,infrastructure (certificate transparency)
thanos-query.k8s.cluster-010.p-use-1.braze.com,2026-06-21,"C=US, O=Let's Encrypt, CN=YR2",braze.com,certspotter,1,infrastructure (certificate transparency)
thanos-query.k8s.upgrade-test-ci.t-usw-2.braze.com,2026-06-21,"C=US, O=Let's Encrypt, CN=YR2",braze.com,certspotter,10,infrastructure (certificate transparency)
thanos-store.k8s.cluster-010.p-use-1.braze.com,2026-06-21,"C=US, O=Let's Encrypt, CN=YR2",braze.com,certspotter,1,infrastructure (certificate transparency)
thanos-store.k8s.upgrade-test-ci.t-usw-2.braze.com,2026-06-21,"C=US, O=Let's Encrypt, CN=YR2",braze.com,certspotter,10,infrastructure (certificate transparency)
todd.braze.com,2026-06-21,"C=US, O=Google Trust Services, CN=WR1",braze.com,certspotter,6,infrastructure (certificate transparency)
windmill.k8s.core-001.cd-use-1.braze.com,2026-06-21,"C=US, O=Let's Encrypt, CN=YR2",braze.com,certspotter,1,infrastructure (certificate transparency)
cc-sdk-05.braze.com,2026-06-22,"C=US, O=Let's Encrypt, CN=YR2",braze.com,certspotter,1,infrastructure (certificate transparency)
cc-sdk-05.k8s.cluster-005.p-use-1.braze.com,2026-06-22,"C=US, O=Let's Encrypt, CN=YR2",braze.com,certspotter,1,infrastructure (certificate transparency)
churn-pangolin.p-apse-2.braze.com,2026-06-22,"C=US, O=Let's Encrypt, CN=YR2",braze.com,certspotter,1,infrastructure (certificate transparency)
cobbler-api.d-use-1.braze.com,2026-06-22,"C=US, O=Let's Encrypt, CN=YR1",braze.com,certspotter,1,infrastructure (certificate transparency)
kirby-kafka-connect-hipaa.k8s.region-001.p-use-1.braze.com,2026-06-22,"C=US, O=Let's Encrypt, CN=YR2",braze.com,certspotter,1,infrastructure (certificate transparency)
kops-upgrade-dashboard.d-use-1.braze.com,2026-06-22,"C=US, O=Let's Encrypt, CN=YR2",braze.com,certspotter,1,infrastructure (certificate transparency)
polaris.k8s.test-001-capz.d-aze-us.braze.com,2026-06-22,"C=US, O=Let's Encrypt, CN=YR2",braze.com,certspotter,6,infrastructure (certificate transparency)
prometheus-pushgateway.k8s.region-001.p-apse-2.braze.com,2026-06-22,"C=US, O=Let's Encrypt, CN=YR2",braze.com,certspotter,1,infrastructure (certificate transparency)
prometheus.k8s.cluster-001.p-aze-us.braze.com,2026-06-22,"C=US, O=Let's Encrypt, CN=YR1",braze.com,certspotter,1,infrastructure (certificate transparency)
prometheus.k8s.cluster-010.p-use-1.braze.com,2026-06-22,"C=US, O=Let's Encrypt, CN=YR1",braze.com,certspotter,1,infrastructure (certificate transparency)
prometheus.k8s.region-001.p-apse-2.braze.com,2026-06-22,"C=US, O=Let's Encrypt, CN=YR1",braze.com,certspotter,1,infrastructure (certificate transparency)
prometheus.k8s.test-001-capz.d-aze-us.braze.com,2026-06-22,"C=US, O=Let's Encrypt, CN=YR2",braze.com,certspotter,6,infrastructure (certificate transparency)
public-screenshotter.k8s.test-001.d-usw-2.braze.com,2026-06-22,"C=US, O=Let's Encrypt, CN=YR1",braze.com,certspotter,1,infrastructure (certificate transparency)
screenshotter.k8s.test-001.d-usw-2.braze.com,2026-06-22,"C=US, O=Let's Encrypt, CN=YR1",braze.com,certspotter,1,infrastructure (certificate transparency)
testkube.k8s.cluster-001.p-use-1.braze.com,2026-06-22,"C=US, O=Let's Encrypt, CN=YR2",braze.com,certspotter,1,infrastructure (certificate transparency)
testkube.k8s.cluster-003.p-use-1.braze.com,2026-06-22,"C=US, O=Let's Encrypt, CN=YR1",braze.com,certspotter,1,infrastructure (certificate transparency)
testkube.k8s.cluster-005.p-use-1.braze.com,2026-06-22,"C=US, O=Let's Encrypt, CN=YR2",braze.com,certspotter,1,infrastructure (certificate transparency)
testkube.k8s.cluster-007.p-use-1.braze.com,2026-06-22,"C=US, O=Let's Encrypt, CN=YR1",braze.com,certspotter,1,infrastructure (certificate transparency)
testkube.k8s.stc-001.p-use-1.braze.com,2026-06-22,"C=US, O=Let's Encrypt, CN=YR1",braze.com,certspotter,1,infrastructure (certificate transparency)
testkube.k8s.stc-002.p-use-1.braze.com,2026-06-22,"C=US, O=Let's Encrypt, CN=YR2",braze.com,certspotter,1,infrastructure (certificate transparency)
testkube.k8s.test-001-capz.d-aze-us.braze.com,2026-06-22,"C=US, O=Let's Encrypt, CN=YR1",braze.com,certspotter,6,infrastructure (certificate transparency)
thanos-bucket.k8s.region-001.p-apse-2.braze.com,2026-06-22,"C=US, O=Let's Encrypt, CN=YR1",braze.com,certspotter,1,infrastructure (certificate transparency)
thanos-bucket.k8s.test-001-capz.d-aze-us.braze.com,2026-06-22,"C=US, O=Let's Encrypt, CN=YR2",braze.com,certspotter,6,infrastructure (certificate transparency)
thanos-grpc-query.k8s.test-001-capz.d-aze-us.braze.com,2026-06-22,"C=US, O=Let's Encrypt, CN=YR2",braze.com,certspotter,6,infrastructure (certificate transparency)
thanos-query.k8s.region-001.p-apse-2.braze.com,2026-06-22,"C=US, O=Let's Encrypt, CN=YR2",braze.com,certspotter,1,infrastructure (certificate transparency)
thanos-query.k8s.test-001-capz.d-aze-us.braze.com,2026-06-22,"C=US, O=Let's Encrypt, CN=YR2",braze.com,certspotter,6,infrastructure (certificate transparency)
thanos-store.k8s.region-001.p-apse-2.braze.com,2026-06-22,"C=US, O=Let's Encrypt, CN=YR1",braze.com,certspotter,1,infrastructure (certificate transparency)
thanos-store.k8s.test-001-capz.d-aze-us.braze.com,2026-06-22,"C=US, O=Let's Encrypt, CN=YR1",braze.com,certspotter,6,infrastructure (certificate transparency)
arbiter-api.d-usw-2.braze.com,2026-06-23,"C=US, O=Let's Encrypt, CN=YR2",braze.com,certspotter,1,infrastructure (certificate transparency)
ces.k8s.cluster-003.p-use-1.braze.com,2026-06-23,"C=US, O=Let's Encrypt, CN=YR2",braze.com,certspotter,1,infrastructure (certificate transparency)
dataexport-backup-connector.k8s.cluster-001.d-use-1.braze.com,2026-06-23,"C=US, O=Let's Encrypt, CN=YR1",braze.com,certspotter,1,infrastructure (certificate transparency)
go-apis-rest.k8s.cluster-001.d-use-1.braze.com,2026-06-23,"C=US, O=Let's Encrypt, CN=YR1",braze.com,certspotter,1,infrastructure (certificate transparency)
internal-rest.au-01.braze.com,2026-06-23,"C=US, O=Let's Encrypt, CN=YR2",braze.com,certspotter,1,infrastructure (certificate transparency)
k8s-testing-cert-manager.k8s.region-001.p-aze-us.braze.com,2026-06-23,"C=US, O=Let's Encrypt, CN=YR2",braze.com,certspotter,1,infrastructure (certificate transparency)
kirby.k8s.region-001.d-use-1.braze.com,2026-06-23,"C=US, O=Let's Encrypt, CN=YR2",braze.com,certspotter,1,infrastructure (certificate transparency)
logs.braze.com,2026-06-23,"C=US, O=Let's Encrypt, CN=YR1",braze.com,certspotter,1,infrastructure (certificate transparency)
metric-api.prometheus.k8s.cluster-001.p-apse-2.braze.com,2026-06-23,"C=US, O=Let's Encrypt, CN=YR2",braze.com,certspotter,1,infrastructure (certificate transparency)
metric-api.prometheus.k8s.cluster-002.p-use-1.braze.com,2026-06-23,"C=US, O=Let's Encrypt, CN=YR2",braze.com,certspotter,1,infrastructure (certificate transparency)
metric-api.prometheus.k8s.cluster-005.p-use-1.braze.com,2026-06-23,"C=US, O=Let's Encrypt, CN=YR2",braze.com,certspotter,1,infrastructure (certificate transparency)
metric-api.prometheus.k8s.cluster-007.p-use-1.braze.com,2026-06-23,"C=US, O=Let's Encrypt, CN=YR2",braze.com,certspotter,1,infrastructure (certificate transparency)
misato-2.k8s.cluster-001.d-use-1.braze.com,2026-06-23,"C=US, O=Let's Encrypt, CN=YR1",braze.com,certspotter,1,infrastructure (certificate transparency)
oauth-dev.braze.com,2026-06-23,"C=US, O=Let's Encrypt, CN=YE2",braze.com,certspotter,2,infrastructure (certificate transparency)
oauth-staging.braze.com,2026-06-23,"C=US, O=Let's Encrypt, CN=YR2",braze.com,certspotter,4,infrastructure (certificate transparency)
pr-dashboard.k8s.tools-001.p-use-1.braze.com,2026-06-23,"C=US, O=Let's Encrypt, CN=YR2",braze.com,certspotter,1,infrastructure (certificate transparency)
prometheus-pushgateway.k8s.cluster-001.p-apne-1.braze.com,2026-06-23,"C=US, O=Let's Encrypt, CN=YR1",braze.com,certspotter,1,infrastructure (certificate transparency)
prometheus.k8s.cluster-001.p-apne-1.braze.com,2026-06-23,"C=US, O=Let's Encrypt, CN=YR2",braze.com,certspotter,1,infrastructure (certificate transparency)
rest-01-internal-app.k8s.cluster-001.p-apse-2.braze.com,2026-06-23,"C=US, O=Let's Encrypt, CN=YR2",braze.com,certspotter,1,infrastructure (certificate transparency)
rest-01-internal.au-01.braze.com,2026-06-23,"C=US, O=Let's Encrypt, CN=YR2",braze.com,certspotter,1,infrastructure (certificate transparency)
rest-responder.k8s.region-001.s-use-1.braze.com,2026-06-23,"C=US, O=Let's Encrypt, CN=YR1",braze.com,certspotter,1,infrastructure (certificate transparency)
testkube.k8s.cluster-001.p-apne-1.braze.com,2026-06-23,"C=US, O=Let's Encrypt, CN=YR2",braze.com,certspotter,1,infrastructure (certificate transparency)
testkube.k8s.region-001.p-use-1.braze.com,2026-06-23,"C=US, O=Let's Encrypt, CN=YR1",braze.com,certspotter,1,infrastructure (certificate transparency)
thanos-bucket.k8s.cluster-001.p-apne-1.braze.com,2026-06-23,"C=US, O=Let's Encrypt, CN=YR2",braze.com,certspotter,1,infrastructure (certificate transparency)
thanos-grpc-query.k8s.cluster-001.p-apne-1.braze.com,2026-06-23,"C=US, O=Let's Encrypt, CN=YR2",braze.com,certspotter,1,infrastructure (certificate transparency)
thanos-query.k8s.cluster-001.p-apne-1.braze.com,2026-06-23,"C=US, O=Let's Encrypt, CN=YR2",braze.com,certspotter,1,infrastructure (certificate transparency)
thanos-store.k8s.cluster-001.p-apne-1.braze.com,2026-06-23,"C=US, O=Let's Encrypt, CN=YR2",braze.com,certspotter,1,infrastructure (certificate transparency)
yeti.d-usw-2.braze.com,2026-06-23,"C=US, O=Let's Encrypt, CN=YR2",braze.com,certspotter,1,infrastructure (certificate transparency)
esg.braze.com,2026-06-24,"C=US, O=Google Trust Services, CN=WR1",braze.com,certspotter,2,infrastructure (certificate transparency)
go-apis.k8s.cluster-001.s-use-1.braze.com,2026-06-24,"C=US, O=Let's Encrypt, CN=YR2",braze.com,certspotter,1,infrastructure (certificate transparency)
html-iam-templating-engine.k8s.region-001.s-use-1.braze.com,2026-06-24,"C=US, O=Let's Encrypt, CN=YR2",braze.com,certspotter,1,infrastructure (certificate transparency)
internal-tools-queue-cache.k8s.region-001.s-use-1.braze.com,2026-06-24,"C=US, O=Let's Encrypt, CN=YR2",braze.com,certspotter,1,infrastructure (certificate transparency)
internal-tools-queue-cache.staging.braze.com,2026-06-24,"C=US, O=Let's Encrypt, CN=YR2",braze.com,certspotter,1,infrastructure (certificate transparency)
kafka-ui.k8s.region-001.p-apse-2.braze.com,2026-06-24,"C=US, O=Let's Encrypt, CN=YR2",braze.com,certspotter,1,infrastructure (certificate transparency)
metric-api.prometheus.k8s.cluster-001.p-apne-1.braze.com,2026-06-24,"C=US, O=Let's Encrypt, CN=YR1",braze.com,certspotter,1,infrastructure (certificate transparency)
metric-api.prometheus.k8s.cluster-001.p-apse-3.braze.com,2026-06-24,"C=US, O=Let's Encrypt, CN=YR1",braze.com,certspotter,1,infrastructure (certificate transparency)
metric-api.prometheus.k8s.cluster-001.p-aze-us.braze.com,2026-06-24,"C=US, O=Let's Encrypt, CN=YR1",braze.com,certspotter,1,infrastructure (certificate transparency)
metric-api.prometheus.k8s.cluster-001.p-use-1.braze.com,2026-06-24,"C=US, O=Let's Encrypt, CN=YR1",braze.com,certspotter,1,infrastructure (certificate transparency)
metric-api.prometheus.k8s.cluster-004.p-use-1.braze.com,2026-06-24,"C=US, O=Let's Encrypt, CN=YR1",braze.com,certspotter,1,infrastructure (certificate transparency)
metric-api.prometheus.k8s.cluster-006.p-use-1.braze.com,2026-06-24,"C=US, O=Let's Encrypt, CN=YR1",braze.com,certspotter,1,infrastructure (certificate transparency)
metric-api.prometheus.k8s.cluster-009.p-use-1.braze.com,2026-06-24,"C=US, O=Let's Encrypt, CN=YR2",braze.com,certspotter,1,infrastructure (certificate transparency)
metric-api.prometheus.k8s.cluster-010.p-use-1.braze.com,2026-06-24,"C=US, O=Let's Encrypt, CN=YR1",braze.com,certspotter,1,infrastructure (certificate transparency)
platform-dal.prometheus.k8s.cluster-001.d-use-1.braze.com,2026-06-24,"C=US, O=Let's Encrypt, CN=YR1",braze.com,certspotter,1,infrastructure (certificate transparency)
podinfo-migrate-test-canary.k8s.test-001.t-usw-2.braze.com,2026-06-24,"C=US, O=Let's Encrypt, CN=YR2",braze.com,certspotter,1,infrastructure (certificate transparency)
podinfo-migrate-test-canary.k8s.test-003.t-usw-2.braze.com,2026-06-24,"C=US, O=Let's Encrypt, CN=YR2",braze.com,certspotter,1,infrastructure (certificate transparency)
podinfo-migrate-test.k8s.test-001.t-usw-2.braze.com,2026-06-24,"C=US, O=Let's Encrypt, CN=YR1",braze.com,certspotter,1,infrastructure (certificate transparency)
podinfo-migrate-test.k8s.test-003.t-usw-2.braze.com,2026-06-24,"C=US, O=Let's Encrypt, CN=YR1",braze.com,certspotter,2,infrastructure (certificate transparency)
podinfo.k8s.test-003.t-usw-2.braze.com,2026-06-24,"C=US, O=Let's Encrypt, CN=YR2",braze.com,certspotter,1,infrastructure (certificate transparency)
api.continuum.k8s.tools-001.p-use-1.braze.com,2026-06-25,"C=US, O=Let's Encrypt, CN=YR1",braze.com,certspotter,1,infrastructure (certificate transparency)
api.gpt-at-braze.k8s.tools-001.s-use-1.braze.com,2026-06-25,"C=US, O=Let's Encrypt, CN=YR1",braze.com,certspotter,1,infrastructure (certificate transparency)
api.internal-continuum.braze.com,2026-06-25,"C=US, O=Let's Encrypt, CN=YR1",braze.com,certspotter,1,infrastructure (certificate transparency)
churn-pangolin.s-aze-us.braze.com,2026-06-25,"C=US, O=Let's Encrypt, CN=YR2",braze.com,certspotter,2,infrastructure (certificate transparency)
dataexport-standard.k8s.cluster-001.d-use-1.braze.com,2026-06-25,"C=US, O=Let's Encrypt, CN=YR1",braze.com,certspotter,1,infrastructure (certificate transparency)
dataexport-test.k8s.cluster-001.d-use-1.braze.com,2026-06-25,"C=US, O=Let's Encrypt, CN=YR1",braze.com,certspotter,1,infrastructure (certificate transparency)
event-replay.k8s.cluster-001.d-use-1.braze.com,2026-06-25,"C=US, O=Let's Encrypt, CN=YR2",braze.com,certspotter,1,infrastructure (certificate transparency)
gpt-at-braze.k8s.tools-001.s-use-1.braze.com,2026-06-25,"C=US, O=Let's Encrypt, CN=YR1",braze.com,certspotter,1,infrastructure (certificate transparency)
kirby.k8s.cluster-001.p-aze-us.braze.com,2026-06-25,"C=US, O=Let's Encrypt, CN=YR1",braze.com,certspotter,1,infrastructure (certificate transparency)
android.k8s.region-001.p-use-1.braze.com,2026-06-26,"C=US, O=Let's Encrypt, CN=YR1",braze.com,certspotter,1,infrastructure (certificate transparency)
api.ge-company.k8s.tools-001.s-use-1.braze.com,2026-06-26,"C=US, O=Let's Encrypt, CN=YR1",braze.com,certspotter,1,infrastructure (certificate transparency)
cachalot.k8s.core-001.cp-use-1.braze.com,2026-06-26,"C=US, O=Let's Encrypt, CN=YR1",braze.com,certspotter,1,infrastructure (certificate transparency)
data-lake-user-profile-connect.k8s.cluster-010.p-use-1.braze.com,2026-06-26,"C=US, O=Let's Encrypt, CN=YR1",braze.com,certspotter,1,infrastructure (certificate transparency)
internal-tools-queue-cache.braze.com,2026-06-26,"C=US, O=Let's Encrypt, CN=YR2",braze.com,certspotter,1,infrastructure (certificate transparency)
internal-tools-queue-cache.k8s.region-001.p-use-1.braze.com,2026-06-26,"C=US, O=Let's Encrypt, CN=YR2",braze.com,certspotter,1,infrastructure (certificate transparency)
k8s-sondheim.braze.com,2026-06-26,"C=US, O=Let's Encrypt, CN=YR2",braze.com,certspotter,1,infrastructure (certificate transparency)
k8s-todd.braze.com,2026-06-26,"C=US, O=Let's Encrypt, CN=YR2",braze.com,certspotter,1,infrastructure (certificate transparency)
kafka-ui-warpstream.k8s.cluster-001.p-apse-3.braze.com,2026-06-26,"C=US, O=Let's Encrypt, CN=YR2",braze.com,certspotter,1,infrastructure (certificate transparency)
kafka-ui-warpstream.k8s.region-001.p-apse-2.braze.com,2026-06-26,"C=US, O=Let's Encrypt, CN=YR1",braze.com,certspotter,1,infrastructure (certificate transparency)
nessie.k8s.cluster-001.p-aze-us.braze.com,2026-06-26,"C=US, O=Let's Encrypt, CN=YR2",braze.com,certspotter,1,infrastructure (certificate transparency)
nessie.k8s.cluster-010.p-use-1.braze.com,2026-06-26,"C=US, O=Let's Encrypt, CN=YR2",braze.com,certspotter,1,infrastructure (certificate transparency)
rest-01.k8s.cluster-001.s-use-1.braze.com,2026-06-26,"C=US, O=Let's Encrypt, CN=YR2",braze.com,certspotter,1,infrastructure (certificate transparency)
sdk-01.k8s.cluster-001.s-use-1.braze.com,2026-06-26,"C=US, O=Let's Encrypt, CN=YR2",braze.com,certspotter,1,infrastructure (certificate transparency)
testkube.k8s.cluster-001.s-use-1.braze.com,2026-06-26,"C=US, O=Let's Encrypt, CN=YR2",braze.com,certspotter,1,infrastructure (certificate transparency)
testkube.k8s.core-001.cp-use-1.braze.com,2026-06-26,"C=US, O=Let's Encrypt, CN=YR1",braze.com,certspotter,1,infrastructure (certificate transparency)
testkube.k8s.region-001.s-use-1.braze.com,2026-06-26,"C=US, O=Let's Encrypt, CN=YR2",braze.com,certspotter,1,infrastructure (certificate transparency)
testkube.k8s.stc-001.s-use-1.braze.com,2026-06-26,"C=US, O=Let's Encrypt, CN=YR1",braze.com,certspotter,1,infrastructure (certificate transparency)
testkube.k8s.tools-001.s-use-1.braze.com,2026-06-26,"C=US, O=Let's Encrypt, CN=YR2",braze.com,certspotter,1,infrastructure (certificate transparency)
www-origin.braze.com,2026-06-26,"C=US, O=Let's Encrypt, CN=YR2",braze.com,certspotter,1,infrastructure (certificate transparency)
airflow-datalake.k8s.cluster-001.p-aze-us.braze.com,2026-06-27,"C=US, O=Let's Encrypt, CN=YR2",braze.com,certspotter,1,infrastructure (certificate transparency)
apex-origin.braze.com,2026-06-27,"C=US, O=Let's Encrypt, CN=YR1",braze.com,certspotter,1,infrastructure (certificate transparency)
api.ge-company.k8s.tools-001.p-use-1.braze.com,2026-06-27,"C=US, O=Let's Encrypt, CN=YR2",braze.com,certspotter,1,infrastructure (certificate transparency)
argocd.k8s.test-001.d-usw-2.braze.com,2026-06-27,"C=US, O=Let's Encrypt, CN=YR2",braze.com,certspotter,1,infrastructure (certificate transparency)
es.infra-logs.k8s.region-001.d-use-1.braze.com,2026-06-27,"C=US, O=Let's Encrypt, CN=YR1",braze.com,certspotter,1,infrastructure (certificate transparency)
genie.k8s.cluster-010.p-use-1.braze.com,2026-06-27,"C=US, O=Let's Encrypt, CN=YR1",braze.com,certspotter,1,infrastructure (certificate transparency)
go-apis-rest.k8s.cluster-001.s-use-1.braze.com,2026-06-27,"C=US, O=Let's Encrypt, CN=YR1",braze.com,certspotter,1,infrastructure (certificate transparency)
infra-logs.k8s.region-001.d-use-1.braze.com,2026-06-27,"C=US, O=Let's Encrypt, CN=YR2",braze.com,certspotter,1,infrastructure (certificate transparency)
jenkins.d-usw-2.braze.com,2026-06-27,"C=US, O=Let's Encrypt, CN=YR1",braze.com,certspotter,1,infrastructure (certificate transparency)
kafka-ui-warpstream.k8s.region-001.p-use-1.braze.com,2026-06-27,"C=US, O=Let's Encrypt, CN=YR1",braze.com,certspotter,1,infrastructure (certificate transparency)
kafka-ui.k8s.cluster-001.s-use-1.braze.com,2026-06-27,"C=US, O=Let's Encrypt, CN=YR1",braze.com,certspotter,1,infrastructure (certificate transparency)
kafka-ui.k8s.cluster-010.p-use-1.braze.com,2026-06-27,"C=US, O=Let's Encrypt, CN=YR1",braze.com,certspotter,1,infrastructure (certificate transparency)
optimus-staging.k8s.infra-001.i-use-1.braze.com,2026-06-27,"C=US, O=Let's Encrypt, CN=YR2",braze.com,certspotter,1,infrastructure (certificate transparency)
prometheus-pushgateway.k8s.cluster-007.p-use-1.braze.com,2026-06-27,"C=US, O=Let's Encrypt, CN=YR2",braze.com,certspotter,1,infrastructure (certificate transparency)
prometheus.k8s.cluster-007.p-use-1.braze.com,2026-06-27,"C=US, O=Let's Encrypt, CN=YR1",braze.com,certspotter,1,infrastructure (certificate transparency)
rest-responder.k8s.cluster-001.d-use-1.braze.com,2026-06-27,"C=US, O=Let's Encrypt, CN=YR2",braze.com,certspotter,1,infrastructure (certificate transparency)
url-shortener-reg-svc.k8s.region-001.p-use-1.braze.com,2026-06-27,"C=US, O=Let's Encrypt, CN=YR1",braze.com,certspotter,1,infrastructure (certificate transparency)
alloys.staging.braze.com,2026-06-28,"C=US, O=Let's Encrypt, CN=YR1",braze.com,certspotter,2,infrastructure (certificate transparency)
anna-internal.braze.com,2026-06-28,"C=US, O=Let's Encrypt, CN=YR1",braze.com,certspotter,1,infrastructure (certificate transparency)
brazeforms.braze.com,2026-06-28,"C=US, O=Let's Encrypt, CN=YR1",braze.com,certspotter,1,infrastructure (certificate transparency)
data-lake-streaming-connect.k8s.region-001.p-use-1.braze.com,2026-06-28,"C=US, O=Let's Encrypt, CN=YR1",braze.com,certspotter,1,infrastructure (certificate transparency)
dataexport-standard.k8s.cluster-010.p-use-1.braze.com,2026-06-28,"C=US, O=Let's Encrypt, CN=YR2",braze.com,certspotter,1,infrastructure (certificate transparency)
go-apis-us01.k8s.cluster-001.d-use-1.braze.com,2026-06-28,"C=US, O=Let's Encrypt, CN=YR2",braze.com,certspotter,1,infrastructure (certificate transparency)
go-apis.k8s.cluster-001.d-use-1.braze.com,2026-06-28,"C=US, O=Let's Encrypt, CN=YR2",braze.com,certspotter,1,infrastructure (certificate transparency)
growth-braze-forms.k8s.tools-001.p-use-1.braze.com,2026-06-28,"C=US, O=Let's Encrypt, CN=YR1",braze.com,certspotter,1,infrastructure (certificate transparency)
html-iam-templating-engine.k8s.test-001.d-usw-2.braze.com,2026-06-28,"C=US, O=Let's Encrypt, CN=YR2",braze.com,certspotter,1,infrastructure (certificate transparency)
k8s-anna-internal.braze.com,2026-06-28,"C=US, O=Let's Encrypt, CN=YR1",braze.com,certspotter,1,infrastructure (certificate transparency)
masthead-echo.k8s.test-001.d-usw-2.braze.com,2026-06-28,"C=US, O=Let's Encrypt, CN=YR2",braze.com,certspotter,1,infrastructure (certificate transparency)
misato-2.k8s.cluster-010.p-use-1.braze.com,2026-06-28,"C=US, O=Let's Encrypt, CN=YR1",braze.com,certspotter,1,infrastructure (certificate transparency)
partners.k8s.test-001.d-usw-2.braze.com,2026-06-28,"C=US, O=Let's Encrypt, CN=YR1",braze.com,certspotter,1,infrastructure (certificate transparency)
rest-01-internal-app.k8s.cluster-001.d-use-1.braze.com,2026-06-28,"C=US, O=Let's Encrypt, CN=YR1",braze.com,certspotter,1,infrastructure (certificate transparency)
rest-anna-internal.braze.com,2026-06-28,"C=US, O=Let's Encrypt, CN=YR1",braze.com,certspotter,1,infrastructure (certificate transparency)
webhook-partners.k8s.region-001.p-aze-us.braze.com,2026-06-28,"C=US, O=Let's Encrypt, CN=YR2",braze.com,certspotter,1,infrastructure (certificate transparency)
api.gpt-at-braze.k8s.tools-001.p-use-1.braze.com,2026-06-29,"C=US, O=Let's Encrypt, CN=YR1",braze.com,certspotter,1,infrastructure (certificate transparency)
data-lake-streaming-connect.k8s.cluster-010.p-use-1.braze.com,2026-06-29,"C=US, O=Let's Encrypt, CN=YR2",braze.com,certspotter,1,infrastructure (certificate transparency)
dataexport-canary.k8s.cluster-010.p-use-1.braze.com,2026-06-29,"C=US, O=Let's Encrypt, CN=YR1",braze.com,certspotter,1,infrastructure (certificate transparency)
dataexport-test.k8s.cluster-010.p-use-1.braze.com,2026-06-29,"C=US, O=Let's Encrypt, CN=YR1",braze.com,certspotter,1,infrastructure (certificate transparency)
go-apis.k8s.cluster-007.p-use-1.braze.com,2026-06-29,"C=US, O=Let's Encrypt, CN=YR1",braze.com,certspotter,1,infrastructure (certificate transparency)
jenkins.t-usw-2.braze.com,2026-06-29,"C=US, O=Let's Encrypt, CN=YR1",braze.com,certspotter,1,infrastructure (certificate transparency)
kafka-ui-warpstream.k8s.cluster-001.d-use-1.braze.com,2026-06-29,"C=US, O=Let's Encrypt, CN=YR1",braze.com,certspotter,1,infrastructure (certificate transparency)
kafka-ui-warpstream.k8s.region-001.d-use-1.braze.com,2026-06-29,"C=US, O=Let's Encrypt, CN=YR2",braze.com,certspotter,1,infrastructure (certificate transparency)
mail-tracker-02.braze.com,2026-06-29,"C=US, O=Let's Encrypt, CN=YR2",braze.com,certspotter,4,infrastructure (certificate transparency)
mail-tracker-04.braze.com,2026-06-29,"C=US, O=Let's Encrypt, CN=YE2",braze.com,certspotter,2,infrastructure (certificate transparency)
mail-tracker-05.braze.com,2026-06-29,"C=US, O=Let's Encrypt, CN=YR1",braze.com,certspotter,2,infrastructure (certificate transparency)
mail-tracker-07.braze.com,2026-06-29,"C=US, O=Let's Encrypt, CN=YE2",braze.com,certspotter,2,infrastructure (certificate transparency)
pds-proxy.k8s.tools.s-use-1.braze.com,2026-06-29,"C=US, O=Let's Encrypt, CN=YR1",braze.com,certspotter,1,infrastructure (certificate transparency)
prometheus-pushgateway.k8s.cluster-001.p-apse-2.braze.com,2026-06-29,"C=US, O=Let's Encrypt, CN=YR2",braze.com,certspotter,1,infrastructure (certificate transparency)
prometheus.k8s.cluster-001.p-apse-2.braze.com,2026-06-29,"C=US, O=Let's Encrypt, CN=YR1",braze.com,certspotter,1,infrastructure (certificate transparency)
rest.us-10.braze.com,2026-06-29,"C=US, O=Let's Encrypt, CN=YR1",braze.com,certspotter,6,infrastructure (certificate transparency)
soleng-hub-backend.k8s.test-001.d-usw-2.braze.com,2026-06-29,"C=US, O=Let's Encrypt, CN=YR2",braze.com,certspotter,1,infrastructure (certificate transparency)
soleng-hub-backend.k8s.tools-001.p-use-1.braze.com,2026-06-29,"C=US, O=Let's Encrypt, CN=YR1",braze.com,certspotter,1,infrastructure (certificate transparency)
thanos-bucket.k8s.cluster-001.p-apse-2.braze.com,2026-06-29,"C=US, O=Let's Encrypt, CN=YR1",braze.com,certspotter,1,infrastructure (certificate transparency)
thanos-grpc-query.k8s.cluster-001.p-apse-2.braze.com,2026-06-29,"C=US, O=Let's Encrypt, CN=YR2",braze.com,certspotter,1,infrastructure (certificate transparency)
thanos-query.k8s.cluster-001.p-apse-2.braze.com,2026-06-29,"C=US, O=Let's Encrypt, CN=YR1",braze.com,certspotter,1,infrastructure (certificate transparency)
thanos-store.k8s.cluster-001.p-apse-2.braze.com,2026-06-29,"C=US, O=Let's Encrypt, CN=YR1",braze.com,certspotter,1,infrastructure (certificate transparency)
api.braze.com,2026-06-30,"C=US, O=Let's Encrypt, CN=YR1",braze.com,certspotter,2,infrastructure (certificate transparency)
apns.k8s.region-001.p-aze-us.braze.com,2026-06-30,"C=US, O=Let's Encrypt, CN=YR2",braze.com,certspotter,1,infrastructure (certificate transparency)
beacon-styling.k8s.tools-001.p-use-1.braze.com,2026-06-30,"C=US, O=Let's Encrypt, CN=YR1",braze.com,certspotter,1,infrastructure (certificate transparency)
echo.k8s.region-001.s-use-1.braze.com,2026-06-30,"C=US, O=Let's Encrypt, CN=YR2",braze.com,certspotter,1,infrastructure (certificate transparency)
k8s-testing-cert-manager.k8s.cluster-001.p-apse-2.braze.com,2026-06-30,"C=US, O=Let's Encrypt, CN=YR1",braze.com,certspotter,1,infrastructure (certificate transparency)
mail-tracker-01.braze.com,2026-06-30,"C=US, O=Let's Encrypt, CN=YE2",braze.com,certspotter,4,infrastructure (certificate transparency)
mail-tracker-03.braze.com,2026-06-30,"C=US, O=Let's Encrypt, CN=YR1",braze.com,certspotter,2,infrastructure (certificate transparency)
mail-tracker-06.braze.com,2026-06-30,"C=US, O=Let's Encrypt, CN=YR2",braze.com,certspotter,4,infrastructure (certificate transparency)
mail-tracker-08.braze.com,2026-06-30,"C=US, O=Let's Encrypt, CN=YE2",braze.com,certspotter,4,infrastructure (certificate transparency)
mail-tracker.braze.com,2026-06-30,"C=US, O=Let's Encrypt, CN=YR2",braze.com,certspotter,4,infrastructure (certificate transparency)
mdb-opsmgr.k8s.cluster-010.p-use-1.braze.com,2026-06-30,"C=US, O=Let's Encrypt, CN=YR1",braze.com,certspotter,1,infrastructure (certificate transparency)
prometheus-pushgateway.k8s.test-003.t-usw-2.braze.com,2026-06-30,"C=US, O=Let's Encrypt, CN=YR2",braze.com,certspotter,1,infrastructure (certificate transparency)
prometheus.k8s.test-003.t-usw-2.braze.com,2026-06-30,"C=US, O=Let's Encrypt, CN=YR1",braze.com,certspotter,1,infrastructure (certificate transparency)
rest.iad-05.braze.com,2026-06-30,"C=US, O=Let's Encrypt, CN=YE2",braze.com,certspotter,2,infrastructure (certificate transparency)
styling.beacon.braze.com,2026-06-30,"C=US, O=Let's Encrypt, CN=YR1",braze.com,certspotter,1,infrastructure (certificate transparency)
webhook.k8s.region-001.p-aze-us.braze.com,2026-06-30,"C=US, O=Let's Encrypt, CN=YR1",braze.com,certspotter,1,infrastructure (certificate transparency)
webpush.k8s.region-001.p-aze-us.braze.com,2026-06-30,"C=US, O=Let's Encrypt, CN=YR1",braze.com,certspotter,1,infrastructure (certificate transparency)
webpush.k8s.region-001.p-use-1.braze.com,2026-06-30,"C=US, O=Let's Encrypt, CN=YR2",braze.com,certspotter,1,infrastructure (certificate transparency)
appdeploy.infra.braze.com,2026-07-01,"C=US, O=Let's Encrypt, CN=YR1",braze.com,certspotter,1,infrastructure (certificate transparency)
atlantis.k8s.test-001.d-usw-2.braze.com,2026-07-01,"C=US, O=Let's Encrypt, CN=YR2",braze.com,certspotter,1,infrastructure (certificate transparency)
beacon-labs.k8s.tools-001.p-use-1.braze.com,2026-07-01,"C=US, O=Let's Encrypt, CN=YR1",braze.com,certspotter,1,infrastructure (certificate transparency)
cc-elsa.braze.com,2026-07-01,"C=US, O=Let's Encrypt, CN=YR1",braze.com,certspotter,1,infrastructure (certificate transparency)
cc-sdk-01.k8s.cluster-001.d-use-1.braze.com,2026-07-01,"C=US, O=Let's Encrypt, CN=YR1",braze.com,certspotter,1,infrastructure (certificate transparency)
cdjenkinsv.cd-use-1.braze.com,2026-07-01,"C=US, O=Let's Encrypt, CN=YR1",braze.com,certspotter,1,infrastructure (certificate transparency)
cpjenkinsv.cp-use-1.braze.com,2026-07-01,"C=US, O=Let's Encrypt, CN=YR1",braze.com,certspotter,1,infrastructure (certificate transparency)
deploy.infra.braze.com,2026-07-01,"C=US, O=Let's Encrypt, CN=YR2",braze.com,certspotter,1,infrastructure (certificate transparency)
k8s-anna.braze.com,2026-07-01,"C=US, O=Let's Encrypt, CN=YR1",braze.com,certspotter,1,infrastructure (certificate transparency)
k8s-cc-elsa.braze.com,2026-07-01,"C=US, O=Let's Encrypt, CN=YR1",braze.com,certspotter,1,infrastructure (certificate transparency)
k8s-elsa.braze.com,2026-07-01,"C=US, O=Let's Encrypt, CN=YR1",braze.com,certspotter,1,infrastructure (certificate transparency)
kirby-kafka-connect.k8s.region-001.s-use-1.braze.com,2026-07-01,"C=US, O=Let's Encrypt, CN=YR2",braze.com,certspotter,1,infrastructure (certificate transparency)
labs.beacon.braze.com,2026-07-01,"C=US, O=Let's Encrypt, CN=YR1",braze.com,certspotter,1,infrastructure (certificate transparency)
optimus.braze.com,2026-07-01,"C=US, O=Let's Encrypt, CN=YR2",braze.com,certspotter,1,infrastructure (certificate transparency)
optimus.k8s.infra-001.i-use-1.braze.com,2026-07-01,"C=US, O=Let's Encrypt, CN=YR2",braze.com,certspotter,1,infrastructure (certificate transparency)
or-vpn-1a.braze.com,2026-07-01,"C=US, O=Let's Encrypt, CN=YR2",braze.com,certspotter,1,infrastructure (certificate transparency)
pds-proxy.k8s.tools.p-use-1.braze.com,2026-07-01,"C=US, O=Let's Encrypt, CN=YR1",braze.com,certspotter,1,infrastructure (certificate transparency)
pullboy.k8s.tools-001.s-use-1.braze.com,2026-07-01,"C=US, O=Let's Encrypt, CN=YR2",braze.com,certspotter,1,infrastructure (certificate transparency)
rest-01.k8s.cluster-001.d-use-1.braze.com,2026-07-01,"C=US, O=Let's Encrypt, CN=YR1",braze.com,certspotter,1,infrastructure (certificate transparency)
rest-responder.k8s.region-001.d-use-1.braze.com,2026-07-01,"C=US, O=Let's Encrypt, CN=YR1",braze.com,certspotter,1,infrastructure (certificate transparency)
sdk-01.k8s.cluster-001.d-use-1.braze.com,2026-07-01,"C=US, O=Let's Encrypt, CN=YR1",braze.com,certspotter,1,infrastructure (certificate transparency)
testkube.k8s.core-001.cd-use-1.braze.com,2026-07-01,"C=US, O=Let's Encrypt, CN=YR2",braze.com,certspotter,1,infrastructure (certificate transparency)
atlantis.k8s.infra-001.i-use-1.braze.com,2026-07-02,"C=US, O=Let's Encrypt, CN=YR2",braze.com,certspotter,1,infrastructure (certificate transparency)
ces.k8s.cluster-004.p-use-1.braze.com,2026-07-02,"C=US, O=Let's Encrypt, CN=YR1",braze.com,certspotter,1,infrastructure (certificate transparency)
cpaas-callback-service.k8s.cluster-007.p-use-1.braze.com,2026-07-02,"C=US, O=Let's Encrypt, CN=YR1",braze.com,certspotter,1,infrastructure (certificate transparency)
dplat-api-test.k8s.core-001.cd-use-1.braze.com,2026-07-02,"C=US, O=Let's Encrypt, CN=YR1",braze.com,certspotter,1,infrastructure (certificate transparency)
dplat-api.braze.com,2026-07-02,"C=US, O=Let's Encrypt, CN=YR2",braze.com,certspotter,1,infrastructure (certificate transparency)
dplat-api.development.braze.com,2026-07-02,"C=US, O=Let's Encrypt, CN=YR2",braze.com,certspotter,1,infrastructure (certificate transparency)
dplat-api.k8s.core-001.cd-use-1.braze.com,2026-07-02,"C=US, O=Let's Encrypt, CN=YR2",braze.com,certspotter,1,infrastructure (certificate transparency)
dplat-api.k8s.core-001.cp-use-1.braze.com,2026-07-02,"C=US, O=Let's Encrypt, CN=YR2",braze.com,certspotter,1,infrastructure (certificate transparency)
dplat-api.test.braze.com,2026-07-02,"C=US, O=Let's Encrypt, CN=YR1",braze.com,certspotter,1,infrastructure (certificate transparency)
event-replay.k8s.region-001.p-use-1.braze.com,2026-07-02,"C=US, O=Let's Encrypt, CN=YR1",braze.com,certspotter,1,infrastructure (certificate transparency)
global-ux.braze.com,2026-07-02,"C=US, O=Let's Encrypt, CN=YR1",braze.com,certspotter,1,infrastructure (certificate transparency)
growlithe.braze.com,2026-07-02,"C=US, O=Let's Encrypt, CN=YR2",braze.com,certspotter,1,infrastructure (certificate transparency)
growlithe.k8s.tools-001.p-use-1.braze.com,2026-07-02,"C=US, O=Let's Encrypt, CN=YR2",braze.com,certspotter,1,infrastructure (certificate transparency)
html-iam-templating-engine.k8s.region-001.p-apse-2.braze.com,2026-07-02,"C=US, O=Let's Encrypt, CN=YR2",braze.com,certspotter,1,infrastructure (certificate transparency)
kirby-kafka-connect.k8s.region-001.p-use-1.braze.com,2026-07-02,"C=US, O=Let's Encrypt, CN=YR1",braze.com,certspotter,1,infrastructure (certificate transparency)
pds.braze.com,2026-07-02,"C=US, O=Let's Encrypt, CN=YR2",braze.com,certspotter,1,infrastructure (certificate transparency)
platform-deployment-service.k8s.tools-001.p-use-1.braze.com,2026-07-02,"C=US, O=Let's Encrypt, CN=YR2",braze.com,certspotter,1,infrastructure (certificate transparency)
prometheus.k8s.cluster-001.p-use-1.braze.com,2026-07-02,"C=US, O=Let's Encrypt, CN=YR1",braze.com,certspotter,1,infrastructure (certificate transparency)
prometheus.k8s.cluster-001.s-aze-us.braze.com,2026-07-02,"C=US, O=Let's Encrypt, CN=YR1",braze.com,certspotter,1,infrastructure (certificate transparency)
prometheus.k8s.cluster-002.p-use-1.braze.com,2026-07-02,"C=US, O=Let's Encrypt, CN=YR2",braze.com,certspotter,1,infrastructure (certificate transparency)
prometheus.k8s.cluster-003.p-use-1.braze.com,2026-07-02,"C=US, O=Let's Encrypt, CN=YR1",braze.com,certspotter,1,infrastructure (certificate transparency)
prometheus.k8s.cluster-004.p-use-1.braze.com,2026-07-02,"C=US, O=Let's Encrypt, CN=YR2",braze.com,certspotter,1,infrastructure (certificate transparency)
rits.k8s.region-001.p-use-1.braze.com,2026-07-02,"C=US, O=Let's Encrypt, CN=YR2",braze.com,certspotter,1,infrastructure (certificate transparency)
testkube.k8s.cluster-001.d-use-1.braze.com,2026-07-02,"C=US, O=Let's Encrypt, CN=YR2",braze.com,certspotter,1,infrastructure (certificate transparency)
atlantis-observability-internal.k8s.core-001.cd-use-1.braze.com,2026-07-03,"C=US, O=Let's Encrypt, CN=YR1",braze.com,certspotter,1,infrastructure (certificate transparency)
cobbler-api.d-usw-2.braze.com,2026-07-03,"C=US, O=Let's Encrypt, CN=YR1",braze.com,certspotter,1,infrastructure (certificate transparency)
gtm-hub.k8s.tools-001.p-use-1.braze.com,2026-07-03,"C=US, O=Let's Encrypt, CN=YR2",braze.com,certspotter,1,infrastructure (certificate transparency)
gtmhub.braze.com,2026-07-03,"C=US, O=Let's Encrypt, CN=YR2",braze.com,certspotter,1,infrastructure (certificate transparency)
kafka-fallback-restore-connect-low-latency.k8s.cluster-001.d-use-1.braze.com,2026-07-03,"C=US, O=Let's Encrypt, CN=YR2",braze.com,certspotter,1,infrastructure (certificate transparency)
kafka-fallback-restore-connect-low-latency.k8s.cluster-001.s-use-1.braze.com,2026-07-03,"C=US, O=Let's Encrypt, CN=YR1",braze.com,certspotter,1,infrastructure (certificate transparency)
kafka-fallback-restore-connect-warpstream.k8s.cluster-001.d-use-1.braze.com,2026-07-03,"C=US, O=Let's Encrypt, CN=YR2",braze.com,certspotter,1,infrastructure (certificate transparency)
kafka-fallback-restore-connect-warpstream.k8s.cluster-001.s-use-1.braze.com,2026-07-03,"C=US, O=Let's Encrypt, CN=YR1",braze.com,certspotter,1,infrastructure (certificate transparency)
backup-webhook.k8s.region-001.s-use-1.braze.com,2026-07-04,"C=US, O=Let's Encrypt, CN=YR1",braze.com,certspotter,1,infrastructure (certificate transparency)
dashboard-04.braze.com,2026-07-04,"C=US, O=Let's Encrypt, CN=YR1",braze.com,certspotter,1,infrastructure (certificate transparency)
dashboard-us04.k8s.cluster-004.p-use-1.braze.com,2026-07-04,"C=US, O=Let's Encrypt, CN=YR1",braze.com,certspotter,1,infrastructure (certificate transparency)
dashboard.k8s.cluster-004.p-use-1.braze.com,2026-07-04,"C=US, O=Let's Encrypt, CN=YR1",braze.com,certspotter,1,infrastructure (certificate transparency)
echo-server-secure.k8s.test-003.t-usw-2.braze.com,2026-07-04,"C=US, O=Let's Encrypt, CN=YR1",braze.com,certspotter,1,infrastructure (certificate transparency)
fleet-logs.braze.com,2026-07-04,"C=US, O=Let's Encrypt, CN=YR2",braze.com,certspotter,1,infrastructure (certificate transparency)
go-apis.k8s.cluster-003.p-use-1.braze.com,2026-07-04,"C=US, O=Let's Encrypt, CN=YR2",braze.com,certspotter,1,infrastructure (certificate transparency)
internal-dashboard-04.braze.com,2026-07-04,"C=US, O=Let's Encrypt, CN=YR2",braze.com,certspotter,1,infrastructure (certificate transparency)
internal-dashboard-us04.k8s.cluster-004.p-use-1.braze.com,2026-07-04,"C=US, O=Let's Encrypt, CN=YR2",braze.com,certspotter,1,infrastructure (certificate transparency)
internal-dashboard.k8s.cluster-004.p-use-1.braze.com,2026-07-04,"C=US, O=Let's Encrypt, CN=YR2",braze.com,certspotter,1,infrastructure (certificate transparency)
k8s-todd-bulk.braze.com,2026-07-04,"C=US, O=Let's Encrypt, CN=YR2",braze.com,certspotter,1,infrastructure (certificate transparency)
kafka-ui-warpstream.k8s.cluster-001.p-apne-1.braze.com,2026-07-04,"C=US, O=Let's Encrypt, CN=YR2",braze.com,certspotter,1,infrastructure (certificate transparency)
kafka-ui-warpstream.k8s.cluster-001.p-apne-2.braze.com,2026-07-04,"C=US, O=Let's Encrypt, CN=YR2",braze.com,certspotter,1,infrastructure (certificate transparency)
kafka-ui-warpstream.k8s.cluster-001.s-use-1.braze.com,2026-07-04,"C=US, O=Let's Encrypt, CN=YR1",braze.com,certspotter,1,infrastructure (certificate transparency)
kafka-ui-warpstream.k8s.cluster-010.p-use-1.braze.com,2026-07-04,"C=US, O=Let's Encrypt, CN=YR2",braze.com,certspotter,1,infrastructure (certificate transparency)
kafka-ui-warpstream.k8s.region-001.s-use-1.braze.com,2026-07-04,"C=US, O=Let's Encrypt, CN=YR1",braze.com,certspotter,1,infrastructure (certificate transparency)
kirby-kafka-connect.k8s.cluster-010.p-use-1.braze.com,2026-07-04,"C=US, O=Let's Encrypt, CN=YR2",braze.com,certspotter,1,infrastructure (certificate transparency)
prometheus.k8s.test-001.d-usw-2.braze.com,2026-07-04,"C=US, O=Let's Encrypt, CN=YR1",braze.com,certspotter,1,infrastructure (certificate transparency)
rest-01-bulk.k8s.cluster-001.s-use-1.braze.com,2026-07-04,"C=US, O=Let's Encrypt, CN=YR2",braze.com,certspotter,1,infrastructure (certificate transparency)
rest-01-internal-app.k8s.cluster-001.p-use-1.braze.com,2026-07-04,"C=US, O=Let's Encrypt, CN=YR2",braze.com,certspotter,1,infrastructure (certificate transparency)
rest-01-internal.braze.com,2026-07-04,"C=US, O=Let's Encrypt, CN=YR2",braze.com,certspotter,1,infrastructure (certificate transparency)
rest-02-internal-app.k8s.cluster-002.p-use-1.braze.com,2026-07-04,"C=US, O=Let's Encrypt, CN=YR2",braze.com,certspotter,1,infrastructure (certificate transparency)
rest-02-internal.braze.com,2026-07-04,"C=US, O=Let's Encrypt, CN=YR2",braze.com,certspotter,1,infrastructure (certificate transparency)
rest-03-internal-app.k8s.cluster-003.p-use-1.braze.com,2026-07-04,"C=US, O=Let's Encrypt, CN=YR2",braze.com,certspotter,1,infrastructure (certificate transparency)
rest-03-internal.braze.com,2026-07-04,"C=US, O=Let's Encrypt, CN=YR2",braze.com,certspotter,1,infrastructure (certificate transparency)
rest-04-secondary.braze.com,2026-07-04,"C=US, O=Let's Encrypt, CN=YR2",braze.com,certspotter,1,infrastructure (certificate transparency)
rest-04-secondary.k8s.cluster-004.p-use-1.braze.com,2026-07-04,"C=US, O=Let's Encrypt, CN=YR2",braze.com,certspotter,1,infrastructure (certificate transparency)
rest-04.braze.com,2026-07-04,"C=US, O=Let's Encrypt, CN=YR2",braze.com,certspotter,1,infrastructure (certificate transparency)
rest-04.k8s.cluster-004.p-use-1.braze.com,2026-07-04,"C=US, O=Let's Encrypt, CN=YR2",braze.com,certspotter,1,infrastructure (certificate transparency)
rest-05-internal-app.k8s.cluster-005.p-use-1.braze.com,2026-07-04,"C=US, O=Let's Encrypt, CN=YR2",braze.com,certspotter,1,infrastructure (certificate transparency)
rest-05-internal.braze.com,2026-07-04,"C=US, O=Let's Encrypt, CN=YR2",braze.com,certspotter,1,infrastructure (certificate transparency)
rest-07-internal-app.k8s.cluster-007.p-use-1.braze.com,2026-07-04,"C=US, O=Let's Encrypt, CN=YR1",braze.com,certspotter,1,infrastructure (certificate transparency)
rest-07-internal.braze.com,2026-07-04,"C=US, O=Let's Encrypt, CN=YR1",braze.com,certspotter,1,infrastructure (certificate transparency)
staging-backup-webhook.braze.com,2026-07-04,"C=US, O=Let's Encrypt, CN=YR1",braze.com,certspotter,1,infrastructure (certificate transparency)
subcenter-us04.k8s.cluster-004.p-use-1.braze.com,2026-07-04,"C=US, O=Let's Encrypt, CN=YR2",braze.com,certspotter,1,infrastructure (certificate transparency)
subcenter.k8s.cluster-004.p-use-1.braze.com,2026-07-04,"C=US, O=Let's Encrypt, CN=YR2",braze.com,certspotter,1,infrastructure (certificate transparency)
thanos-grpc-query.k8s.tools-001.s-use-1.braze.com,2026-07-04,"C=US, O=Let's Encrypt, CN=YR2",braze.com,certspotter,1,infrastructure (certificate transparency)
thanos-store.k8s.tools-001.s-use-1.braze.com,2026-07-04,"C=US, O=Let's Encrypt, CN=YR2",braze.com,certspotter,1,infrastructure (certificate transparency)
todd-bulk.braze.com,2026-07-04,"C=US, O=Let's Encrypt, CN=YR2",braze.com,certspotter,1,infrastructure (certificate transparency)
vibey-oauth-tester.k8s.tools-001.p-use-1.braze.com,2026-07-04,"C=US, O=Let's Encrypt, CN=YR1",braze.com,certspotter,1,infrastructure (certificate transparency)
webhook-partners.k8s.region-001.s-use-1.braze.com,2026-07-04,"C=US, O=Let's Encrypt, CN=YR1",braze.com,certspotter,1,infrastructure (certificate transparency)
webhook.k8s.region-001.p-use-1.braze.com,2026-07-04,"C=US, O=Let's Encrypt, CN=YR1",braze.com,certspotter,1,infrastructure (certificate transparency)
appdeploy-staging.infra.braze.com,2026-07-05,"C=US, O=Let's Encrypt, CN=YR2",braze.com,certspotter,1,infrastructure (certificate transparency)
artifactory.infra.braze.com,2026-07-05,"C=US, O=Let's Encrypt, CN=YR2",braze.com,certspotter,1,infrastructure (certificate transparency)
atlantis-observability-webhook.k8s.core-001.cp-use-1.braze.com,2026-07-05,"C=US, O=Let's Encrypt, CN=YR1",braze.com,certspotter,1,infrastructure (certificate transparency)
atlantis-observability.k8s.core-001.cp-use-1.braze.com,2026-07-05,"C=US, O=Let's Encrypt, CN=YR2",braze.com,certspotter,1,infrastructure (certificate transparency)
cc-sdk-03.braze.com,2026-07-05,"C=US, O=Let's Encrypt, CN=YR2",braze.com,certspotter,1,infrastructure (certificate transparency)
cc-sdk-03.k8s.cluster-003.p-use-1.braze.com,2026-07-05,"C=US, O=Let's Encrypt, CN=YR2",braze.com,certspotter,1,infrastructure (certificate transparency)
ces.k8s.cluster-001.p-apne-1.braze.com,2026-07-05,"C=US, O=Let's Encrypt, CN=YR1",braze.com,certspotter,1,infrastructure (certificate transparency)
change-management.k8s.tools-001.s-use-1.braze.com,2026-07-05,"C=US, O=Let's Encrypt, CN=YR2",braze.com,certspotter,1,infrastructure (certificate transparency)
cloudflare-pce-dashboard.staging.braze.com,2026-07-05,"C=US, O=Google Trust Services, CN=WR1",braze.com,certspotter,2,infrastructure (certificate transparency)
cpaas-callback-service.k8s.cluster-001.d-use-1.braze.com,2026-07-05,"C=US, O=Let's Encrypt, CN=YR2",braze.com,certspotter,1,infrastructure (certificate transparency)
dashboard-03.braze.com,2026-07-05,"C=US, O=Let's Encrypt, CN=YR1",braze.com,certspotter,1,infrastructure (certificate transparency)
dashboard-us03.k8s.cluster-003.p-use-1.braze.com,2026-07-05,"C=US, O=Let's Encrypt, CN=YR1",braze.com,certspotter,1,infrastructure (certificate transparency)
dashboard.iad-01.staging.braze.com,2026-07-05,"C=US, O=Google Trust Services, CN=WR1",braze.com,certspotter,2,infrastructure (certificate transparency)
dashboard.k8s.cluster-001.p-apne-1.braze.com,2026-07-05,"C=US, O=Let's Encrypt, CN=YR1",braze.com,certspotter,1,infrastructure (certificate transparency)
dashboard.k8s.cluster-003.p-use-1.braze.com,2026-07-05,"C=US, O=Let's Encrypt, CN=YR1",braze.com,certspotter,1,infrastructure (certificate transparency)
dashboard.k8s.cluster-010.p-use-1.braze.com,2026-07-05,"C=US, O=Let's Encrypt, CN=YR1",braze.com,certspotter,1,infrastructure (certificate transparency)
genie-dev-2.i-use-1.braze.com,2026-07-05,"C=US, O=Let's Encrypt, CN=YR2",braze.com,certspotter,1,infrastructure (certificate transparency)
genie.i-use-1.braze.com,2026-07-05,"C=US, O=Let's Encrypt, CN=YR2",braze.com,certspotter,1,infrastructure (certificate transparency)
genie.k8s.cluster-001.p-apne-1.braze.com,2026-07-05,"C=US, O=Let's Encrypt, CN=YR2",braze.com,certspotter,1,infrastructure (certificate transparency)
grafana.k8s.infra-001.i-use-1.braze.com,2026-07-05,"C=US, O=Let's Encrypt, CN=YR1",braze.com,certspotter,1,infrastructure (certificate transparency)
internal-dashboard-03.braze.com,2026-07-05,"C=US, O=Let's Encrypt, CN=YR1",braze.com,certspotter,1,infrastructure (certificate transparency)
internal-dashboard-us03.k8s.cluster-003.p-use-1.braze.com,2026-07-05,"C=US, O=Let's Encrypt, CN=YR1",braze.com,certspotter,1,infrastructure (certificate transparency)
internal-dashboard.jp-01.braze.com,2026-07-05,"C=US, O=Let's Encrypt, CN=YR1",braze.com,certspotter,1,infrastructure (certificate transparency)
internal-dashboard.k8s.cluster-001.p-apne-1.braze.com,2026-07-05,"C=US, O=Let's Encrypt, CN=YR1",braze.com,certspotter,1,infrastructure (certificate transparency)
internal-dashboard.k8s.cluster-003.p-use-1.braze.com,2026-07-05,"C=US, O=Let's Encrypt, CN=YR1",braze.com,certspotter,1,infrastructure (certificate transparency)
mdb-opsmgr.k8s.cluster-001.p-apne-1.braze.com,2026-07-05,"C=US, O=Let's Encrypt, CN=YR2",braze.com,certspotter,1,infrastructure (certificate transparency)
partner.braze.com,2026-07-05,"C=US, O=Let's Encrypt, CN=YR1",braze.com,certspotter,4,infrastructure (certificate transparency)
rest-responder-cdi.k8s.region-001.s-use-1.braze.com,2026-07-05,"C=US, O=Let's Encrypt, CN=YR2",braze.com,certspotter,1,infrastructure (certificate transparency)
rest.iad-01.staging.braze.com,2026-07-05,"C=US, O=Google Trust Services, CN=WE1",braze.com,certspotter,2,infrastructure (certificate transparency)
sdk-03.braze.com,2026-07-05,"C=US, O=Let's Encrypt, CN=YR1",braze.com,certspotter,1,infrastructure (certificate transparency)
sdk-03.k8s.cluster-003.p-use-1.braze.com,2026-07-05,"C=US, O=Let's Encrypt, CN=YR1",braze.com,certspotter,1,infrastructure (certificate transparency)
slidebot.k8s.tools-001.p-use-1.braze.com,2026-07-05,"C=US, O=Let's Encrypt, CN=YR1",braze.com,certspotter,1,infrastructure (certificate transparency)
subcenter-us03.k8s.cluster-003.p-use-1.braze.com,2026-07-05,"C=US, O=Let's Encrypt, CN=YR1",braze.com,certspotter,1,infrastructure (certificate transparency)
subcenter.k8s.cluster-001.p-apne-1.braze.com,2026-07-05,"C=US, O=Let's Encrypt, CN=YR2",braze.com,certspotter,1,infrastructure (certificate transparency)
subcenter.k8s.cluster-003.p-use-1.braze.com,2026-07-05,"C=US, O=Let's Encrypt, CN=YR1",braze.com,certspotter,1,infrastructure (certificate transparency)
support.braze.com,2026-07-05,"C=US, O=Let's Encrypt, CN=YR2",braze.com,certspotter,2,infrastructure (certificate transparency)
thanos-query-frontend-grpc.k8s.infra-001.i-use-1.braze.com,2026-07-05,"C=US, O=Let's Encrypt, CN=YR1",braze.com,certspotter,1,infrastructure (certificate transparency)
cc-sdk-01.braze.com,2026-07-06,"C=US, O=Let's Encrypt, CN=YR1",braze.com,certspotter,1,infrastructure (certificate transparency)
cc-sdk-01.k8s.cluster-001.p-apne-1.braze.com,2026-07-06,"C=US, O=Let's Encrypt, CN=YR1",braze.com,certspotter,1,infrastructure (certificate transparency)
cc-sdk-01.k8s.cluster-001.p-use-1.braze.com,2026-07-06,"C=US, O=Let's Encrypt, CN=YR1",braze.com,certspotter,1,infrastructure (certificate transparency)
cf.iad-01.braze.com,2026-07-06,"C=US, O=Google Trust Services, CN=WR1",braze.com,certspotter,2,infrastructure (certificate transparency)
editor-storybook.braze.com,2026-07-06,"C=US, O=Let's Encrypt, CN=YR1",braze.com,certspotter,1,infrastructure (certificate transparency)
editor-storybook.k8s.tools-001.d-use-1.braze.com,2026-07-06,"C=US, O=Let's Encrypt, CN=YR1",braze.com,certspotter,1,infrastructure (certificate transparency)
go-apis.k8s.cluster-001.p-apne-1.braze.com,2026-07-06,"C=US, O=Let's Encrypt, CN=YR1",braze.com,certspotter,1,infrastructure (certificate transparency)
info.braze.com,2026-07-06,"C=US, O=Google Trust Services, CN=WR1",braze.com,certspotter,2,infrastructure (certificate transparency)
internal-rest.jp-01.braze.com,2026-07-06,"C=US, O=Let's Encrypt, CN=YR2",braze.com,certspotter,1,infrastructure (certificate transparency)
mail-tracker-01.us-10.braze.com,2026-07-06,"C=US, O=Let's Encrypt, CN=YE1",braze.com,certspotter,2,infrastructure (certificate transparency)
mcp.k8s.cluster-001.d-use-1.braze.com,2026-07-06,"C=US, O=Let's Encrypt, CN=YR2",braze.com,certspotter,1,infrastructure (certificate transparency)
partners.k8s.cluster-001.d-use-1.braze.com,2026-07-06,"C=US, O=Let's Encrypt, CN=YR1",braze.com,certspotter,1,infrastructure (certificate transparency)
prometheus-pushgateway.k8s.test-005.t-usw-2.braze.com,2026-07-06,"C=US, O=Let's Encrypt, CN=YR1",braze.com,certspotter,1,infrastructure (certificate transparency)
prometheus.k8s.test-005.t-usw-2.braze.com,2026-07-06,"C=US, O=Let's Encrypt, CN=YR1",braze.com,certspotter,1,infrastructure (certificate transparency)
rest-01-internal-app.k8s.cluster-001.p-apne-1.braze.com,2026-07-06,"C=US, O=Let's Encrypt, CN=YR2",braze.com,certspotter,1,infrastructure (certificate transparency)
rest-01-internal.jp-01.braze.com,2026-07-06,"C=US, O=Let's Encrypt, CN=YR2",braze.com,certspotter,1,infrastructure (certificate transparency)
rest-01-secondary.braze.com,2026-07-06,"C=US, O=Let's Encrypt, CN=YR1",braze.com,certspotter,1,infrastructure (certificate transparency)
rest-01-secondary.k8s.cluster-001.p-apne-1.braze.com,2026-07-06,"C=US, O=Let's Encrypt, CN=YR1",braze.com,certspotter,1,infrastructure (certificate transparency)
rest-01-secondary.k8s.cluster-001.p-use-1.braze.com,2026-07-06,"C=US, O=Let's Encrypt, CN=YR1",braze.com,certspotter,1,infrastructure (certificate transparency)
rest-01.braze.com,2026-07-06,"C=US, O=Let's Encrypt, CN=YR2",braze.com,certspotter,1,infrastructure (certificate transparency)
rest-01.k8s.cluster-001.p-apne-1.braze.com,2026-07-06,"C=US, O=Let's Encrypt, CN=YR1",braze.com,certspotter,1,infrastructure (certificate transparency)
rest-01.k8s.cluster-001.p-use-1.braze.com,2026-07-06,"C=US, O=Let's Encrypt, CN=YR2",braze.com,certspotter,1,infrastructure (certificate transparency)
rest-bulk.k8s.cluster-001.p-apne-1.braze.com,2026-07-06,"C=US, O=Let's Encrypt, CN=YR1",braze.com,certspotter,1,infrastructure (certificate transparency)
sdk-01.k8s.cluster-001.p-apne-1.braze.com,2026-07-06,"C=US, O=Let's Encrypt, CN=YR1",braze.com,certspotter,1,infrastructure (certificate transparency)
sdk.iad-01.staging.braze.com,2026-07-06,"C=US, O=Google Trust Services, CN=WE1",braze.com,certspotter,2,infrastructure (certificate transparency)
subcenter-us01.k8s.cluster-001.p-use-1.braze.com,2026-07-06,"C=US, O=Let's Encrypt, CN=YR2",braze.com,certspotter,1,infrastructure (certificate transparency)
subcenter.iad-01.staging.braze.com,2026-07-06,"C=US, O=Google Trust Services, CN=WR1",braze.com,certspotter,4,infrastructure (certificate transparency)
subcenter.k8s.cluster-001.p-use-1.braze.com,2026-07-06,"C=US, O=Let's Encrypt, CN=YR2",braze.com,certspotter,1,infrastructure (certificate transparency)
thanos-bucket.k8s.test-005.t-usw-2.braze.com,2026-07-06,"C=US, O=Let's Encrypt, CN=YR1",braze.com,certspotter,2,infrastructure (certificate transparency)
thanos-grpc-query.k8s.test-005.t-usw-2.braze.com,2026-07-06,"C=US, O=Let's Encrypt, CN=YR2",braze.com,certspotter,1,infrastructure (certificate transparency)
thanos-query.k8s.test-005.t-usw-2.braze.com,2026-07-06,"C=US, O=Let's Encrypt, CN=YR2",braze.com,certspotter,1,infrastructure (certificate transparency)
thanos-store.k8s.test-005.t-usw-2.braze.com,2026-07-06,"C=US, O=Let's Encrypt, CN=YR2",braze.com,certspotter,1,infrastructure (certificate transparency)
us-10.braze.com,2026-07-06,"C=US, O=Let's Encrypt, CN=YR1",braze.com,certspotter,2,infrastructure (certificate transparency)
anna.braze.com,2026-07-07,"C=US, O=Let's Encrypt, CN=YR2",braze.com,certspotter,4,infrastructure (certificate transparency)
dashboard-07.braze.com,2026-07-07,"C=US, O=Let's Encrypt, CN=YR1",braze.com,certspotter,1,infrastructure (certificate transparency)
dashboard-us07.k8s.cluster-007.p-use-1.braze.com,2026-07-07,"C=US, O=Let's Encrypt, CN=YR1",braze.com,certspotter,1,infrastructure (certificate transparency)
dashboard.k8s.cluster-007.p-use-1.braze.com,2026-07-07,"C=US, O=Let's Encrypt, CN=YR1",braze.com,certspotter,1,infrastructure (certificate transparency)
elsa.braze.com,2026-07-07,"C=US, O=Let's Encrypt, CN=YR2",braze.com,certspotter,9,infrastructure (certificate transparency)
go-apis.k8s.cluster-001.p-aze-us.braze.com,2026-07-07,"C=US, O=Let's Encrypt, CN=YR1",braze.com,certspotter,1,infrastructure (certificate transparency)
go-apis.k8s.cluster-001.p-use-1.braze.com,2026-07-07,"C=US, O=Let's Encrypt, CN=YR2",braze.com,certspotter,1,infrastructure (certificate transparency)
go-apis.k8s.cluster-002.p-use-1.braze.com,2026-07-07,"C=US, O=Let's Encrypt, CN=YR2",braze.com,certspotter,1,infrastructure (certificate transparency)
go-apis.k8s.cluster-004.p-use-1.braze.com,2026-07-07,"C=US, O=Let's Encrypt, CN=YR2",braze.com,certspotter,1,infrastructure (certificate transparency)
go-apis.k8s.cluster-005.p-use-1.braze.com,2026-07-07,"C=US, O=Let's Encrypt, CN=YR2",braze.com,certspotter,1,infrastructure (certificate transparency)
internal-dashboard-07.braze.com,2026-07-07,"C=US, O=Let's Encrypt, CN=YR2",braze.com,certspotter,1,infrastructure (certificate transparency)
internal-dashboard-us07.k8s.cluster-007.p-use-1.braze.com,2026-07-07,"C=US, O=Let's Encrypt, CN=YR2",braze.com,certspotter,1,infrastructure (certificate transparency)
internal-dashboard.k8s.cluster-007.p-use-1.braze.com,2026-07-07,"C=US, O=Let's Encrypt, CN=YR2",braze.com,certspotter,1,infrastructure (certificate transparency)
itp-model-api.development.braze.com,2026-07-07,"C=US, O=Let's Encrypt, CN=YR2",braze.com,certspotter,1,infrastructure (certificate transparency)
itp-model-api.k8s.region-001.d-use-1.braze.com,2026-07-07,"C=US, O=Let's Encrypt, CN=YR2",braze.com,certspotter,1,infrastructure (certificate transparency)
prometheus-pushgateway.k8s.region-001.s-use-1.braze.com,2026-07-07,"C=US, O=Let's Encrypt, CN=YR2",braze.com,certspotter,1,infrastructure (certificate transparency)
tenant.k8s.cluster-001.p-apne-1.braze.com,2026-07-07,"C=US, O=Let's Encrypt, CN=YR1",braze.com,certspotter,1,infrastructure (certificate transparency)
