date,kind,event,source_file,evidence
2013-05-09,release,public repo created: braze-unity-sdk,repos.csv,company-own (technical)
2015-01-21,release,public repo created: braze-xamarin-sdk,repos.csv,company-own (technical)
2015-05-12,release,public repo created: braze-web-sdk,repos.csv,company-own (technical)
2016-02-05,release,public repo created: braze-cordova-sdk,repos.csv,company-own (technical)
2016-02-15,release,public repo created: braze-react-native-sdk,repos.csv,company-own (technical)
2016-10-09,incident,incident (maintenance): [Scheduled] Data center maintenance - no customer impact expected,incidents.csv,company-own (operational)
2016-10-11,incident,incident (minor): Data Processing Delays,incidents.csv,company-own (operational)
2016-10-14,incident,incident (maintenance): [Scheduled] Network maintenance - no customer impact expected,incidents.csv,company-own (operational)
2016-10-16,incident,incident (none): Data Processing Delays,incidents.csv,company-own (operational)
2016-10-17,incident,incident (maintenance): [Scheduled] Database Maintenance,incidents.csv,company-own (operational)
2016-10-21,incident,incident (none): Global DNS Event,incidents.csv,company-own (operational)
2016-10-21,incident,incident (minor): DNS issue caused by attack on DYN,incidents.csv,company-own (operational)
2016-10-23,incident,incident (maintenance): [Scheduled] Network maintenance - no customer impact expected,incidents.csv,company-own (operational)
2016-11-01,incident,incident (maintenance): [Scheduled] Network maintenance,incidents.csv,company-own (operational)
2016-11-05,incident,incident (none): Database Failure,incidents.csv,company-own (operational)
2016-11-05,incident,incident (minor): Message sending delays,incidents.csv,company-own (operational)
2016-11-06,incident,incident (minor): Data processing delays,incidents.csv,company-own (operational)
2016-11-09,incident,incident (minor): Data processing delays,incidents.csv,company-own (operational)
2016-11-16,incident,incident (minor): Investigating connectivity issues,incidents.csv,company-own (operational)
2016-11-18,incident,incident (maintenance): [Scheduled] Database maintenance,incidents.csv,company-own (operational)
2016-11-23,incident,incident (none): Elevated Error Rates on SDK API EU,incidents.csv,company-own (operational)
2016-11-25,incident,incident (none): EU data center delays,incidents.csv,company-own (operational)
2016-12-06,incident,incident (minor): Data processing and message sending delays,incidents.csv,company-own (operational)
2016-12-13,release,braze-xamarin-sdk 1.3,sdk_releases.csv,company-own (technical)
2016-12-13,release,braze-xamarin-sdk 1.2,sdk_releases.csv,company-own (technical)
2016-12-13,release,braze-xamarin-sdk 1.1,sdk_releases.csv,company-own (technical)
2016-12-13,release,braze-xamarin-sdk 1.0,sdk_releases.csv,company-own (technical)
2017-01-13,incident,incident (minor): Slow connectivity to the web dashboard,incidents.csv,company-own (operational)
2017-01-22,incident,incident (minor): Data Processing Delays,incidents.csv,company-own (operational)
2017-02-28,incident,incident (minor): Elevated Error Rates on Message Sending and Dashboard Services Due to AWS S3 Incident,incidents.csv,company-own (operational)
2017-03-01,incident,incident (major): Elevated error rates from API and delayed message sending,incidents.csv,company-own (operational)
2017-03-13,incident,incident (maintenance): [Scheduled] Maintenance to campaign and canvas time series database,incidents.csv,company-own (operational)
2017-04-11,incident,incident (minor): Delayed data processing,incidents.csv,company-own (operational)
2017-04-25,release,braze-xamarin-sdk 1.4,sdk_releases.csv,company-own (technical)
2017-05-04,incident,incident (minor): Delayed data processing and message sending,incidents.csv,company-own (operational)
2017-05-10,incident,incident (maintenance): [Scheduled] AWS Direct Connect Maintenance - No Impact Expected,incidents.csv,company-own (operational)
2017-05-31,incident,"incident (minor): Delayed data processing, data collection and message sending",incidents.csv,company-own (operational)
2017-06-09,incident,incident (major): Delayed data processing and elevated REST API errors,incidents.csv,company-own (operational)
2017-06-26,incident,incident (minor): Data processing delays,incidents.csv,company-own (operational)
2017-06-28,incident,incident (minor): Investigating connectivity issues,incidents.csv,company-own (operational)
2017-07-06,incident,incident (maintenance): [Scheduled] AWS Direct Connect Maintenance - No Impact Expected,incidents.csv,company-own (operational)
2017-07-20,filing,D filed (06b),filings.csv,statutory (SEC)
2017-07-24,incident,incident (minor): Elevated errors on EU Cluster,incidents.csv,company-own (operational)
2017-07-26,incident,incident (minor): APNS Outage - US Clusters,incidents.csv,company-own (operational)
2017-07-27,incident,incident (minor): Delayed data processing and message sending due to AWS connectivity errors,incidents.csv,company-own (operational)
2017-07-27,incident,incident (critical): Investigating connectivity issues,incidents.csv,company-own (operational)
2017-08-02,incident,incident (critical): Investigating major connectivity issues,incidents.csv,company-own (operational)
2017-08-05,incident,incident (minor): Elevated error rates on Data Collection,incidents.csv,company-own (operational)
2017-08-10,incident,incident (major): Connectivity issues on EU cluster,incidents.csv,company-own (operational)
2017-08-14,filing,D filed (06b),filings.csv,statutory (SEC)
2017-08-15,incident,incident (minor): Connectivity to US cluster seeming due to AWS incident,incidents.csv,company-own (operational)
2017-08-23,incident,incident (minor): Connectivity to US cluster seeming due to AWS incident,incidents.csv,company-own (operational)
2017-09-09,incident,incident (minor): Elevated error rates - US-01,incidents.csv,company-own (operational)
2017-09-12,incident,incident (critical): Platform Outage - US-02 Cluster,incidents.csv,company-own (operational)
2017-09-14,incident,incident (major): Investigating database issues affecting US 01,incidents.csv,company-own (operational)
2017-09-22,incident,incident (minor): Delayed data processing for some customers,incidents.csv,company-own (operational)
2017-09-29,incident,incident (minor): Delayed data processing and message sending for some customers,incidents.csv,company-own (operational)
2017-10-03,incident,incident (minor): Delayed data processing for some customers,incidents.csv,company-own (operational)
2017-10-09,incident,incident (minor): We are investigating connectivity issues to the US 01 dashboard,incidents.csv,company-own (operational)
2017-10-14,incident,incident (minor): EU-01 - Delayed Data Process and Message Sending,incidents.csv,company-own (operational)
2017-11-05,incident,incident (maintenance): [Scheduled] Scheduled maintenance 11/05 at 8pm ET for US 01 - no service interruption expected,incidents.csv,company-own (operational)
2017-11-10,incident,incident (none): iOS Push Sending Delayed,incidents.csv,company-own (operational)
2017-11-11,incident,incident (minor): Delayed data processing on US 01 cluster,incidents.csv,company-own (operational)
2017-11-14,incident,incident (minor): Delayed processing for EU cluster,incidents.csv,company-own (operational)
2017-11-16,incident,"incident (maintenance): [Scheduled] New Dashboard UI Launch & Braze Cutover on Thursday, November 16th",incidents.csv,company-own (operational)
2017-11-28,incident,incident (minor): Elevated error rates in API calls for US 03 environment,incidents.csv,company-own (operational)
2017-12-21,incident,incident (major): EU-01 - Elevated Errors,incidents.csv,company-own (operational)
2018-01-05,incident,"incident (minor): Monitoring impact of ""Meltdown"" related to Intel security vulnerability",incidents.csv,company-own (operational)
2018-01-11,release,braze-xamarin-sdk 1.5,sdk_releases.csv,company-own (technical)
2018-01-25,incident,incident (minor): EU 01 - Database Slowness,incidents.csv,company-own (operational)
2018-03-09,incident,incident (minor): Increased error rates for EU 01 REST API,incidents.csv,company-own (operational)
2018-03-09,release,braze-react-native-sdk 1.5.2,sdk_releases.csv,company-own (technical)
2018-03-13,incident,incident (minor): Delays sending Android push in EU 01 environment,incidents.csv,company-own (operational)
2018-03-26,incident,incident (major): Data Collection Issues,incidents.csv,company-own (operational)
2018-03-28,incident,incident (none): Currents export delayed for US clusters,incidents.csv,company-own (operational)
2018-03-29,incident,incident (minor): US 01 degraded performance,incidents.csv,company-own (operational)
2018-03-30,incident,incident (minor): Data processing delays on US clusters,incidents.csv,company-own (operational)
2018-03-30,incident,incident (minor): US 01 degraded performance,incidents.csv,company-own (operational)
2018-04-05,incident,incident (minor): US 01 action-based campaign and canvas sending delays,incidents.csv,company-own (operational)
2018-04-06,incident,incident (none): US 03 degraded performance,incidents.csv,company-own (operational)
2018-04-06,release,braze-react-native-sdk 1.6.0,sdk_releases.csv,company-own (technical)
2018-04-21,release,braze-xamarin-sdk 1.5.1,sdk_releases.csv,company-own (technical)
2018-04-25,incident,incident (maintenance): [Scheduled] US Network Maintenance - No Impact Expected,incidents.csv,company-own (operational)
2018-05-04,incident,incident (minor): Currents Data Processing Delays,incidents.csv,company-own (operational)
2018-05-31,incident,incident (minor): Investigating increased error rates in US 03,incidents.csv,company-own (operational)
2018-06-08,incident,incident (maintenance): [Scheduled] US Network Maintenance - No Impact Expected,incidents.csv,company-own (operational)
2018-06-25,release,braze-react-native-sdk 1.7.0,sdk_releases.csv,company-own (technical)
2018-06-26,release,braze-react-native-sdk 1.7.1,sdk_releases.csv,company-own (technical)
2018-07-03,incident,incident (critical): Elevated error rates - US-04,incidents.csv,company-own (operational)
2018-07-06,release,braze-xamarin-sdk 1.5.2,sdk_releases.csv,company-own (technical)
2018-07-18,incident,incident (minor): EU 01 degraded performance,incidents.csv,company-own (operational)
2018-07-24,incident,incident (minor): EU 01 degraded data processing and message sending for some customers,incidents.csv,company-own (operational)
2018-08-03,incident,incident (minor): Data processing delays on US-01,incidents.csv,company-own (operational)
2018-08-13,release,braze-react-native-sdk 1.7.3,sdk_releases.csv,company-own (technical)
2018-08-13,release,braze-react-native-sdk 1.7.2,sdk_releases.csv,company-own (technical)
2018-08-20,incident,incident (minor): EU 01 connectivity issues,incidents.csv,company-own (operational)
2018-08-22,incident,incident (maintenance): [Scheduled] EU 01 cluster database maintenance,incidents.csv,company-own (operational)
2018-08-28,incident,incident (minor): Currents Delay in EU,incidents.csv,company-own (operational)
2018-08-28,release,braze-react-native-sdk 1.8.0,sdk_releases.csv,company-own (technical)
2018-08-29,incident,incident (major): US cluster connectivity issues,incidents.csv,company-own (operational)
2018-09-12,release,braze-react-native-sdk 1.8.1,sdk_releases.csv,company-own (technical)
2018-09-14,incident,incident (none): Currents Delay in US,incidents.csv,company-own (operational)
2018-09-17,incident,incident (minor): Investigating connectivity issues for some EU customers,incidents.csv,company-own (operational)
2018-10-02,incident,incident (minor): US Currents Delays for S3 connectors,incidents.csv,company-own (operational)
2018-10-04,filing,D filed (06b),filings.csv,statutory (SEC)
2018-10-10,incident,incident (maintenance): [Scheduled] EU 01 Currents Maintenance,incidents.csv,company-own (operational)
2018-10-11,incident,incident (minor): Investigating increased error rates on US 01,incidents.csv,company-own (operational)
2018-10-22,incident,incident (minor): Currents Delay in EU,incidents.csv,company-own (operational)
2018-10-24,incident,incident (minor): Dashboard Timeouts on US-04,incidents.csv,company-own (operational)
2018-10-30,incident,incident (major): US-01 Degraded Performance,incidents.csv,company-own (operational)
2018-11-06,incident,incident (minor): Delayed data processing and message sending on US01 Cluster,incidents.csv,company-own (operational)
2018-11-08,incident,incident (minor): Currents Delay in EU,incidents.csv,company-own (operational)
2018-11-08,incident,incident (critical): US-01 Data collection API Outage,incidents.csv,company-own (operational)
2018-11-12,incident,"incident (major): Investigating database issues on EU 01 causing dashboard errors, delayed data processing",incidents.csv,company-own (operational)
2018-11-28,incident,incident (minor): Data processing delays on US-01,incidents.csv,company-own (operational)
2018-12-02,incident,incident (minor): Data processing delays on US-01 for some customers,incidents.csv,company-own (operational)
2018-12-19,incident,incident (minor): US-06 Degraded Performance,incidents.csv,company-own (operational)
2019-01-04,release,braze-react-native-sdk 1.9.0,sdk_releases.csv,company-own (technical)
2019-01-10,incident,incident (minor): Investigating delayed data processing and message sending on US 03,incidents.csv,company-own (operational)
2019-01-10,incident,incident (minor): Delayed message sending and data processing on US 01,incidents.csv,company-own (operational)
2019-01-10,release,braze-xamarin-sdk 1.6.0,sdk_releases.csv,company-own (technical)
2019-01-22,incident,"incident (maintenance): [Scheduled] EU 01 maintenance on 1/23, 1/24, 1/25, and 1/28",incidents.csv,company-own (operational)
2019-01-23,incident,"incident (maintenance): [Scheduled] EU 01 maintenance on 1/23, 1/24, 1/25, and 1/28",incidents.csv,company-own (operational)
2019-01-28,incident,incident (minor): EU-01 Degraded Performance,incidents.csv,company-own (operational)
2019-01-29,incident,incident (none): Elevated error rates - US-01,incidents.csv,company-own (operational)
2019-01-31,financial,FY2019 as at 2019-01-31 reported,financials_annual.csv,audited (SEC XBRL)
2019-02-04,incident,"incident (maintenance): [Scheduled] EU 01 maintenance on 2/5, 2/6, 2/7",incidents.csv,company-own (operational)
2019-02-05,incident,incident (minor): US-01 Degraded Performance,incidents.csv,company-own (operational)
2019-02-07,incident,incident (minor): EU-01 Degraded Performance,incidents.csv,company-own (operational)
2019-02-13,release,braze-react-native-sdk 1.10.0,sdk_releases.csv,company-own (technical)
2019-02-22,incident,incident (none): Delayed Data Processing - US-01,incidents.csv,company-own (operational)
2019-02-28,incident,incident (minor): US-01 Degraded Performance,incidents.csv,company-own (operational)
2019-03-01,incident,incident (none): Connectivity issues to US 01,incidents.csv,company-own (operational)
2019-03-06,incident,incident (maintenance): [Scheduled] US data center network maintenance - no impact expected,incidents.csv,company-own (operational)
2019-03-18,incident,incident (critical): US-01 SDK Data Collection Outage,incidents.csv,company-own (operational)
2019-03-19,release,braze-react-native-sdk 1.11.0,sdk_releases.csv,company-own (technical)
2019-03-20,incident,incident (critical): Investigating dashboard timeouts on EU 01,incidents.csv,company-own (operational)
2019-03-26,incident,incident (maintenance): [Scheduled] EU hardware upgrade maintenance - no impact expected,incidents.csv,company-own (operational)
2019-03-28,release,braze-react-native-sdk 1.11.1,sdk_releases.csv,company-own (technical)
2019-04-03,incident,incident (none): Issues saving Canvases with control steps,incidents.csv,company-own (operational)
2019-04-03,release,braze-xamarin-sdk 1.7.0,sdk_releases.csv,company-own (technical)
2019-04-07,incident,incident (minor): Investigating network issue in US,incidents.csv,company-own (operational)
2019-04-12,incident,incident (minor): US-01 Degraded Performance,incidents.csv,company-own (operational)
2019-04-12,incident,incident (none): US-01 SDK Data Collection Outage,incidents.csv,company-own (operational)
2019-04-13,incident,incident (maintenance): [Scheduled] US data center network maintenance - no impact expected,incidents.csv,company-own (operational)
2019-04-13,incident,incident (minor): Delayed Message Sending and Data Processing on US01,incidents.csv,company-own (operational)
2019-04-13,incident,incident (minor): US-01 Dashboard Degraded,incidents.csv,company-own (operational)
2019-04-15,incident,incident (minor): Delayed data processing and message sending in US clusters,incidents.csv,company-own (operational)
2019-04-19,incident,incident (minor): EU 01 delayed message sending for a portion of action-based messaging,incidents.csv,company-own (operational)
2019-05-20,release,braze-xamarin-sdk 1.8.0,sdk_releases.csv,company-own (technical)
2019-05-20,release,braze-react-native-sdk 1.12.0,sdk_releases.csv,company-own (technical)
2019-06-11,release,braze-react-native-sdk 1.13.10,sdk_releases.csv,company-own (technical)
2019-06-18,incident,incident (minor): Slow message sending in US 01,incidents.csv,company-own (operational)
2019-06-20,incident,incident (minor): Sporadic availability and degraded processing / sending of messages on US-01,incidents.csv,company-own (operational)
2019-06-20,incident,incident (major): SDK outage in US-01. Data processing is slowed for mobile,incidents.csv,company-own (operational)
2019-07-02,release,braze-react-native-sdk 1.14.0,sdk_releases.csv,company-own (technical)
2019-07-09,incident,incident (critical): API outage on US 01,incidents.csv,company-own (operational)
2019-07-24,incident,incident (none): US 01 Content Card syncing delays,incidents.csv,company-own (operational)
2019-07-26,incident,incident (none): US 03 Content Card syncing delays,incidents.csv,company-own (operational)
2019-08-06,incident,incident (major): Increasing error rates for REST API in EU 01,incidents.csv,company-own (operational)
2019-08-07,incident,incident (none): Delayed email sending on US clusters - RESOLVED,incidents.csv,company-own (operational)
2019-08-13,incident,incident (major): Email analytics processing delays - US01,incidents.csv,company-own (operational)
2019-08-16,release,braze-react-native-sdk 1.15.0,sdk_releases.csv,company-own (technical)
2019-08-19,incident,incident (minor): Google OAuth 2.0 issue preventing some users from logging in Braze Dashboard,incidents.csv,company-own (operational)
2019-08-22,incident,incident (none): Increased REST API error rates in EU 01,incidents.csv,company-own (operational)
2019-08-23,incident,incident (minor): US-03 degraded Dashboard and Data Collection,incidents.csv,company-own (operational)
2019-08-23,incident,incident (minor): Slow message sending on US 01,incidents.csv,company-own (operational)
2019-08-31,incident,incident (major): Intermittent API issues on US clusters,incidents.csv,company-own (operational)
2019-09-05,incident,incident (maintenance): [Scheduled] AWS Direct Connect Maintenance - No Impact Expected,incidents.csv,company-own (operational)
2019-09-10,release,braze-react-native-sdk 1.16.0,sdk_releases.csv,company-own (technical)
2019-09-11,incident,incident (major): Data processing slowness on EU01,incidents.csv,company-own (operational)
2019-09-11,release,braze-xamarin-sdk 1.9.0,sdk_releases.csv,company-own (technical)
2019-09-12,release,braze-xamarin-sdk 1.10.0,sdk_releases.csv,company-own (technical)
2019-09-12,release,braze-react-native-sdk 1.17.0,sdk_releases.csv,company-own (technical)
2019-09-13,release,braze-xamarin-sdk 1.10.1,sdk_releases.csv,company-own (technical)
2019-09-13,release,braze-react-native-sdk 1.17.1,sdk_releases.csv,company-own (technical)
2019-09-17,incident,incident (major): Delayed SendGrid email sending,incidents.csv,company-own (operational)
2019-09-19,release,braze-xamarin-sdk 1.10.2,sdk_releases.csv,company-own (technical)
2019-09-19,release,braze-react-native-sdk 1.17.2,sdk_releases.csv,company-own (technical)
2019-09-23,release,braze-react-native-sdk 1.17.3,sdk_releases.csv,company-own (technical)
2019-10-02,incident,incident (minor): Processing delays on US 01,incidents.csv,company-own (operational)
2019-10-04,incident,"incident (minor): Processing delays on US 01, US 03, US 04",incidents.csv,company-own (operational)
2019-10-08,incident,incident (minor): US-03 SDK API Increased Error Rates,incidents.csv,company-own (operational)
2019-10-16,release,braze-react-native-sdk 1.17.4,sdk_releases.csv,company-own (technical)
2019-11-12,incident,incident (minor): Delayed data processing and message sending in EU 01,incidents.csv,company-own (operational)
2019-11-14,incident,incident (minor): Delayed data processing and message sending on US 01,incidents.csv,company-own (operational)
2019-11-18,incident,incident (major): Dashboard login problems,incidents.csv,company-own (operational)
2019-11-22,incident,incident (maintenance): [Scheduled] EU 01 database maintenance,incidents.csv,company-own (operational)
2019-12-06,release,braze-react-native-sdk 1.18.0,sdk_releases.csv,company-own (technical)
2020-01-02,incident,incident (maintenance): [Scheduled] EU 01 Database Maintenance,incidents.csv,company-own (operational)
2020-01-03,incident,incident (major): Dashboard Login Issues - US01,incidents.csv,company-own (operational)
2020-01-22,incident,incident (none): Minor REST API impact due to subprocessor performance issue,incidents.csv,company-own (operational)
2020-01-31,financial,FY2020 reported,financials_annual.csv,audited (SEC XBRL)
2020-02-03,incident,incident (critical): Connection issues on US data centers,incidents.csv,company-own (operational)
2020-02-06,release,braze-react-native-sdk 1.19.0,sdk_releases.csv,company-own (technical)
2020-02-24,incident,incident (minor): EU-01 Degraded Performance,incidents.csv,company-own (operational)
2020-02-29,incident,incident (minor): Processing delays on US 01,incidents.csv,company-own (operational)
2020-03-15,incident,incident (minor): Data Processing delays on US 01,incidents.csv,company-own (operational)
2020-03-17,release,braze-xamarin-sdk 1.11.0,sdk_releases.csv,company-own (technical)
2020-03-18,incident,incident (minor): Database performance issues on US01,incidents.csv,company-own (operational)
2020-03-24,incident,incident (minor): Degraded Data Processing on US03,incidents.csv,company-own (operational)
2020-04-22,release,braze-react-native-sdk 1.20.0,sdk_releases.csv,company-own (technical)
2020-05-04,incident,incident (minor): US 03 data processing delays,incidents.csv,company-own (operational)
2020-05-13,incident,incident (maintenance): [Scheduled] US 01 Database maintenance,incidents.csv,company-own (operational)
2020-06-04,incident,incident (minor): High error rates in US 01 and delayed processing,incidents.csv,company-own (operational)
2020-06-12,incident,incident (maintenance): [Scheduled] Braze.com Maintenance,incidents.csv,company-own (operational)
2020-06-12,incident,incident (minor): Data Processing Delays in 06 for a Subset of Customers,incidents.csv,company-own (operational)
2020-06-23,incident,incident (critical): US-01 Data Collection Outage,incidents.csv,company-own (operational)
2020-06-23,incident,incident (major): Snowflake Reporting and Sharing,incidents.csv,company-own (operational)
2020-06-30,release,public repo created: in-app-message-templates,repos.csv,company-own (technical)
2020-07-06,incident,incident (minor): Delayed data processing and message sending on US 03,incidents.csv,company-own (operational)
2020-07-07,release,braze-xamarin-sdk 1.12.0,sdk_releases.csv,company-own (technical)
2020-07-14,incident,incident (maintenance): [Scheduled] US-02 database maintenance,incidents.csv,company-own (operational)
2020-07-14,incident,incident (maintenance): [Scheduled] EU-01 database maintenance,incidents.csv,company-own (operational)
2020-07-14,incident,incident (major): US 03 increased error rates,incidents.csv,company-own (operational)
2020-07-20,release,braze-react-native-sdk 1.21.0,sdk_releases.csv,company-own (technical)
2020-07-22,incident,incident (maintenance): [Scheduled] US-03 database maintenance,incidents.csv,company-own (operational)
2020-07-23,incident,incident (maintenance): [Scheduled] US-01 and US-04 database maintenances,incidents.csv,company-own (operational)
2020-07-28,incident,incident (none): SendGrid email subprocessor is experiencing an incident,incidents.csv,company-own (operational)
2020-07-29,incident,"incident (minor): Delayed SDK data processing in US 01, US 03",incidents.csv,company-own (operational)
2020-07-31,financial,FY2021 as at 2020-07-31 reported,financials_annual.csv,audited (SEC XBRL)
2020-08-04,incident,incident (minor): Processing slowness on US01/US03,incidents.csv,company-own (operational)
2020-08-12,release,braze-react-native-sdk 1.22.0,sdk_releases.csv,company-own (technical)
2020-08-12,release,public repo created: braze-gtm-actions,repos.csv,company-own (technical)
2020-08-12,release,public repo created: braze-gtm-initialization,repos.csv,company-own (technical)
2020-08-13,release,braze-xamarin-sdk 1.14.0,sdk_releases.csv,company-own (technical)
2020-08-22,incident,incident (minor): Degraded data processing and message sending in US AWS Clusters,incidents.csv,company-own (operational)
2020-08-26,incident,incident (major): New Content Cards Not Being Served in EU 01,incidents.csv,company-own (operational)
2020-08-30,incident,incident (none): Investigating connectivity issues caused by Fastly issue,incidents.csv,company-own (operational)
2020-09-16,release,braze-react-native-sdk 1.23.0,sdk_releases.csv,company-own (technical)
2020-09-16,release,public repo created: braze-growth-shares-ios-demo-app,repos.csv,company-own (technical)
2020-09-17,release,braze-cordova-sdk 2.17.0,sdk_releases.csv,company-own (technical)
2020-09-17,release,braze-xamarin-sdk 1.15.0,sdk_releases.csv,company-own (technical)
2020-09-23,incident,incident (minor): Increased SDK API error rates in EU 01,incidents.csv,company-own (operational)
2020-09-24,release,public repo created: braze-unreal-sdk,repos.csv,company-own (technical)
2020-10-04,incident,incident (major): Database connectivity issues on US clusters,incidents.csv,company-own (operational)
2020-10-06,release,braze-cordova-sdk 2.18.0,sdk_releases.csv,company-own (technical)
2020-10-07,release,braze-react-native-sdk 1.24.0,sdk_releases.csv,company-own (technical)
2020-10-13,release,public repo created: braze-growth-shares-segment-export-s3,repos.csv,company-own (technical)
2020-10-19,incident,incident (maintenance): [Scheduled] US-02 Network Maintenance,incidents.csv,company-own (operational)
2020-10-19,release,public repo created: sidekiq,repos.csv,company-own (technical)
2020-10-20,incident,incident (maintenance): [Scheduled] US-06 Network Maintenance,incidents.csv,company-own (operational)
2020-10-20,incident,incident (minor): Dashboard Loading Issues on US01,incidents.csv,company-own (operational)
2020-10-21,incident,incident (maintenance): [Scheduled] EU-01 Network Maintenance,incidents.csv,company-own (operational)
2020-10-23,incident,incident (maintenance): [Scheduled] US-03 Network Maintenance,incidents.csv,company-own (operational)
2020-10-23,incident,incident (maintenance): [Scheduled] US-04 Network Maintenance,incidents.csv,company-own (operational)
2020-10-23,release,public repo created: braze-growth-shares-segment-export-merge,repos.csv,company-own (technical)
2020-10-26,incident,incident (maintenance): [Scheduled] North America Network Maintenance,incidents.csv,company-own (operational)
2020-10-26,release,public repo created: knapsack,repos.csv,company-own (technical)
2020-10-26,release,public repo created: rack-timeout,repos.csv,company-own (technical)
2020-10-27,incident,incident (maintenance): [Scheduled] US-01 Network Maintenance,incidents.csv,company-own (operational)
2020-10-28,release,braze-xamarin-sdk 1.17.0,sdk_releases.csv,company-own (technical)
2020-10-29,release,braze-react-native-sdk 1.25.0,sdk_releases.csv,company-own (technical)
2020-10-31,financial,FY2021 as at 2020-10-31 reported,financials_annual.csv,audited (SEC XBRL)
2020-11-07,incident,incident (minor): US-01 SDK API elevated error rates,incidents.csv,company-own (operational)
2020-11-09,incident,incident (maintenance): [Scheduled] US-01 Network Maintenance,incidents.csv,company-own (operational)
2020-11-09,incident,incident (maintenance): [Scheduled] EU-01 Network Maintenance,incidents.csv,company-own (operational)
2020-11-11,release,public repo created: mixboard,repos.csv,company-own (technical)
2020-11-12,incident,incident (maintenance): [Scheduled] US-01 Network Maintenance,incidents.csv,company-own (operational)
2020-11-12,incident,incident (maintenance): [Scheduled] US-02 Network Maintenance,incidents.csv,company-own (operational)
2020-11-12,incident,incident (maintenance): [Scheduled] US-03 Network Maintenance,incidents.csv,company-own (operational)
2020-11-12,incident,incident (maintenance): [Scheduled] US-04 Network Maintenance,incidents.csv,company-own (operational)
2020-11-12,incident,incident (maintenance): [Scheduled] US-06 Network Maintenance,incidents.csv,company-own (operational)
2020-11-12,incident,incident (maintenance): [Scheduled] EU-01 Network Maintenance,incidents.csv,company-own (operational)
2020-11-14,incident,incident (maintenance): [Scheduled] US Network Maintenance,incidents.csv,company-own (operational)
2020-11-20,release,public repo created: knockout-sortable,repos.csv,company-own (technical)
2020-12-02,incident,incident (maintenance): [Scheduled] US-02 Network Maintenance,incidents.csv,company-own (operational)
2020-12-02,incident,incident (maintenance): [Scheduled] EU-01 Network Maintenance,incidents.csv,company-own (operational)
2020-12-02,release,public repo created: svelte-ruby,repos.csv,company-own (technical)
2020-12-04,incident,incident (maintenance): [Scheduled] US 04 and 06 Network Maintenance,incidents.csv,company-own (operational)
2020-12-04,incident,"incident (minor): Degraded SDK Data Collection in US01, US03",incidents.csv,company-own (operational)
2020-12-08,incident,incident (maintenance): [Scheduled] US Network Maintenance,incidents.csv,company-own (operational)
2020-12-09,incident,incident (minor): US-03 SDK API increased error rates and data processing Delays,incidents.csv,company-own (operational)
2020-12-10,release,public repo created: automerge-action,repos.csv,company-own (technical)
2020-12-11,release,braze-cordova-sdk 2.20.0,sdk_releases.csv,company-own (technical)
2020-12-14,incident,incident (maintenance): [Scheduled] Braze.com Maintenance,incidents.csv,company-own (operational)
2020-12-18,incident,incident (none): Google Mail bounce reporting and handling,incidents.csv,company-own (operational)
2020-12-18,incident,incident (major): US-03 Active canvases archived,incidents.csv,company-own (operational)
2021-01-06,release,public repo created: SlickGrid,repos.csv,company-own (technical)
2021-01-08,release,braze-cordova-sdk 2.21.0,sdk_releases.csv,company-own (technical)
2021-01-12,incident,incident (major): Connectivity issues,incidents.csv,company-own (operational)
2021-01-21,incident,incident (minor): Processing Latency,incidents.csv,company-own (operational)
2021-01-22,release,braze-react-native-sdk 1.26.0,sdk_releases.csv,company-own (technical)
2021-01-31,financial,FY2021 reported,financials_annual.csv,audited (SEC XBRL)
2021-02-01,incident,incident (minor): Degraded Performance - Data Processing and Message Sending,incidents.csv,company-own (operational)
2021-02-09,release,public repo created: i18next-icu,repos.csv,company-own (technical)
2021-02-09,release,public repo created: braze-growth-shares-slackert,repos.csv,company-own (technical)
2021-02-11,release,public repo created: braze-ios-sdk,repos.csv,company-own (technical)
2021-02-14,release,public repo created: node-tree-sitter,repos.csv,company-own (technical)
2021-02-15,release,public repo created: tree-sitter-javascript,repos.csv,company-own (technical)
2021-02-18,incident,incident (major): US 01 connectivity errors,incidents.csv,company-own (operational)
2021-02-19,release,public repo created: braze-growth-shares-slackertpy,repos.csv,company-own (technical)
2021-02-20,release,public repo created: tree-sitter-html,repos.csv,company-own (technical)
2021-02-20,release,public repo created: tree-sitter-embedded-template,repos.csv,company-own (technical)
2021-02-23,incident,incident (critical): US 08 SDK API Errors,incidents.csv,company-own (operational)
2021-02-24,incident,incident (minor): Increased error rates in US 06,incidents.csv,company-own (operational)
2021-02-25,release,public repo created: braze-growth-shares-snowflake-to-braze,repos.csv,company-own (technical)
2021-02-26,incident,incident (major): SMS Processing Issues,incidents.csv,company-own (operational)
2021-02-26,release,braze-xamarin-sdk 1.18.0,sdk_releases.csv,company-own (technical)
2021-03-02,release,public repo created: rest-client,repos.csv,company-own (technical)
2021-03-04,incident,incident (maintenance): [Scheduled] US-02 Database Maintenance,incidents.csv,company-own (operational)
2021-03-05,incident,incident (maintenance): [Scheduled] The Braze.com website maintenance,incidents.csv,company-own (operational)
2021-03-05,release,braze-react-native-sdk 1.27.0,sdk_releases.csv,company-own (technical)
2021-03-05,release,public repo created: mongo-ruby-driver,repos.csv,company-own (technical)
2021-03-08,release,public repo created: redis-lock,repos.csv,company-own (technical)
2021-03-10,release,public repo created: mongoid,repos.csv,company-own (technical)
2021-03-15,release,public repo created: growth-shares-lambda-user-csv-import,repos.csv,company-own (technical)
2021-03-18,incident,incident (maintenance): [Scheduled] EU-01 Database Maintenance,incidents.csv,company-own (operational)
2021-03-18,incident,incident (maintenance): [Scheduled] US-06 Database Maintenance,incidents.csv,company-own (operational)
2021-03-23,release,public repo created: firebase-functions-jwt-responder,repos.csv,company-own (technical)
2021-04-01,incident,incident (maintenance): [Scheduled] US-03 Database Maintenance,incidents.csv,company-own (operational)
2021-04-01,release,public repo created: braze-flutter-sdk,repos.csv,company-own (technical)
2021-04-06,incident,incident (maintenance): [Scheduled] US-04 Database Maintenance,incidents.csv,company-own (operational)
2021-04-06,incident,incident (maintenance): [Scheduled] US-02 Database Maintenance,incidents.csv,company-own (operational)
2021-04-07,incident,incident (maintenance): [Scheduled] US-06 Database Maintenance,incidents.csv,company-own (operational)
2021-04-08,incident,incident (maintenance): [Scheduled] US-01 Analytics Database Maintenance,incidents.csv,company-own (operational)
2021-04-08,incident,incident (maintenance): [Scheduled] US-04 Analytics Database Maintenance,incidents.csv,company-own (operational)
2021-04-08,incident,incident (maintenance): [Scheduled] US-03 Database Maintenance,incidents.csv,company-own (operational)
2021-04-09,incident,incident (maintenance): [Scheduled] US-03 Database Maintenance,incidents.csv,company-own (operational)
2021-04-12,incident,incident (maintenance): [Scheduled] US-03 Database Maintenance,incidents.csv,company-own (operational)
2021-04-13,incident,incident (maintenance): [Scheduled] EU-01 Database Maintenance,incidents.csv,company-own (operational)
2021-04-13,incident,incident (maintenance): [Scheduled] US-01 Database Maintenance,incidents.csv,company-own (operational)
2021-04-14,incident,incident (maintenance): [Scheduled] EU-01 Database Maintenance,incidents.csv,company-own (operational)
2021-04-14,incident,incident (maintenance): [Scheduled] US-01 Database Maintenance,incidents.csv,company-own (operational)
2021-04-15,incident,incident (maintenance): [Scheduled] US-01 Database Maintenance,incidents.csv,company-own (operational)
2021-04-15,release,braze-react-native-sdk 1.28.0,sdk_releases.csv,company-own (technical)
2021-04-20,release,public repo created: teaspoon,repos.csv,company-own (technical)
2021-04-26,incident,incident (major): Increased Email Bounce rate for Apple domains,incidents.csv,company-own (operational)
2021-04-28,incident,incident (minor): Email sending delays on EU 01,incidents.csv,company-own (operational)
2021-04-30,financial,FY2022 as at 2021-04-30 reported,financials_annual.csv,audited (SEC XBRL)
2021-05-07,incident,incident (none): Email sending delays for MailJet customers,incidents.csv,company-own (operational)
2021-05-11,incident,incident (minor): Delayed Support Services,incidents.csv,company-own (operational)
2021-05-21,release,public repo created: react-i18next-gitbook,repos.csv,company-own (technical)
2021-05-25,incident,incident (minor): Delayed data processing and message sending for some customers,incidents.csv,company-own (operational)
2021-06-02,release,braze-react-native-sdk 1.29.0,sdk_releases.csv,company-own (technical)
2021-06-04,release,braze-react-native-sdk 1.29.1,sdk_releases.csv,company-own (technical)
2021-06-07,incident,incident (major): Increased error rates for SDK data collection in EU 01,incidents.csv,company-own (operational)
2021-06-08,incident,incident (major): Connectivity issues due to Fastly CDN outage,incidents.csv,company-own (operational)
2021-06-10,release,public repo created: ruby_decorators,repos.csv,company-own (technical)
2021-06-16,release,braze-react-native-sdk 1.30.0,sdk_releases.csv,company-own (technical)
2021-06-24,filing,DRS filed,filings.csv,statutory (SEC)
2021-07-13,incident,incident (critical): Dashboard Loading Issues - All Clusters,incidents.csv,company-own (operational)
2021-07-16,incident,incident (minor): Increased error rates in US 06,incidents.csv,company-own (operational)
2021-07-19,release,braze-cordova-sdk 2.24.0,sdk_releases.csv,company-own (technical)
2021-07-22,filing,UPLOAD filed,filings.csv,statutory (SEC)
2021-07-23,release,braze-react-native-sdk 1.31.0,sdk_releases.csv,company-own (technical)
2021-07-31,financial,FY2022 as at 2021-07-31 reported,financials_annual.csv,audited (SEC XBRL)
2021-08-05,incident,incident (minor): Currents delays on some US Clusters,incidents.csv,company-own (operational)
2021-08-07,incident,incident (minor): Delayed Email Sending in EU,incidents.csv,company-own (operational)
2021-08-10,filing,DRSLTR filed,filings.csv,statutory (SEC)
2021-08-10,filing,DRS/A filed,filings.csv,statutory (SEC)
2021-08-13,release,braze-xamarin-sdk 1.21.0,sdk_releases.csv,company-own (technical)
2021-08-13,release,public repo created: interview-question-test-runners,repos.csv,company-own (technical)
2021-08-17,release,braze-cordova-sdk 2.25.0,sdk_releases.csv,company-own (technical)
2021-08-17,release,braze-xamarin-sdk 1.21.1,sdk_releases.csv,company-own (technical)
2021-08-18,incident,incident (none): Snowflake incident on US Clusters,incidents.csv,company-own (operational)
2021-08-19,release,braze-react-native-sdk 1.32.0,sdk_releases.csv,company-own (technical)
2021-08-20,filing,UPLOAD filed,filings.csv,statutory (SEC)
2021-08-26,release,public repo created: apns2,repos.csv,company-own (technical)
2021-08-31,incident,incident (minor): Delayed Email Event Processing - US Customers,incidents.csv,company-own (operational)
2021-09-03,release,public repo created: google-ads-ruby,repos.csv,company-own (technical)
2021-09-23,release,public repo created: braze-growth-shares-android-demo-app,repos.csv,company-own (technical)
2021-09-24,release,braze-react-native-sdk 1.33.0,sdk_releases.csv,company-own (technical)
2021-09-28,release,braze-cordova-sdk 2.26.0,sdk_releases.csv,company-own (technical)
2021-09-28,release,braze-react-native-sdk 1.33.1,sdk_releases.csv,company-own (technical)
2021-09-30,filing,DRSLTR filed,filings.csv,statutory (SEC)
2021-09-30,incident,"incident (minor): Delayed data processing and message sending on US 01, US 03, US 04, US 06",incidents.csv,company-own (operational)
2021-10-01,filing,DRS/A filed,filings.csv,statutory (SEC)
2021-10-01,release,public repo created: charts,repos.csv,company-own (technical)
2021-10-08,release,public repo created: ruby-kafka,repos.csv,company-own (technical)
2021-10-22,filing,S-1 filed,filings.csv,statutory (SEC)
2021-10-28,incident,incident (minor): Email sending delays for Sparkpost customers,incidents.csv,company-own (operational)
2021-10-28,release,public repo created: embed-like-gist,repos.csv,company-own (technical)
2021-10-29,release,public repo created: action-destinations,repos.csv,company-own (technical)
2021-10-31,financial,FY2022 as at 2021-10-31 reported,financials_annual.csv,audited (SEC XBRL)
2021-11-01,filing,UPLOAD filed,filings.csv,statutory (SEC)
2021-11-05,filing,CORRESP filed,filings.csv,statutory (SEC)
2021-11-08,filing,S-1/A filed,filings.csv,statutory (SEC)
2021-11-08,incident,incident (critical): We are investigating connectivity issues on EU 01,incidents.csv,company-own (operational)
2021-11-08,release,braze-cordova-sdk 2.27.0,sdk_releases.csv,company-own (technical)
2021-11-09,release,public repo created: turnip,repos.csv,company-own (technical)
2021-11-12,filing,CORRESP filed,filings.csv,statutory (SEC)
2021-11-12,filing,CORRESP filed,filings.csv,statutory (SEC)
2021-11-12,filing,8-A12B filed,filings.csv,statutory (SEC)
2021-11-12,incident,incident (major): EU delays,incidents.csv,company-own (operational)
2021-11-12,release,public repo created: eco,repos.csv,company-own (technical)
2021-11-13,incident,incident (minor): Investigating issues on US 03,incidents.csv,company-own (operational)
2021-11-15,filing,CERT filed,filings.csv,statutory (SEC)
2021-11-16,filing,"EFFECT filed (S-1,,2021-11-16 16:00:00)",filings.csv,statutory (SEC)
2021-11-16,filing,3 filed,filings.csv,statutory (SEC)
2021-11-16,filing,3 filed,filings.csv,statutory (SEC)
2021-11-16,filing,3 filed,filings.csv,statutory (SEC)
2021-11-16,filing,3 filed,filings.csv,statutory (SEC)
2021-11-16,filing,3 filed,filings.csv,statutory (SEC)
2021-11-16,filing,3 filed,filings.csv,statutory (SEC)
2021-11-16,filing,3 filed,filings.csv,statutory (SEC)
2021-11-16,filing,3 filed,filings.csv,statutory (SEC)
2021-11-16,filing,3 filed,filings.csv,statutory (SEC)
2021-11-16,filing,3 filed,filings.csv,statutory (SEC)
2021-11-16,filing,3 filed,filings.csv,statutory (SEC)
2021-11-16,filing,3 filed,filings.csv,statutory (SEC)
2021-11-16,filing,3 filed,filings.csv,statutory (SEC)
2021-11-16,filing,3 filed,filings.csv,statutory (SEC)
2021-11-16,filing,3 filed,filings.csv,statutory (SEC)
2021-11-16,filing,3 filed,filings.csv,statutory (SEC)
2021-11-16,filing,3 filed,filings.csv,statutory (SEC)
2021-11-16,filing,3 filed,filings.csv,statutory (SEC)
2021-11-16,filing,3 filed,filings.csv,statutory (SEC)
2021-11-16,filing,3 filed,filings.csv,statutory (SEC)
2021-11-18,filing,424B4 filed,filings.csv,statutory (SEC)
2021-11-19,filing,S-8 filed,filings.csv,statutory (SEC)
2021-11-22,incident,incident (major): US 03 errors,incidents.csv,company-own (operational)
2021-11-23,filing,4 filed,filings.csv,statutory (SEC)
2021-11-23,filing,4 filed,filings.csv,statutory (SEC)
2021-11-23,filing,4 filed,filings.csv,statutory (SEC)
2021-11-23,filing,3 filed,filings.csv,statutory (SEC)
2021-11-23,filing,"8-K filed (3.02,5.03,9.01)",filings.csv,statutory (SEC)
2021-11-23,filing,4 filed,filings.csv,statutory (SEC)
2021-11-23,filing,4 filed,filings.csv,statutory (SEC)
2021-11-23,filing,4 filed,filings.csv,statutory (SEC)
2021-11-23,filing,4 filed,filings.csv,statutory (SEC)
2021-11-23,filing,4 filed,filings.csv,statutory (SEC)
2021-11-23,filing,4 filed,filings.csv,statutory (SEC)
2021-11-23,filing,4 filed,filings.csv,statutory (SEC)
2021-11-23,filing,4 filed,filings.csv,statutory (SEC)
2021-11-23,filing,4 filed,filings.csv,statutory (SEC)
2021-11-23,filing,4 filed,filings.csv,statutory (SEC)
2021-11-23,filing,4 filed,filings.csv,statutory (SEC)
2021-11-23,filing,4 filed,filings.csv,statutory (SEC)
2021-11-23,filing,4 filed,filings.csv,statutory (SEC)
2021-11-23,filing,4 filed,filings.csv,statutory (SEC)
2021-11-23,filing,4 filed,filings.csv,statutory (SEC)
2021-11-23,filing,4 filed,filings.csv,statutory (SEC)
2021-11-23,filing,4 filed,filings.csv,statutory (SEC)
2021-11-28,incident,incident (minor): Delayed Data Processing on US06,incidents.csv,company-own (operational)
2021-11-29,filing,SC 13G filed,filings.csv,statutory (SEC)
2021-12-07,incident,incident (minor): Data Processing Performance on US Clusters,incidents.csv,company-own (operational)
2021-12-17,filing,S-8 filed,filings.csv,statutory (SEC)
2021-12-20,filing,"8-K filed (2.02,9.01)",filings.csv,statutory (SEC)
2021-12-21,filing,10-Q filed,filings.csv,statutory (SEC)
2021-12-22,filing,S-8 filed,filings.csv,statutory (SEC)
2021-12-22,incident,incident (minor): Increased Latency in US01/US03,incidents.csv,company-own (operational)
2021-12-29,incident,incident (major): US 05 issues,incidents.csv,company-own (operational)
2022-01-04,incident,incident (minor): Data Process Latency on US 03,incidents.csv,company-own (operational)
2022-01-12,filing,4 filed,filings.csv,statutory (SEC)
2022-01-13,filing,4 filed,filings.csv,statutory (SEC)
2022-01-13,filing,4 filed,filings.csv,statutory (SEC)
2022-01-13,filing,4 filed,filings.csv,statutory (SEC)
2022-01-14,release,braze-cordova-sdk 2.28.0,sdk_releases.csv,company-own (technical)
2022-01-14,release,public repo created: braze-api-client-ruby,repos.csv,company-own (technical)
2022-01-20,release,braze-react-native-sdk 1.34.0,sdk_releases.csv,company-own (technical)
2022-01-24,incident,incident (minor): Increased Rest API Error Rates in EU01,incidents.csv,company-own (operational)
2022-01-27,filing,4 filed,filings.csv,statutory (SEC)
2022-01-28,release,braze-react-native-sdk 1.34.1,sdk_releases.csv,company-own (technical)
2022-01-31,financial,FY2022 reported,financials_annual.csv,audited (SEC XBRL)
2022-01-31,incident,incident (minor): Increased Data Processing latency in multiple clusters,incidents.csv,company-own (operational)
2022-02-04,release,public repo created: issue-template-testing,repos.csv,company-own (technical)
2022-02-05,incident,incident (major): Investigating increased error rates on US 03 REST API,incidents.csv,company-own (operational)
2022-02-08,release,public repo created: braze-swift-sdk,repos.csv,company-own (technical)
2022-02-09,filing,4 filed,filings.csv,statutory (SEC)
2022-02-09,filing,SC 13G filed,filings.csv,statutory (SEC)
2022-02-09,filing,SC 13G filed,filings.csv,statutory (SEC)
2022-02-10,filing,SC 13G filed,filings.csv,statutory (SEC)
2022-02-10,filing,SC 13G filed,filings.csv,statutory (SEC)
2022-02-11,filing,SC 13G filed,filings.csv,statutory (SEC)
2022-02-11,filing,SC 13G filed,filings.csv,statutory (SEC)
2022-02-11,filing,SC 13G filed,filings.csv,statutory (SEC)
2022-02-14,filing,SC 13G filed,filings.csv,statutory (SEC)
2022-02-14,filing,SC 13G filed,filings.csv,statutory (SEC)
2022-02-14,filing,SC 13G filed,filings.csv,statutory (SEC)
2022-02-14,filing,SC 13G filed,filings.csv,statutory (SEC)
2022-02-14,filing,SC 13G filed,filings.csv,statutory (SEC)
2022-02-14,filing,SC 13G filed,filings.csv,statutory (SEC)
2022-02-14,filing,SC 13G filed,filings.csv,statutory (SEC)
2022-02-14,filing,SC 13G filed,filings.csv,statutory (SEC)
2022-02-15,release,public repo created: braze-roku-sdk,repos.csv,company-own (technical)
2022-02-15,release,public repo created: liquid,repos.csv,company-own (technical)
2022-02-16,incident,incident (major): Dashboard Logon SMS 2FA latency,incidents.csv,company-own (operational)
2022-02-23,incident,incident (major): Increased REST API errors in 06,incidents.csv,company-own (operational)
2022-02-25,filing,4 filed,filings.csv,statutory (SEC)
2022-02-25,incident,incident (maintenance): [Scheduled] The braze.com website maintenance,incidents.csv,company-own (operational)
2022-03-02,release,public repo created: braze-growth-shares-gists,repos.csv,company-own (technical)
2022-03-08,filing,4 filed,filings.csv,statutory (SEC)
2022-03-11,filing,4 filed,filings.csv,statutory (SEC)
2022-03-11,filing,4 filed,filings.csv,statutory (SEC)
2022-03-11,filing,4 filed,filings.csv,statutory (SEC)
2022-03-11,filing,4 filed,filings.csv,statutory (SEC)
2022-03-11,filing,3 filed,filings.csv,statutory (SEC)
2022-03-11,filing,3 filed,filings.csv,statutory (SEC)
2022-03-11,release,braze-react-native-sdk 1.35.0,sdk_releases.csv,company-own (technical)
2022-03-15,release,public repo created: config-plugins,repos.csv,company-own (technical)
2022-03-16,release,braze-react-native-sdk 1.35.1,sdk_releases.csv,company-own (technical)
2022-03-16,release,public repo created: shopify-script-tag-scripts,repos.csv,company-own (technical)
2022-03-23,incident,incident (minor): Issue affecting the ability to analyze variants on Canvases,incidents.csv,company-own (operational)
2022-03-25,filing,4 filed,filings.csv,statutory (SEC)
2022-03-25,filing,4 filed,filings.csv,statutory (SEC)
2022-03-25,filing,4 filed,filings.csv,statutory (SEC)
2022-03-28,release,public repo created: segment_analytics_tool,repos.csv,company-own (technical)
2022-03-30,filing,"8-K filed (2.02,9.01)",filings.csv,statutory (SEC)
2022-03-31,filing,S-8 filed,filings.csv,statutory (SEC)
2022-03-31,filing,10-K filed,filings.csv,statutory (SEC)
2022-04-01,filing,4 filed,filings.csv,statutory (SEC)
2022-04-01,filing,4 filed,filings.csv,statutory (SEC)
2022-04-01,filing,4 filed,filings.csv,statutory (SEC)
2022-04-01,filing,4 filed,filings.csv,statutory (SEC)
2022-04-06,filing,4 filed,filings.csv,statutory (SEC)
2022-04-08,filing,4 filed,filings.csv,statutory (SEC)
2022-04-08,filing,4 filed,filings.csv,statutory (SEC)
2022-04-08,filing,4 filed,filings.csv,statutory (SEC)
2022-04-12,filing,4 filed,filings.csv,statutory (SEC)
2022-04-12,filing,4 filed,filings.csv,statutory (SEC)
2022-04-12,filing,4 filed,filings.csv,statutory (SEC)
2022-04-12,filing,4 filed,filings.csv,statutory (SEC)
2022-04-13,filing,4 filed,filings.csv,statutory (SEC)
2022-04-13,release,braze-cordova-sdk 2.29.0,sdk_releases.csv,company-own (technical)
2022-04-13,release,braze-xamarin-sdk 1.24.0,sdk_releases.csv,company-own (technical)
2022-04-14,incident,"incident (minor): Issue affecting APIs, Data Processing, and Message Sending",incidents.csv,company-own (operational)
2022-04-20,incident,"incident (critical): Issue affecting APIs, Dashboard, Data Processing, and Message Sending",incidents.csv,company-own (operational)
2022-04-21,filing,4 filed,filings.csv,statutory (SEC)
2022-04-21,filing,4 filed,filings.csv,statutory (SEC)
2022-04-30,financial,FY2023 as at 2022-04-30 reported,financials_annual.csv,audited (SEC XBRL)
2022-05-09,release,public repo created: braze-segment-kotlin,repos.csv,company-own (technical)
2022-05-18,filing,DEFA14A filed,filings.csv,statutory (SEC)
2022-05-18,filing,DEF 14A filed,filings.csv,statutory (SEC)
2022-05-19,filing,4 filed,filings.csv,statutory (SEC)
2022-05-19,incident,incident (maintenance): [Scheduled] Content Delivery Network Maintenance,incidents.csv,company-own (operational)
2022-06-02,incident,incident (minor): Increased Job Processing latency in US01,incidents.csv,company-own (operational)
2022-06-07,release,public repo created: cypress-plugin-snapshots,repos.csv,company-own (technical)
2022-06-08,filing,4 filed,filings.csv,statutory (SEC)
2022-06-09,release,public repo created: braze-segment-swift,repos.csv,company-own (technical)
2022-06-13,filing,"8-K filed (2.02,9.01)",filings.csv,statutory (SEC)
2022-06-14,filing,10-Q filed,filings.csv,statutory (SEC)
2022-06-21,filing,4 filed,filings.csv,statutory (SEC)
2022-06-21,filing,4 filed,filings.csv,statutory (SEC)
2022-06-22,release,braze-cordova-sdk 2.30.0,sdk_releases.csv,company-own (technical)
2022-06-22,release,braze-xamarin-sdk 1.25.0,sdk_releases.csv,company-own (technical)
2022-06-24,filing,4 filed,filings.csv,statutory (SEC)
2022-06-27,release,braze-react-native-sdk 1.36.0,sdk_releases.csv,company-own (technical)
2022-06-28,filing,4 filed,filings.csv,statutory (SEC)
2022-06-29,incident,incident (maintenance): [Scheduled] US-05 Network Maintenance,incidents.csv,company-own (operational)
2022-07-01,filing,8-K filed (5.07),filings.csv,statutory (SEC)
2022-07-01,release,public repo created: attr_encrypted,repos.csv,company-own (technical)
2022-07-05,filing,4 filed,filings.csv,statutory (SEC)
2022-07-05,incident,incident (major): EU 01 connectivity issues,incidents.csv,company-own (operational)
2022-07-07,filing,4 filed,filings.csv,statutory (SEC)
2022-07-07,filing,4 filed,filings.csv,statutory (SEC)
2022-07-07,release,public repo created: swift-snapshot-testing,repos.csv,company-own (technical)
2022-07-12,filing,4 filed,filings.csv,statutory (SEC)
2022-07-13,filing,4 filed,filings.csv,statutory (SEC)
2022-07-13,filing,4 filed,filings.csv,statutory (SEC)
2022-07-13,filing,4 filed,filings.csv,statutory (SEC)
2022-07-13,filing,4 filed,filings.csv,statutory (SEC)
2022-07-15,filing,4 filed,filings.csv,statutory (SEC)
2022-07-15,filing,4 filed,filings.csv,statutory (SEC)
2022-07-15,incident,incident (maintenance): [Scheduled] US-05 Network Maintenance,incidents.csv,company-own (operational)
2022-07-15,release,braze-cordova-sdk 2.30.1,sdk_releases.csv,company-own (technical)
2022-07-19,incident,incident (minor): Segment Export Delays in Multiple Clusters,incidents.csv,company-own (operational)
2022-07-21,filing,4 filed,filings.csv,statutory (SEC)
2022-07-21,incident,incident (maintenance): [Scheduled] US-05 Network Maintenance,incidents.csv,company-own (operational)
2022-07-25,incident,incident (minor): Dashboard Errors / Slowness on EU01,incidents.csv,company-own (operational)
2022-07-25,release,braze-react-native-sdk 1.37.0,sdk_releases.csv,company-own (technical)
2022-07-25,release,public repo created: braze-expo-plugin,repos.csv,company-own (technical)
2022-07-26,filing,4 filed,filings.csv,statutory (SEC)
2022-07-26,filing,4 filed,filings.csv,statutory (SEC)
2022-07-26,incident,incident (maintenance): [Scheduled] US-04 Network Maintenance,incidents.csv,company-own (operational)
2022-07-26,incident,incident (maintenance): [Scheduled] US-02 Network Maintenance,incidents.csv,company-own (operational)
2022-07-27,incident,incident (maintenance): [Scheduled] US-03 Network Maintenance,incidents.csv,company-own (operational)
2022-07-27,incident,incident (maintenance): [Scheduled] US-06 Network Maintenance,incidents.csv,company-own (operational)
2022-07-28,incident,incident (maintenance): [Scheduled] US-01 Network Maintenance,incidents.csv,company-own (operational)
2022-07-31,financial,FY2023 as at 2022-07-31 reported,financials_annual.csv,audited (SEC XBRL)
2022-08-01,filing,4 filed,filings.csv,statutory (SEC)
2022-08-02,incident,incident (minor): Increased error rates in US 03,incidents.csv,company-own (operational)
2022-08-05,incident,incident (major): Increased error rates on US 04 REST API,incidents.csv,company-own (operational)
2022-08-09,filing,4 filed,filings.csv,statutory (SEC)
2022-08-10,incident,incident (major): Increased error rates and latency in US 03,incidents.csv,company-own (operational)
2022-08-12,filing,4 filed,filings.csv,statutory (SEC)
2022-08-18,filing,4 filed,filings.csv,statutory (SEC)
2022-08-19,release,braze-swift-sdk 5.2.0,sdk_releases.csv,company-own (technical)
2022-08-24,release,braze-swift-sdk 5.3.0,sdk_releases.csv,company-own (technical)
2022-08-25,release,braze-react-native-sdk 1.38.0,sdk_releases.csv,company-own (technical)
2022-08-26,incident,incident (major): Errors when accessing Drag and Drop editor,incidents.csv,company-own (operational)
2022-08-29,filing,4 filed,filings.csv,statutory (SEC)
2022-08-29,incident,incident (maintenance): [Scheduled] EU-02 Network Maintenance,incidents.csv,company-own (operational)
2022-08-31,incident,incident (maintenance): [Scheduled] EU-02 Network Maintenance,incidents.csv,company-own (operational)
2022-09-01,release,braze-swift-sdk 5.3.1,sdk_releases.csv,company-own (technical)
2022-09-06,release,braze-swift-sdk 5.3.2,sdk_releases.csv,company-own (technical)
2022-09-07,release,braze-swift-sdk 5.4.0,sdk_releases.csv,company-own (technical)
2022-09-09,filing,4 filed,filings.csv,statutory (SEC)
2022-09-12,filing,"8-K filed (2.02,9.01)",filings.csv,statutory (SEC)
2022-09-12,release,braze-react-native-sdk 1.38.1,sdk_releases.csv,company-own (technical)
2022-09-13,filing,10-Q filed,filings.csv,statutory (SEC)
2022-09-13,incident,incident (minor): Network latency impacting customers located in the Asia region,incidents.csv,company-own (operational)
2022-09-20,filing,4 filed,filings.csv,statutory (SEC)
2022-09-20,filing,4 filed,filings.csv,statutory (SEC)
2022-09-20,filing,4 filed,filings.csv,statutory (SEC)
2022-09-21,filing,4 filed,filings.csv,statutory (SEC)
2022-09-22,filing,4 filed,filings.csv,statutory (SEC)
2022-09-22,filing,4 filed,filings.csv,statutory (SEC)
2022-09-22,filing,4 filed,filings.csv,statutory (SEC)
2022-09-22,filing,4 filed,filings.csv,statutory (SEC)
2022-09-22,release,public repo created: core-messaging-atlantis,repos.csv,company-own (technical)
2022-09-23,incident,incident (minor): Service degradation on US-03 and US-06,incidents.csv,company-own (operational)
2022-09-23,release,public repo created: braze-examples,repos.csv,company-own (technical)
2022-09-26,filing,4 filed,filings.csv,statutory (SEC)
2022-09-26,filing,4 filed,filings.csv,statutory (SEC)
2022-09-26,filing,4 filed,filings.csv,statutory (SEC)
2022-09-26,filing,4 filed,filings.csv,statutory (SEC)
2022-09-26,release,braze-react-native-sdk 1.39.0,sdk_releases.csv,company-own (technical)
2022-09-27,release,braze-swift-sdk 5.5.0,sdk_releases.csv,company-own (technical)
2022-09-28,release,public repo created: dbt-demo-jaffle-shop-metrics,repos.csv,company-own (technical)
2022-09-30,release,public repo created: minipack,repos.csv,company-own (technical)
2022-10-02,incident,incident (minor): US-02 Data Processing and Messaging Delays,incidents.csv,company-own (operational)
2022-10-03,filing,4 filed,filings.csv,statutory (SEC)
2022-10-03,filing,4 filed,filings.csv,statutory (SEC)
2022-10-03,filing,4 filed,filings.csv,statutory (SEC)
2022-10-03,filing,4 filed,filings.csv,statutory (SEC)
2022-10-04,filing,4 filed,filings.csv,statutory (SEC)
2022-10-04,filing,4 filed,filings.csv,statutory (SEC)
2022-10-04,filing,4 filed,filings.csv,statutory (SEC)
2022-10-04,incident,incident (major): Increased SDK Error Rates Affecting US Clusters,incidents.csv,company-own (operational)
2022-10-05,filing,4 filed,filings.csv,statutory (SEC)
2022-10-05,filing,4 filed,filings.csv,statutory (SEC)
2022-10-05,filing,4 filed,filings.csv,statutory (SEC)
2022-10-11,filing,4 filed,filings.csv,statutory (SEC)
2022-10-13,filing,4 filed,filings.csv,statutory (SEC)
2022-10-14,release,braze-react-native-sdk 1.40.0,sdk_releases.csv,company-own (technical)
2022-10-21,incident,incident (minor): US 05 delayed message sending for some customers,incidents.csv,company-own (operational)
2022-10-21,release,public repo created: grapesjs,repos.csv,company-own (technical)
2022-10-25,release,braze-swift-sdk 5.6.0,sdk_releases.csv,company-own (technical)
2022-10-25,release,public repo created: cdk-cf-eks,repos.csv,company-own (technical)
2022-10-26,filing,4 filed,filings.csv,statutory (SEC)
2022-10-26,release,braze-segment-swift 1.0.0,sdk_releases.csv,company-own (technical)
2022-10-26,release,public repo created: cypress-plugin-visual-regression-diff,repos.csv,company-own (technical)
2022-10-26,release,public repo created: growth-shares-lambda-events-purchases-import,repos.csv,company-own (technical)
2022-10-27,release,braze-swift-sdk 5.5.1,sdk_releases.csv,company-own (technical)
2022-10-31,financial,FY2023 as at 2022-10-31 reported,financials_annual.csv,audited (SEC XBRL)
2022-11-02,release,braze-swift-sdk 5.6.1,sdk_releases.csv,company-own (technical)
2022-11-04,filing,4 filed,filings.csv,statutory (SEC)
2022-11-07,filing,4 filed,filings.csv,statutory (SEC)
2022-11-07,release,braze-swift-sdk 5.6.2,sdk_releases.csv,company-own (technical)
2022-11-08,filing,4 filed,filings.csv,statutory (SEC)
2022-11-14,filing,4 filed,filings.csv,statutory (SEC)
2022-11-15,filing,4 filed,filings.csv,statutory (SEC)
2022-11-16,incident,incident (critical): Increased SDK Error Rates US05,incidents.csv,company-own (operational)
2022-11-17,incident,incident (critical): Increased SDK Error Rates on US05,incidents.csv,company-own (operational)
2022-11-17,release,braze-swift-sdk 5.6.3,sdk_releases.csv,company-own (technical)
2022-11-18,filing,4 filed,filings.csv,statutory (SEC)
2022-11-23,filing,8-K filed (1.01),filings.csv,statutory (SEC)
2022-11-30,release,braze-swift-sdk 5.6.4,sdk_releases.csv,company-own (technical)
2022-12-05,filing,4 filed,filings.csv,statutory (SEC)
2022-12-06,release,braze-swift-sdk 5.7.0,sdk_releases.csv,company-own (technical)
2022-12-07,release,braze-react-native-sdk 1.41.0,sdk_releases.csv,company-own (technical)
2022-12-09,filing,4 filed,filings.csv,statutory (SEC)
2022-12-12,incident,incident (minor): US-05 Data Processing Delays,incidents.csv,company-own (operational)
2022-12-13,filing,"8-K filed (2.02,9.01)",filings.csv,statutory (SEC)
2022-12-14,filing,10-Q filed,filings.csv,statutory (SEC)
2022-12-15,release,braze-swift-sdk 5.8.0,sdk_releases.csv,company-own (technical)
2022-12-17,incident,incident (minor): EU-01 Delayed Processing,incidents.csv,company-own (operational)
2022-12-17,incident,incident (major): EU-01 Services Down,incidents.csv,company-own (operational)
2022-12-17,release,public repo created: SwiftCommand,repos.csv,company-own (technical)
2022-12-19,filing,4 filed,filings.csv,statutory (SEC)
2022-12-19,filing,4 filed,filings.csv,statutory (SEC)
2022-12-19,filing,4 filed,filings.csv,statutory (SEC)
2022-12-19,filing,4 filed,filings.csv,statutory (SEC)
2022-12-19,filing,4/A filed,filings.csv,statutory (SEC)
2022-12-29,filing,4 filed,filings.csv,statutory (SEC)
2023-01-04,release,public repo created: looker-data-services-engineering,repos.csv,company-own (technical)
2023-01-05,filing,4 filed,filings.csv,statutory (SEC)
2023-01-10,release,braze-swift-sdk 5.8.1,sdk_releases.csv,company-own (technical)
2023-01-11,incident,incident (minor): Intermittent data load timeouts on Braze dashboards.,incidents.csv,company-own (operational)
2023-01-19,incident,incident (maintenance): [Scheduled] Braze Website Maintenance,incidents.csv,company-own (operational)
2023-01-23,release,public repo created: xctest-dynamic-overlay,repos.csv,company-own (technical)
2023-01-23,release,public repo created: swift-dependencies,repos.csv,company-own (technical)
2023-01-24,release,braze-swift-sdk 5.9.0,sdk_releases.csv,company-own (technical)
2023-01-28,release,public repo created: swift-custom-dump,repos.csv,company-own (technical)
2023-01-31,financial,FY2023 reported,financials_annual.csv,audited (SEC XBRL)
2023-02-01,release,braze-swift-sdk 5.9.1,sdk_releases.csv,company-own (technical)
2023-02-02,incident,incident (minor): Reporting Data Delayed,incidents.csv,company-own (operational)
2023-02-03,filing,4 filed,filings.csv,statutory (SEC)
2023-02-03,filing,SC 13G/A filed,filings.csv,statutory (SEC)
2023-02-06,release,braze-cordova-sdk 2.33.0,sdk_releases.csv,company-own (technical)
2023-02-06,release,public repo created: mparticle-javascript-integration-braze,repos.csv,company-own (technical)
2023-02-08,filing,SC 13G/A filed,filings.csv,statutory (SEC)
2023-02-08,filing,SC 13G filed,filings.csv,statutory (SEC)
2023-02-08,incident,incident (maintenance): [Scheduled] EU-02 Network Maintenance,incidents.csv,company-own (operational)
2023-02-08,incident,incident (minor): Dashboard Slowness,incidents.csv,company-own (operational)
2023-02-08,release,braze-react-native-sdk 2.0.0,sdk_releases.csv,company-own (technical)
2023-02-09,filing,SC 13G/A filed,filings.csv,statutory (SEC)
2023-02-09,filing,SC 13G/A filed,filings.csv,statutory (SEC)
2023-02-10,filing,SC 13G/A filed,filings.csv,statutory (SEC)
2023-02-13,filing,SC 13G filed,filings.csv,statutory (SEC)
2023-02-13,release,braze-react-native-sdk 2.0.1,sdk_releases.csv,company-own (technical)
2023-02-13,release,braze-swift-sdk 5.10.0,sdk_releases.csv,company-own (technical)
2023-02-14,filing,SC 13G/A filed,filings.csv,statutory (SEC)
2023-02-14,filing,SC 13G/A filed,filings.csv,statutory (SEC)
2023-02-14,filing,SC 13G/A filed,filings.csv,statutory (SEC)
2023-02-14,filing,SC 13G/A filed,filings.csv,statutory (SEC)
2023-02-14,filing,SC 13G/A filed,filings.csv,statutory (SEC)
2023-02-14,filing,SC 13G/A filed,filings.csv,statutory (SEC)
2023-02-14,filing,SC 13G/A filed,filings.csv,statutory (SEC)
2023-02-14,filing,SC 13G/A filed,filings.csv,statutory (SEC)
2023-02-14,filing,SC 13G/A filed,filings.csv,statutory (SEC)
2023-02-14,release,braze-react-native-sdk 2.0.2,sdk_releases.csv,company-own (technical)
2023-02-16,release,braze-swift-sdk 5.10.1,sdk_releases.csv,company-own (technical)
2023-02-17,incident,incident (major): Braze Support unavailable for some users,incidents.csv,company-own (operational)
2023-02-21,filing,4 filed,filings.csv,statutory (SEC)
2023-02-22,release,public repo created: braze-swift-sdk-xcode-14-3-preview,repos.csv,company-own (technical)
2023-02-23,release,braze-xamarin-sdk 1.27.0,sdk_releases.csv,company-own (technical)
2023-02-27,release,braze-swift-sdk 5.11.0,sdk_releases.csv,company-own (technical)
2023-02-28,incident,incident (minor): Email Events Delay,incidents.csv,company-own (operational)
2023-02-28,incident,incident (major): US02 Campaign & Canvas Save Timeout,incidents.csv,company-own (operational)
2023-02-28,release,braze-react-native-sdk 2.1.0,sdk_releases.csv,company-own (technical)
2023-03-03,filing,4 filed,filings.csv,statutory (SEC)
2023-03-07,filing,4 filed,filings.csv,statutory (SEC)
2023-03-07,filing,4 filed,filings.csv,statutory (SEC)
2023-03-07,filing,4 filed,filings.csv,statutory (SEC)
2023-03-07,filing,4 filed,filings.csv,statutory (SEC)
2023-03-07,filing,4 filed,filings.csv,statutory (SEC)
2023-03-07,filing,4 filed,filings.csv,statutory (SEC)
2023-03-07,incident,incident (minor): US Email Events Delay,incidents.csv,company-own (operational)
2023-03-07,release,braze-cordova-sdk 3.0.0,sdk_releases.csv,company-own (technical)
2023-03-09,release,braze-swift-sdk 5.11.1,sdk_releases.csv,company-own (technical)
2023-03-10,release,braze-swift-sdk 5.11.2,sdk_releases.csv,company-own (technical)
2023-03-13,release,braze-react-native-sdk 3.0.0,sdk_releases.csv,company-own (technical)
2023-03-13,release,public repo created: braze-android-sdk,repos.csv,company-own (technical)
2023-03-22,release,braze-swift-sdk 5.12.0,sdk_releases.csv,company-own (technical)
2023-03-24,release,braze-swift-sdk 5.13.0,sdk_releases.csv,company-own (technical)
2023-03-30,filing,8-K filed (2.02),filings.csv,statutory (SEC)
2023-03-30,release,public repo created: changesets,repos.csv,company-own (technical)
2023-03-31,filing,10-K filed,filings.csv,statutory (SEC)
2023-03-31,release,braze-react-native-sdk 4.0.0,sdk_releases.csv,company-own (technical)
2023-04-03,filing,S-8 filed,filings.csv,statutory (SEC)
2023-04-04,filing,4 filed,filings.csv,statutory (SEC)
2023-04-04,filing,3 filed,filings.csv,statutory (SEC)
2023-04-04,filing,"8-K filed (5.02,7.01,9.01)",filings.csv,statutory (SEC)
2023-04-05,filing,"8-K/A filed (5.02,7.01,9.01)",filings.csv,statutory (SEC)
2023-04-05,incident,incident (major): Support Services Outage,incidents.csv,company-own (operational)
2023-04-06,filing,4 filed,filings.csv,statutory (SEC)
2023-04-06,filing,4 filed,filings.csv,statutory (SEC)
2023-04-06,filing,4 filed,filings.csv,statutory (SEC)
2023-04-06,filing,4 filed,filings.csv,statutory (SEC)
2023-04-06,release,public repo created: braze-learning-web-sdk,repos.csv,company-own (technical)
2023-04-10,release,braze-react-native-sdk 4.1.0,sdk_releases.csv,company-own (technical)
2023-04-12,filing,4 filed,filings.csv,statutory (SEC)
2023-04-12,filing,4 filed,filings.csv,statutory (SEC)
2023-04-13,filing,144 filed,filings.csv,statutory (SEC)
2023-04-14,filing,4 filed,filings.csv,statutory (SEC)
2023-04-14,filing,4 filed,filings.csv,statutory (SEC)
2023-04-17,filing,4 filed,filings.csv,statutory (SEC)
2023-04-19,release,braze-swift-sdk 5.14.0,sdk_releases.csv,company-own (technical)
2023-04-25,release,braze-swift-sdk 6.0.0,sdk_releases.csv,company-own (technical)
2023-04-30,financial,FY2024 as at 2023-04-30 reported,financials_annual.csv,audited (SEC XBRL)
2023-05-01,incident,incident (minor): Increased error rates for customers close to the San Jose region,incidents.csv,company-own (operational)
2023-05-02,incident,incident (minor): Increased error rate on US 05,incidents.csv,company-own (operational)
2023-05-04,filing,4 filed,filings.csv,statutory (SEC)
2023-05-10,release,braze-cordova-sdk 4.0.0,sdk_releases.csv,company-own (technical)
2023-05-15,release,braze-swift-sdk 6.1.0,sdk_releases.csv,company-own (technical)
2023-05-17,filing,4 filed,filings.csv,statutory (SEC)
2023-05-17,filing,4 filed,filings.csv,statutory (SEC)
2023-05-17,filing,4 filed,filings.csv,statutory (SEC)
2023-05-17,filing,4 filed,filings.csv,statutory (SEC)
2023-05-17,filing,4 filed,filings.csv,statutory (SEC)
2023-05-17,filing,4 filed,filings.csv,statutory (SEC)
2023-05-17,filing,ARS filed,filings.csv,statutory (SEC)
2023-05-17,filing,DEFA14A filed,filings.csv,statutory (SEC)
2023-05-17,filing,DEF 14A filed,filings.csv,statutory (SEC)
2023-05-19,incident,incident (minor): Currents Data Latency,incidents.csv,company-own (operational)
2023-05-22,release,braze-swift-sdk 6.2.0,sdk_releases.csv,company-own (technical)
2023-05-23,release,braze-react-native-sdk 5.0.0,sdk_releases.csv,company-own (technical)
2023-05-23,release,public repo created: rotoscope,repos.csv,company-own (technical)
2023-05-24,release,braze-cordova-sdk 5.0.0,sdk_releases.csv,company-own (technical)
2023-05-31,incident,incident (minor): Networking issue impacting Dashboard and Outbound Messaging in APAC and South America regions,incidents.csv,company-own (operational)
2023-06-01,release,public repo created: audience-sync-partner-spec,repos.csv,company-own (technical)
2023-06-02,release,public repo created: kt-paperclip,repos.csv,company-own (technical)
2023-06-08,filing,"8-K filed (2.02,9.01)",filings.csv,statutory (SEC)
2023-06-08,incident,incident (major): Increased error rate and latency on US06,incidents.csv,company-own (operational)
2023-06-09,filing,S-3ASR filed,filings.csv,statutory (SEC)
2023-06-09,filing,10-Q filed,filings.csv,statutory (SEC)
2023-06-12,release,braze-swift-sdk 6.3.0,sdk_releases.csv,company-own (technical)
2023-06-14,filing,4 filed,filings.csv,statutory (SEC)
2023-06-14,filing,4 filed,filings.csv,statutory (SEC)
2023-06-15,filing,SC 13G/A filed,filings.csv,statutory (SEC)
2023-06-16,filing,4 filed,filings.csv,statutory (SEC)
2023-06-16,filing,4 filed,filings.csv,statutory (SEC)
2023-06-16,filing,4 filed,filings.csv,statutory (SEC)
2023-06-19,incident,incident (major): Increased API error rates for some endpoints on US 03,incidents.csv,company-own (operational)
2023-06-21,incident,incident (major): Increased REST API errors on EU-02 and US-05,incidents.csv,company-own (operational)
2023-06-21,release,braze-react-native-sdk 5.1.0,sdk_releases.csv,company-own (technical)
2023-06-21,release,public repo created: kubespawner,repos.csv,company-own (technical)
2023-06-22,incident,incident (major): US-05 Rest Connection Issues,incidents.csv,company-own (operational)
2023-06-28,release,public repo created: XCTestHTMLReport,repos.csv,company-own (technical)
2023-06-28,release,public repo created: XCResultKit,repos.csv,company-own (technical)
2023-07-02,incident,incident (maintenance): [Scheduled] Braze Support Portal and the Braze Support Web Form schedule maintenance,incidents.csv,company-own (operational)
2023-07-03,filing,4 filed,filings.csv,statutory (SEC)
2023-07-03,filing,4 filed,filings.csv,statutory (SEC)
2023-07-03,filing,4 filed,filings.csv,statutory (SEC)
2023-07-03,filing,4 filed,filings.csv,statutory (SEC)
2023-07-03,filing,4 filed,filings.csv,statutory (SEC)
2023-07-05,filing,8-K filed (5.07),filings.csv,statutory (SEC)
2023-07-05,filing,144 filed,filings.csv,statutory (SEC)
2023-07-06,filing,144 filed,filings.csv,statutory (SEC)
2023-07-07,filing,4 filed,filings.csv,statutory (SEC)
2023-07-07,filing,4 filed,filings.csv,statutory (SEC)
2023-07-07,release,braze-swift-sdk 6.3.1,sdk_releases.csv,company-own (technical)
2023-07-10,filing,4 filed,filings.csv,statutory (SEC)
2023-07-11,filing,144 filed,filings.csv,statutory (SEC)
2023-07-12,filing,144 filed,filings.csv,statutory (SEC)
2023-07-13,filing,144 filed,filings.csv,statutory (SEC)
2023-07-13,filing,4 filed,filings.csv,statutory (SEC)
2023-07-13,release,braze-react-native-sdk 5.2.0,sdk_releases.csv,company-own (technical)
2023-07-14,filing,4 filed,filings.csv,statutory (SEC)
2023-07-14,filing,144 filed,filings.csv,statutory (SEC)
2023-07-14,filing,144 filed,filings.csv,statutory (SEC)
2023-07-17,filing,4 filed,filings.csv,statutory (SEC)
2023-07-18,filing,4 filed,filings.csv,statutory (SEC)
2023-07-18,filing,4 filed,filings.csv,statutory (SEC)
2023-07-20,filing,4 filed,filings.csv,statutory (SEC)
2023-07-21,filing,4 filed,filings.csv,statutory (SEC)
2023-07-23,incident,incident (maintenance): [Scheduled] Scheduled Maintenance - Email Drag and Drop Editor,incidents.csv,company-own (operational)
2023-07-24,incident,incident (minor): Latency Affecting US06 Cluster,incidents.csv,company-own (operational)
2023-07-25,incident,incident (major): US01 Increased API Errors,incidents.csv,company-own (operational)
2023-07-26,release,braze-swift-sdk 6.4.0,sdk_releases.csv,company-own (technical)
2023-07-28,filing,4 filed,filings.csv,statutory (SEC)
2023-07-28,incident,incident (minor): Data Processing and Messaging Latency impacting EU01 Cluster,incidents.csv,company-own (operational)
2023-07-28,release,public repo created: Burrow,repos.csv,company-own (technical)
2023-07-31,financial,FY2024 as at 2023-07-31 reported,financials_annual.csv,audited (SEC XBRL)
2023-08-01,filing,4 filed,filings.csv,statutory (SEC)
2023-08-01,release,public repo created: storybook-addon-taffy,repos.csv,company-own (technical)
2023-08-02,filing,4 filed,filings.csv,statutory (SEC)
2023-08-02,release,braze-swift-sdk 6.5.0,sdk_releases.csv,company-own (technical)
2023-08-03,filing,4 filed,filings.csv,statutory (SEC)
2023-08-03,release,braze-react-native-sdk 6.0.0,sdk_releases.csv,company-own (technical)
2023-08-07,incident,incident (major): Errors and latency for links clicked in emails sent through SendGrid,incidents.csv,company-own (operational)
2023-08-08,incident,incident (maintenance): [Scheduled] US-02 Database Maintenance,incidents.csv,company-own (operational)
2023-08-08,release,braze-cordova-sdk 6.0.0,sdk_releases.csv,company-own (technical)
2023-08-08,release,braze-react-native-sdk 6.0.1,sdk_releases.csv,company-own (technical)
2023-08-09,incident,incident (maintenance): [Scheduled] EU-02 Database Maintenance,incidents.csv,company-own (operational)
2023-08-10,incident,incident (maintenance): [Scheduled] US-04 Database Maintenance,incidents.csv,company-own (operational)
2023-08-11,release,braze-react-native-sdk 6.0.2,sdk_releases.csv,company-own (technical)
2023-08-15,incident,incident (maintenance): [Scheduled] US-06 Database Maintenance,incidents.csv,company-own (operational)
2023-08-15,release,braze-swift-sdk 6.6.0,sdk_releases.csv,company-own (technical)
2023-08-16,incident,incident (maintenance): [Scheduled] US-03 Database Maintenance,incidents.csv,company-own (operational)
2023-08-17,filing,4 filed,filings.csv,statutory (SEC)
2023-08-17,filing,4 filed,filings.csv,statutory (SEC)
2023-08-18,filing,4 filed,filings.csv,statutory (SEC)
2023-08-18,filing,4 filed,filings.csv,statutory (SEC)
2023-08-18,filing,4 filed,filings.csv,statutory (SEC)
2023-08-18,filing,4 filed,filings.csv,statutory (SEC)
2023-08-18,filing,4/A filed,filings.csv,statutory (SEC)
2023-08-18,filing,4/A filed,filings.csv,statutory (SEC)
2023-08-18,filing,4 filed,filings.csv,statutory (SEC)
2023-08-18,filing,4 filed,filings.csv,statutory (SEC)
2023-08-18,filing,144 filed,filings.csv,statutory (SEC)
2023-08-18,filing,144 filed,filings.csv,statutory (SEC)
2023-08-21,incident,incident (maintenance): [Scheduled] EU-01 Database Maintenance,incidents.csv,company-own (operational)
2023-08-21,incident,incident (maintenance): [Scheduled] US-02 Database Maintenance,incidents.csv,company-own (operational)
2023-08-21,incident,incident (maintenance): [Scheduled] EU-02 Database Maintenance,incidents.csv,company-own (operational)
2023-08-21,incident,incident (maintenance): [Scheduled] US-05 Database Maintenance,incidents.csv,company-own (operational)
2023-08-22,filing,4 filed,filings.csv,statutory (SEC)
2023-08-22,filing,4 filed,filings.csv,statutory (SEC)
2023-08-23,filing,144 filed,filings.csv,statutory (SEC)
2023-08-23,incident,incident (maintenance): [Scheduled] US-05 Database Maintenance,incidents.csv,company-own (operational)
2023-08-23,incident,incident (major): Increased errors and latency on US03,incidents.csv,company-own (operational)
2023-08-24,incident,incident (maintenance): [Scheduled] US-03 Database Maintenance,incidents.csv,company-own (operational)
2023-08-24,incident,incident (maintenance): [Scheduled] US-04 Database Maintenance,incidents.csv,company-own (operational)
2023-08-24,incident,incident (maintenance): [Scheduled] US-01 Database Maintenance,incidents.csv,company-own (operational)
2023-08-25,filing,4 filed,filings.csv,statutory (SEC)
2023-08-25,filing,4 filed,filings.csv,statutory (SEC)
2023-08-28,incident,incident (maintenance): [Scheduled] EU-01 Database Maintenance,incidents.csv,company-own (operational)
2023-08-28,incident,incident (maintenance): [Scheduled] US-06 Database Maintenance,incidents.csv,company-own (operational)
2023-08-29,incident,incident (maintenance): [Scheduled] US-01 Database Maintenance,incidents.csv,company-own (operational)
2023-09-01,filing,144 filed,filings.csv,statutory (SEC)
2023-09-06,filing,4 filed,filings.csv,statutory (SEC)
2023-09-07,filing,"8-K filed (2.02,9.01)",filings.csv,statutory (SEC)
2023-09-07,incident,incident (minor): Email Delivery Latency for SparkPost Customers,incidents.csv,company-own (operational)
2023-09-08,filing,144 filed,filings.csv,statutory (SEC)
2023-09-08,filing,144 filed,filings.csv,statutory (SEC)
2023-09-08,filing,10-Q filed,filings.csv,statutory (SEC)
2023-09-08,incident,incident (minor): Email Delivery Latency for SparkPost Customers in US,incidents.csv,company-own (operational)
2023-09-12,filing,4 filed,filings.csv,statutory (SEC)
2023-09-12,filing,4 filed,filings.csv,statutory (SEC)
2023-09-12,filing,4 filed,filings.csv,statutory (SEC)
2023-09-12,release,braze-react-native-sdk 7.0.0,sdk_releases.csv,company-own (technical)
2023-09-13,filing,4 filed,filings.csv,statutory (SEC)
2023-09-13,filing,4 filed,filings.csv,statutory (SEC)
2023-09-14,filing,4 filed,filings.csv,statutory (SEC)
2023-09-14,filing,4 filed,filings.csv,statutory (SEC)
2023-09-14,incident,incident (major): Increased errors and latency for US 04 SDK Collection,incidents.csv,company-own (operational)
2023-09-14,release,braze-cordova-sdk 7.0.0,sdk_releases.csv,company-own (technical)
2023-09-14,release,braze-swift-sdk 6.6.1,sdk_releases.csv,company-own (technical)
2023-09-15,filing,144 filed,filings.csv,statutory (SEC)
2023-09-15,release,braze-segment-swift 2.0.0,sdk_releases.csv,company-own (technical)
2023-09-19,filing,4 filed,filings.csv,statutory (SEC)
2023-09-19,release,public repo created: braze-segment-android,repos.csv,company-own (technical)
2023-09-22,incident,incident (none): Errors and latency impacting multiple services,incidents.csv,company-own (operational)
2023-09-25,release,public repo created: llama.cpp,repos.csv,company-own (technical)
2023-09-28,incident,incident (none): Elevated SDK errors and latency impacting US-01 cluster,incidents.csv,company-own (operational)
2023-09-29,filing,4 filed,filings.csv,statutory (SEC)
2023-10-03,release,braze-swift-sdk 7.0.0,sdk_releases.csv,company-own (technical)
2023-10-04,filing,4 filed,filings.csv,statutory (SEC)
2023-10-06,filing,144 filed,filings.csv,statutory (SEC)
2023-10-10,filing,4 filed,filings.csv,statutory (SEC)
2023-10-10,filing,144 filed,filings.csv,statutory (SEC)
2023-10-11,filing,144 filed,filings.csv,statutory (SEC)
2023-10-12,release,public repo created: xdm,repos.csv,company-own (technical)
2023-10-13,filing,4 filed,filings.csv,statutory (SEC)
2023-10-16,incident,incident (minor): Dashboard Timeouts,incidents.csv,company-own (operational)
2023-10-17,filing,144 filed,filings.csv,statutory (SEC)
2023-10-17,release,braze-segment-swift 2.1.0,sdk_releases.csv,company-own (technical)
2023-10-18,filing,4 filed,filings.csv,statutory (SEC)
2023-10-18,incident,incident (minor): Dashboard Campaign List Timeouts,incidents.csv,company-own (operational)
2023-10-19,filing,4 filed,filings.csv,statutory (SEC)
2023-10-19,incident,"incident (minor): US01 SDK, Messaging and Data Processing Latency",incidents.csv,company-own (operational)
2023-10-19,release,braze-react-native-sdk 8.0.0,sdk_releases.csv,company-own (technical)
2023-10-23,release,braze-swift-sdk 7.1.0,sdk_releases.csv,company-own (technical)
2023-10-24,filing,4 filed,filings.csv,statutory (SEC)
2023-10-27,filing,4 filed,filings.csv,statutory (SEC)
2023-10-30,incident,incident (major): Increased SDK and REST API errors on US02,incidents.csv,company-own (operational)
2023-10-31,financial,FY2024 as at 2023-10-31 reported,financials_annual.csv,audited (SEC XBRL)
2023-11-03,filing,4 filed,filings.csv,statutory (SEC)
2023-11-03,incident,incident (minor): Data Processing and Outbound Messaging Latency for US01,incidents.csv,company-own (operational)
2023-11-13,incident,incident (minor): Increased latency in Data Processing (US05 US06),incidents.csv,company-own (operational)
2023-11-14,release,braze-react-native-sdk 8.1.0,sdk_releases.csv,company-own (technical)
2023-11-14,release,braze-swift-sdk 7.2.0,sdk_releases.csv,company-own (technical)
2023-11-15,filing,144 filed,filings.csv,statutory (SEC)
2023-11-16,filing,4 filed,filings.csv,statutory (SEC)
2023-11-17,filing,4 filed,filings.csv,statutory (SEC)
2023-11-17,filing,4 filed,filings.csv,statutory (SEC)
2023-11-17,incident,incident (none): Increased US01 SDK API errors,incidents.csv,company-own (operational)
2023-11-20,filing,4 filed,filings.csv,statutory (SEC)
2023-11-20,filing,4 filed,filings.csv,statutory (SEC)
2023-11-20,filing,4 filed,filings.csv,statutory (SEC)
2023-11-20,filing,4 filed,filings.csv,statutory (SEC)
2023-11-20,filing,4 filed,filings.csv,statutory (SEC)
2023-11-20,filing,4 filed,filings.csv,statutory (SEC)
2023-11-20,filing,144 filed,filings.csv,statutory (SEC)
2023-11-22,filing,4 filed,filings.csv,statutory (SEC)
2023-11-22,filing,4 filed,filings.csv,statutory (SEC)
2023-11-26,release,public repo created: braze-swift-sdk-prebuilt-dynamic,repos.csv,company-own (technical)
2023-11-26,release,public repo created: braze-swift-sdk-prebuilt-static,repos.csv,company-own (technical)
2023-11-27,incident,incident (minor): US05 SDK and Messaging Latency,incidents.csv,company-own (operational)
2023-11-27,release,braze-swift-sdk 7.3.0,sdk_releases.csv,company-own (technical)
2023-11-28,release,braze-segment-swift 2.2.0,sdk_releases.csv,company-own (technical)
2023-11-29,incident,incident (minor): US05 Message Sending Latency,incidents.csv,company-own (operational)
2023-11-30,release,braze-react-native-sdk 8.2.0,sdk_releases.csv,company-own (technical)
2023-12-01,filing,144 filed,filings.csv,statutory (SEC)
2023-12-01,incident,incident (minor): US 05 Message Sending & Data Processing Latency for Some Customers,incidents.csv,company-own (operational)
2023-12-03,incident,incident (critical): Delayed Support Services,incidents.csv,company-own (operational)
2023-12-05,filing,4 filed,filings.csv,statutory (SEC)
2023-12-06,filing,"8-K filed (2.02,9.01)",filings.csv,statutory (SEC)
2023-12-07,filing,10-Q filed,filings.csv,statutory (SEC)
2023-12-11,incident,incident (maintenance): [Scheduled] Braze Support Portal Maintenance,incidents.csv,company-own (operational)
2023-12-12,filing,4 filed,filings.csv,statutory (SEC)
2023-12-12,filing,4 filed,filings.csv,statutory (SEC)
2023-12-12,filing,4 filed,filings.csv,statutory (SEC)
2023-12-12,release,braze-swift-sdk 7.4.0,sdk_releases.csv,company-own (technical)
2023-12-12,release,braze-swift-sdk-prebuilt-dynamic 7.4.0,sdk_releases.csv,company-own (technical)
2023-12-12,release,braze-swift-sdk-prebuilt-static 7.4.0,sdk_releases.csv,company-own (technical)
2023-12-12,release,public repo created: phonelib,repos.csv,company-own (technical)
2023-12-13,filing,144 filed,filings.csv,statutory (SEC)
2023-12-15,filing,4 filed,filings.csv,statutory (SEC)
2023-12-15,filing,144 filed,filings.csv,statutory (SEC)
2023-12-15,filing,4 filed,filings.csv,statutory (SEC)
2023-12-15,incident,incident (major): Increased REST Errors,incidents.csv,company-own (operational)
2023-12-18,filing,4 filed,filings.csv,statutory (SEC)
2023-12-18,filing,4 filed,filings.csv,statutory (SEC)
2023-12-18,filing,4 filed,filings.csv,statutory (SEC)
2023-12-18,filing,144 filed,filings.csv,statutory (SEC)
2023-12-19,filing,4 filed,filings.csv,statutory (SEC)
2023-12-19,filing,144 filed,filings.csv,statutory (SEC)
2023-12-19,incident,incident (none): Android Push Notification Latency,incidents.csv,company-own (operational)
2023-12-21,filing,4 filed,filings.csv,statutory (SEC)
2023-12-27,filing,4 filed,filings.csv,statutory (SEC)
2023-12-29,filing,4 filed,filings.csv,statutory (SEC)
2024-01-05,filing,4 filed,filings.csv,statutory (SEC)
2024-01-08,release,braze-swift-sdk 7.5.0,sdk_releases.csv,company-own (technical)
2024-01-08,release,braze-swift-sdk-prebuilt-dynamic 7.5.0,sdk_releases.csv,company-own (technical)
2024-01-08,release,braze-swift-sdk-prebuilt-static 7.5.0,sdk_releases.csv,company-own (technical)
2024-01-09,filing,144 filed,filings.csv,statutory (SEC)
2024-01-10,release,braze-xamarin-sdk 3.0.0,sdk_releases.csv,company-own (technical)
2024-01-10,release,braze-xamarin-sdk 2.0.1,sdk_releases.csv,company-own (technical)
2024-01-10,release,braze-xamarin-sdk 2.0.0,sdk_releases.csv,company-own (technical)
2024-01-10,release,braze-react-native-sdk 8.3.0,sdk_releases.csv,company-own (technical)
2024-01-11,filing,4 filed,filings.csv,statutory (SEC)
2024-01-12,filing,144 filed,filings.csv,statutory (SEC)
2024-01-13,incident,incident (minor): Database issue impacting a subset of customers across clusters,incidents.csv,company-own (operational)
2024-01-17,filing,4 filed,filings.csv,statutory (SEC)
2024-01-18,filing,4 filed,filings.csv,statutory (SEC)
2024-01-19,incident,incident (minor): Data Processing and Message Sending latency across multiple clusters,incidents.csv,company-own (operational)
2024-01-19,release,public repo created: adobe-experience-platform-docs-fork.en,repos.csv,company-own (technical)
2024-01-23,release,braze-android-sdk v30.0.0,sdk_releases.csv,company-own (technical)
2024-01-24,incident,incident (minor): Latency Affecting Android Push,incidents.csv,company-own (operational)
2024-01-29,filing,SC 13G filed,filings.csv,statutory (SEC)
2024-01-30,incident,"incident (minor): Latency Affecting US01, US03 and US05 Clusters",incidents.csv,company-own (operational)
2024-01-30,release,braze-xamarin-sdk 4.0.1,sdk_releases.csv,company-own (technical)
2024-01-30,release,braze-xamarin-sdk 4.0.0,sdk_releases.csv,company-own (technical)
2024-01-30,release,braze-swift-sdk 7.6.0,sdk_releases.csv,company-own (technical)
2024-01-30,release,braze-swift-sdk-prebuilt-dynamic 7.6.0,sdk_releases.csv,company-own (technical)
2024-01-30,release,braze-swift-sdk-prebuilt-static 7.6.0,sdk_releases.csv,company-own (technical)
2024-01-31,financial,FY2024 reported,financials_annual.csv,audited (SEC XBRL)
2024-02-01,release,braze-swift-sdk 6.6.2,sdk_releases.csv,company-own (technical)
2024-02-05,filing,4 filed,filings.csv,statutory (SEC)
2024-02-05,filing,4 filed,filings.csv,statutory (SEC)
2024-02-05,filing,4 filed,filings.csv,statutory (SEC)
2024-02-05,filing,4 filed,filings.csv,statutory (SEC)
2024-02-05,filing,4 filed,filings.csv,statutory (SEC)
2024-02-07,incident,incident (minor): Latency Affecting iOS Push,incidents.csv,company-own (operational)
2024-02-08,release,braze-cordova-sdk 8.0.0,sdk_releases.csv,company-own (technical)
2024-02-09,release,braze-swift-sdk 7.7.0,sdk_releases.csv,company-own (technical)
2024-02-09,release,braze-swift-sdk-prebuilt-dynamic 7.7.0,sdk_releases.csv,company-own (technical)
2024-02-09,release,braze-swift-sdk-prebuilt-static 7.7.0,sdk_releases.csv,company-own (technical)
2024-02-12,filing,SC 13G/A filed,filings.csv,statutory (SEC)
2024-02-12,release,braze-swift-sdk 8.0.0,sdk_releases.csv,company-own (technical)
2024-02-12,release,braze-android-sdk v30.1.0,sdk_releases.csv,company-own (technical)
2024-02-12,release,braze-swift-sdk-prebuilt-dynamic 8.0.0,sdk_releases.csv,company-own (technical)
2024-02-12,release,braze-swift-sdk-prebuilt-static 8.0.0,sdk_releases.csv,company-own (technical)
2024-02-12,release,public repo created: firebase-admin-go,repos.csv,company-own (technical)
2024-02-13,filing,SC 13G/A filed,filings.csv,statutory (SEC)
2024-02-14,filing,SC 13G/A filed,filings.csv,statutory (SEC)
2024-02-14,filing,SC 13G/A filed,filings.csv,statutory (SEC)
2024-02-14,filing,SC 13G/A filed,filings.csv,statutory (SEC)
2024-02-14,filing,SC 13G/A filed,filings.csv,statutory (SEC)
2024-02-14,filing,SC 13G/A filed,filings.csv,statutory (SEC)
2024-02-14,release,braze-xamarin-sdk 4.0.2,sdk_releases.csv,company-own (technical)
2024-02-14,release,braze-swift-sdk 8.0.1,sdk_releases.csv,company-own (technical)
2024-02-14,release,braze-swift-sdk-prebuilt-dynamic 8.0.1,sdk_releases.csv,company-own (technical)
2024-02-14,release,braze-swift-sdk-prebuilt-static 8.0.1,sdk_releases.csv,company-own (technical)
2024-02-15,filing,4 filed,filings.csv,statutory (SEC)
2024-02-19,incident,incident (major): Latency and Errors impacting US03,incidents.csv,company-own (operational)
2024-02-20,filing,4 filed,filings.csv,statutory (SEC)
2024-02-20,filing,144 filed,filings.csv,statutory (SEC)
2024-02-21,filing,4 filed,filings.csv,statutory (SEC)
2024-02-21,filing,4 filed,filings.csv,statutory (SEC)
2024-02-21,filing,4 filed,filings.csv,statutory (SEC)
2024-02-21,filing,4 filed,filings.csv,statutory (SEC)
2024-02-21,filing,4 filed,filings.csv,statutory (SEC)
2024-02-21,filing,4 filed,filings.csv,statutory (SEC)
2024-02-21,incident,incident (minor): US-03 Messaging and Data Processing Latency,incidents.csv,company-own (operational)
2024-02-22,release,public repo created: sql_exporter,repos.csv,company-own (technical)
2024-02-24,incident,incident (minor): Issue impacting SparkPost email open and click metrics across US clusters,incidents.csv,company-own (operational)
2024-02-26,release,public repo created: prometheus-helm-charts,repos.csv,company-own (technical)
2024-02-26,release,public repo created: kafka_exporter,repos.csv,company-own (technical)
2024-02-27,release,braze-android-sdk v30.1.1,sdk_releases.csv,company-own (technical)
2024-02-29,release,braze-react-native-sdk 8.4.0,sdk_releases.csv,company-own (technical)
2024-03-01,release,braze-cordova-sdk 8.1.0,sdk_releases.csv,company-own (technical)
2024-03-05,incident,incident (minor): Meta Incident Impacting WhatsApp & Facebook Audience Sync,incidents.csv,company-own (operational)
2024-03-06,release,public repo created: clickhouse_ruby_driver,repos.csv,company-own (technical)
2024-03-07,release,braze-swift-sdk 8.1.0,sdk_releases.csv,company-own (technical)
2024-03-07,release,braze-swift-sdk-prebuilt-dynamic 8.1.0,sdk_releases.csv,company-own (technical)
2024-03-07,release,braze-swift-sdk-prebuilt-static 8.1.0,sdk_releases.csv,company-own (technical)
2024-03-08,release,braze-react-native-sdk 9.0.0,sdk_releases.csv,company-own (technical)
2024-03-13,release,braze-segment-swift 2.3.0,sdk_releases.csv,company-own (technical)
2024-03-14,release,braze-swift-sdk 8.2.0,sdk_releases.csv,company-own (technical)
2024-03-14,release,braze-swift-sdk-prebuilt-dynamic 8.2.0,sdk_releases.csv,company-own (technical)
2024-03-14,release,braze-swift-sdk-prebuilt-static 8.2.0,sdk_releases.csv,company-own (technical)
2024-03-15,filing,144 filed,filings.csv,statutory (SEC)
2024-03-15,release,public repo created: braze-firebase-uninstall-tracking,repos.csv,company-own (technical)
2024-03-18,filing,4 filed,filings.csv,statutory (SEC)
2024-03-18,release,braze-android-sdk v30.3.0,sdk_releases.csv,company-own (technical)
2024-03-19,filing,4 filed,filings.csv,statutory (SEC)
2024-03-19,incident,incident (minor): Transactional messaging errors and latency impacting US Clusters,incidents.csv,company-own (operational)
2024-03-19,release,braze-swift-sdk 8.2.1,sdk_releases.csv,company-own (technical)
2024-03-19,release,braze-swift-sdk-prebuilt-dynamic 8.2.1,sdk_releases.csv,company-own (technical)
2024-03-19,release,braze-swift-sdk-prebuilt-static 8.2.1,sdk_releases.csv,company-own (technical)
2024-03-21,incident,incident (minor): Elevated Messaging Latency Impacting US Clusters,incidents.csv,company-own (operational)
2024-03-21,release,public repo created: braze-swift-sdk-prebuilt-mergeable,repos.csv,company-own (technical)
2024-03-26,filing,4 filed,filings.csv,statutory (SEC)
2024-03-26,filing,4 filed,filings.csv,statutory (SEC)
2024-03-26,incident,incident (minor): Messaging Latency Impacting US Clusters,incidents.csv,company-own (operational)
2024-03-27,filing,"8-K filed (2.02,9.01)",filings.csv,statutory (SEC)
2024-03-27,release,braze-react-native-sdk 9.1.0,sdk_releases.csv,company-own (technical)
2024-04-01,filing,4 filed,filings.csv,statutory (SEC)
2024-04-01,filing,S-8 filed,filings.csv,statutory (SEC)
2024-04-01,filing,10-K filed,filings.csv,statutory (SEC)
2024-04-03,incident,incident (minor): Meta incident impacting WhatsApp Message Sending,incidents.csv,company-own (operational)
2024-04-04,filing,144 filed,filings.csv,statutory (SEC)
2024-04-04,release,braze-swift-sdk 8.3.0,sdk_releases.csv,company-own (technical)
2024-04-04,release,braze-swift-sdk-prebuilt-dynamic 8.3.0,sdk_releases.csv,company-own (technical)
2024-04-04,release,braze-swift-sdk-prebuilt-static 8.3.0,sdk_releases.csv,company-own (technical)
2024-04-05,release,braze-swift-sdk-prebuilt-mergeable 8.3.0,sdk_releases.csv,company-own (technical)
2024-04-06,release,public repo created: dalli,repos.csv,company-own (technical)
2024-04-08,filing,4 filed,filings.csv,statutory (SEC)
2024-04-09,release,braze-swift-sdk 8.4.0,sdk_releases.csv,company-own (technical)
2024-04-09,release,braze-swift-sdk-prebuilt-dynamic 8.4.0,sdk_releases.csv,company-own (technical)
2024-04-09,release,braze-swift-sdk-prebuilt-static 8.4.0,sdk_releases.csv,company-own (technical)
2024-04-09,release,braze-swift-sdk-prebuilt-mergeable 8.4.0,sdk_releases.csv,company-own (technical)
2024-04-11,filing,144 filed,filings.csv,statutory (SEC)
2024-04-12,filing,144 filed,filings.csv,statutory (SEC)
2024-04-12,filing,4 filed,filings.csv,statutory (SEC)
2024-04-15,filing,4 filed,filings.csv,statutory (SEC)
2024-04-16,filing,4 filed,filings.csv,statutory (SEC)
2024-04-16,filing,4 filed,filings.csv,statutory (SEC)
2024-04-16,filing,4 filed,filings.csv,statutory (SEC)
2024-04-17,filing,4 filed,filings.csv,statutory (SEC)
2024-04-18,release,braze-xamarin-sdk 4.0.3,sdk_releases.csv,company-own (technical)
2024-04-18,release,braze-react-native-sdk 9.2.0,sdk_releases.csv,company-own (technical)
2024-04-18,release,braze-android-sdk v30.4.0,sdk_releases.csv,company-own (technical)
2024-04-23,filing,4 filed,filings.csv,statutory (SEC)
2024-04-23,incident,incident (major): Issue impacting Braze Dashboard for users in South Asia,incidents.csv,company-own (operational)
2024-04-24,incident,incident (minor): Latency affecting Currents,incidents.csv,company-own (operational)
2024-04-24,release,public repo created: karafka-core,repos.csv,company-own (technical)
2024-04-24,release,public repo created: waterdrop,repos.csv,company-own (technical)
2024-04-24,release,public repo created: karafka-rdkafka,repos.csv,company-own (technical)
2024-04-25,incident,incident (major): REST and Dashboard Increased Errors in EU02,incidents.csv,company-own (operational)
2024-04-25,release,braze-swift-sdk 9.0.0,sdk_releases.csv,company-own (technical)
2024-04-25,release,braze-swift-sdk-prebuilt-dynamic 9.0.0,sdk_releases.csv,company-own (technical)
2024-04-25,release,braze-swift-sdk-prebuilt-static 9.0.0,sdk_releases.csv,company-own (technical)
2024-04-25,release,braze-swift-sdk-prebuilt-mergeable 9.0.0,sdk_releases.csv,company-own (technical)
2024-04-26,incident,incident (critical): Elevated errors on EU01 Dashboard and SDK data collection,incidents.csv,company-own (operational)
2024-04-29,incident,incident (critical): Issue impacting US clusters,incidents.csv,company-own (operational)
2024-04-29,release,braze-segment-swift 2.4.0,sdk_releases.csv,company-own (technical)
2024-04-29,release,public repo created: redis-rb,repos.csv,company-own (technical)
2024-04-30,financial,FY2025 as at 2024-04-30 reported,financials_annual.csv,audited (SEC XBRL)
2024-04-30,release,braze-react-native-sdk 10.0.0,sdk_releases.csv,company-own (technical)
2024-05-01,release,braze-cordova-sdk 9.0.0,sdk_releases.csv,company-own (technical)
2024-05-01,release,braze-xamarin-sdk 5.0.0,sdk_releases.csv,company-own (technical)
2024-05-03,filing,4 filed,filings.csv,statutory (SEC)
2024-05-03,filing,144 filed,filings.csv,statutory (SEC)
2024-05-06,release,braze-android-sdk v31.0.0,sdk_releases.csv,company-own (technical)
2024-05-07,filing,4 filed,filings.csv,statutory (SEC)
2024-05-09,release,braze-android-sdk v31.1.0,sdk_releases.csv,company-own (technical)
2024-05-10,release,braze-react-native-sdk 11.0.0,sdk_releases.csv,company-own (technical)
2024-05-14,filing,ARS filed,filings.csv,statutory (SEC)
2024-05-14,filing,DEFA14A filed,filings.csv,statutory (SEC)
2024-05-14,filing,DEF 14A filed,filings.csv,statutory (SEC)
2024-05-14,release,braze-swift-sdk 9.1.0,sdk_releases.csv,company-own (technical)
2024-05-14,release,braze-swift-sdk-prebuilt-dynamic 9.1.0,sdk_releases.csv,company-own (technical)
2024-05-14,release,braze-swift-sdk-prebuilt-static 9.1.0,sdk_releases.csv,company-own (technical)
2024-05-14,release,braze-swift-sdk-prebuilt-mergeable 9.1.0,sdk_releases.csv,company-own (technical)
2024-05-15,release,braze-cordova-sdk 9.1.0,sdk_releases.csv,company-own (technical)
2024-05-16,incident,incident (maintenance): [Scheduled] US Region Network Maintenance,incidents.csv,company-own (operational)
2024-05-16,release,public repo created: braze-expo-plugin-eas-preview,repos.csv,company-own (technical)
2024-05-17,filing,4 filed,filings.csv,statutory (SEC)
2024-05-17,filing,144 filed,filings.csv,statutory (SEC)
2024-05-20,filing,4 filed,filings.csv,statutory (SEC)
2024-05-20,filing,4 filed,filings.csv,statutory (SEC)
2024-05-20,filing,4 filed,filings.csv,statutory (SEC)
2024-05-20,filing,4 filed,filings.csv,statutory (SEC)
2024-05-20,filing,4 filed,filings.csv,statutory (SEC)
2024-05-20,filing,4 filed,filings.csv,statutory (SEC)
2024-05-20,filing,144 filed,filings.csv,statutory (SEC)
2024-05-20,filing,144 filed,filings.csv,statutory (SEC)
2024-05-20,release,public repo created: ice_cube,repos.csv,company-own (technical)
2024-05-22,incident,incident (minor): Elevated REST API error rates in US06,incidents.csv,company-own (operational)
2024-05-23,release,braze-cordova-sdk 9.2.0,sdk_releases.csv,company-own (technical)
2024-05-23,release,braze-swift-sdk 9.2.0,sdk_releases.csv,company-own (technical)
2024-05-23,release,braze-swift-sdk-prebuilt-dynamic 9.2.0,sdk_releases.csv,company-own (technical)
2024-05-23,release,braze-swift-sdk-prebuilt-static 9.2.0,sdk_releases.csv,company-own (technical)
2024-05-23,release,braze-swift-sdk-prebuilt-mergeable 9.2.0,sdk_releases.csv,company-own (technical)
2024-05-24,release,braze-segment-swift 3.0.0,sdk_releases.csv,company-own (technical)
2024-05-30,release,braze-swift-sdk 9.3.0,sdk_releases.csv,company-own (technical)
2024-05-30,release,braze-swift-sdk-prebuilt-dynamic 9.3.0,sdk_releases.csv,company-own (technical)
2024-05-30,release,braze-swift-sdk-prebuilt-static 9.3.0,sdk_releases.csv,company-own (technical)
2024-05-30,release,braze-swift-sdk-prebuilt-mergeable 9.3.0,sdk_releases.csv,company-own (technical)
2024-06-03,filing,4 filed,filings.csv,statutory (SEC)
2024-06-03,filing,4 filed,filings.csv,statutory (SEC)
2024-06-03,filing,3 filed,filings.csv,statutory (SEC)
2024-06-03,filing,"8-K filed (5.02,7.01,9.01)",filings.csv,statutory (SEC)
2024-06-03,incident,incident (minor): EU01 and EU02 Elavated Errors and Latency,incidents.csv,company-own (operational)
2024-06-05,filing,4 filed,filings.csv,statutory (SEC)
2024-06-06,filing,"8-K filed (2.02,9.01)",filings.csv,statutory (SEC)
2024-06-07,filing,10-Q filed,filings.csv,statutory (SEC)
2024-06-12,filing,4 filed,filings.csv,statutory (SEC)
2024-06-18,filing,4 filed,filings.csv,statutory (SEC)
2024-06-18,filing,4 filed,filings.csv,statutory (SEC)
2024-06-18,filing,4 filed,filings.csv,statutory (SEC)
2024-06-18,filing,4 filed,filings.csv,statutory (SEC)
2024-06-19,incident,incident (major): Issues creating cases via the Braze Support Portal,incidents.csv,company-own (operational)
2024-06-21,filing,144 filed,filings.csv,statutory (SEC)
2024-06-25,filing,4 filed,filings.csv,statutory (SEC)
2024-06-25,filing,4 filed,filings.csv,statutory (SEC)
2024-06-27,release,braze-swift-sdk 9.3.1,sdk_releases.csv,company-own (technical)
2024-06-27,release,braze-swift-sdk-prebuilt-dynamic 9.3.1,sdk_releases.csv,company-own (technical)
2024-06-27,release,braze-swift-sdk-prebuilt-static 9.3.1,sdk_releases.csv,company-own (technical)
2024-06-27,release,braze-swift-sdk-prebuilt-mergeable 9.3.1,sdk_releases.csv,company-own (technical)
2024-06-28,filing,4 filed,filings.csv,statutory (SEC)
2024-06-28,filing,4 filed,filings.csv,statutory (SEC)
2024-06-28,filing,4 filed,filings.csv,statutory (SEC)
2024-06-28,filing,4 filed,filings.csv,statutory (SEC)
2024-06-28,filing,4 filed,filings.csv,statutory (SEC)
2024-06-28,filing,4 filed,filings.csv,statutory (SEC)
2024-06-28,filing,144 filed,filings.csv,statutory (SEC)
2024-07-02,filing,4 filed,filings.csv,statutory (SEC)
2024-07-02,filing,8-K filed (5.07),filings.csv,statutory (SEC)
2024-07-02,release,public repo created: composable-core-location,repos.csv,company-own (technical)
2024-07-08,filing,4 filed,filings.csv,statutory (SEC)
2024-07-08,release,public repo created: swift-dependencies-additions,repos.csv,company-own (technical)
2024-07-11,filing,144 filed,filings.csv,statutory (SEC)
2024-07-11,release,public repo created: braze-expo-plugin-live-activities-sample,repos.csv,company-own (technical)
2024-07-12,incident,incident (minor): Messaging and Data Processing latency,incidents.csv,company-own (operational)
2024-07-15,filing,144 filed,filings.csv,statutory (SEC)
2024-07-15,filing,144 filed,filings.csv,statutory (SEC)
2024-07-15,filing,4 filed,filings.csv,statutory (SEC)
2024-07-15,release,public repo created: .github,repos.csv,company-own (technical)
2024-07-16,filing,144 filed,filings.csv,statutory (SEC)
2024-07-17,filing,4 filed,filings.csv,statutory (SEC)
2024-07-17,filing,4 filed,filings.csv,statutory (SEC)
2024-07-17,filing,4 filed,filings.csv,statutory (SEC)
2024-07-17,filing,144 filed,filings.csv,statutory (SEC)
2024-07-19,filing,4 filed,filings.csv,statutory (SEC)
2024-07-29,filing,4 filed,filings.csv,statutory (SEC)
2024-07-29,release,braze-android-sdk v32.0.0,sdk_releases.csv,company-own (technical)
2024-07-31,filing,4 filed,filings.csv,statutory (SEC)
2024-07-31,financial,FY2025 as at 2024-07-31 reported,financials_annual.csv,audited (SEC XBRL)
2024-07-31,incident,incident (critical): Braze Learning Unavailable,incidents.csv,company-own (operational)
2024-08-01,filing,144 filed,filings.csv,statutory (SEC)
2024-08-05,filing,4 filed,filings.csv,statutory (SEC)
2024-08-05,filing,4 filed,filings.csv,statutory (SEC)
2024-08-05,release,braze-swift-sdk 10.0.0,sdk_releases.csv,company-own (technical)
2024-08-05,release,braze-swift-sdk-prebuilt-dynamic 10.0.0,sdk_releases.csv,company-own (technical)
2024-08-05,release,braze-swift-sdk-prebuilt-static 10.0.0,sdk_releases.csv,company-own (technical)
2024-08-05,release,braze-swift-sdk-prebuilt-mergeable 10.0.0,sdk_releases.csv,company-own (technical)
2024-08-09,release,braze-xamarin-sdk 6.0.0,sdk_releases.csv,company-own (technical)
2024-08-13,release,braze-react-native-sdk 12.0.0,sdk_releases.csv,company-own (technical)
2024-08-14,release,public repo created: crypto,repos.csv,company-own (technical)
2024-08-20,filing,4 filed,filings.csv,statutory (SEC)
2024-08-20,filing,4 filed,filings.csv,statutory (SEC)
2024-08-20,filing,4 filed,filings.csv,statutory (SEC)
2024-08-20,filing,4 filed,filings.csv,statutory (SEC)
2024-08-20,filing,4 filed,filings.csv,statutory (SEC)
2024-08-20,filing,4 filed,filings.csv,statutory (SEC)
2024-08-20,filing,144 filed,filings.csv,statutory (SEC)
2024-08-20,filing,144 filed,filings.csv,statutory (SEC)
2024-08-20,filing,144 filed,filings.csv,statutory (SEC)
2024-08-20,incident,incident (none): Elevated Dashboard Login Errors EU01,incidents.csv,company-own (operational)
2024-08-22,release,braze-swift-sdk 10.1.0,sdk_releases.csv,company-own (technical)
2024-08-22,release,braze-swift-sdk-prebuilt-dynamic 10.1.0,sdk_releases.csv,company-own (technical)
2024-08-22,release,braze-swift-sdk-prebuilt-static 10.1.0,sdk_releases.csv,company-own (technical)
2024-08-22,release,braze-swift-sdk-prebuilt-mergeable 10.1.0,sdk_releases.csv,company-own (technical)
2024-08-23,release,braze-react-native-sdk 12.1.0,sdk_releases.csv,company-own (technical)
2024-08-26,filing,144 filed,filings.csv,statutory (SEC)
2024-08-26,release,braze-cordova-sdk 10.0.0,sdk_releases.csv,company-own (technical)
2024-08-27,incident,incident (major): Issue impacting EU-01 SDK,incidents.csv,company-own (operational)
2024-08-28,filing,4 filed,filings.csv,statutory (SEC)
2024-08-28,filing,4 filed,filings.csv,statutory (SEC)
2024-08-30,release,braze-swift-sdk 10.2.0,sdk_releases.csv,company-own (technical)
2024-08-30,release,braze-swift-sdk-prebuilt-dynamic 10.2.0,sdk_releases.csv,company-own (technical)
2024-08-30,release,braze-swift-sdk-prebuilt-static 10.2.0,sdk_releases.csv,company-own (technical)
2024-08-30,release,braze-swift-sdk-prebuilt-mergeable 10.2.0,sdk_releases.csv,company-own (technical)
2024-09-01,incident,incident (minor): Latency and API Errors in US 01,incidents.csv,company-own (operational)
2024-09-03,filing,144 filed,filings.csv,statutory (SEC)
2024-09-03,release,braze-segment-swift 4.0.0,sdk_releases.csv,company-own (technical)
2024-09-05,filing,4 filed,filings.csv,statutory (SEC)
2024-09-05,filing,4 filed,filings.csv,statutory (SEC)
2024-09-05,filing,"8-K filed (2.02,9.01)",filings.csv,statutory (SEC)
2024-09-06,filing,10-Q filed,filings.csv,statutory (SEC)
2024-09-09,filing,4 filed,filings.csv,statutory (SEC)
2024-09-10,filing,4 filed,filings.csv,statutory (SEC)
2024-09-11,filing,4 filed,filings.csv,statutory (SEC)
2024-09-13,release,braze-swift-sdk 10.3.0,sdk_releases.csv,company-own (technical)
2024-09-13,release,braze-swift-sdk-prebuilt-dynamic 10.3.0,sdk_releases.csv,company-own (technical)
2024-09-13,release,braze-swift-sdk-prebuilt-static 10.3.0,sdk_releases.csv,company-own (technical)
2024-09-13,release,braze-swift-sdk-prebuilt-mergeable 10.3.0,sdk_releases.csv,company-own (technical)
2024-09-16,release,braze-react-native-sdk 12.2.0,sdk_releases.csv,company-own (technical)
2024-09-16,release,braze-android-sdk v32.1.0,sdk_releases.csv,company-own (technical)
2024-09-18,release,braze-swift-sdk 10.3.1,sdk_releases.csv,company-own (technical)
2024-09-18,release,braze-swift-sdk-prebuilt-dynamic 10.3.1,sdk_releases.csv,company-own (technical)
2024-09-18,release,braze-swift-sdk-prebuilt-static 10.3.1,sdk_releases.csv,company-own (technical)
2024-09-18,release,braze-swift-sdk-prebuilt-mergeable 10.3.1,sdk_releases.csv,company-own (technical)
2024-09-23,release,braze-swift-sdk 11.0.0,sdk_releases.csv,company-own (technical)
2024-09-23,release,braze-swift-sdk-prebuilt-dynamic 11.0.0,sdk_releases.csv,company-own (technical)
2024-09-23,release,braze-swift-sdk-prebuilt-static 11.0.0,sdk_releases.csv,company-own (technical)
2024-09-23,release,braze-swift-sdk-prebuilt-mergeable 11.0.0,sdk_releases.csv,company-own (technical)
2024-09-26,release,braze-react-native-sdk 13.0.0,sdk_releases.csv,company-own (technical)
2024-09-30,incident,incident (major): Network issues in US clusters,incidents.csv,company-own (operational)
2024-10-01,filing,144 filed,filings.csv,statutory (SEC)
2024-10-02,release,braze-swift-sdk 11.1.0,sdk_releases.csv,company-own (technical)
2024-10-02,release,braze-swift-sdk-prebuilt-dynamic 11.1.0,sdk_releases.csv,company-own (technical)
2024-10-02,release,braze-swift-sdk-prebuilt-static 11.1.0,sdk_releases.csv,company-own (technical)
2024-10-02,release,braze-swift-sdk-prebuilt-mergeable 11.1.0,sdk_releases.csv,company-own (technical)
2024-10-03,filing,4 filed,filings.csv,statutory (SEC)
2024-10-03,release,braze-android-sdk v33.0.0,sdk_releases.csv,company-own (technical)
2024-10-04,filing,4 filed,filings.csv,statutory (SEC)
2024-10-04,release,public repo created: braze-swift-sdk-hang-investigation,repos.csv,company-own (technical)
2024-10-07,filing,144 filed,filings.csv,statutory (SEC)
2024-10-09,filing,4 filed,filings.csv,statutory (SEC)
2024-10-14,incident,incident (minor): Issues with Meta services,incidents.csv,company-own (operational)
2024-10-15,incident,incident (major): Sparkpost issue Impacting Email Message Sending,incidents.csv,company-own (operational)
2024-10-16,filing,4 filed,filings.csv,statutory (SEC)
2024-10-16,release,braze-swift-sdk 11.1.1,sdk_releases.csv,company-own (technical)
2024-10-16,release,braze-swift-sdk-prebuilt-dynamic 11.1.1,sdk_releases.csv,company-own (technical)
2024-10-16,release,braze-swift-sdk-prebuilt-static 11.1.1,sdk_releases.csv,company-own (technical)
2024-10-16,release,braze-swift-sdk-prebuilt-mergeable 11.1.1,sdk_releases.csv,company-own (technical)
2024-10-17,filing,4 filed,filings.csv,statutory (SEC)
2024-10-17,incident,incident (maintenance): [Scheduled] Continued Migration to Cloudflare CDN - EU-01 Cluster,incidents.csv,company-own (operational)
2024-10-17,release,braze-react-native-sdk 13.1.0,sdk_releases.csv,company-own (technical)
2024-10-19,incident,incident (none): Google Firebase incident causing Android Push Notification errors,incidents.csv,company-own (operational)
2024-10-21,release,braze-segment-swift 5.0.0,sdk_releases.csv,company-own (technical)
2024-10-22,filing,SC 13G/A filed,filings.csv,statutory (SEC)
2024-10-22,incident,incident (maintenance): [Scheduled] Continued Migration to Cloudflare CDN - US-03 Cluster,incidents.csv,company-own (operational)
2024-10-24,incident,incident (maintenance): [Scheduled] Continued Migration to Cloudflare CDN - US-01 Cluster,incidents.csv,company-own (operational)
2024-10-28,release,braze-react-native-sdk 13.1.1,sdk_releases.csv,company-own (technical)
2024-10-30,release,braze-swift-sdk 11.2.0,sdk_releases.csv,company-own (technical)
2024-10-30,release,braze-swift-sdk-prebuilt-dynamic 11.2.0,sdk_releases.csv,company-own (technical)
2024-10-30,release,braze-swift-sdk-prebuilt-static 11.2.0,sdk_releases.csv,company-own (technical)
2024-10-30,release,braze-swift-sdk-prebuilt-mergeable 11.2.0,sdk_releases.csv,company-own (technical)
2024-10-31,financial,FY2025 as at 2024-10-31 reported,financials_annual.csv,audited (SEC XBRL)
2024-11-05,filing,4 filed,filings.csv,statutory (SEC)
2024-11-05,incident,incident (major): Email links for SparkPost customers serving 502s due to SparkPost incident,incidents.csv,company-own (operational)
2024-11-06,filing,UPLOAD filed,filings.csv,statutory (SEC)
2024-11-06,release,braze-swift-sdk 11.3.0,sdk_releases.csv,company-own (technical)
2024-11-06,release,braze-android-sdk v33.1.0,sdk_releases.csv,company-own (technical)
2024-11-06,release,braze-swift-sdk-prebuilt-dynamic 11.3.0,sdk_releases.csv,company-own (technical)
2024-11-06,release,braze-swift-sdk-prebuilt-static 11.3.0,sdk_releases.csv,company-own (technical)
2024-11-06,release,braze-swift-sdk-prebuilt-mergeable 11.3.0,sdk_releases.csv,company-own (technical)
2024-11-07,filing,SC 13G/A filed,filings.csv,statutory (SEC)
2024-11-07,release,public repo created: mongo-POCDriver,repos.csv,company-own (technical)
2024-11-08,filing,SC 13G/A filed,filings.csv,statutory (SEC)
2024-11-08,filing,CORRESP filed,filings.csv,statutory (SEC)
2024-11-13,filing,SC 13G filed,filings.csv,statutory (SEC)
2024-11-14,filing,SC 13G/A filed,filings.csv,statutory (SEC)
2024-11-14,filing,4 filed,filings.csv,statutory (SEC)
2024-11-18,filing,UPLOAD filed,filings.csv,statutory (SEC)
2024-11-20,filing,4 filed,filings.csv,statutory (SEC)
2024-11-20,filing,4 filed,filings.csv,statutory (SEC)
2024-11-20,filing,4 filed,filings.csv,statutory (SEC)
2024-11-20,filing,4 filed,filings.csv,statutory (SEC)
2024-11-20,filing,4 filed,filings.csv,statutory (SEC)
2024-11-20,filing,4 filed,filings.csv,statutory (SEC)
2024-11-20,filing,144 filed,filings.csv,statutory (SEC)
2024-11-20,filing,144 filed,filings.csv,statutory (SEC)
2024-11-20,incident,incident (minor): Email links for SparkPost customers serving 502s due to SparkPost incident,incidents.csv,company-own (operational)
2024-11-20,incident,incident (maintenance): [Scheduled] EU-01 Dashboard maintenance,incidents.csv,company-own (operational)
2024-11-22,incident,incident (minor): Email links for SparkPost customers serving 502s due to SparkPost incident,incidents.csv,company-own (operational)
2024-11-22,incident,incident (minor): Email links for SparkPost customers serving 502s due to SparkPost incident,incidents.csv,company-own (operational)
2024-11-22,incident,incident (maintenance): [Scheduled] EU network maintenance,incidents.csv,company-own (operational)
2024-11-25,release,public repo created: omnicache,repos.csv,company-own (technical)
2024-11-29,incident,incident (minor): SparkPost email delivery latency in EU region,incidents.csv,company-own (operational)
2024-12-03,release,braze-swift-sdk 11.0.1,sdk_releases.csv,company-own (technical)
2024-12-03,release,braze-swift-sdk-prebuilt-dynamic 11.0.1,sdk_releases.csv,company-own (technical)
2024-12-03,release,braze-swift-sdk-prebuilt-static 11.0.1,sdk_releases.csv,company-own (technical)
2024-12-03,release,braze-swift-sdk-prebuilt-mergeable 11.0.1,sdk_releases.csv,company-own (technical)
2024-12-04,filing,4 filed,filings.csv,statutory (SEC)
2024-12-09,filing,"8-K filed (2.02,9.01)",filings.csv,statutory (SEC)
2024-12-09,release,public repo created: storybook-controlled,repos.csv,company-own (technical)
2024-12-10,filing,10-Q filed,filings.csv,statutory (SEC)
2024-12-11,incident,incident (critical): Issues with Meta services,incidents.csv,company-own (operational)
2024-12-12,release,braze-swift-sdk 11.4.0,sdk_releases.csv,company-own (technical)
2024-12-12,release,braze-swift-sdk-prebuilt-dynamic 11.4.0,sdk_releases.csv,company-own (technical)
2024-12-12,release,braze-swift-sdk-prebuilt-static 11.4.0,sdk_releases.csv,company-own (technical)
2024-12-12,release,braze-swift-sdk-prebuilt-mergeable 11.4.0,sdk_releases.csv,company-own (technical)
2024-12-13,filing,144 filed,filings.csv,statutory (SEC)
2024-12-13,filing,144 filed,filings.csv,statutory (SEC)
2024-12-13,incident,incident (minor): SparkPost Incident Affecting EU Region,incidents.csv,company-own (operational)
2024-12-16,filing,144 filed,filings.csv,statutory (SEC)
2024-12-16,filing,144 filed,filings.csv,statutory (SEC)
2024-12-16,filing,144 filed,filings.csv,statutory (SEC)
2024-12-17,filing,4 filed,filings.csv,statutory (SEC)
2024-12-17,filing,4 filed,filings.csv,statutory (SEC)
2024-12-18,filing,4 filed,filings.csv,statutory (SEC)
2024-12-18,filing,4 filed,filings.csv,statutory (SEC)
2024-12-20,filing,4 filed,filings.csv,statutory (SEC)
2024-12-20,filing,4 filed,filings.csv,statutory (SEC)
2025-01-06,filing,144 filed,filings.csv,statutory (SEC)
2025-01-06,filing,144 filed,filings.csv,statutory (SEC)
2025-01-06,filing,144 filed,filings.csv,statutory (SEC)
2025-01-08,filing,4 filed,filings.csv,statutory (SEC)
2025-01-08,filing,4 filed,filings.csv,statutory (SEC)
2025-01-08,filing,4 filed,filings.csv,statutory (SEC)
2025-01-09,release,braze-android-sdk v34.0.0,sdk_releases.csv,company-own (technical)
2025-01-17,filing,4 filed,filings.csv,statutory (SEC)
2025-01-17,release,braze-swift-sdk 11.5.0,sdk_releases.csv,company-own (technical)
2025-01-17,release,braze-swift-sdk-prebuilt-dynamic 11.5.0,sdk_releases.csv,company-own (technical)
2025-01-17,release,braze-swift-sdk-prebuilt-static 11.5.0,sdk_releases.csv,company-own (technical)
2025-01-17,release,braze-swift-sdk-prebuilt-mergeable 11.5.0,sdk_releases.csv,company-own (technical)
2025-01-23,release,public repo created: shopify-hydrogen-example,repos.csv,company-own (technical)
2025-01-24,filing,4 filed,filings.csv,statutory (SEC)
2025-01-28,incident,incident (critical): Braze Support Incident,incidents.csv,company-own (operational)
2025-01-28,incident,incident (critical): EU-02 SDK Outage,incidents.csv,company-own (operational)
2025-01-29,filing,4 filed,filings.csv,statutory (SEC)
2025-01-30,incident,incident (major): Email Event processing latency,incidents.csv,company-own (operational)
2025-01-31,filing,SCHEDULE 13G/A filed,filings.csv,statutory (SEC)
2025-01-31,financial,FY2025 reported,financials_annual.csv,audited (SEC XBRL)
2025-02-03,filing,"8-K filed (2.02,5.02,7.01,9.01)",filings.csv,statutory (SEC)
2025-02-03,release,braze-swift-sdk 11.6.0,sdk_releases.csv,company-own (technical)
2025-02-03,release,braze-swift-sdk-prebuilt-dynamic 11.6.0,sdk_releases.csv,company-own (technical)
2025-02-03,release,braze-swift-sdk-prebuilt-static 11.6.0,sdk_releases.csv,company-own (technical)
2025-02-03,release,braze-swift-sdk-prebuilt-mergeable 11.6.0,sdk_releases.csv,company-own (technical)
2025-02-05,release,braze-react-native-sdk 13.2.0,sdk_releases.csv,company-own (technical)
2025-02-13,filing,SCHEDULE 13G/A filed,filings.csv,statutory (SEC)
2025-02-13,filing,SCHEDULE 13G/A filed,filings.csv,statutory (SEC)
2025-02-13,filing,5 filed,filings.csv,statutory (SEC)
2025-02-14,filing,SCHEDULE 13G/A filed,filings.csv,statutory (SEC)
2025-02-14,filing,SCHEDULE 13G/A filed,filings.csv,statutory (SEC)
2025-02-14,release,braze-android-sdk v35.0.0,sdk_releases.csv,company-own (technical)
2025-02-20,filing,4 filed,filings.csv,statutory (SEC)
2025-02-20,filing,4 filed,filings.csv,statutory (SEC)
2025-02-20,filing,4 filed,filings.csv,statutory (SEC)
2025-02-20,filing,4 filed,filings.csv,statutory (SEC)
2025-02-20,filing,4 filed,filings.csv,statutory (SEC)
2025-02-20,filing,4 filed,filings.csv,statutory (SEC)
2025-02-20,filing,4 filed,filings.csv,statutory (SEC)
2025-02-21,release,braze-swift-sdk 11.6.1,sdk_releases.csv,company-own (technical)
2025-02-21,release,braze-swift-sdk-prebuilt-dynamic 11.6.1,sdk_releases.csv,company-own (technical)
2025-02-21,release,braze-swift-sdk-prebuilt-static 11.6.1,sdk_releases.csv,company-own (technical)
2025-02-21,release,braze-swift-sdk-prebuilt-mergeable 11.6.1,sdk_releases.csv,company-own (technical)
2025-02-25,release,braze-cordova-sdk 11.0.0,sdk_releases.csv,company-own (technical)
2025-02-25,release,public repo created: braze-javascript-sdk,repos.csv,company-own (technical)
2025-02-26,filing,4 filed,filings.csv,statutory (SEC)
2025-02-26,release,braze-swift-sdk 11.7.0,sdk_releases.csv,company-own (technical)
2025-02-26,release,braze-swift-sdk-prebuilt-dynamic 11.7.0,sdk_releases.csv,company-own (technical)
2025-02-26,release,braze-swift-sdk-prebuilt-static 11.7.0,sdk_releases.csv,company-own (technical)
2025-02-26,release,braze-swift-sdk-prebuilt-mergeable 11.7.0,sdk_releases.csv,company-own (technical)
2025-02-27,release,braze-react-native-sdk 14.0.0,sdk_releases.csv,company-own (technical)
2025-03-05,filing,4 filed,filings.csv,statutory (SEC)
2025-03-07,release,braze-swift-sdk 11.8.0,sdk_releases.csv,company-own (technical)
2025-03-07,release,braze-swift-sdk-prebuilt-dynamic 11.8.0,sdk_releases.csv,company-own (technical)
2025-03-07,release,braze-swift-sdk-prebuilt-static 11.8.0,sdk_releases.csv,company-own (technical)
2025-03-07,release,braze-swift-sdk-prebuilt-mergeable 11.8.0,sdk_releases.csv,company-own (technical)
2025-03-10,incident,incident (minor): Issues accessing Drag & Drop editor,incidents.csv,company-own (operational)
2025-03-10,incident,incident (major): Currents and CDI latency impacting EU-01 and EU-02,incidents.csv,company-own (operational)
2025-03-12,filing,4 filed,filings.csv,statutory (SEC)
2025-03-12,filing,4 filed,filings.csv,statutory (SEC)
2025-03-12,filing,4 filed,filings.csv,statutory (SEC)
2025-03-12,filing,4 filed,filings.csv,statutory (SEC)
2025-03-12,filing,4 filed,filings.csv,statutory (SEC)
2025-03-19,incident,"incident (minor): Third-party Snowflake issue impacting CDI, Currents and Dashboard",incidents.csv,company-own (operational)
2025-03-19,release,braze-swift-sdk 11.9.0,sdk_releases.csv,company-own (technical)
2025-03-19,release,braze-swift-sdk-prebuilt-dynamic 11.9.0,sdk_releases.csv,company-own (technical)
2025-03-19,release,braze-swift-sdk-prebuilt-static 11.9.0,sdk_releases.csv,company-own (technical)
2025-03-19,release,braze-swift-sdk-prebuilt-mergeable 11.9.0,sdk_releases.csv,company-own (technical)
2025-03-19,release,public repo created: required-approvals,repos.csv,company-own (technical)
2025-03-21,filing,3 filed,filings.csv,statutory (SEC)
2025-03-27,filing,"8-K filed (2.02,3.02,7.01,9.01)",filings.csv,statutory (SEC)
2025-03-27,release,public repo created: braze-cordova-ionic-capacitor-angular-sample,repos.csv,company-own (technical)
2025-03-28,filing,144 filed,filings.csv,statutory (SEC)
2025-03-31,filing,S-8 filed,filings.csv,statutory (SEC)
2025-03-31,filing,10-K filed,filings.csv,statutory (SEC)
2025-04-01,filing,4 filed,filings.csv,statutory (SEC)
2025-04-02,release,braze-segment-swift 5.0.1,sdk_releases.csv,company-own (technical)
2025-04-03,incident,incident (minor): Issue impacting US01 Services,incidents.csv,company-own (operational)
2025-04-04,filing,144 filed,filings.csv,statutory (SEC)
2025-04-07,filing,SCHEDULE 13G/A filed,filings.csv,statutory (SEC)
2025-04-08,filing,4 filed,filings.csv,statutory (SEC)
2025-04-08,release,braze-react-native-sdk 14.1.0,sdk_releases.csv,company-own (technical)
2025-04-10,filing,4 filed,filings.csv,statutory (SEC)
2025-04-10,filing,D filed (06b),filings.csv,statutory (SEC)
2025-04-11,release,public repo created: dschwarz-hackathon-react,repos.csv,company-own (technical)
2025-04-14,filing,4 filed,filings.csv,statutory (SEC)
2025-04-14,filing,4 filed,filings.csv,statutory (SEC)
2025-04-14,filing,4 filed,filings.csv,statutory (SEC)
2025-04-14,filing,4 filed,filings.csv,statutory (SEC)
2025-04-15,incident,incident (none): Issue impacting Canvases with Exit Criteria,incidents.csv,company-own (operational)
2025-04-16,filing,4 filed,filings.csv,statutory (SEC)
2025-04-17,filing,SCHEDULE 13G/A filed,filings.csv,statutory (SEC)
2025-04-23,incident,incident (minor): Email latency due to Sendgrid issue,incidents.csv,company-own (operational)
2025-04-23,release,braze-swift-sdk 12.0.0,sdk_releases.csv,company-own (technical)
2025-04-23,release,braze-swift-sdk-prebuilt-dynamic 12.0.0,sdk_releases.csv,company-own (technical)
2025-04-23,release,braze-swift-sdk-prebuilt-static 12.0.0,sdk_releases.csv,company-own (technical)
2025-04-23,release,braze-swift-sdk-prebuilt-mergeable 12.0.0,sdk_releases.csv,company-own (technical)
2025-04-29,release,braze-segment-swift 6.0.0,sdk_releases.csv,company-own (technical)
2025-04-30,financial,FY2026 as at 2025-04-30 reported,financials_annual.csv,audited (SEC XBRL)
2025-05-05,release,public repo created: axe-core,repos.csv,company-own (technical)
2025-05-15,filing,ARS filed,filings.csv,statutory (SEC)
2025-05-15,filing,DEFA14A filed,filings.csv,statutory (SEC)
2025-05-15,filing,DEF 14A filed,filings.csv,statutory (SEC)
2025-05-15,filing,SCHEDULE 13G filed,filings.csv,statutory (SEC)
2025-05-16,release,braze-react-native-sdk 15.0.0,sdk_releases.csv,company-own (technical)
2025-05-16,release,braze-android-sdk v36.0.0,sdk_releases.csv,company-own (technical)
2025-05-21,filing,4 filed,filings.csv,statutory (SEC)
2025-05-21,filing,4 filed,filings.csv,statutory (SEC)
2025-05-21,filing,4 filed,filings.csv,statutory (SEC)
2025-05-21,filing,4 filed,filings.csv,statutory (SEC)
2025-05-21,filing,4 filed,filings.csv,statutory (SEC)
2025-05-21,filing,4 filed,filings.csv,statutory (SEC)
2025-05-21,filing,4 filed,filings.csv,statutory (SEC)
2025-05-21,filing,4 filed,filings.csv,statutory (SEC)
2025-05-21,incident,incident (minor): Increased errors impacting US01,incidents.csv,company-own (operational)
2025-05-22,filing,4/A filed,filings.csv,statutory (SEC)
2025-05-28,release,braze-cordova-sdk 12.0.0,sdk_releases.csv,company-own (technical)
2025-06-02,filing,4 filed,filings.csv,statutory (SEC)
2025-06-05,filing,"8-K filed (2.02,5.02,9.01)",filings.csv,statutory (SEC)
2025-06-06,filing,S-3ASR filed,filings.csv,statutory (SEC)
2025-06-06,filing,10-Q filed,filings.csv,statutory (SEC)
2025-06-12,incident,incident (major): Widespread Internet Issue,incidents.csv,company-own (operational)
2025-06-16,release,braze-react-native-sdk 15.0.1,sdk_releases.csv,company-own (technical)
2025-06-18,filing,4 filed,filings.csv,statutory (SEC)
2025-06-18,filing,4 filed,filings.csv,statutory (SEC)
2025-06-18,filing,4 filed,filings.csv,statutory (SEC)
2025-06-23,release,public repo created: braze-swift-sdk-xcode-26-preview,repos.csv,company-own (technical)
2025-06-24,release,braze-android-sdk v37.0.0,sdk_releases.csv,company-own (technical)
2025-06-25,release,braze-swift-sdk 12.0.1,sdk_releases.csv,company-own (technical)
2025-06-25,release,braze-swift-sdk-prebuilt-dynamic 12.0.1,sdk_releases.csv,company-own (technical)
2025-06-25,release,braze-swift-sdk-prebuilt-static 12.0.1,sdk_releases.csv,company-own (technical)
2025-06-25,release,braze-swift-sdk-prebuilt-mergeable 12.0.1,sdk_releases.csv,company-own (technical)
2025-06-26,release,braze-swift-sdk 12.0.2,sdk_releases.csv,company-own (technical)
2025-06-26,release,braze-swift-sdk-prebuilt-dynamic 12.0.2,sdk_releases.csv,company-own (technical)
2025-06-26,release,braze-swift-sdk-prebuilt-static 12.0.2,sdk_releases.csv,company-own (technical)
2025-06-26,release,braze-swift-sdk-prebuilt-mergeable 12.0.2,sdk_releases.csv,company-own (technical)
2025-06-27,filing,4 filed,filings.csv,statutory (SEC)
2025-06-27,filing,4 filed,filings.csv,statutory (SEC)
2025-06-27,filing,4 filed,filings.csv,statutory (SEC)
2025-06-27,filing,4 filed,filings.csv,statutory (SEC)
2025-06-27,filing,4 filed,filings.csv,statutory (SEC)
2025-06-27,filing,8-K filed (5.07),filings.csv,statutory (SEC)
2025-06-27,release,public repo created: windmill-go-client,repos.csv,company-own (technical)
2025-06-30,filing,4 filed,filings.csv,statutory (SEC)
2025-07-02,release,braze-swift-sdk 12.0.3,sdk_releases.csv,company-own (technical)
2025-07-02,release,braze-swift-sdk-prebuilt-dynamic 12.0.3,sdk_releases.csv,company-own (technical)
2025-07-02,release,braze-swift-sdk-prebuilt-static 12.0.3,sdk_releases.csv,company-own (technical)
2025-07-02,release,braze-swift-sdk-prebuilt-mergeable 12.0.3,sdk_releases.csv,company-own (technical)
2025-07-03,filing,144 filed,filings.csv,statutory (SEC)
2025-07-07,release,braze-cordova-sdk 13.0.0,sdk_releases.csv,company-own (technical)
2025-07-08,release,braze-swift-sdk 12.1.0,sdk_releases.csv,company-own (technical)
2025-07-08,release,braze-swift-sdk-prebuilt-dynamic 12.1.0,sdk_releases.csv,company-own (technical)
2025-07-08,release,braze-swift-sdk-prebuilt-static 12.1.0,sdk_releases.csv,company-own (technical)
2025-07-08,release,braze-swift-sdk-prebuilt-mergeable 12.1.0,sdk_releases.csv,company-own (technical)
2025-07-11,incident,incident (minor): Data Processing and Messaging Sending latency impacting US01,incidents.csv,company-own (operational)
2025-07-14,filing,144 filed,filings.csv,statutory (SEC)
2025-07-15,filing,4 filed,filings.csv,statutory (SEC)
2025-07-15,filing,4 filed,filings.csv,statutory (SEC)
2025-07-17,incident,incident (major): Link-shortening issue impacting all regions,incidents.csv,company-own (operational)
2025-07-25,filing,3 filed,filings.csv,statutory (SEC)
2025-07-28,filing,144 filed,filings.csv,statutory (SEC)
2025-07-30,filing,4 filed,filings.csv,statutory (SEC)
2025-07-30,incident,incident (minor): Degraded performance in Outbound Messaging and Data Processing on EU01,incidents.csv,company-own (operational)
2025-07-31,financial,FY2026 as at 2025-07-31 reported,financials_annual.csv,audited (SEC XBRL)
2025-08-01,release,braze-xamarin-sdk 7.0.0,sdk_releases.csv,company-own (technical)
2025-08-05,release,braze-swift-sdk 13.0.0,sdk_releases.csv,company-own (technical)
2025-08-05,release,braze-swift-sdk-prebuilt-dynamic 13.0.0,sdk_releases.csv,company-own (technical)
2025-08-05,release,braze-swift-sdk-prebuilt-static 13.0.0,sdk_releases.csv,company-own (technical)
2025-08-05,release,braze-swift-sdk-prebuilt-mergeable 13.0.0,sdk_releases.csv,company-own (technical)
2025-08-06,infrastructure,host provisioned: braze.com,subdomains.csv,infrastructure (CT)
2025-08-13,release,braze-react-native-sdk 16.0.0,sdk_releases.csv,company-own (technical)
2025-08-14,filing,SCHEDULE 13G/A filed,filings.csv,statutory (SEC)
2025-08-14,filing,SCHEDULE 13G/A filed,filings.csv,statutory (SEC)
2025-08-14,filing,SCHEDULE 13G/A filed,filings.csv,statutory (SEC)
2025-08-19,filing,4 filed,filings.csv,statutory (SEC)
2025-08-19,incident,incident (major): Issue impacting US06 AND EU02 services,incidents.csv,company-own (operational)
2025-08-20,filing,144 filed,filings.csv,statutory (SEC)
2025-08-21,filing,4 filed,filings.csv,statutory (SEC)
2025-08-21,filing,4 filed,filings.csv,statutory (SEC)
2025-08-21,filing,4 filed,filings.csv,statutory (SEC)
2025-08-21,filing,4 filed,filings.csv,statutory (SEC)
2025-08-21,filing,4 filed,filings.csv,statutory (SEC)
2025-08-21,filing,4 filed,filings.csv,statutory (SEC)
2025-08-21,filing,4 filed,filings.csv,statutory (SEC)
2025-08-21,incident,incident (minor): Issue impacting US clusters,incidents.csv,company-own (operational)
2025-08-21,release,braze-swift-sdk 13.1.0,sdk_releases.csv,company-own (technical)
2025-08-21,release,braze-swift-sdk-prebuilt-dynamic 13.1.0,sdk_releases.csv,company-own (technical)
2025-08-21,release,braze-swift-sdk-prebuilt-static 13.1.0,sdk_releases.csv,company-own (technical)
2025-08-21,release,braze-swift-sdk-prebuilt-mergeable 13.1.0,sdk_releases.csv,company-own (technical)
2025-08-25,release,braze-android-sdk v38.0.0,sdk_releases.csv,company-own (technical)
2025-08-28,incident,incident (minor): SMS Delivery Delays and Failures to and from Multiple Networks in US for a Subset of Short Codes,incidents.csv,company-own (operational)
2025-08-29,release,braze-android-sdk v39.0.0,sdk_releases.csv,company-own (technical)
2025-09-02,incident,incident (major): Issue impacting US01 and US05 clusters,incidents.csv,company-own (operational)
2025-09-02,release,braze-segment-swift 7.0.0,sdk_releases.csv,company-own (technical)
2025-09-04,filing,"8-K filed (2.02,9.01)",filings.csv,statutory (SEC)
2025-09-05,filing,4 filed,filings.csv,statutory (SEC)
2025-09-05,filing,144 filed,filings.csv,statutory (SEC)
2025-09-05,filing,10-Q filed,filings.csv,statutory (SEC)
2025-09-05,incident,incident (minor): Degraded performance for Dashboard and Time Series data in US05,incidents.csv,company-own (operational)
2025-09-09,filing,4 filed,filings.csv,statutory (SEC)
2025-09-09,incident,incident (minor): Increased error rates for REST and SDK services across US clusters,incidents.csv,company-own (operational)
2025-09-10,release,braze-swift-sdk 13.2.0,sdk_releases.csv,company-own (technical)
2025-09-10,release,braze-swift-sdk-prebuilt-dynamic 13.2.0,sdk_releases.csv,company-own (technical)
2025-09-10,release,braze-swift-sdk-prebuilt-static 13.2.0,sdk_releases.csv,company-own (technical)
2025-09-10,release,braze-swift-sdk-prebuilt-mergeable 13.2.0,sdk_releases.csv,company-own (technical)
2025-09-11,release,braze-swift-sdk 13.2.1,sdk_releases.csv,company-own (technical)
2025-09-11,release,braze-swift-sdk-prebuilt-dynamic 13.2.1,sdk_releases.csv,company-own (technical)
2025-09-11,release,braze-swift-sdk-prebuilt-static 13.2.1,sdk_releases.csv,company-own (technical)
2025-09-11,release,braze-swift-sdk-prebuilt-mergeable 13.2.1,sdk_releases.csv,company-own (technical)
2025-09-12,release,braze-react-native-sdk 16.1.0,sdk_releases.csv,company-own (technical)
2025-09-18,filing,144 filed,filings.csv,statutory (SEC)
2025-09-22,filing,4 filed,filings.csv,statutory (SEC)
2025-09-30,release,braze-react-native-sdk 17.0.0,sdk_releases.csv,company-own (technical)
2025-10-02,filing,4 filed,filings.csv,statutory (SEC)
2025-10-06,infrastructure,host provisioned: clicks.partnernews.braze.com,subdomains.csv,infrastructure (CT)
2025-10-06,release,braze-cordova-sdk 14.0.0,sdk_releases.csv,company-own (technical)
2025-10-08,incident,"incident (none): US-10 Dashboard Outage - October 8, 2025",incidents.csv,company-own (operational)
2025-10-09,release,braze-react-native-sdk 17.0.1,sdk_releases.csv,company-own (technical)
2025-10-15,infrastructure,host provisioned: lab.braze.com,subdomains.csv,infrastructure (CT)
2025-10-20,incident,incident (major): AWS US East 1 outage,incidents.csv,company-own (operational)
2025-10-20,infrastructure,host provisioned: cloudbound.nasuni.com,subdomains.csv,infrastructure (CT)
2025-10-20,infrastructure,host provisioned: connectorsummit23.crossbeam.com,subdomains.csv,infrastructure (CT)
2025-10-20,infrastructure,host provisioned: forge-amer-reg.globalevents.braze.com,subdomains.csv,infrastructure (CT)
2025-10-20,infrastructure,host provisioned: forge-emea-reg.globalevents.braze.com,subdomains.csv,infrastructure (CT)
2025-10-20,infrastructure,host provisioned: forge-hub.globalevents.braze.com,subdomains.csv,infrastructure (CT)
2025-10-20,infrastructure,host provisioned: forge.globalevents.braze.com,subdomains.csv,infrastructure (CT)
2025-10-20,infrastructure,host provisioned: marketingsuccess.mailchimp.com,subdomains.csv,infrastructure (CT)
2025-10-20,infrastructure,host provisioned: mtesregistration.kobiton.com,subdomains.csv,infrastructure (CT)
2025-10-20,infrastructure,host provisioned: registration.calendly.com,subdomains.csv,infrastructure (CT)
2025-10-20,infrastructure,host provisioned: rko2024registration.ontra.ai,subdomains.csv,infrastructure (CT)
2025-10-20,infrastructure,host provisioned: webinars.decrypt.co,subdomains.csv,infrastructure (CT)
2025-10-20,infrastructure,host provisioned: webinars.lattice.com,subdomains.csv,infrastructure (CT)
2025-10-20,infrastructure,host provisioned: wms-unpackedregistration.shipbob.com,subdomains.csv,infrastructure (CT)
2025-10-20,infrastructure,host provisioned: www.ai-summit.goldcast.io,subdomains.csv,infrastructure (CT)
2025-10-20,infrastructure,host provisioned: www.goldcast.over-haul.com,subdomains.csv,infrastructure (CT)
2025-10-20,infrastructure,host provisioned: www.mailchimpmarketingsuccess.com,subdomains.csv,infrastructure (CT)
2025-10-20,release,braze-android-sdk v40.0.0,sdk_releases.csv,company-own (technical)
2025-10-20,release,public repo created: chatgpt-apps-braze-integration,repos.csv,company-own (technical)
2025-10-22,incident,incident (minor): Increased latency in Outbound Messaging for all clusters,incidents.csv,company-own (operational)
2025-10-22,release,braze-swift-sdk 13.3.0,sdk_releases.csv,company-own (technical)
2025-10-22,release,braze-swift-sdk-prebuilt-dynamic 13.3.0,sdk_releases.csv,company-own (technical)
2025-10-22,release,braze-swift-sdk-prebuilt-static 13.3.0,sdk_releases.csv,company-own (technical)
2025-10-22,release,braze-swift-sdk-prebuilt-mergeable 13.3.0,sdk_releases.csv,company-own (technical)
2025-10-24,infrastructure,host provisioned: partnerlab.braze.com,subdomains.csv,infrastructure (CT)
2025-10-24,release,braze-android-sdk v40.0.1,sdk_releases.csv,company-own (technical)
2025-10-28,release,braze-xamarin-sdk 8.0.0,sdk_releases.csv,company-own (technical)
2025-10-30,filing,SCHEDULE 13G/A filed,filings.csv,statutory (SEC)
2025-10-31,financial,FY2026 as at 2025-10-31 reported,financials_annual.csv,audited (SEC XBRL)
2025-11-03,release,braze-android-sdk v40.0.2,sdk_releases.csv,company-own (technical)
2025-11-03,release,public repo created: braze-vega-sdk,repos.csv,company-own (technical)
2025-11-04,incident,incident (none): EU02 Dashboard errors,incidents.csv,company-own (operational)
2025-11-04,infrastructure,host provisioned: view2023.birdeye.com,subdomains.csv,infrastructure (CT)
2025-11-04,infrastructure,host provisioned: view2023registration.birdeye.com,subdomains.csv,infrastructure (CT)
2025-11-06,release,braze-react-native-sdk 18.0.0,sdk_releases.csv,company-own (technical)
2025-11-12,filing,SCHEDULE 13G/A filed,filings.csv,statutory (SEC)
2025-11-18,incident,incident (major): US01 and US03 Dashboard and SDK Errors,incidents.csv,company-own (operational)
2025-11-18,incident,incident (none): US02 Dashboard and SDK Errors,incidents.csv,company-own (operational)
2025-11-20,filing,4 filed,filings.csv,statutory (SEC)
2025-11-20,filing,4 filed,filings.csv,statutory (SEC)
2025-11-20,filing,4 filed,filings.csv,statutory (SEC)
2025-11-20,filing,4 filed,filings.csv,statutory (SEC)
2025-11-20,filing,4 filed,filings.csv,statutory (SEC)
2025-11-20,filing,4 filed,filings.csv,statutory (SEC)
2025-11-20,filing,144 filed,filings.csv,statutory (SEC)
2025-11-24,incident,incident (major): EU01 REST API and SDK Data Collection Errors,incidents.csv,company-own (operational)
2025-11-29,release,public repo created: elastic-ci-stack-for-aws,repos.csv,company-own (technical)
2025-11-30,infrastructure,host provisioned: confluence-uat.braze.com,subdomains.csv,infrastructure (CT)
2025-11-30,infrastructure,host provisioned: confluence.atl.braze.com,subdomains.csv,infrastructure (CT)
2025-12-07,release,public repo created: aks-engine-azurestack,repos.csv,company-own (technical)
2025-12-09,filing,"8-K filed (2.02,7.01,9.01)",filings.csv,statutory (SEC)
2025-12-09,infrastructure,host provisioned: jira-uat.braze.com,subdomains.csv,infrastructure (CT)
2025-12-09,infrastructure,host provisioned: jira.atl.braze.com,subdomains.csv,infrastructure (CT)
2025-12-10,filing,4 filed,filings.csv,statutory (SEC)
2025-12-10,filing,10-Q filed,filings.csv,statutory (SEC)
2025-12-11,release,braze-swift-sdk 14.0.0,sdk_releases.csv,company-own (technical)
2025-12-11,release,braze-android-sdk v40.1.0,sdk_releases.csv,company-own (technical)
2025-12-11,release,braze-swift-sdk-prebuilt-dynamic 14.0.0,sdk_releases.csv,company-own (technical)
2025-12-11,release,braze-swift-sdk-prebuilt-static 14.0.0,sdk_releases.csv,company-own (technical)
2025-12-11,release,braze-swift-sdk-prebuilt-mergeable 14.0.0,sdk_releases.csv,company-own (technical)
2025-12-15,infrastructure,host provisioned: arxkc89723.stage.lithium.com,subdomains.csv,infrastructure (CT)
2025-12-15,infrastructure,host provisioned: community-stage.braze.com,subdomains.csv,infrastructure (CT)
2025-12-17,filing,144 filed,filings.csv,statutory (SEC)
2025-12-19,filing,4 filed,filings.csv,statutory (SEC)
2026-01-06,incident,incident (critical): US05 Dashboard Errors,incidents.csv,company-own (operational)
2026-01-07,release,braze-android-sdk v40.1.1,sdk_releases.csv,company-own (technical)
2026-01-13,incident,incident (none): SMS outbound sending delays,incidents.csv,company-own (operational)
2026-01-14,release,braze-swift-sdk 14.0.1,sdk_releases.csv,company-own (technical)
2026-01-14,release,braze-swift-sdk-prebuilt-dynamic 14.0.1,sdk_releases.csv,company-own (technical)
2026-01-14,release,braze-swift-sdk-prebuilt-static 14.0.1,sdk_releases.csv,company-own (technical)
2026-01-14,release,braze-swift-sdk-prebuilt-mergeable 14.0.1,sdk_releases.csv,company-own (technical)
2026-01-19,infrastructure,host provisioned: learning.braze.com,subdomains.csv,infrastructure (CT)
2026-01-20,infrastructure,host provisioned: ablink.internal.braze.com,subdomains.csv,infrastructure (CT)
2026-01-21,filing,SCHEDULE 13G filed,filings.csv,statutory (SEC)
2026-01-21,infrastructure,host provisioned: brand.braze.com,subdomains.csv,infrastructure (CT)
2026-01-21,infrastructure,host provisioned: braze.bynder.com,subdomains.csv,infrastructure (CT)
2026-01-22,incident,incident (minor): Email delivery issues,incidents.csv,company-own (operational)
2026-01-24,incident,incident (none): Gmail consumers experiencing banners indicating missing spam checks,incidents.csv,company-own (operational)
2026-01-28,infrastructure,host provisioned: events-app.braze.com,subdomains.csv,infrastructure (CT)
2026-01-28,release,braze-android-sdk v40.2.0,sdk_releases.csv,company-own (technical)
2026-01-31,financial,FY2026 reported,financials_annual.csv,audited (SEC XBRL)
2026-02-02,filing,SCHEDULE 13G filed,filings.csv,statutory (SEC)
2026-02-02,filing,4 filed,filings.csv,statutory (SEC)
2026-02-02,filing,4 filed,filings.csv,statutory (SEC)
2026-02-02,filing,4 filed,filings.csv,statutory (SEC)
2026-02-02,filing,4 filed,filings.csv,statutory (SEC)
2026-02-02,filing,4 filed,filings.csv,statutory (SEC)
2026-02-02,filing,4 filed,filings.csv,statutory (SEC)
2026-02-02,filing,"8-K filed (3.03,5.03,8.01,9.01)",filings.csv,statutory (SEC)
2026-02-03,filing,4 filed,filings.csv,statutory (SEC)
2026-02-03,filing,SCHEDULE 13G/A filed,filings.csv,statutory (SEC)
2026-02-03,incident,incident (critical): US02 Dashboard and SDK increased errors,incidents.csv,company-own (operational)
2026-02-05,release,braze-android-sdk v41.0.0,sdk_releases.csv,company-own (technical)
2026-02-06,release,braze-react-native-sdk 19.0.0,sdk_releases.csv,company-own (technical)
2026-02-17,filing,SCHEDULE 13G/A filed,filings.csv,statutory (SEC)
2026-02-17,filing,SCHEDULE 13G/A filed,filings.csv,statutory (SEC)
2026-02-17,infrastructure,host provisioned: portal.help.braze.com,subdomains.csv,infrastructure (CT)
2026-02-18,incident,incident (minor): EU01 & EU02 Dashboard Errors,incidents.csv,company-own (operational)
2026-02-18,infrastructure,host provisioned: click.updates.braze.com,subdomains.csv,infrastructure (CT)
2026-02-18,infrastructure,host provisioned: mail.development.braze.com,subdomains.csv,infrastructure (CT)
2026-02-18,release,braze-xamarin-sdk 9.0.0,sdk_releases.csv,company-own (technical)
2026-02-19,filing,144 filed,filings.csv,statutory (SEC)
2026-02-19,infrastructure,host provisioned: help.platform.braze.com,subdomains.csv,infrastructure (CT)
2026-02-19,infrastructure,host provisioned: platform.braze.com,subdomains.csv,infrastructure (CT)
2026-02-20,filing,4 filed,filings.csv,statutory (SEC)
2026-02-20,filing,4 filed,filings.csv,statutory (SEC)
2026-02-20,filing,4 filed,filings.csv,statutory (SEC)
2026-02-20,filing,4 filed,filings.csv,statutory (SEC)
2026-02-20,filing,4 filed,filings.csv,statutory (SEC)
2026-02-20,filing,4 filed,filings.csv,statutory (SEC)
2026-02-20,release,braze-android-sdk v41.1.0,sdk_releases.csv,company-own (technical)
2026-02-24,incident,incident (minor): Outbound email latency for non-EU Bird (Sparkpost) customers,incidents.csv,company-own (operational)
2026-02-24,release,braze-android-sdk v41.1.1,sdk_releases.csv,company-own (technical)
2026-02-27,release,braze-react-native-sdk 19.1.0,sdk_releases.csv,company-own (technical)
2026-02-27,release,braze-swift-sdk 14.0.2,sdk_releases.csv,company-own (technical)
2026-02-27,release,braze-swift-sdk-prebuilt-dynamic 14.0.2,sdk_releases.csv,company-own (technical)
2026-02-27,release,braze-swift-sdk-prebuilt-static 14.0.2,sdk_releases.csv,company-own (technical)
2026-02-27,release,braze-swift-sdk-prebuilt-mergeable 14.0.2,sdk_releases.csv,company-own (technical)
2026-03-06,release,braze-swift-sdk 14.0.3,sdk_releases.csv,company-own (technical)
2026-03-06,release,braze-swift-sdk-prebuilt-dynamic 14.0.3,sdk_releases.csv,company-own (technical)
2026-03-06,release,braze-swift-sdk-prebuilt-static 14.0.3,sdk_releases.csv,company-own (technical)
2026-03-06,release,braze-swift-sdk-prebuilt-mergeable 14.0.3,sdk_releases.csv,company-own (technical)
2026-03-17,incident,incident (major): US05 Dashboard latency,incidents.csv,company-own (operational)
2026-03-18,release,braze-swift-sdk 14.0.4,sdk_releases.csv,company-own (technical)
2026-03-18,release,braze-swift-sdk-prebuilt-dynamic 14.0.4,sdk_releases.csv,company-own (technical)
2026-03-18,release,braze-swift-sdk-prebuilt-static 14.0.4,sdk_releases.csv,company-own (technical)
2026-03-18,release,braze-swift-sdk-prebuilt-mergeable 14.0.4,sdk_releases.csv,company-own (technical)
2026-03-20,filing,4 filed,filings.csv,statutory (SEC)
2026-03-20,filing,4 filed,filings.csv,statutory (SEC)
2026-03-20,filing,4 filed,filings.csv,statutory (SEC)
2026-03-20,filing,4 filed,filings.csv,statutory (SEC)
2026-03-20,filing,4 filed,filings.csv,statutory (SEC)
2026-03-20,filing,4 filed,filings.csv,statutory (SEC)
2026-03-20,filing,4 filed,filings.csv,statutory (SEC)
2026-03-20,incident,incident (minor): US07 Dashboard latency and errors,incidents.csv,company-own (operational)
2026-03-24,filing,"8-K filed (2.02,9.01)",filings.csv,statutory (SEC)
2026-03-24,incident,incident (minor): EU02 customer unsubscribe errors,incidents.csv,company-own (operational)
2026-03-25,filing,S-8 filed,filings.csv,statutory (SEC)
2026-03-25,filing,10-K filed,filings.csv,statutory (SEC)
2026-03-26,filing,SCHEDULE 13G/A filed,filings.csv,statutory (SEC)
2026-03-26,release,braze-cordova-sdk 15.0.0,sdk_releases.csv,company-own (technical)
2026-03-31,release,public repo created: Draftboard,repos.csv,company-own (technical)
2026-04-01,infrastructure,host provisioned: attend.agiloft.com,subdomains.csv,infrastructure (CT)
2026-04-01,infrastructure,host provisioned: attend.intercomevents.com,subdomains.csv,infrastructure (CT)
2026-04-01,infrastructure,host provisioned: attendelevate.medallion.co,subdomains.csv,infrastructure (CT)
2026-04-01,infrastructure,host provisioned: autoqa.supportlogic.com,subdomains.csv,infrastructure (CT)
2026-04-01,infrastructure,host provisioned: beyondtheperimeter2023.events.ams.goldcast.io,subdomains.csv,infrastructure (CT)
2026-04-01,infrastructure,host provisioned: beyondtheperimeter2023.events.apj.goldcast.io,subdomains.csv,infrastructure (CT)
2026-04-01,infrastructure,host provisioned: beyondtheperimeter2023.events.emea.goldcast.io,subdomains.csv,infrastructure (CT)
2026-04-01,infrastructure,host provisioned: bfcm-unpacked.shipbob.com,subdomains.csv,infrastructure (CT)
2026-04-01,infrastructure,host provisioned: creatorexperienceconference.traackr.com,subdomains.csv,infrastructure (CT)
2026-04-01,infrastructure,host provisioned: demofest.consensus.io,subdomains.csv,infrastructure (CT)
2026-04-01,infrastructure,host provisioned: event.betterup.com,subdomains.csv,infrastructure (CT)
2026-04-01,infrastructure,host provisioned: event.enterprisegrowthalliance.com,subdomains.csv,infrastructure (CT)
2026-04-01,infrastructure,host provisioned: event.hwcon22.com,subdomains.csv,infrastructure (CT)
2026-04-01,infrastructure,host provisioned: event.ontra.ai,subdomains.csv,infrastructure (CT)
2026-04-01,infrastructure,host provisioned: events.alation.com,subdomains.csv,infrastructure (CT)
2026-04-01,infrastructure,host provisioned: events.emburse.io,subdomains.csv,infrastructure (CT)
2026-04-01,infrastructure,host provisioned: events.jebbit.com,subdomains.csv,infrastructure (CT)
2026-04-01,infrastructure,host provisioned: events.nasuni.com,subdomains.csv,infrastructure (CT)
2026-04-01,infrastructure,host provisioned: events.phenom.com,subdomains.csv,infrastructure (CT)
2026-04-01,infrastructure,host provisioned: events.prod.gcpublic.com,subdomains.csv,infrastructure (CT)
2026-04-01,infrastructure,host provisioned: events.sysaid.com,subdomains.csv,infrastructure (CT)
2026-04-01,infrastructure,host provisioned: forge-amer.globalevents.braze.com,subdomains.csv,infrastructure (CT)
2026-04-01,infrastructure,host provisioned: forge-emea.globalevents.braze.com,subdomains.csv,infrastructure (CT)
2026-04-01,infrastructure,host provisioned: globalevents.braze.com,subdomains.csv,infrastructure (CT)
2026-04-01,infrastructure,host provisioned: globalwebinars.hootsuite.com,subdomains.csv,infrastructure (CT)
2026-04-01,infrastructure,host provisioned: go.events.tecton.ai,subdomains.csv,infrastructure (CT)
2026-04-01,infrastructure,host provisioned: go.graylog.com,subdomains.csv,infrastructure (CT)
2026-04-01,infrastructure,host provisioned: guesslessandsellmore.mailchimp.com,subdomains.csv,infrastructure (CT)
2026-04-01,infrastructure,host provisioned: innovate.radar.com,subdomains.csv,infrastructure (CT)
2026-04-01,infrastructure,host provisioned: irlondemand.radar.com,subdomains.csv,infrastructure (CT)
2026-04-01,infrastructure,host provisioned: leapday2024.activecampaign.com,subdomains.csv,infrastructure (CT)
2026-04-01,infrastructure,host provisioned: live.events.arbinger.com,subdomains.csv,infrastructure (CT)
2026-04-01,infrastructure,host provisioned: live.xentral.com,subdomains.csv,infrastructure (CT)
2026-04-01,infrastructure,host provisioned: mtes.kobiton.com,subdomains.csv,infrastructure (CT)
2026-04-01,infrastructure,host provisioned: penteracon2023.pentera.io,subdomains.csv,infrastructure (CT)
2026-04-01,infrastructure,host provisioned: pipelinesummit.qualified.com,subdomains.csv,infrastructure (CT)
2026-04-01,infrastructure,host provisioned: rko2024.ontra.ai,subdomains.csv,infrastructure (CT)
2026-04-01,infrastructure,host provisioned: talentsummit2023.gem.com,subdomains.csv,infrastructure (CT)
2026-04-01,infrastructure,host provisioned: testevents.gcpublic.com,subdomains.csv,infrastructure (CT)
2026-04-01,infrastructure,host provisioned: webinars.qualified.com,subdomains.csv,infrastructure (CT)
2026-04-01,infrastructure,host provisioned: wms-unpacked.shipbob.com,subdomains.csv,infrastructure (CT)
2026-04-01,infrastructure,host provisioned: www.connect.accela.com,subdomains.csv,infrastructure (CT)
2026-04-01,infrastructure,host provisioned: www.domorewithmailchimp.com,subdomains.csv,infrastructure (CT)
2026-04-01,infrastructure,host provisioned: www.rippleswellglobal.com,subdomains.csv,infrastructure (CT)
2026-04-01,infrastructure,host provisioned: www.ripplewebinar.com,subdomains.csv,infrastructure (CT)
2026-04-02,release,braze-react-native-sdk 19.2.0,sdk_releases.csv,company-own (technical)
2026-04-03,release,public repo created: grape-swagger,repos.csv,company-own (technical)
2026-04-06,filing,144 filed,filings.csv,statutory (SEC)
2026-04-06,incident,incident (none): US01 SDK errors,incidents.csv,company-own (operational)
2026-04-07,filing,"8-K filed (5.02,9.01)",filings.csv,statutory (SEC)
2026-04-08,filing,4 filed,filings.csv,statutory (SEC)
2026-04-08,incident,incident (major): Delays in Support Case Creation via Email,incidents.csv,company-own (operational)
2026-04-09,filing,144 filed,filings.csv,statutory (SEC)
2026-04-13,filing,4 filed,filings.csv,statutory (SEC)
2026-04-13,incident,incident (maintenance): [Scheduled] Scheduled maintenance for Braze CDI,incidents.csv,company-own (operational)
2026-04-13,release,public repo created: release-notes,repos.csv,company-own (technical)
2026-04-14,incident,incident (maintenance): [Scheduled] Scheduled maintenance for Braze CDI,incidents.csv,company-own (operational)
2026-04-14,release,braze-android-sdk v42.0.0,sdk_releases.csv,company-own (technical)
2026-04-15,incident,incident (maintenance): [Scheduled] Scheduled maintenance for Braze CDI,incidents.csv,company-own (operational)
2026-04-15,incident,incident (maintenance): [Scheduled] Scheduled maintenance for Braze CDI,incidents.csv,company-own (operational)
2026-04-15,release,braze-react-native-sdk 20.0.0,sdk_releases.csv,company-own (technical)
2026-04-16,incident,incident (maintenance): [Scheduled] Scheduled maintenance for Braze CDI,incidents.csv,company-own (operational)
2026-04-16,incident,incident (maintenance): [Scheduled] Scheduled maintenance for Braze CDI,incidents.csv,company-own (operational)
2026-04-16,release,braze-swift-sdk 14.1.0,sdk_releases.csv,company-own (technical)
2026-04-16,release,braze-swift-sdk-prebuilt-dynamic 14.1.0,sdk_releases.csv,company-own (technical)
2026-04-16,release,braze-swift-sdk-prebuilt-static 14.1.0,sdk_releases.csv,company-own (technical)
2026-04-16,release,braze-swift-sdk-prebuilt-mergeable 14.1.0,sdk_releases.csv,company-own (technical)
2026-04-17,incident,incident (none): US01 SDK errors,incidents.csv,company-own (operational)
2026-04-17,release,braze-android-sdk v42.1.0,sdk_releases.csv,company-own (technical)
2026-04-20,incident,incident (major): Issue impacting EU01,incidents.csv,company-own (operational)
2026-04-24,filing,SCHEDULE 13G/A filed,filings.csv,statutory (SEC)
2026-04-28,filing,"8-K filed (5.02,7.01,9.01)",filings.csv,statutory (SEC)
2026-04-29,release,braze-android-sdk v42.2.0,sdk_releases.csv,company-own (technical)
2026-04-30,financial,FY2027 as at 2026-04-30 reported,financials_annual.csv,audited (SEC XBRL)
2026-04-30,release,braze-cordova-sdk 16.0.0,sdk_releases.csv,company-own (technical)
2026-04-30,release,braze-segment-swift 8.0.0,sdk_releases.csv,company-own (technical)
2026-04-30,release,braze-react-native-sdk 20.1.0,sdk_releases.csv,company-own (technical)
2026-05-07,incident,incident (minor): Agent Console auto model errors,incidents.csv,company-own (operational)
2026-05-07,incident,incident (minor): SMS Delivery Delays to Multiple Countries in Europe,incidents.csv,company-own (operational)
2026-05-08,filing,PRE 14A filed,filings.csv,statutory (SEC)
2026-05-08,incident,incident (minor): US05 Processing Latency,incidents.csv,company-own (operational)
2026-05-11,infrastructure,host provisioned: openlab.braze.com,subdomains.csv,infrastructure (CT)
2026-05-13,release,braze-cordova-sdk 16.0.1,sdk_releases.csv,company-own (technical)
2026-05-14,filing,SCHEDULE 13G/A filed,filings.csv,statutory (SEC)
2026-05-18,filing,ARS filed,filings.csv,statutory (SEC)
2026-05-18,filing,DEFA14A filed,filings.csv,statutory (SEC)
2026-05-18,filing,DEF 14A filed,filings.csv,statutory (SEC)
2026-05-19,filing,4 filed,filings.csv,statutory (SEC)
2026-05-19,filing,4 filed,filings.csv,statutory (SEC)
2026-05-19,filing,4 filed,filings.csv,statutory (SEC)
2026-05-19,filing,4 filed,filings.csv,statutory (SEC)
2026-05-19,filing,4 filed,filings.csv,statutory (SEC)
2026-05-19,filing,4 filed,filings.csv,statutory (SEC)
2026-05-19,filing,4 filed,filings.csv,statutory (SEC)
2026-05-20,release,public repo created: redis-cluster-client,repos.csv,company-own (technical)
2026-05-22,incident,incident (minor): US01 and EU01 Processing Latency,incidents.csv,company-own (operational)
2026-05-26,infrastructure,host provisioned: pub-services.fra.braze.eu,subdomains.csv,infrastructure (CT)
2026-05-26,infrastructure,host provisioned: pub-services.iad.appboy.com,subdomains.csv,infrastructure (CT)
2026-05-26,infrastructure,host provisioned: pub-services.iad.appboy.eu,subdomains.csv,infrastructure (CT)
2026-05-26,infrastructure,host provisioned: pub-services.iad.braze.com,subdomains.csv,infrastructure (CT)
2026-05-26,infrastructure,host provisioned: pub-services.iad.braze.eu,subdomains.csv,infrastructure (CT)
2026-05-26,release,braze-swift-sdk 14.2.0,sdk_releases.csv,company-own (technical)
2026-05-26,release,braze-swift-sdk-prebuilt-dynamic 14.2.0,sdk_releases.csv,company-own (technical)
2026-05-26,release,braze-swift-sdk-prebuilt-static 14.2.0,sdk_releases.csv,company-own (technical)
2026-05-26,release,braze-swift-sdk-prebuilt-mergeable 14.2.0,sdk_releases.csv,company-own (technical)
2026-05-27,filing,"8-K filed (2.02,5.02,9.01)",filings.csv,statutory (SEC)
2026-05-28,filing,10-Q filed,filings.csv,statutory (SEC)
2026-05-28,release,braze-swift-sdk 14.2.1,sdk_releases.csv,company-own (technical)
2026-05-28,release,braze-android-sdk v42.3.0,sdk_releases.csv,company-own (technical)
2026-05-28,release,braze-swift-sdk-prebuilt-dynamic 14.2.1,sdk_releases.csv,company-own (technical)
2026-05-28,release,braze-swift-sdk-prebuilt-static 14.2.1,sdk_releases.csv,company-own (technical)
2026-05-28,release,braze-swift-sdk-prebuilt-mergeable 14.2.1,sdk_releases.csv,company-own (technical)
2026-05-29,filing,3 filed,filings.csv,statutory (SEC)
2026-06-01,filing,144 filed,filings.csv,statutory (SEC)
2026-06-02,filing,4 filed,filings.csv,statutory (SEC)
2026-06-02,release,braze-swift-sdk 15.0.0,sdk_releases.csv,company-own (technical)
2026-06-02,release,braze-android-sdk v42.3.1,sdk_releases.csv,company-own (technical)
2026-06-02,release,braze-swift-sdk-prebuilt-dynamic 15.0.0,sdk_releases.csv,company-own (technical)
2026-06-02,release,braze-swift-sdk-prebuilt-static 15.0.0,sdk_releases.csv,company-own (technical)
2026-06-02,release,braze-swift-sdk-prebuilt-mergeable 15.0.0,sdk_releases.csv,company-own (technical)
2026-06-03,release,braze-swift-sdk 15.0.1,sdk_releases.csv,company-own (technical)
2026-06-03,release,braze-swift-sdk-prebuilt-dynamic 15.0.1,sdk_releases.csv,company-own (technical)
2026-06-03,release,braze-swift-sdk-prebuilt-static 15.0.1,sdk_releases.csv,company-own (technical)
2026-06-03,release,braze-swift-sdk-prebuilt-mergeable 15.0.1,sdk_releases.csv,company-own (technical)
2026-06-04,infrastructure,host provisioned: api.gpt-at-braze.k8s.tools-001.d-use-1.braze.com,subdomains.csv,infrastructure (CT)
2026-06-04,infrastructure,host provisioned: brz-ai-dev.braze.com,subdomains.csv,infrastructure (CT)
2026-06-04,infrastructure,host provisioned: caboodle-backend.k8s.test-001.d-usw-2.braze.com,subdomains.csv,infrastructure (CT)
2026-06-04,infrastructure,host provisioned: cc-sdk-01.k8s.cluster-001.p-apse-3.braze.com,subdomains.csv,infrastructure (CT)
2026-06-04,infrastructure,host provisioned: clickhouse-connect.k8s.region-001.p-aze-us.braze.com,subdomains.csv,infrastructure (CT)
2026-06-04,infrastructure,host provisioned: cpaas-chat.k8s.cluster-001.d-use-1.braze.com,subdomains.csv,infrastructure (CT)
2026-06-04,infrastructure,host provisioned: elasticsearch-test.k8s.test-001.t-usw-2.braze.com,subdomains.csv,infrastructure (CT)
2026-06-04,infrastructure,host provisioned: fleet-diagnostic-logs.braze.com,subdomains.csv,infrastructure (CT)
2026-06-04,infrastructure,host provisioned: go-apis-mongo.k8s.cluster-001.s-use-1.braze.com,subdomains.csv,infrastructure (CT)
2026-06-04,infrastructure,host provisioned: internal-rest.id-01.braze.com,subdomains.csv,infrastructure (CT)
2026-06-04,infrastructure,host provisioned: internal-rest.us-09.braze.com,subdomains.csv,infrastructure (CT)
2026-06-04,infrastructure,host provisioned: kibana-test.k8s.test-001.t-usw-2.braze.com,subdomains.csv,infrastructure (CT)
2026-06-04,infrastructure,host provisioned: playwright.k8s.region-001.d-use-1.braze.com,subdomains.csv,infrastructure (CT)
2026-06-04,infrastructure,host provisioned: playwright.k8s.region-001.p-apse-2.braze.com,subdomains.csv,infrastructure (CT)
2026-06-04,infrastructure,host provisioned: playwright.k8s.region-001.p-aze-us.braze.com,subdomains.csv,infrastructure (CT)
2026-06-04,infrastructure,host provisioned: playwright.k8s.region-001.p-use-1.braze.com,subdomains.csv,infrastructure (CT)
2026-06-04,infrastructure,host provisioned: playwright.k8s.region-001.s-aze-us.braze.com,subdomains.csv,infrastructure (CT)
2026-06-04,infrastructure,host provisioned: playwright.k8s.region-001.s-euc-1.braze.com,subdomains.csv,infrastructure (CT)
2026-06-04,infrastructure,host provisioned: playwright.k8s.region-001.s-use-1.braze.com,subdomains.csv,infrastructure (CT)
2026-06-04,infrastructure,host provisioned: rest-01-internal-app.k8s.cluster-001.p-apse-3.braze.com,subdomains.csv,infrastructure (CT)
2026-06-04,infrastructure,host provisioned: rest-01-internal.id-01.braze.com,subdomains.csv,infrastructure (CT)
2026-06-04,infrastructure,host provisioned: rest-09-internal-app.k8s.cluster-009.p-use-1.braze.com,subdomains.csv,infrastructure (CT)
2026-06-04,infrastructure,host provisioned: rest-09-internal.braze.com,subdomains.csv,infrastructure (CT)
2026-06-04,infrastructure,host provisioned: rest-09.k8s.cluster-009.p-use-1.braze.com,subdomains.csv,infrastructure (CT)
2026-06-04,infrastructure,host provisioned: rest-bulk.k8s.cluster-001.p-apse-3.braze.com,subdomains.csv,infrastructure (CT)
2026-06-04,infrastructure,host provisioned: sdk-01.k8s.cluster-001.p-apse-3.braze.com,subdomains.csv,infrastructure (CT)
2026-06-04,infrastructure,host provisioned: url-shortener-redirect-svc.k8s.region-001.d-use-1.braze.com,subdomains.csv,infrastructure (CT)
2026-06-04,infrastructure,host provisioned: webhook.k8s.region-001.d-use-1.braze.com,subdomains.csv,infrastructure (CT)
2026-06-05,filing,SCHEDULE 13G filed,filings.csv,statutory (SEC)
2026-06-05,infrastructure,host provisioned: bifrost.infra.braze.com,subdomains.csv,infrastructure (CT)
2026-06-05,infrastructure,host provisioned: churn-pangolin.k8s.cluster-001.p-apne-2.braze.com,subdomains.csv,infrastructure (CT)
2026-06-05,infrastructure,host provisioned: churn-pangolin.kr-01.braze.com,subdomains.csv,infrastructure (CT)
2026-06-05,infrastructure,host provisioned: echo.k8s.cluster-001.s-aze-us.braze.com,subdomains.csv,infrastructure (CT)
2026-06-05,infrastructure,host provisioned: go-apis-mongo.k8s.cluster-001.p-use-1.braze.com,subdomains.csv,infrastructure (CT)
2026-06-05,infrastructure,host provisioned: go-apis-mongo.k8s.cluster-003.p-use-1.braze.com,subdomains.csv,infrastructure (CT)
2026-06-05,infrastructure,host provisioned: go-apis-mongo.k8s.cluster-004.p-use-1.braze.com,subdomains.csv,infrastructure (CT)
2026-06-05,infrastructure,host provisioned: go-apis-mongo.k8s.cluster-005.p-use-1.braze.com,subdomains.csv,infrastructure (CT)
2026-06-05,infrastructure,host provisioned: go-apis-mongo.k8s.cluster-006.p-use-1.braze.com,subdomains.csv,infrastructure (CT)
2026-06-05,infrastructure,host provisioned: go-apis-mongo.k8s.cluster-007.p-use-1.braze.com,subdomains.csv,infrastructure (CT)
2026-06-05,infrastructure,host provisioned: intel-jupyterhub.k8s.cluster-001.p-apne-2.braze.com,subdomains.csv,infrastructure (CT)
2026-06-05,infrastructure,host provisioned: intel-jupyterhub.k8s.region-001.p-apse-2.braze.com,subdomains.csv,infrastructure (CT)
2026-06-05,infrastructure,host provisioned: intel-rabbitmq.k8s.cluster-001.p-apne-2.braze.com,subdomains.csv,infrastructure (CT)
2026-06-05,infrastructure,host provisioned: intel-rabbitmq.k8s.region-001.p-apse-2.braze.com,subdomains.csv,infrastructure (CT)
2026-06-05,infrastructure,host provisioned: itp-api.au-01.braze.com,subdomains.csv,infrastructure (CT)
2026-06-05,infrastructure,host provisioned: itp-api.k8s.cluster-001.p-apne-2.braze.com,subdomains.csv,infrastructure (CT)
2026-06-05,infrastructure,host provisioned: itp-api.k8s.region-001.p-apse-2.braze.com,subdomains.csv,infrastructure (CT)
2026-06-05,infrastructure,host provisioned: itp-api.kr-01.braze.com,subdomains.csv,infrastructure (CT)
2026-06-05,infrastructure,host provisioned: pds.development.braze.com,subdomains.csv,infrastructure (CT)
2026-06-05,infrastructure,host provisioned: platform-deployment-service.k8s.tools-001.d-use-1.braze.com,subdomains.csv,infrastructure (CT)
2026-06-05,infrastructure,host provisioned: prometheus.k8s.cluster-001.s-use-1.braze.com,subdomains.csv,infrastructure (CT)
2026-06-05,infrastructure,host provisioned: public-screenshotter.k8s.tools-001.d-use-1.braze.com,subdomains.csv,infrastructure (CT)
2026-06-05,infrastructure,host provisioned: reportportal.k8s.core-001.cd-use-1.braze.com,subdomains.csv,infrastructure (CT)
2026-06-05,infrastructure,host provisioned: screenshotter.k8s.tools-001.d-use-1.braze.com,subdomains.csv,infrastructure (CT)
2026-06-06,infrastructure,host provisioned: churn-pangolin.s-use-1.braze.com,subdomains.csv,infrastructure (CT)
2026-06-06,infrastructure,host provisioned: devinole.braze.com,subdomains.csv,infrastructure (CT)
2026-06-06,infrastructure,host provisioned: echo-server-internal.k8s.test-001.d-usw-2.braze.com,subdomains.csv,infrastructure (CT)
2026-06-06,infrastructure,host provisioned: echo-server-public.k8s.test-001.d-usw-2.braze.com,subdomains.csv,infrastructure (CT)
2026-06-06,infrastructure,host provisioned: example-ruby-service-other.k8s.test-001.d-usw-2.braze.com,subdomains.csv,infrastructure (CT)
2026-06-06,infrastructure,host provisioned: intel-jupyterhub.k8s.region-001.d-use-1.braze.com,subdomains.csv,infrastructure (CT)
2026-06-06,infrastructure,host provisioned: jenkins.i-use-1.braze.com,subdomains.csv,infrastructure (CT)
2026-06-06,infrastructure,host provisioned: kamaji-api.k8s.test-005.t-usw-2.braze.com,subdomains.csv,infrastructure (CT)
2026-06-06,infrastructure,host provisioned: kamaji-ui.k8s.test-005.t-usw-2.braze.com,subdomains.csv,infrastructure (CT)
2026-06-06,infrastructure,host provisioned: resources.braze.com,subdomains.csv,infrastructure (CT)
2026-06-06,infrastructure,host provisioned: rest-01-secondary.k8s.cluster-001.p-apse-2.braze.com,subdomains.csv,infrastructure (CT)
2026-06-06,infrastructure,host provisioned: rest-01.k8s.cluster-001.p-apse-2.braze.com,subdomains.csv,infrastructure (CT)
2026-06-06,infrastructure,host provisioned: rest-responder.k8s.cluster-001.s-aze-us.braze.com,subdomains.csv,infrastructure (CT)
2026-06-06,infrastructure,host provisioned: sdk-01.k8s.cluster-001.p-apse-2.braze.com,subdomains.csv,infrastructure (CT)
2026-06-06,infrastructure,host provisioned: sdk-02.braze.com,subdomains.csv,infrastructure (CT)
2026-06-06,infrastructure,host provisioned: sdk-02.k8s.cluster-002.p-use-1.braze.com,subdomains.csv,infrastructure (CT)
2026-06-06,infrastructure,host provisioned: sf-proxy-internal.d-usw-2.braze.com,subdomains.csv,infrastructure (CT)
2026-06-06,infrastructure,host provisioned: tenant.k8s.cluster-001.p-apne-2.braze.com,subdomains.csv,infrastructure (CT)
2026-06-06,infrastructure,host provisioned: webhook-partners.k8s.region-001.d-use-1.braze.com,subdomains.csv,infrastructure (CT)
2026-06-06,infrastructure,host provisioned: webinole.k8s.tools-001.d-use-1.braze.com,subdomains.csv,infrastructure (CT)
2026-06-07,infrastructure,host provisioned: argocd-dev.k8s.test-001.t-usw-2.braze.com,subdomains.csv,infrastructure (CT)
2026-06-07,infrastructure,host provisioned: dashboard-02.braze.com,subdomains.csv,infrastructure (CT)
2026-06-07,infrastructure,host provisioned: dashboard-us02.k8s.cluster-002.p-use-1.braze.com,subdomains.csv,infrastructure (CT)
2026-06-07,infrastructure,host provisioned: dashboard.k8s.cluster-002.p-use-1.braze.com,subdomains.csv,infrastructure (CT)
2026-06-07,infrastructure,host provisioned: dataexport-user-profiles.k8s.cluster-001.s-use-1.braze.com,subdomains.csv,infrastructure (CT)
2026-06-07,infrastructure,host provisioned: echo-server-secure.k8s.test-001.t-usw-2.braze.com,subdomains.csv,infrastructure (CT)
2026-06-07,infrastructure,host provisioned: event-replay-hipaa.k8s.region-001.p-use-1.braze.com,subdomains.csv,infrastructure (CT)
2026-06-07,infrastructure,host provisioned: go-apis-rest.k8s.cluster-001.p-apne-2.braze.com,subdomains.csv,infrastructure (CT)
2026-06-07,infrastructure,host provisioned: gpr.k8s.tools-001.s-use-1.braze.com,subdomains.csv,infrastructure (CT)
2026-06-07,infrastructure,host provisioned: grafana.k8s.test-001.t-usw-2.braze.com,subdomains.csv,infrastructure (CT)
2026-06-07,infrastructure,host provisioned: podinfo-canary.k8s.test-001.t-usw-2.braze.com,subdomains.csv,infrastructure (CT)
2026-06-07,infrastructure,host provisioned: podinfo.k8s.test-001.t-usw-2.braze.com,subdomains.csv,infrastructure (CT)
2026-06-07,infrastructure,host provisioned: polaris.k8s.cluster-001.s-aze-us.braze.com,subdomains.csv,infrastructure (CT)
2026-06-07,infrastructure,host provisioned: polaris.k8s.region-001.p-aze-us.braze.com,subdomains.csv,infrastructure (CT)
2026-06-07,infrastructure,host provisioned: polaris.k8s.region-001.s-aze-us.braze.com,subdomains.csv,infrastructure (CT)
2026-06-07,infrastructure,host provisioned: prometheus-pushgateway.k8s.test-001.t-usw-2.braze.com,subdomains.csv,infrastructure (CT)
2026-06-07,infrastructure,host provisioned: prometheus.k8s.test-001.t-usw-2.braze.com,subdomains.csv,infrastructure (CT)
2026-06-07,infrastructure,host provisioned: rest-bulk.k8s.cluster-001.p-use-1.braze.com,subdomains.csv,infrastructure (CT)
2026-06-07,infrastructure,host provisioned: subcenter-us02.k8s.cluster-002.p-use-1.braze.com,subdomains.csv,infrastructure (CT)
2026-06-07,infrastructure,host provisioned: subcenter.k8s.cluster-002.p-use-1.braze.com,subdomains.csv,infrastructure (CT)
2026-06-07,infrastructure,host provisioned: testkube.k8s.test-001.t-usw-2.braze.com,subdomains.csv,infrastructure (CT)
2026-06-07,infrastructure,host provisioned: thanos-bucket.k8s.test-001.t-usw-2.braze.com,subdomains.csv,infrastructure (CT)
2026-06-07,infrastructure,host provisioned: thanos-grpc-query.k8s.test-001.t-usw-2.braze.com,subdomains.csv,infrastructure (CT)
2026-06-07,infrastructure,host provisioned: thanos-query-frontend-http.k8s.test-001.t-usw-2.braze.com,subdomains.csv,infrastructure (CT)
2026-06-07,infrastructure,host provisioned: thanos-query.k8s.test-001.t-usw-2.braze.com,subdomains.csv,infrastructure (CT)
2026-06-07,infrastructure,host provisioned: thanos-store.k8s.test-001.t-usw-2.braze.com,subdomains.csv,infrastructure (CT)
2026-06-08,infrastructure,host provisioned: airflow-datalake.k8s.cluster-001.p-apne-2.braze.com,subdomains.csv,infrastructure (CT)
2026-06-08,infrastructure,host provisioned: argo-rollouts.k8s.test-001.t-usw-2.braze.com,subdomains.csv,infrastructure (CT)
2026-06-08,infrastructure,host provisioned: bifrost.d-use-1.braze.com,subdomains.csv,infrastructure (CT)
2026-06-08,infrastructure,host provisioned: dataexport-test-hipaa.k8s.region-001.p-use-1.braze.com,subdomains.csv,infrastructure (CT)
2026-06-08,infrastructure,host provisioned: html-iam-templating-engine.k8s.region-001.p-aze-us.braze.com,subdomains.csv,infrastructure (CT)
2026-06-08,infrastructure,host provisioned: rollouts-demo.k8s.test-001.t-usw-2.braze.com,subdomains.csv,infrastructure (CT)
2026-06-08,infrastructure,host provisioned: scim.braze.com,subdomains.csv,infrastructure (CT)
2026-06-08,release,braze-react-native-sdk 21.0.0,sdk_releases.csv,company-own (technical)
2026-06-09,filing,4 filed,filings.csv,statutory (SEC)
2026-06-09,infrastructure,host provisioned: cc-sdk-01.k8s.cluster-001.p-apse-2.braze.com,subdomains.csv,infrastructure (CT)
2026-06-09,infrastructure,host provisioned: clickhouse-atlantis.k8s.tools-001.p-use-1.braze.com,subdomains.csv,infrastructure (CT)
2026-06-09,infrastructure,host provisioned: clickhouse-connect.k8s.cluster-010.p-use-1.braze.com,subdomains.csv,infrastructure (CT)
2026-06-09,infrastructure,host provisioned: clickhouse-connect.k8s.region-001.p-apse-2.braze.com,subdomains.csv,infrastructure (CT)
2026-06-09,infrastructure,host provisioned: clickhouse-connect.k8s.region-001.p-use-1.braze.com,subdomains.csv,infrastructure (CT)
2026-06-09,infrastructure,host provisioned: cpaas-callback-service.k8s.cluster-004.p-use-1.braze.com,subdomains.csv,infrastructure (CT)
2026-06-09,infrastructure,host provisioned: dataexport-standard-hipaa.k8s.region-001.p-use-1.braze.com,subdomains.csv,infrastructure (CT)
2026-06-09,infrastructure,host provisioned: diagnostic-logs-api.k8s.region-001.d-use-1.braze.com,subdomains.csv,infrastructure (CT)
2026-06-09,infrastructure,host provisioned: events.braze.com,subdomains.csv,infrastructure (CT)
2026-06-09,infrastructure,host provisioned: fallback.iad-01.braze.com,subdomains.csv,infrastructure (CT)
2026-06-09,infrastructure,host provisioned: intel-rabbitmq.k8s.region-001.s-aze-us.braze.com,subdomains.csv,infrastructure (CT)
2026-06-09,infrastructure,host provisioned: internal-rest.kr-01.braze.com,subdomains.csv,infrastructure (CT)
2026-06-09,infrastructure,host provisioned: rest-01-internal-app.k8s.cluster-001.p-apne-2.braze.com,subdomains.csv,infrastructure (CT)
2026-06-09,infrastructure,host provisioned: rest-01-internal.kr-01.braze.com,subdomains.csv,infrastructure (CT)
2026-06-10,infrastructure,host provisioned: airflow.k8s.cluster-001.p-apse-3.braze.com,subdomains.csv,infrastructure (CT)
2026-06-10,infrastructure,host provisioned: cpaas-callback-service.k8s.cluster-001.p-apse-2.braze.com,subdomains.csv,infrastructure (CT)
2026-06-10,infrastructure,host provisioned: cpaas-callback-service.k8s.cluster-002.p-use-1.braze.com,subdomains.csv,infrastructure (CT)
2026-06-10,infrastructure,host provisioned: cpaas-callback-service.k8s.cluster-003.p-use-1.braze.com,subdomains.csv,infrastructure (CT)
2026-06-10,infrastructure,host provisioned: dataexport-backup-connector-hipaa.k8s.region-001.p-use-1.braze.com,subdomains.csv,infrastructure (CT)
2026-06-10,infrastructure,host provisioned: dataexport-standard.k8s.cluster-001.p-aze-us.braze.com,subdomains.csv,infrastructure (CT)
2026-06-10,infrastructure,host provisioned: dataexport-standard.k8s.region-001.p-use-1.braze.com,subdomains.csv,infrastructure (CT)
2026-06-10,infrastructure,host provisioned: dataexport-test.k8s.cluster-001.p-aze-us.braze.com,subdomains.csv,infrastructure (CT)
2026-06-10,infrastructure,host provisioned: dataexport-test.k8s.region-001.p-use-1.braze.com,subdomains.csv,infrastructure (CT)
2026-06-10,infrastructure,host provisioned: dscs.k8s.tools-001.p-use-1.braze.com,subdomains.csv,infrastructure (CT)
2026-06-10,infrastructure,host provisioned: dscs.k8s.tools-001.s-use-1.braze.com,subdomains.csv,infrastructure (CT)
2026-06-10,infrastructure,host provisioned: html-iam-templating-engine.k8s.tools-001.d-use-1.braze.com,subdomains.csv,infrastructure (CT)
2026-06-10,infrastructure,host provisioned: internal-tools-queue-cache.id-01.braze.com,subdomains.csv,infrastructure (CT)
2026-06-10,infrastructure,host provisioned: internal-tools-queue-cache.k8s.cluster-001.p-apse-3.braze.com,subdomains.csv,infrastructure (CT)
2026-06-10,infrastructure,host provisioned: internal-tools.k8s.cluster-001.p-apse-3.braze.com,subdomains.csv,infrastructure (CT)
2026-06-10,infrastructure,host provisioned: internal.id-01.braze.com,subdomains.csv,infrastructure (CT)
2026-06-10,infrastructure,host provisioned: navi.k8s.region-001.s-use-1.braze.com,subdomains.csv,infrastructure (CT)
2026-06-10,infrastructure,host provisioned: openbao.k8s.core-001.cp-use-1.braze.com,subdomains.csv,infrastructure (CT)
2026-06-10,infrastructure,host provisioned: rits.k8s.cluster-001.p-apse-3.braze.com,subdomains.csv,infrastructure (CT)
2026-06-10,infrastructure,host provisioned: rits.k8s.region-001.p-apse-2.braze.com,subdomains.csv,infrastructure (CT)
2026-06-10,infrastructure,host provisioned: sf-proxy.infra.braze.com,subdomains.csv,infrastructure (CT)
2026-06-11,infrastructure,host provisioned: airflow.k8s.region-001.p-apse-2.braze.com,subdomains.csv,infrastructure (CT)
2026-06-11,infrastructure,host provisioned: caboodle.k8s.test-001.d-usw-2.braze.com,subdomains.csv,infrastructure (CT)
2026-06-11,infrastructure,host provisioned: community.braze.com,subdomains.csv,infrastructure (CT)
2026-06-11,infrastructure,host provisioned: devopsbot.infra.braze.com,subdomains.csv,infrastructure (CT)
2026-06-11,infrastructure,host provisioned: devopsbot.k8s.core-001.cp-use-1.braze.com,subdomains.csv,infrastructure (CT)
2026-06-11,infrastructure,host provisioned: mdb-opsmgr.k8s.test-003.t-usw-2.braze.com,subdomains.csv,infrastructure (CT)
2026-06-11,release,braze-swift-sdk 15.1.0,sdk_releases.csv,company-own (technical)
2026-06-11,release,braze-swift-sdk-prebuilt-dynamic 15.1.0,sdk_releases.csv,company-own (technical)
2026-06-11,release,braze-swift-sdk-prebuilt-static 15.1.0,sdk_releases.csv,company-own (technical)
2026-06-11,release,braze-swift-sdk-prebuilt-mergeable 15.1.0,sdk_releases.csv,company-own (technical)
2026-06-12,incident,incident (minor): WhatsApp Degraded Performance,incidents.csv,company-own (operational)
2026-06-12,infrastructure,host provisioned: argocd.k8s.core-001.cp-use-1.braze.com,subdomains.csv,infrastructure (CT)
2026-06-12,infrastructure,host provisioned: dust.k8s.cluster-004.p-use-1.braze.com,subdomains.csv,infrastructure (CT)
2026-06-12,infrastructure,host provisioned: dust2.k8s.cluster-004.p-use-1.braze.com,subdomains.csv,infrastructure (CT)
2026-06-12,infrastructure,host provisioned: eck-cluster-staging.k8s.stc-001.s-use-1.braze.com,subdomains.csv,infrastructure (CT)
2026-06-12,infrastructure,host provisioned: html-iam-templating-engine.k8s.cluster-001.p-apne-2.braze.com,subdomains.csv,infrastructure (CT)
2026-06-12,infrastructure,host provisioned: internal-tools.k8s.cluster-001.p-apne-2.braze.com,subdomains.csv,infrastructure (CT)
2026-06-12,infrastructure,host provisioned: internal-tools.k8s.region-001.p-apse-2.braze.com,subdomains.csv,infrastructure (CT)
2026-06-12,infrastructure,host provisioned: internal.au.braze.com,subdomains.csv,infrastructure (CT)
2026-06-12,infrastructure,host provisioned: internal.kr-01.braze.com,subdomains.csv,infrastructure (CT)
2026-06-12,infrastructure,host provisioned: kafka-ui.k8s.cluster-001.d-use-1.braze.com,subdomains.csv,infrastructure (CT)
2026-06-12,infrastructure,host provisioned: kibana-eck-staging.k8s.stc-001.s-use-1.braze.com,subdomains.csv,infrastructure (CT)
2026-06-12,infrastructure,host provisioned: podinfo-canary.k8s.test-003.t-usw-2.braze.com,subdomains.csv,infrastructure (CT)
2026-06-12,infrastructure,host provisioned: prometheus.k8s.infra-001.i-use-1.braze.com,subdomains.csv,infrastructure (CT)
2026-06-12,infrastructure,host provisioned: prometheus.k8s.region-001.s-use-1.braze.com,subdomains.csv,infrastructure (CT)
2026-06-12,infrastructure,host provisioned: prometheus.k8s.tools-001.s-use-1.braze.com,subdomains.csv,infrastructure (CT)
2026-06-12,infrastructure,host provisioned: rits.k8s.cluster-001.p-apne-2.braze.com,subdomains.csv,infrastructure (CT)
2026-06-12,infrastructure,host provisioned: rundeck.braze.com,subdomains.csv,infrastructure (CT)
2026-06-12,infrastructure,host provisioned: rundeck.infra.braze.com,subdomains.csv,infrastructure (CT)
2026-06-12,infrastructure,host provisioned: rundeck.k8s.core-001.cp-use-1.braze.com,subdomains.csv,infrastructure (CT)
2026-06-12,infrastructure,host provisioned: tenant.k8s.cluster-001.p-apse-3.braze.com,subdomains.csv,infrastructure (CT)
2026-06-13,infrastructure,host provisioned: dataexport-backup-connector.k8s.cluster-001.p-aze-us.braze.com,subdomains.csv,infrastructure (CT)
2026-06-13,infrastructure,host provisioned: dataexport-backup-connector.k8s.region-001.p-use-1.braze.com,subdomains.csv,infrastructure (CT)
2026-06-13,infrastructure,host provisioned: grafana.k8s.region-001.s-use-1.braze.com,subdomains.csv,infrastructure (CT)
2026-06-13,infrastructure,host provisioned: internal-tools-queue-cache.k8s.cluster-001.p-apne-2.braze.com,subdomains.csv,infrastructure (CT)
2026-06-13,infrastructure,host provisioned: internal-tools-queue-cache.kr-01.braze.com,subdomains.csv,infrastructure (CT)
2026-06-13,infrastructure,host provisioned: itp-api.braze.com,subdomains.csv,infrastructure (CT)
2026-06-13,infrastructure,host provisioned: itp-api.k8s.region-001.p-use-1.braze.com,subdomains.csv,infrastructure (CT)
2026-06-13,infrastructure,host provisioned: thanos-bucket.k8s.cluster-004.p-use-1.braze.com,subdomains.csv,infrastructure (CT)
2026-06-13,infrastructure,host provisioned: thanos-grpc-query.k8s.cluster-004.p-use-1.braze.com,subdomains.csv,infrastructure (CT)
2026-06-13,infrastructure,host provisioned: thanos-query.k8s.cluster-004.p-use-1.braze.com,subdomains.csv,infrastructure (CT)
2026-06-14,infrastructure,host provisioned: cdn-staging.braze.com,subdomains.csv,infrastructure (CT)
2026-06-14,infrastructure,host provisioned: cdn.braze.com,subdomains.csv,infrastructure (CT)
2026-06-14,infrastructure,host provisioned: churn-pangolin.d-use-1.braze.com,subdomains.csv,infrastructure (CT)
2026-06-14,infrastructure,host provisioned: consul.k8s.core-001.cd-use-1.braze.com,subdomains.csv,infrastructure (CT)
2026-06-14,infrastructure,host provisioned: data-lake-streaming-connect.k8s.cluster-001.p-apne-2.braze.com,subdomains.csv,infrastructure (CT)
2026-06-14,infrastructure,host provisioned: data-lake-user-profile-connect.k8s.cluster-001.p-apne-2.braze.com,subdomains.csv,infrastructure (CT)
2026-06-14,infrastructure,host provisioned: dataexport-canary.k8s.cluster-001.d-use-1.braze.com,subdomains.csv,infrastructure (CT)
2026-06-14,infrastructure,host provisioned: dataexport-canary.k8s.cluster-001.p-apne-1.braze.com,subdomains.csv,infrastructure (CT)
2026-06-14,infrastructure,host provisioned: dataexport-canary.k8s.cluster-001.p-apne-2.braze.com,subdomains.csv,infrastructure (CT)
2026-06-14,infrastructure,host provisioned: go.braze.com,subdomains.csv,infrastructure (CT)
2026-06-14,infrastructure,host provisioned: html-iam-templating-engine.k8s.region-001.d-use-1.braze.com,subdomains.csv,infrastructure (CT)
2026-06-14,infrastructure,host provisioned: itp-api.development.braze.com,subdomains.csv,infrastructure (CT)
2026-06-14,infrastructure,host provisioned: itp-api.k8s.region-001.d-use-1.braze.com,subdomains.csv,infrastructure (CT)
2026-06-14,infrastructure,host provisioned: kirby.k8s.cluster-001.p-apne-2.braze.com,subdomains.csv,infrastructure (CT)
2026-06-14,infrastructure,host provisioned: sondheim.braze.com,subdomains.csv,infrastructure (CT)
2026-06-14,infrastructure,host provisioned: tenant.k8s.region-001.d-use-1.braze.com,subdomains.csv,infrastructure (CT)
2026-06-14,infrastructure,host provisioned: thanos-bucket.k8s.cluster-003.p-use-1.braze.com,subdomains.csv,infrastructure (CT)
2026-06-15,infrastructure,host provisioned: change-management.k8s.tools-001.d-use-1.braze.com,subdomains.csv,infrastructure (CT)
2026-06-15,infrastructure,host provisioned: dataexport-behaviors.k8s.cluster-001.s-use-1.braze.com,subdomains.csv,infrastructure (CT)
2026-06-15,infrastructure,host provisioned: dataexport-canary.k8s.cluster-001.p-aze-us.braze.com,subdomains.csv,infrastructure (CT)
2026-06-15,infrastructure,host provisioned: dataexport-engagement.k8s.cluster-001.s-use-1.braze.com,subdomains.csv,infrastructure (CT)
2026-06-15,infrastructure,host provisioned: dataexport-messaging.k8s.cluster-001.s-use-1.braze.com,subdomains.csv,infrastructure (CT)
2026-06-15,infrastructure,host provisioned: intel-rabbitmq.k8s.cluster-001.p-apse-3.braze.com,subdomains.csv,infrastructure (CT)
2026-06-15,infrastructure,host provisioned: intel-rabbitmq.k8s.region-001.d-use-1.braze.com,subdomains.csv,infrastructure (CT)
2026-06-15,infrastructure,host provisioned: internal-dashboard-01.braze.com,subdomains.csv,infrastructure (CT)
2026-06-15,infrastructure,host provisioned: internal-dashboard-us01.k8s.cluster-001.p-use-1.braze.com,subdomains.csv,infrastructure (CT)
2026-06-15,infrastructure,host provisioned: internal-dashboard.braze.com,subdomains.csv,infrastructure (CT)
2026-06-15,infrastructure,host provisioned: internal-dashboard.k8s.cluster-001.p-use-1.braze.com,subdomains.csv,infrastructure (CT)
2026-06-15,infrastructure,host provisioned: internal-tools.k8s.region-001.d-use-1.braze.com,subdomains.csv,infrastructure (CT)
2026-06-15,infrastructure,host provisioned: internal-tools.k8s.region-001.p-aze-us.braze.com,subdomains.csv,infrastructure (CT)
2026-06-15,infrastructure,host provisioned: internal.azure.braze.com,subdomains.csv,infrastructure (CT)
2026-06-15,infrastructure,host provisioned: internal.development.braze.com,subdomains.csv,infrastructure (CT)
2026-06-15,infrastructure,host provisioned: itp-api.id-01.braze.com,subdomains.csv,infrastructure (CT)
2026-06-15,infrastructure,host provisioned: itp-api.k8s.cluster-001.p-apse-3.braze.com,subdomains.csv,infrastructure (CT)
2026-06-15,infrastructure,host provisioned: kamaji-api-release.k8s.test-005.t-usw-2.braze.com,subdomains.csv,infrastructure (CT)
2026-06-15,infrastructure,host provisioned: kamaji-gha.platform.braze.com,subdomains.csv,infrastructure (CT)
2026-06-15,infrastructure,host provisioned: kamaji-github-release.k8s.test-005.t-usw-2.braze.com,subdomains.csv,infrastructure (CT)
2026-06-15,infrastructure,host provisioned: kamaji-ui-release.k8s.test-005.t-usw-2.braze.com,subdomains.csv,infrastructure (CT)
2026-06-15,infrastructure,host provisioned: kamaji.platform.braze.com,subdomains.csv,infrastructure (CT)
2026-06-15,infrastructure,host provisioned: kargo.k8s.core-001.cp-use-1.braze.com,subdomains.csv,infrastructure (CT)
2026-06-15,infrastructure,host provisioned: kirby-kafka-connect.k8s.cluster-001.p-apne-2.braze.com,subdomains.csv,infrastructure (CT)
2026-06-15,infrastructure,host provisioned: navi.k8s.cluster-001.p-apne-2.braze.com,subdomains.csv,infrastructure (CT)
2026-06-15,infrastructure,host provisioned: prometheus-pushgateway.k8s.cluster-005.p-use-1.braze.com,subdomains.csv,infrastructure (CT)
2026-06-15,infrastructure,host provisioned: rits.k8s.region-001.d-use-1.braze.com,subdomains.csv,infrastructure (CT)
2026-06-15,infrastructure,host provisioned: rits.k8s.region-001.p-aze-us.braze.com,subdomains.csv,infrastructure (CT)
2026-06-15,infrastructure,host provisioned: tenant.k8s.region-001.s-use-1.braze.com,subdomains.csv,infrastructure (CT)
2026-06-15,infrastructure,host provisioned: thanos-bucket.k8s.cluster-007.p-use-1.braze.com,subdomains.csv,infrastructure (CT)
2026-06-15,infrastructure,host provisioned: thanos-grpc-query.k8s.cluster-003.p-use-1.braze.com,subdomains.csv,infrastructure (CT)
2026-06-15,infrastructure,host provisioned: thanos-grpc-query.k8s.cluster-007.p-use-1.braze.com,subdomains.csv,infrastructure (CT)
2026-06-15,infrastructure,host provisioned: thanos-query.k8s.cluster-003.p-use-1.braze.com,subdomains.csv,infrastructure (CT)
2026-06-15,infrastructure,host provisioned: thanos-query.k8s.cluster-007.p-use-1.braze.com,subdomains.csv,infrastructure (CT)
2026-06-15,infrastructure,host provisioned: thanos-query.k8s.cluster-009.p-use-1.braze.com,subdomains.csv,infrastructure (CT)
2026-06-15,infrastructure,host provisioned: thanos-store.k8s.cluster-003.p-use-1.braze.com,subdomains.csv,infrastructure (CT)
2026-06-15,infrastructure,host provisioned: thanos-store.k8s.cluster-007.p-use-1.braze.com,subdomains.csv,infrastructure (CT)
2026-06-15,infrastructure,host provisioned: thanos-store.k8s.cluster-009.p-use-1.braze.com,subdomains.csv,infrastructure (CT)
2026-06-15,infrastructure,host provisioned: www.braze.com,subdomains.csv,infrastructure (CT)
2026-06-16,infrastructure,host provisioned: argo-rollouts.k8s.cluster-001.d-use-1.braze.com,subdomains.csv,infrastructure (CT)
2026-06-16,infrastructure,host provisioned: argo-rollouts.k8s.core-001.cd-use-1.braze.com,subdomains.csv,infrastructure (CT)
2026-06-16,infrastructure,host provisioned: argo-rollouts.k8s.region-001.d-use-1.braze.com,subdomains.csv,infrastructure (CT)
2026-06-16,infrastructure,host provisioned: argo-rollouts.k8s.stc-001.d-use-1.braze.com,subdomains.csv,infrastructure (CT)
2026-06-16,infrastructure,host provisioned: argo-rollouts.k8s.test-003.t-usw-2.braze.com,subdomains.csv,infrastructure (CT)
2026-06-16,infrastructure,host provisioned: argo-rollouts.k8s.tools-001.d-use-1.braze.com,subdomains.csv,infrastructure (CT)
2026-06-16,infrastructure,host provisioned: argocd.k8s.cluster-001.d-use-1.braze.com,subdomains.csv,infrastructure (CT)
2026-06-16,infrastructure,host provisioned: argocd.k8s.core-001.cd-use-1.braze.com,subdomains.csv,infrastructure (CT)
2026-06-16,infrastructure,host provisioned: argocd.k8s.region-001.d-use-1.braze.com,subdomains.csv,infrastructure (CT)
2026-06-16,infrastructure,host provisioned: argocd.k8s.stc-001.d-use-1.braze.com,subdomains.csv,infrastructure (CT)
2026-06-16,infrastructure,host provisioned: argocd.k8s.test-001.t-usw-2.braze.com,subdomains.csv,infrastructure (CT)
2026-06-16,infrastructure,host provisioned: argocd.k8s.test-003.t-usw-2.braze.com,subdomains.csv,infrastructure (CT)
2026-06-16,infrastructure,host provisioned: argocd.k8s.tools-001.d-use-1.braze.com,subdomains.csv,infrastructure (CT)
2026-06-16,infrastructure,host provisioned: itp-api-08.p-aze-us.braze.com,subdomains.csv,infrastructure (CT)
2026-06-16,infrastructure,host provisioned: itp-api.k8s.region-001.p-aze-us.braze.com,subdomains.csv,infrastructure (CT)
2026-06-16,infrastructure,host provisioned: pcedms-staging.cd-use-1.braze.com,subdomains.csv,infrastructure (CT)
2026-06-16,infrastructure,host provisioned: playwright.k8s.cluster-001.p-apne-2.braze.com,subdomains.csv,infrastructure (CT)
2026-06-16,infrastructure,host provisioned: sf-proxy-internal.d-use-1.braze.com,subdomains.csv,infrastructure (CT)
2026-06-16,infrastructure,host provisioned: tenant.k8s.region-001.p-use-1.braze.com,subdomains.csv,infrastructure (CT)
2026-06-16,infrastructure,host provisioned: thanos-bucket.k8s.cluster-009.p-use-1.braze.com,subdomains.csv,infrastructure (CT)
2026-06-16,infrastructure,host provisioned: thanos-bucket.k8s.infra-001.i-use-1.braze.com,subdomains.csv,infrastructure (CT)
2026-06-16,infrastructure,host provisioned: thanos-grpc-query.k8s.cluster-009.p-use-1.braze.com,subdomains.csv,infrastructure (CT)
2026-06-16,infrastructure,host provisioned: thanos-grpc-query.k8s.infra-001.i-use-1.braze.com,subdomains.csv,infrastructure (CT)
2026-06-16,infrastructure,host provisioned: thanos-query-frontend-http.k8s.infra-001.i-use-1.braze.com,subdomains.csv,infrastructure (CT)
2026-06-16,infrastructure,host provisioned: thanos-query.k8s.infra-001.i-use-1.braze.com,subdomains.csv,infrastructure (CT)
2026-06-16,infrastructure,host provisioned: thanos-store.k8s.infra-001.i-use-1.braze.com,subdomains.csv,infrastructure (CT)
2026-06-17,infrastructure,host provisioned: albumapp.k8s.tools-001.d-use-1.braze.com,subdomains.csv,infrastructure (CT)
2026-06-17,infrastructure,host provisioned: argo-rollouts.k8s.cluster-001.p-apne-1.braze.com,subdomains.csv,infrastructure (CT)
2026-06-17,infrastructure,host provisioned: argo-rollouts.k8s.cluster-001.p-apne-2.braze.com,subdomains.csv,infrastructure (CT)
2026-06-17,infrastructure,host provisioned: argo-rollouts.k8s.cluster-001.p-apse-2.braze.com,subdomains.csv,infrastructure (CT)
2026-06-17,infrastructure,host provisioned: argo-rollouts.k8s.cluster-001.p-apse-3.braze.com,subdomains.csv,infrastructure (CT)
2026-06-17,infrastructure,host provisioned: argo-rollouts.k8s.cluster-001.p-use-1.braze.com,subdomains.csv,infrastructure (CT)
2026-06-17,infrastructure,host provisioned: argo-rollouts.k8s.cluster-001.s-use-1.braze.com,subdomains.csv,infrastructure (CT)
2026-06-17,infrastructure,host provisioned: argo-rollouts.k8s.cluster-002.p-use-1.braze.com,subdomains.csv,infrastructure (CT)
2026-06-17,infrastructure,host provisioned: argo-rollouts.k8s.cluster-003.p-use-1.braze.com,subdomains.csv,infrastructure (CT)
2026-06-17,infrastructure,host provisioned: argo-rollouts.k8s.cluster-004.p-use-1.braze.com,subdomains.csv,infrastructure (CT)
2026-06-17,infrastructure,host provisioned: argo-rollouts.k8s.cluster-005.p-use-1.braze.com,subdomains.csv,infrastructure (CT)
2026-06-17,infrastructure,host provisioned: argo-rollouts.k8s.cluster-006.p-use-1.braze.com,subdomains.csv,infrastructure (CT)
2026-06-17,infrastructure,host provisioned: argo-rollouts.k8s.cluster-007.p-use-1.braze.com,subdomains.csv,infrastructure (CT)
2026-06-17,infrastructure,host provisioned: argo-rollouts.k8s.cluster-009.p-use-1.braze.com,subdomains.csv,infrastructure (CT)
2026-06-17,infrastructure,host provisioned: argo-rollouts.k8s.cluster-010.p-use-1.braze.com,subdomains.csv,infrastructure (CT)
2026-06-17,infrastructure,host provisioned: argo-rollouts.k8s.region-001.p-apse-2.braze.com,subdomains.csv,infrastructure (CT)
2026-06-17,infrastructure,host provisioned: argo-rollouts.k8s.region-001.p-use-1.braze.com,subdomains.csv,infrastructure (CT)
2026-06-17,infrastructure,host provisioned: argo-rollouts.k8s.region-001.s-use-1.braze.com,subdomains.csv,infrastructure (CT)
2026-06-17,infrastructure,host provisioned: argo-rollouts.k8s.stc-001.p-use-1.braze.com,subdomains.csv,infrastructure (CT)
2026-06-17,infrastructure,host provisioned: argo-rollouts.k8s.stc-001.s-use-1.braze.com,subdomains.csv,infrastructure (CT)
2026-06-17,infrastructure,host provisioned: argo-rollouts.k8s.stc-002.p-use-1.braze.com,subdomains.csv,infrastructure (CT)
2026-06-17,infrastructure,host provisioned: argo-rollouts.k8s.tools-001.p-use-1.braze.com,subdomains.csv,infrastructure (CT)
2026-06-17,infrastructure,host provisioned: argo-rollouts.k8s.tools-001.s-use-1.braze.com,subdomains.csv,infrastructure (CT)
2026-06-17,infrastructure,host provisioned: argocd.k8s.cluster-001.p-apne-1.braze.com,subdomains.csv,infrastructure (CT)
2026-06-17,infrastructure,host provisioned: argocd.k8s.cluster-001.p-apne-2.braze.com,subdomains.csv,infrastructure (CT)
2026-06-17,infrastructure,host provisioned: argocd.k8s.cluster-001.p-apse-2.braze.com,subdomains.csv,infrastructure (CT)
2026-06-17,infrastructure,host provisioned: argocd.k8s.cluster-001.p-apse-3.braze.com,subdomains.csv,infrastructure (CT)
2026-06-17,infrastructure,host provisioned: argocd.k8s.cluster-001.p-use-1.braze.com,subdomains.csv,infrastructure (CT)
2026-06-17,infrastructure,host provisioned: argocd.k8s.cluster-001.s-use-1.braze.com,subdomains.csv,infrastructure (CT)
2026-06-17,infrastructure,host provisioned: argocd.k8s.cluster-002.p-use-1.braze.com,subdomains.csv,infrastructure (CT)
2026-06-17,infrastructure,host provisioned: argocd.k8s.cluster-003.p-use-1.braze.com,subdomains.csv,infrastructure (CT)
2026-06-17,infrastructure,host provisioned: argocd.k8s.cluster-004.p-use-1.braze.com,subdomains.csv,infrastructure (CT)
2026-06-17,infrastructure,host provisioned: argocd.k8s.cluster-005.p-use-1.braze.com,subdomains.csv,infrastructure (CT)
2026-06-17,infrastructure,host provisioned: argocd.k8s.cluster-006.p-use-1.braze.com,subdomains.csv,infrastructure (CT)
2026-06-17,infrastructure,host provisioned: argocd.k8s.cluster-007.p-use-1.braze.com,subdomains.csv,infrastructure (CT)
2026-06-17,infrastructure,host provisioned: argocd.k8s.cluster-009.p-use-1.braze.com,subdomains.csv,infrastructure (CT)
2026-06-17,infrastructure,host provisioned: argocd.k8s.cluster-010.p-use-1.braze.com,subdomains.csv,infrastructure (CT)
2026-06-17,infrastructure,host provisioned: argocd.k8s.region-001.p-apse-2.braze.com,subdomains.csv,infrastructure (CT)
2026-06-17,infrastructure,host provisioned: argocd.k8s.region-001.p-use-1.braze.com,subdomains.csv,infrastructure (CT)
2026-06-17,infrastructure,host provisioned: argocd.k8s.region-001.s-use-1.braze.com,subdomains.csv,infrastructure (CT)
2026-06-17,infrastructure,host provisioned: argocd.k8s.stc-001.p-use-1.braze.com,subdomains.csv,infrastructure (CT)
2026-06-17,infrastructure,host provisioned: argocd.k8s.stc-001.s-use-1.braze.com,subdomains.csv,infrastructure (CT)
2026-06-17,infrastructure,host provisioned: argocd.k8s.stc-002.p-use-1.braze.com,subdomains.csv,infrastructure (CT)
2026-06-17,infrastructure,host provisioned: argocd.k8s.tools-001.p-use-1.braze.com,subdomains.csv,infrastructure (CT)
2026-06-17,infrastructure,host provisioned: argocd.k8s.tools-001.s-use-1.braze.com,subdomains.csv,infrastructure (CT)
2026-06-17,infrastructure,host provisioned: change-management.k8s.tools-001.p-use-1.braze.com,subdomains.csv,infrastructure (CT)
2026-06-17,infrastructure,host provisioned: churn-pangolin.id-01.braze.com,subdomains.csv,infrastructure (CT)
2026-06-17,infrastructure,host provisioned: churn-pangolin.k8s.cluster-001.p-apse-3.braze.com,subdomains.csv,infrastructure (CT)
2026-06-17,infrastructure,host provisioned: cors-any.k8s.region-001.s-use-1.braze.com,subdomains.csv,infrastructure (CT)
2026-06-17,infrastructure,host provisioned: intel-jupyterhub.k8s.cluster-001.p-apse-3.braze.com,subdomains.csv,infrastructure (CT)
2026-06-17,infrastructure,host provisioned: nessie.k8s.region-001.d-use-1.braze.com,subdomains.csv,infrastructure (CT)
2026-06-18,infrastructure,host provisioned: argo-rollouts.k8s.infra-001.i-use-1.braze.com,subdomains.csv,infrastructure (CT)
2026-06-18,infrastructure,host provisioned: argocd.k8s.infra-001.i-use-1.braze.com,subdomains.csv,infrastructure (CT)
2026-06-18,infrastructure,host provisioned: nessie.k8s.region-001.p-use-1.braze.com,subdomains.csv,infrastructure (CT)
2026-06-18,infrastructure,host provisioned: pce.braze.com,subdomains.csv,infrastructure (CT)
2026-06-18,infrastructure,host provisioned: pcedms-frontend.cd-use-1.braze.com,subdomains.csv,infrastructure (CT)
2026-06-18,infrastructure,host provisioned: pcedms-frontend.i-use-1.braze.com,subdomains.csv,infrastructure (CT)
2026-06-18,infrastructure,host provisioned: polaris.k8s.cluster-001.p-use-1.braze.com,subdomains.csv,infrastructure (CT)
2026-06-18,infrastructure,host provisioned: polaris.k8s.cluster-002.p-use-1.braze.com,subdomains.csv,infrastructure (CT)
2026-06-18,infrastructure,host provisioned: polaris.k8s.cluster-003.p-use-1.braze.com,subdomains.csv,infrastructure (CT)
2026-06-18,infrastructure,host provisioned: polaris.k8s.cluster-004.p-use-1.braze.com,subdomains.csv,infrastructure (CT)
2026-06-18,infrastructure,host provisioned: polaris.k8s.cluster-005.p-use-1.braze.com,subdomains.csv,infrastructure (CT)
2026-06-18,infrastructure,host provisioned: polaris.k8s.region-001.p-use-1.braze.com,subdomains.csv,infrastructure (CT)
2026-06-18,infrastructure,host provisioned: polaris.k8s.stc-001.p-use-1.braze.com,subdomains.csv,infrastructure (CT)
2026-06-18,infrastructure,host provisioned: polaris.k8s.stc-001.s-use-1.braze.com,subdomains.csv,infrastructure (CT)
2026-06-18,infrastructure,host provisioned: polaris.k8s.tools-001.p-use-1.braze.com,subdomains.csv,infrastructure (CT)
2026-06-18,infrastructure,host provisioned: polaris.k8s.tools-001.s-use-1.braze.com,subdomains.csv,infrastructure (CT)
2026-06-18,infrastructure,host provisioned: sdk-az-us08.iad-08.braze.com,subdomains.csv,infrastructure (CT)
2026-06-18,infrastructure,host provisioned: sdk-us08.k8s.cluster-001.p-aze-us.braze.com,subdomains.csv,infrastructure (CT)
2026-06-18,infrastructure,host provisioned: soleng-ser-awsleaderboard.k8s.test-001.d-usw-2.braze.com,subdomains.csv,infrastructure (CT)
2026-06-18,infrastructure,host provisioned: soleng-ser-awsleaderboard.k8s.tools-001.p-use-1.braze.com,subdomains.csv,infrastructure (CT)
2026-06-18,infrastructure,host provisioned: subcenter-08-az.k8s.cluster-001.p-aze-us.braze.com,subdomains.csv,infrastructure (CT)
2026-06-18,infrastructure,host provisioned: subcenter-08.k8s.cluster-001.p-aze-us.braze.com,subdomains.csv,infrastructure (CT)
2026-06-19,infrastructure,host provisioned: beacon.braze.com,subdomains.csv,infrastructure (CT)
2026-06-19,infrastructure,host provisioned: cityxcity.braze.com,subdomains.csv,infrastructure (CT)
2026-06-19,infrastructure,host provisioned: data-infra-load-tester.k8s.cluster-001.s-aze-us.braze.com,subdomains.csv,infrastructure (CT)
2026-06-19,infrastructure,host provisioned: data-lake-connect.k8s.cluster-001.s-aze-us.braze.com,subdomains.csv,infrastructure (CT)
2026-06-19,infrastructure,host provisioned: masquerade-dashboard.k8s.tools-001.s-use-1.braze.com,subdomains.csv,infrastructure (CT)
2026-06-19,infrastructure,host provisioned: masquerade-dashboard.staging.braze.com,subdomains.csv,infrastructure (CT)
2026-06-19,infrastructure,host provisioned: misato-2.k8s.region-001.p-use-1.braze.com,subdomains.csv,infrastructure (CT)
2026-06-19,infrastructure,host provisioned: thanos-bucket.k8s.cluster-001.p-aze-us.braze.com,subdomains.csv,infrastructure (CT)
2026-06-19,infrastructure,host provisioned: thanos-bucket.k8s.cluster-001.p-use-1.braze.com,subdomains.csv,infrastructure (CT)
2026-06-19,infrastructure,host provisioned: thanos-grpc-query.k8s.cluster-001.p-aze-us.braze.com,subdomains.csv,infrastructure (CT)
2026-06-19,infrastructure,host provisioned: thanos-grpc-query.k8s.cluster-001.p-use-1.braze.com,subdomains.csv,infrastructure (CT)
2026-06-19,infrastructure,host provisioned: thanos-query.k8s.cluster-001.p-aze-us.braze.com,subdomains.csv,infrastructure (CT)
2026-06-19,infrastructure,host provisioned: thanos-query.k8s.cluster-001.p-use-1.braze.com,subdomains.csv,infrastructure (CT)
2026-06-19,infrastructure,host provisioned: thanos-store.k8s.cluster-001.p-aze-us.braze.com,subdomains.csv,infrastructure (CT)
2026-06-20,infrastructure,host provisioned: airflow.k8s.cluster-001.p-apne-2.braze.com,subdomains.csv,infrastructure (CT)
2026-06-20,infrastructure,host provisioned: argocd-dev.k8s.core-001.cd-use-1.braze.com,subdomains.csv,infrastructure (CT)
2026-06-20,infrastructure,host provisioned: argocd-dev.k8s.test-003.t-usw-2.braze.com,subdomains.csv,infrastructure (CT)
2026-06-20,infrastructure,host provisioned: beacon-storybook.braze.com,subdomains.csv,infrastructure (CT)
2026-06-20,infrastructure,host provisioned: beacon.k8s.tools-001.d-use-1.braze.com,subdomains.csv,infrastructure (CT)
2026-06-20,infrastructure,host provisioned: clickhouse-connect.k8s.cluster-001.d-use-1.braze.com,subdomains.csv,infrastructure (CT)
2026-06-20,infrastructure,host provisioned: currents-endpoint-tester.k8s.cluster-001.s-aze-us.braze.com,subdomains.csv,infrastructure (CT)
2026-06-20,infrastructure,host provisioned: datahub.k8s.tools-001.p-use-1.braze.com,subdomains.csv,infrastructure (CT)
2026-06-20,infrastructure,host provisioned: kirby-kafka-connect.k8s.region-001.d-use-1.braze.com,subdomains.csv,infrastructure (CT)
2026-06-20,infrastructure,host provisioned: masthead-e2e.k8s.test-001.d-usw-2.braze.com,subdomains.csv,infrastructure (CT)
2026-06-20,infrastructure,host provisioned: prometheus-pushgateway.k8s.core-001.cd-use-1.braze.com,subdomains.csv,infrastructure (CT)
2026-06-20,infrastructure,host provisioned: prometheus.k8s.core-001.cd-use-1.braze.com,subdomains.csv,infrastructure (CT)
2026-06-20,infrastructure,host provisioned: rest.us-09.braze.com,subdomains.csv,infrastructure (CT)
2026-06-20,infrastructure,host provisioned: sdk-cc-us08.k8s.cluster-001.p-aze-us.braze.com,subdomains.csv,infrastructure (CT)
2026-06-20,infrastructure,host provisioned: us-09.braze.com,subdomains.csv,infrastructure (CT)
2026-06-21,infrastructure,host provisioned: airflow-datalake.k8s.region-001.d-use-1.braze.com,subdomains.csv,infrastructure (CT)
2026-06-21,infrastructure,host provisioned: cpaas-callback-service.k8s.cluster-005.p-use-1.braze.com,subdomains.csv,infrastructure (CT)
2026-06-21,infrastructure,host provisioned: go-apis-rest.k8s.cluster-009.p-use-1.braze.com,subdomains.csv,infrastructure (CT)
2026-06-21,infrastructure,host provisioned: kargo-dev.k8s.core-001.cd-use-1.braze.com,subdomains.csv,infrastructure (CT)
2026-06-21,infrastructure,host provisioned: nessie-hipaa.k8s.region-001.p-use-1.braze.com,subdomains.csv,infrastructure (CT)
2026-06-21,infrastructure,host provisioned: openbao.k8s.core-001.cd-use-1.braze.com,subdomains.csv,infrastructure (CT)
2026-06-21,infrastructure,host provisioned: pbug.braze.com,subdomains.csv,infrastructure (CT)
2026-06-21,infrastructure,host provisioned: pbug.k8s.tools-001.d-use-1.braze.com,subdomains.csv,infrastructure (CT)
2026-06-21,infrastructure,host provisioned: prometheus-pushgateway.k8s.cluster-010.p-use-1.braze.com,subdomains.csv,infrastructure (CT)
2026-06-21,infrastructure,host provisioned: prometheus-pushgateway.k8s.upgrade-test-ci.t-usw-2.braze.com,subdomains.csv,infrastructure (CT)
2026-06-21,infrastructure,host provisioned: prometheus.k8s.upgrade-test-ci.t-usw-2.braze.com,subdomains.csv,infrastructure (CT)
2026-06-21,infrastructure,host provisioned: tenant.k8s.region-001.s-aze-us.braze.com,subdomains.csv,infrastructure (CT)
2026-06-21,infrastructure,host provisioned: testkube.k8s.upgrade-test-ci.t-usw-2.braze.com,subdomains.csv,infrastructure (CT)
2026-06-21,infrastructure,host provisioned: thanos-bucket.k8s.cluster-010.p-use-1.braze.com,subdomains.csv,infrastructure (CT)
2026-06-21,infrastructure,host provisioned: thanos-bucket.k8s.upgrade-test-ci.t-usw-2.braze.com,subdomains.csv,infrastructure (CT)
2026-06-21,infrastructure,host provisioned: thanos-grpc-query.k8s.cluster-010.p-use-1.braze.com,subdomains.csv,infrastructure (CT)
2026-06-21,infrastructure,host provisioned: thanos-grpc-query.k8s.upgrade-test-ci.t-usw-2.braze.com,subdomains.csv,infrastructure (CT)
2026-06-21,infrastructure,host provisioned: thanos-query.k8s.cluster-010.p-use-1.braze.com,subdomains.csv,infrastructure (CT)
2026-06-21,infrastructure,host provisioned: thanos-query.k8s.upgrade-test-ci.t-usw-2.braze.com,subdomains.csv,infrastructure (CT)
2026-06-21,infrastructure,host provisioned: thanos-store.k8s.cluster-010.p-use-1.braze.com,subdomains.csv,infrastructure (CT)
2026-06-21,infrastructure,host provisioned: thanos-store.k8s.upgrade-test-ci.t-usw-2.braze.com,subdomains.csv,infrastructure (CT)
2026-06-21,infrastructure,host provisioned: todd.braze.com,subdomains.csv,infrastructure (CT)
2026-06-21,infrastructure,host provisioned: windmill.k8s.core-001.cd-use-1.braze.com,subdomains.csv,infrastructure (CT)
2026-06-22,infrastructure,host provisioned: cc-sdk-05.braze.com,subdomains.csv,infrastructure (CT)
2026-06-22,infrastructure,host provisioned: cc-sdk-05.k8s.cluster-005.p-use-1.braze.com,subdomains.csv,infrastructure (CT)
2026-06-22,infrastructure,host provisioned: churn-pangolin.p-apse-2.braze.com,subdomains.csv,infrastructure (CT)
2026-06-22,infrastructure,host provisioned: cobbler-api.d-use-1.braze.com,subdomains.csv,infrastructure (CT)
2026-06-22,infrastructure,host provisioned: kirby-kafka-connect-hipaa.k8s.region-001.p-use-1.braze.com,subdomains.csv,infrastructure (CT)
2026-06-22,infrastructure,host provisioned: kops-upgrade-dashboard.d-use-1.braze.com,subdomains.csv,infrastructure (CT)
2026-06-22,infrastructure,host provisioned: polaris.k8s.test-001-capz.d-aze-us.braze.com,subdomains.csv,infrastructure (CT)
2026-06-22,infrastructure,host provisioned: prometheus-pushgateway.k8s.region-001.p-apse-2.braze.com,subdomains.csv,infrastructure (CT)
2026-06-22,infrastructure,host provisioned: prometheus.k8s.cluster-001.p-aze-us.braze.com,subdomains.csv,infrastructure (CT)
2026-06-22,infrastructure,host provisioned: prometheus.k8s.cluster-010.p-use-1.braze.com,subdomains.csv,infrastructure (CT)
2026-06-22,infrastructure,host provisioned: prometheus.k8s.region-001.p-apse-2.braze.com,subdomains.csv,infrastructure (CT)
2026-06-22,infrastructure,host provisioned: prometheus.k8s.test-001-capz.d-aze-us.braze.com,subdomains.csv,infrastructure (CT)
2026-06-22,infrastructure,host provisioned: public-screenshotter.k8s.test-001.d-usw-2.braze.com,subdomains.csv,infrastructure (CT)
2026-06-22,infrastructure,host provisioned: screenshotter.k8s.test-001.d-usw-2.braze.com,subdomains.csv,infrastructure (CT)
2026-06-22,infrastructure,host provisioned: testkube.k8s.cluster-001.p-use-1.braze.com,subdomains.csv,infrastructure (CT)
2026-06-22,infrastructure,host provisioned: testkube.k8s.cluster-003.p-use-1.braze.com,subdomains.csv,infrastructure (CT)
2026-06-22,infrastructure,host provisioned: testkube.k8s.cluster-005.p-use-1.braze.com,subdomains.csv,infrastructure (CT)
2026-06-22,infrastructure,host provisioned: testkube.k8s.cluster-007.p-use-1.braze.com,subdomains.csv,infrastructure (CT)
2026-06-22,infrastructure,host provisioned: testkube.k8s.stc-001.p-use-1.braze.com,subdomains.csv,infrastructure (CT)
2026-06-22,infrastructure,host provisioned: testkube.k8s.stc-002.p-use-1.braze.com,subdomains.csv,infrastructure (CT)
2026-06-22,infrastructure,host provisioned: testkube.k8s.test-001-capz.d-aze-us.braze.com,subdomains.csv,infrastructure (CT)
2026-06-22,infrastructure,host provisioned: thanos-bucket.k8s.region-001.p-apse-2.braze.com,subdomains.csv,infrastructure (CT)
2026-06-22,infrastructure,host provisioned: thanos-bucket.k8s.test-001-capz.d-aze-us.braze.com,subdomains.csv,infrastructure (CT)
2026-06-22,infrastructure,host provisioned: thanos-grpc-query.k8s.test-001-capz.d-aze-us.braze.com,subdomains.csv,infrastructure (CT)
2026-06-22,infrastructure,host provisioned: thanos-query.k8s.region-001.p-apse-2.braze.com,subdomains.csv,infrastructure (CT)
2026-06-22,infrastructure,host provisioned: thanos-query.k8s.test-001-capz.d-aze-us.braze.com,subdomains.csv,infrastructure (CT)
2026-06-22,infrastructure,host provisioned: thanos-store.k8s.region-001.p-apse-2.braze.com,subdomains.csv,infrastructure (CT)
2026-06-22,infrastructure,host provisioned: thanos-store.k8s.test-001-capz.d-aze-us.braze.com,subdomains.csv,infrastructure (CT)
2026-06-22,release,braze-react-native-sdk 21.1.0,sdk_releases.csv,company-own (technical)
2026-06-22,release,braze-swift-sdk 15.2.0,sdk_releases.csv,company-own (technical)
2026-06-22,release,braze-swift-sdk-prebuilt-dynamic 15.2.0,sdk_releases.csv,company-own (technical)
2026-06-22,release,braze-swift-sdk-prebuilt-static 15.2.0,sdk_releases.csv,company-own (technical)
2026-06-22,release,braze-swift-sdk-prebuilt-mergeable 15.2.0,sdk_releases.csv,company-own (technical)
2026-06-23,infrastructure,host provisioned: arbiter-api.d-usw-2.braze.com,subdomains.csv,infrastructure (CT)
2026-06-23,infrastructure,host provisioned: ces.k8s.cluster-003.p-use-1.braze.com,subdomains.csv,infrastructure (CT)
2026-06-23,infrastructure,host provisioned: dataexport-backup-connector.k8s.cluster-001.d-use-1.braze.com,subdomains.csv,infrastructure (CT)
2026-06-23,infrastructure,host provisioned: go-apis-rest.k8s.cluster-001.d-use-1.braze.com,subdomains.csv,infrastructure (CT)
2026-06-23,infrastructure,host provisioned: internal-rest.au-01.braze.com,subdomains.csv,infrastructure (CT)
2026-06-23,infrastructure,host provisioned: k8s-testing-cert-manager.k8s.region-001.p-aze-us.braze.com,subdomains.csv,infrastructure (CT)
2026-06-23,infrastructure,host provisioned: kirby.k8s.region-001.d-use-1.braze.com,subdomains.csv,infrastructure (CT)
2026-06-23,infrastructure,host provisioned: logs.braze.com,subdomains.csv,infrastructure (CT)
2026-06-23,infrastructure,host provisioned: metric-api.prometheus.k8s.cluster-001.p-apse-2.braze.com,subdomains.csv,infrastructure (CT)
2026-06-23,infrastructure,host provisioned: metric-api.prometheus.k8s.cluster-002.p-use-1.braze.com,subdomains.csv,infrastructure (CT)
2026-06-23,infrastructure,host provisioned: metric-api.prometheus.k8s.cluster-005.p-use-1.braze.com,subdomains.csv,infrastructure (CT)
2026-06-23,infrastructure,host provisioned: metric-api.prometheus.k8s.cluster-007.p-use-1.braze.com,subdomains.csv,infrastructure (CT)
2026-06-23,infrastructure,host provisioned: misato-2.k8s.cluster-001.d-use-1.braze.com,subdomains.csv,infrastructure (CT)
2026-06-23,infrastructure,host provisioned: oauth-dev.braze.com,subdomains.csv,infrastructure (CT)
2026-06-23,infrastructure,host provisioned: oauth-staging.braze.com,subdomains.csv,infrastructure (CT)
2026-06-23,infrastructure,host provisioned: pr-dashboard.k8s.tools-001.p-use-1.braze.com,subdomains.csv,infrastructure (CT)
2026-06-23,infrastructure,host provisioned: prometheus-pushgateway.k8s.cluster-001.p-apne-1.braze.com,subdomains.csv,infrastructure (CT)
2026-06-23,infrastructure,host provisioned: prometheus.k8s.cluster-001.p-apne-1.braze.com,subdomains.csv,infrastructure (CT)
2026-06-23,infrastructure,host provisioned: rest-01-internal-app.k8s.cluster-001.p-apse-2.braze.com,subdomains.csv,infrastructure (CT)
2026-06-23,infrastructure,host provisioned: rest-01-internal.au-01.braze.com,subdomains.csv,infrastructure (CT)
2026-06-23,infrastructure,host provisioned: rest-responder.k8s.region-001.s-use-1.braze.com,subdomains.csv,infrastructure (CT)
2026-06-23,infrastructure,host provisioned: testkube.k8s.cluster-001.p-apne-1.braze.com,subdomains.csv,infrastructure (CT)
2026-06-23,infrastructure,host provisioned: testkube.k8s.region-001.p-use-1.braze.com,subdomains.csv,infrastructure (CT)
2026-06-23,infrastructure,host provisioned: thanos-bucket.k8s.cluster-001.p-apne-1.braze.com,subdomains.csv,infrastructure (CT)
2026-06-23,infrastructure,host provisioned: thanos-grpc-query.k8s.cluster-001.p-apne-1.braze.com,subdomains.csv,infrastructure (CT)
2026-06-23,infrastructure,host provisioned: thanos-query.k8s.cluster-001.p-apne-1.braze.com,subdomains.csv,infrastructure (CT)
2026-06-23,infrastructure,host provisioned: thanos-store.k8s.cluster-001.p-apne-1.braze.com,subdomains.csv,infrastructure (CT)
2026-06-23,infrastructure,host provisioned: yeti.d-usw-2.braze.com,subdomains.csv,infrastructure (CT)
2026-06-24,infrastructure,host provisioned: esg.braze.com,subdomains.csv,infrastructure (CT)
2026-06-24,infrastructure,host provisioned: go-apis.k8s.cluster-001.s-use-1.braze.com,subdomains.csv,infrastructure (CT)
2026-06-24,infrastructure,host provisioned: html-iam-templating-engine.k8s.region-001.s-use-1.braze.com,subdomains.csv,infrastructure (CT)
2026-06-24,infrastructure,host provisioned: internal-tools-queue-cache.k8s.region-001.s-use-1.braze.com,subdomains.csv,infrastructure (CT)
2026-06-24,infrastructure,host provisioned: internal-tools-queue-cache.staging.braze.com,subdomains.csv,infrastructure (CT)
2026-06-24,infrastructure,host provisioned: kafka-ui.k8s.region-001.p-apse-2.braze.com,subdomains.csv,infrastructure (CT)
2026-06-24,infrastructure,host provisioned: metric-api.prometheus.k8s.cluster-001.p-apne-1.braze.com,subdomains.csv,infrastructure (CT)
2026-06-24,infrastructure,host provisioned: metric-api.prometheus.k8s.cluster-001.p-apse-3.braze.com,subdomains.csv,infrastructure (CT)
2026-06-24,infrastructure,host provisioned: metric-api.prometheus.k8s.cluster-001.p-aze-us.braze.com,subdomains.csv,infrastructure (CT)
2026-06-24,infrastructure,host provisioned: metric-api.prometheus.k8s.cluster-001.p-use-1.braze.com,subdomains.csv,infrastructure (CT)
2026-06-24,infrastructure,host provisioned: metric-api.prometheus.k8s.cluster-004.p-use-1.braze.com,subdomains.csv,infrastructure (CT)
2026-06-24,infrastructure,host provisioned: metric-api.prometheus.k8s.cluster-006.p-use-1.braze.com,subdomains.csv,infrastructure (CT)
2026-06-24,infrastructure,host provisioned: metric-api.prometheus.k8s.cluster-009.p-use-1.braze.com,subdomains.csv,infrastructure (CT)
2026-06-24,infrastructure,host provisioned: metric-api.prometheus.k8s.cluster-010.p-use-1.braze.com,subdomains.csv,infrastructure (CT)
2026-06-24,infrastructure,host provisioned: platform-dal.prometheus.k8s.cluster-001.d-use-1.braze.com,subdomains.csv,infrastructure (CT)
2026-06-24,infrastructure,host provisioned: podinfo-migrate-test-canary.k8s.test-001.t-usw-2.braze.com,subdomains.csv,infrastructure (CT)
2026-06-24,infrastructure,host provisioned: podinfo-migrate-test-canary.k8s.test-003.t-usw-2.braze.com,subdomains.csv,infrastructure (CT)
2026-06-24,infrastructure,host provisioned: podinfo-migrate-test.k8s.test-001.t-usw-2.braze.com,subdomains.csv,infrastructure (CT)
2026-06-24,infrastructure,host provisioned: podinfo-migrate-test.k8s.test-003.t-usw-2.braze.com,subdomains.csv,infrastructure (CT)
2026-06-24,infrastructure,host provisioned: podinfo.k8s.test-003.t-usw-2.braze.com,subdomains.csv,infrastructure (CT)
2026-06-25,infrastructure,host provisioned: api.continuum.k8s.tools-001.p-use-1.braze.com,subdomains.csv,infrastructure (CT)
2026-06-25,infrastructure,host provisioned: api.gpt-at-braze.k8s.tools-001.s-use-1.braze.com,subdomains.csv,infrastructure (CT)
2026-06-25,infrastructure,host provisioned: api.internal-continuum.braze.com,subdomains.csv,infrastructure (CT)
2026-06-25,infrastructure,host provisioned: churn-pangolin.s-aze-us.braze.com,subdomains.csv,infrastructure (CT)
2026-06-25,infrastructure,host provisioned: dataexport-standard.k8s.cluster-001.d-use-1.braze.com,subdomains.csv,infrastructure (CT)
2026-06-25,infrastructure,host provisioned: dataexport-test.k8s.cluster-001.d-use-1.braze.com,subdomains.csv,infrastructure (CT)
2026-06-25,infrastructure,host provisioned: event-replay.k8s.cluster-001.d-use-1.braze.com,subdomains.csv,infrastructure (CT)
2026-06-25,infrastructure,host provisioned: gpt-at-braze.k8s.tools-001.s-use-1.braze.com,subdomains.csv,infrastructure (CT)
2026-06-25,infrastructure,host provisioned: kirby.k8s.cluster-001.p-aze-us.braze.com,subdomains.csv,infrastructure (CT)
2026-06-25,release,braze-segment-swift 9.0.0,sdk_releases.csv,company-own (technical)
2026-06-25,release,braze-swift-sdk 16.0.0,sdk_releases.csv,company-own (technical)
2026-06-25,release,braze-swift-sdk-prebuilt-dynamic 16.0.0,sdk_releases.csv,company-own (technical)
2026-06-25,release,braze-swift-sdk-prebuilt-static 16.0.0,sdk_releases.csv,company-own (technical)
2026-06-25,release,braze-swift-sdk-prebuilt-mergeable 16.0.0,sdk_releases.csv,company-own (technical)
2026-06-26,filing,144 filed,filings.csv,statutory (SEC)
2026-06-26,filing,4 filed,filings.csv,statutory (SEC)
2026-06-26,infrastructure,host provisioned: android.k8s.region-001.p-use-1.braze.com,subdomains.csv,infrastructure (CT)
2026-06-26,infrastructure,host provisioned: api.ge-company.k8s.tools-001.s-use-1.braze.com,subdomains.csv,infrastructure (CT)
2026-06-26,infrastructure,host provisioned: cachalot.k8s.core-001.cp-use-1.braze.com,subdomains.csv,infrastructure (CT)
2026-06-26,infrastructure,host provisioned: data-lake-user-profile-connect.k8s.cluster-010.p-use-1.braze.com,subdomains.csv,infrastructure (CT)
2026-06-26,infrastructure,host provisioned: internal-tools-queue-cache.braze.com,subdomains.csv,infrastructure (CT)
2026-06-26,infrastructure,host provisioned: internal-tools-queue-cache.k8s.region-001.p-use-1.braze.com,subdomains.csv,infrastructure (CT)
2026-06-26,infrastructure,host provisioned: k8s-sondheim.braze.com,subdomains.csv,infrastructure (CT)
2026-06-26,infrastructure,host provisioned: k8s-todd.braze.com,subdomains.csv,infrastructure (CT)
2026-06-26,infrastructure,host provisioned: kafka-ui-warpstream.k8s.cluster-001.p-apse-3.braze.com,subdomains.csv,infrastructure (CT)
2026-06-26,infrastructure,host provisioned: kafka-ui-warpstream.k8s.region-001.p-apse-2.braze.com,subdomains.csv,infrastructure (CT)
2026-06-26,infrastructure,host provisioned: nessie.k8s.cluster-001.p-aze-us.braze.com,subdomains.csv,infrastructure (CT)
2026-06-26,infrastructure,host provisioned: nessie.k8s.cluster-010.p-use-1.braze.com,subdomains.csv,infrastructure (CT)
2026-06-26,infrastructure,host provisioned: rest-01.k8s.cluster-001.s-use-1.braze.com,subdomains.csv,infrastructure (CT)
2026-06-26,infrastructure,host provisioned: sdk-01.k8s.cluster-001.s-use-1.braze.com,subdomains.csv,infrastructure (CT)
2026-06-26,infrastructure,host provisioned: testkube.k8s.cluster-001.s-use-1.braze.com,subdomains.csv,infrastructure (CT)
2026-06-26,infrastructure,host provisioned: testkube.k8s.core-001.cp-use-1.braze.com,subdomains.csv,infrastructure (CT)
2026-06-26,infrastructure,host provisioned: testkube.k8s.region-001.s-use-1.braze.com,subdomains.csv,infrastructure (CT)
2026-06-26,infrastructure,host provisioned: testkube.k8s.stc-001.s-use-1.braze.com,subdomains.csv,infrastructure (CT)
2026-06-26,infrastructure,host provisioned: testkube.k8s.tools-001.s-use-1.braze.com,subdomains.csv,infrastructure (CT)
2026-06-26,infrastructure,host provisioned: www-origin.braze.com,subdomains.csv,infrastructure (CT)
2026-06-27,infrastructure,host provisioned: airflow-datalake.k8s.cluster-001.p-aze-us.braze.com,subdomains.csv,infrastructure (CT)
2026-06-27,infrastructure,host provisioned: apex-origin.braze.com,subdomains.csv,infrastructure (CT)
2026-06-27,infrastructure,host provisioned: api.ge-company.k8s.tools-001.p-use-1.braze.com,subdomains.csv,infrastructure (CT)
2026-06-27,infrastructure,host provisioned: argocd.k8s.test-001.d-usw-2.braze.com,subdomains.csv,infrastructure (CT)
2026-06-27,infrastructure,host provisioned: es.infra-logs.k8s.region-001.d-use-1.braze.com,subdomains.csv,infrastructure (CT)
2026-06-27,infrastructure,host provisioned: genie.k8s.cluster-010.p-use-1.braze.com,subdomains.csv,infrastructure (CT)
2026-06-27,infrastructure,host provisioned: go-apis-rest.k8s.cluster-001.s-use-1.braze.com,subdomains.csv,infrastructure (CT)
2026-06-27,infrastructure,host provisioned: infra-logs.k8s.region-001.d-use-1.braze.com,subdomains.csv,infrastructure (CT)
2026-06-27,infrastructure,host provisioned: jenkins.d-usw-2.braze.com,subdomains.csv,infrastructure (CT)
2026-06-27,infrastructure,host provisioned: kafka-ui-warpstream.k8s.region-001.p-use-1.braze.com,subdomains.csv,infrastructure (CT)
2026-06-27,infrastructure,host provisioned: kafka-ui.k8s.cluster-001.s-use-1.braze.com,subdomains.csv,infrastructure (CT)
2026-06-27,infrastructure,host provisioned: kafka-ui.k8s.cluster-010.p-use-1.braze.com,subdomains.csv,infrastructure (CT)
2026-06-27,infrastructure,host provisioned: optimus-staging.k8s.infra-001.i-use-1.braze.com,subdomains.csv,infrastructure (CT)
2026-06-27,infrastructure,host provisioned: prometheus-pushgateway.k8s.cluster-007.p-use-1.braze.com,subdomains.csv,infrastructure (CT)
2026-06-27,infrastructure,host provisioned: prometheus.k8s.cluster-007.p-use-1.braze.com,subdomains.csv,infrastructure (CT)
2026-06-27,infrastructure,host provisioned: rest-responder.k8s.cluster-001.d-use-1.braze.com,subdomains.csv,infrastructure (CT)
2026-06-27,infrastructure,host provisioned: url-shortener-reg-svc.k8s.region-001.p-use-1.braze.com,subdomains.csv,infrastructure (CT)
2026-06-28,infrastructure,host provisioned: alloys.staging.braze.com,subdomains.csv,infrastructure (CT)
2026-06-28,infrastructure,host provisioned: anna-internal.braze.com,subdomains.csv,infrastructure (CT)
2026-06-28,infrastructure,host provisioned: brazeforms.braze.com,subdomains.csv,infrastructure (CT)
2026-06-28,infrastructure,host provisioned: data-lake-streaming-connect.k8s.region-001.p-use-1.braze.com,subdomains.csv,infrastructure (CT)
2026-06-28,infrastructure,host provisioned: dataexport-standard.k8s.cluster-010.p-use-1.braze.com,subdomains.csv,infrastructure (CT)
2026-06-28,infrastructure,host provisioned: go-apis-us01.k8s.cluster-001.d-use-1.braze.com,subdomains.csv,infrastructure (CT)
2026-06-28,infrastructure,host provisioned: go-apis.k8s.cluster-001.d-use-1.braze.com,subdomains.csv,infrastructure (CT)
2026-06-28,infrastructure,host provisioned: growth-braze-forms.k8s.tools-001.p-use-1.braze.com,subdomains.csv,infrastructure (CT)
2026-06-28,infrastructure,host provisioned: html-iam-templating-engine.k8s.test-001.d-usw-2.braze.com,subdomains.csv,infrastructure (CT)
2026-06-28,infrastructure,host provisioned: k8s-anna-internal.braze.com,subdomains.csv,infrastructure (CT)
2026-06-28,infrastructure,host provisioned: masthead-echo.k8s.test-001.d-usw-2.braze.com,subdomains.csv,infrastructure (CT)
2026-06-28,infrastructure,host provisioned: misato-2.k8s.cluster-010.p-use-1.braze.com,subdomains.csv,infrastructure (CT)
2026-06-28,infrastructure,host provisioned: partners.k8s.test-001.d-usw-2.braze.com,subdomains.csv,infrastructure (CT)
2026-06-28,infrastructure,host provisioned: rest-01-internal-app.k8s.cluster-001.d-use-1.braze.com,subdomains.csv,infrastructure (CT)
2026-06-28,infrastructure,host provisioned: rest-anna-internal.braze.com,subdomains.csv,infrastructure (CT)
2026-06-28,infrastructure,host provisioned: webhook-partners.k8s.region-001.p-aze-us.braze.com,subdomains.csv,infrastructure (CT)
2026-06-29,infrastructure,host provisioned: api.gpt-at-braze.k8s.tools-001.p-use-1.braze.com,subdomains.csv,infrastructure (CT)
2026-06-29,infrastructure,host provisioned: data-lake-streaming-connect.k8s.cluster-010.p-use-1.braze.com,subdomains.csv,infrastructure (CT)
2026-06-29,infrastructure,host provisioned: dataexport-canary.k8s.cluster-010.p-use-1.braze.com,subdomains.csv,infrastructure (CT)
2026-06-29,infrastructure,host provisioned: dataexport-test.k8s.cluster-010.p-use-1.braze.com,subdomains.csv,infrastructure (CT)
2026-06-29,infrastructure,host provisioned: go-apis.k8s.cluster-007.p-use-1.braze.com,subdomains.csv,infrastructure (CT)
2026-06-29,infrastructure,host provisioned: jenkins.t-usw-2.braze.com,subdomains.csv,infrastructure (CT)
2026-06-29,infrastructure,host provisioned: kafka-ui-warpstream.k8s.cluster-001.d-use-1.braze.com,subdomains.csv,infrastructure (CT)
2026-06-29,infrastructure,host provisioned: kafka-ui-warpstream.k8s.region-001.d-use-1.braze.com,subdomains.csv,infrastructure (CT)
2026-06-29,infrastructure,host provisioned: mail-tracker-02.braze.com,subdomains.csv,infrastructure (CT)
2026-06-29,infrastructure,host provisioned: mail-tracker-04.braze.com,subdomains.csv,infrastructure (CT)
2026-06-29,infrastructure,host provisioned: mail-tracker-05.braze.com,subdomains.csv,infrastructure (CT)
2026-06-29,infrastructure,host provisioned: mail-tracker-07.braze.com,subdomains.csv,infrastructure (CT)
2026-06-29,infrastructure,host provisioned: pds-proxy.k8s.tools.s-use-1.braze.com,subdomains.csv,infrastructure (CT)
2026-06-29,infrastructure,host provisioned: prometheus-pushgateway.k8s.cluster-001.p-apse-2.braze.com,subdomains.csv,infrastructure (CT)
2026-06-29,infrastructure,host provisioned: prometheus.k8s.cluster-001.p-apse-2.braze.com,subdomains.csv,infrastructure (CT)
2026-06-29,infrastructure,host provisioned: rest.us-10.braze.com,subdomains.csv,infrastructure (CT)
2026-06-29,infrastructure,host provisioned: soleng-hub-backend.k8s.test-001.d-usw-2.braze.com,subdomains.csv,infrastructure (CT)
2026-06-29,infrastructure,host provisioned: soleng-hub-backend.k8s.tools-001.p-use-1.braze.com,subdomains.csv,infrastructure (CT)
2026-06-29,infrastructure,host provisioned: thanos-bucket.k8s.cluster-001.p-apse-2.braze.com,subdomains.csv,infrastructure (CT)
2026-06-29,infrastructure,host provisioned: thanos-grpc-query.k8s.cluster-001.p-apse-2.braze.com,subdomains.csv,infrastructure (CT)
2026-06-29,infrastructure,host provisioned: thanos-query.k8s.cluster-001.p-apse-2.braze.com,subdomains.csv,infrastructure (CT)
2026-06-29,infrastructure,host provisioned: thanos-store.k8s.cluster-001.p-apse-2.braze.com,subdomains.csv,infrastructure (CT)
2026-06-29,release,braze-react-native-sdk 22.0.0,sdk_releases.csv,company-own (technical)
2026-06-30,infrastructure,host provisioned: api.braze.com,subdomains.csv,infrastructure (CT)
2026-06-30,infrastructure,host provisioned: apns.k8s.region-001.p-aze-us.braze.com,subdomains.csv,infrastructure (CT)
2026-06-30,infrastructure,host provisioned: beacon-styling.k8s.tools-001.p-use-1.braze.com,subdomains.csv,infrastructure (CT)
2026-06-30,infrastructure,host provisioned: echo.k8s.region-001.s-use-1.braze.com,subdomains.csv,infrastructure (CT)
2026-06-30,infrastructure,host provisioned: k8s-testing-cert-manager.k8s.cluster-001.p-apse-2.braze.com,subdomains.csv,infrastructure (CT)
2026-06-30,infrastructure,host provisioned: mail-tracker-01.braze.com,subdomains.csv,infrastructure (CT)
2026-06-30,infrastructure,host provisioned: mail-tracker-03.braze.com,subdomains.csv,infrastructure (CT)
2026-06-30,infrastructure,host provisioned: mail-tracker-06.braze.com,subdomains.csv,infrastructure (CT)
2026-06-30,infrastructure,host provisioned: mail-tracker-08.braze.com,subdomains.csv,infrastructure (CT)
2026-06-30,infrastructure,host provisioned: mail-tracker.braze.com,subdomains.csv,infrastructure (CT)
2026-06-30,infrastructure,host provisioned: mdb-opsmgr.k8s.cluster-010.p-use-1.braze.com,subdomains.csv,infrastructure (CT)
2026-06-30,infrastructure,host provisioned: prometheus-pushgateway.k8s.test-003.t-usw-2.braze.com,subdomains.csv,infrastructure (CT)
2026-06-30,infrastructure,host provisioned: prometheus.k8s.test-003.t-usw-2.braze.com,subdomains.csv,infrastructure (CT)
2026-06-30,infrastructure,host provisioned: rest.iad-05.braze.com,subdomains.csv,infrastructure (CT)
2026-06-30,infrastructure,host provisioned: styling.beacon.braze.com,subdomains.csv,infrastructure (CT)
2026-06-30,infrastructure,host provisioned: webhook.k8s.region-001.p-aze-us.braze.com,subdomains.csv,infrastructure (CT)
2026-06-30,infrastructure,host provisioned: webpush.k8s.region-001.p-aze-us.braze.com,subdomains.csv,infrastructure (CT)
2026-06-30,infrastructure,host provisioned: webpush.k8s.region-001.p-use-1.braze.com,subdomains.csv,infrastructure (CT)
2026-07-01,infrastructure,host provisioned: appdeploy.infra.braze.com,subdomains.csv,infrastructure (CT)
2026-07-01,infrastructure,host provisioned: atlantis.k8s.test-001.d-usw-2.braze.com,subdomains.csv,infrastructure (CT)
2026-07-01,infrastructure,host provisioned: beacon-labs.k8s.tools-001.p-use-1.braze.com,subdomains.csv,infrastructure (CT)
2026-07-01,infrastructure,host provisioned: cc-elsa.braze.com,subdomains.csv,infrastructure (CT)
2026-07-01,infrastructure,host provisioned: cc-sdk-01.k8s.cluster-001.d-use-1.braze.com,subdomains.csv,infrastructure (CT)
2026-07-01,infrastructure,host provisioned: cdjenkinsv.cd-use-1.braze.com,subdomains.csv,infrastructure (CT)
2026-07-01,infrastructure,host provisioned: cpjenkinsv.cp-use-1.braze.com,subdomains.csv,infrastructure (CT)
2026-07-01,infrastructure,host provisioned: deploy.infra.braze.com,subdomains.csv,infrastructure (CT)
2026-07-01,infrastructure,host provisioned: k8s-anna.braze.com,subdomains.csv,infrastructure (CT)
2026-07-01,infrastructure,host provisioned: k8s-cc-elsa.braze.com,subdomains.csv,infrastructure (CT)
2026-07-01,infrastructure,host provisioned: k8s-elsa.braze.com,subdomains.csv,infrastructure (CT)
2026-07-01,infrastructure,host provisioned: kirby-kafka-connect.k8s.region-001.s-use-1.braze.com,subdomains.csv,infrastructure (CT)
2026-07-01,infrastructure,host provisioned: labs.beacon.braze.com,subdomains.csv,infrastructure (CT)
2026-07-01,infrastructure,host provisioned: optimus.braze.com,subdomains.csv,infrastructure (CT)
2026-07-01,infrastructure,host provisioned: optimus.k8s.infra-001.i-use-1.braze.com,subdomains.csv,infrastructure (CT)
2026-07-01,infrastructure,host provisioned: or-vpn-1a.braze.com,subdomains.csv,infrastructure (CT)
2026-07-01,infrastructure,host provisioned: pds-proxy.k8s.tools.p-use-1.braze.com,subdomains.csv,infrastructure (CT)
2026-07-01,infrastructure,host provisioned: pullboy.k8s.tools-001.s-use-1.braze.com,subdomains.csv,infrastructure (CT)
2026-07-01,infrastructure,host provisioned: rest-01.k8s.cluster-001.d-use-1.braze.com,subdomains.csv,infrastructure (CT)
2026-07-01,infrastructure,host provisioned: rest-responder.k8s.region-001.d-use-1.braze.com,subdomains.csv,infrastructure (CT)
2026-07-01,infrastructure,host provisioned: sdk-01.k8s.cluster-001.d-use-1.braze.com,subdomains.csv,infrastructure (CT)
2026-07-01,infrastructure,host provisioned: testkube.k8s.core-001.cd-use-1.braze.com,subdomains.csv,infrastructure (CT)
2026-07-02,filing,"8-K filed (5.03,5.07,9.01)",filings.csv,statutory (SEC)
2026-07-02,filing,4 filed,filings.csv,statutory (SEC)
2026-07-02,filing,4 filed,filings.csv,statutory (SEC)
2026-07-02,filing,4 filed,filings.csv,statutory (SEC)
2026-07-02,filing,4 filed,filings.csv,statutory (SEC)
2026-07-02,filing,4 filed,filings.csv,statutory (SEC)
2026-07-02,filing,4 filed,filings.csv,statutory (SEC)
2026-07-02,infrastructure,host provisioned: atlantis.k8s.infra-001.i-use-1.braze.com,subdomains.csv,infrastructure (CT)
2026-07-02,infrastructure,host provisioned: ces.k8s.cluster-004.p-use-1.braze.com,subdomains.csv,infrastructure (CT)
2026-07-02,infrastructure,host provisioned: cpaas-callback-service.k8s.cluster-007.p-use-1.braze.com,subdomains.csv,infrastructure (CT)
2026-07-02,infrastructure,host provisioned: dplat-api-test.k8s.core-001.cd-use-1.braze.com,subdomains.csv,infrastructure (CT)
2026-07-02,infrastructure,host provisioned: dplat-api.braze.com,subdomains.csv,infrastructure (CT)
2026-07-02,infrastructure,host provisioned: dplat-api.development.braze.com,subdomains.csv,infrastructure (CT)
2026-07-02,infrastructure,host provisioned: dplat-api.k8s.core-001.cd-use-1.braze.com,subdomains.csv,infrastructure (CT)
2026-07-02,infrastructure,host provisioned: dplat-api.k8s.core-001.cp-use-1.braze.com,subdomains.csv,infrastructure (CT)
2026-07-02,infrastructure,host provisioned: dplat-api.test.braze.com,subdomains.csv,infrastructure (CT)
2026-07-02,infrastructure,host provisioned: event-replay.k8s.region-001.p-use-1.braze.com,subdomains.csv,infrastructure (CT)
2026-07-02,infrastructure,host provisioned: global-ux.braze.com,subdomains.csv,infrastructure (CT)
2026-07-02,infrastructure,host provisioned: growlithe.braze.com,subdomains.csv,infrastructure (CT)
2026-07-02,infrastructure,host provisioned: growlithe.k8s.tools-001.p-use-1.braze.com,subdomains.csv,infrastructure (CT)
2026-07-02,infrastructure,host provisioned: html-iam-templating-engine.k8s.region-001.p-apse-2.braze.com,subdomains.csv,infrastructure (CT)
2026-07-02,infrastructure,host provisioned: kirby-kafka-connect.k8s.region-001.p-use-1.braze.com,subdomains.csv,infrastructure (CT)
2026-07-02,infrastructure,host provisioned: pds.braze.com,subdomains.csv,infrastructure (CT)
2026-07-02,infrastructure,host provisioned: platform-deployment-service.k8s.tools-001.p-use-1.braze.com,subdomains.csv,infrastructure (CT)
2026-07-02,infrastructure,host provisioned: prometheus.k8s.cluster-001.p-use-1.braze.com,subdomains.csv,infrastructure (CT)
2026-07-02,infrastructure,host provisioned: prometheus.k8s.cluster-001.s-aze-us.braze.com,subdomains.csv,infrastructure (CT)
2026-07-02,infrastructure,host provisioned: prometheus.k8s.cluster-002.p-use-1.braze.com,subdomains.csv,infrastructure (CT)
2026-07-02,infrastructure,host provisioned: prometheus.k8s.cluster-003.p-use-1.braze.com,subdomains.csv,infrastructure (CT)
2026-07-02,infrastructure,host provisioned: prometheus.k8s.cluster-004.p-use-1.braze.com,subdomains.csv,infrastructure (CT)
2026-07-02,infrastructure,host provisioned: rits.k8s.region-001.p-use-1.braze.com,subdomains.csv,infrastructure (CT)
2026-07-02,infrastructure,host provisioned: testkube.k8s.cluster-001.d-use-1.braze.com,subdomains.csv,infrastructure (CT)
2026-07-03,infrastructure,host provisioned: atlantis-observability-internal.k8s.core-001.cd-use-1.braze.com,subdomains.csv,infrastructure (CT)
2026-07-03,infrastructure,host provisioned: cobbler-api.d-usw-2.braze.com,subdomains.csv,infrastructure (CT)
2026-07-03,infrastructure,host provisioned: gtm-hub.k8s.tools-001.p-use-1.braze.com,subdomains.csv,infrastructure (CT)
2026-07-03,infrastructure,host provisioned: gtmhub.braze.com,subdomains.csv,infrastructure (CT)
2026-07-03,infrastructure,host provisioned: kafka-fallback-restore-connect-low-latency.k8s.cluster-001.d-use-1.braze.com,subdomains.csv,infrastructure (CT)
2026-07-03,infrastructure,host provisioned: kafka-fallback-restore-connect-low-latency.k8s.cluster-001.s-use-1.braze.com,subdomains.csv,infrastructure (CT)
2026-07-03,infrastructure,host provisioned: kafka-fallback-restore-connect-warpstream.k8s.cluster-001.d-use-1.braze.com,subdomains.csv,infrastructure (CT)
2026-07-03,infrastructure,host provisioned: kafka-fallback-restore-connect-warpstream.k8s.cluster-001.s-use-1.braze.com,subdomains.csv,infrastructure (CT)
2026-07-04,infrastructure,host provisioned: backup-webhook.k8s.region-001.s-use-1.braze.com,subdomains.csv,infrastructure (CT)
2026-07-04,infrastructure,host provisioned: dashboard-04.braze.com,subdomains.csv,infrastructure (CT)
2026-07-04,infrastructure,host provisioned: dashboard-us04.k8s.cluster-004.p-use-1.braze.com,subdomains.csv,infrastructure (CT)
2026-07-04,infrastructure,host provisioned: dashboard.k8s.cluster-004.p-use-1.braze.com,subdomains.csv,infrastructure (CT)
2026-07-04,infrastructure,host provisioned: echo-server-secure.k8s.test-003.t-usw-2.braze.com,subdomains.csv,infrastructure (CT)
2026-07-04,infrastructure,host provisioned: fleet-logs.braze.com,subdomains.csv,infrastructure (CT)
2026-07-04,infrastructure,host provisioned: go-apis.k8s.cluster-003.p-use-1.braze.com,subdomains.csv,infrastructure (CT)
2026-07-04,infrastructure,host provisioned: internal-dashboard-04.braze.com,subdomains.csv,infrastructure (CT)
2026-07-04,infrastructure,host provisioned: internal-dashboard-us04.k8s.cluster-004.p-use-1.braze.com,subdomains.csv,infrastructure (CT)
2026-07-04,infrastructure,host provisioned: internal-dashboard.k8s.cluster-004.p-use-1.braze.com,subdomains.csv,infrastructure (CT)
2026-07-04,infrastructure,host provisioned: k8s-todd-bulk.braze.com,subdomains.csv,infrastructure (CT)
2026-07-04,infrastructure,host provisioned: kafka-ui-warpstream.k8s.cluster-001.p-apne-1.braze.com,subdomains.csv,infrastructure (CT)
2026-07-04,infrastructure,host provisioned: kafka-ui-warpstream.k8s.cluster-001.p-apne-2.braze.com,subdomains.csv,infrastructure (CT)
2026-07-04,infrastructure,host provisioned: kafka-ui-warpstream.k8s.cluster-001.s-use-1.braze.com,subdomains.csv,infrastructure (CT)
2026-07-04,infrastructure,host provisioned: kafka-ui-warpstream.k8s.cluster-010.p-use-1.braze.com,subdomains.csv,infrastructure (CT)
2026-07-04,infrastructure,host provisioned: kafka-ui-warpstream.k8s.region-001.s-use-1.braze.com,subdomains.csv,infrastructure (CT)
2026-07-04,infrastructure,host provisioned: kirby-kafka-connect.k8s.cluster-010.p-use-1.braze.com,subdomains.csv,infrastructure (CT)
2026-07-04,infrastructure,host provisioned: prometheus.k8s.test-001.d-usw-2.braze.com,subdomains.csv,infrastructure (CT)
2026-07-04,infrastructure,host provisioned: rest-01-bulk.k8s.cluster-001.s-use-1.braze.com,subdomains.csv,infrastructure (CT)
2026-07-04,infrastructure,host provisioned: rest-01-internal-app.k8s.cluster-001.p-use-1.braze.com,subdomains.csv,infrastructure (CT)
2026-07-04,infrastructure,host provisioned: rest-01-internal.braze.com,subdomains.csv,infrastructure (CT)
2026-07-04,infrastructure,host provisioned: rest-02-internal-app.k8s.cluster-002.p-use-1.braze.com,subdomains.csv,infrastructure (CT)
2026-07-04,infrastructure,host provisioned: rest-02-internal.braze.com,subdomains.csv,infrastructure (CT)
2026-07-04,infrastructure,host provisioned: rest-03-internal-app.k8s.cluster-003.p-use-1.braze.com,subdomains.csv,infrastructure (CT)
2026-07-04,infrastructure,host provisioned: rest-03-internal.braze.com,subdomains.csv,infrastructure (CT)
2026-07-04,infrastructure,host provisioned: rest-04-secondary.braze.com,subdomains.csv,infrastructure (CT)
2026-07-04,infrastructure,host provisioned: rest-04-secondary.k8s.cluster-004.p-use-1.braze.com,subdomains.csv,infrastructure (CT)
2026-07-04,infrastructure,host provisioned: rest-04.braze.com,subdomains.csv,infrastructure (CT)
2026-07-04,infrastructure,host provisioned: rest-04.k8s.cluster-004.p-use-1.braze.com,subdomains.csv,infrastructure (CT)
2026-07-04,infrastructure,host provisioned: rest-05-internal-app.k8s.cluster-005.p-use-1.braze.com,subdomains.csv,infrastructure (CT)
2026-07-04,infrastructure,host provisioned: rest-05-internal.braze.com,subdomains.csv,infrastructure (CT)
2026-07-04,infrastructure,host provisioned: rest-07-internal-app.k8s.cluster-007.p-use-1.braze.com,subdomains.csv,infrastructure (CT)
2026-07-04,infrastructure,host provisioned: rest-07-internal.braze.com,subdomains.csv,infrastructure (CT)
2026-07-04,infrastructure,host provisioned: staging-backup-webhook.braze.com,subdomains.csv,infrastructure (CT)
2026-07-04,infrastructure,host provisioned: subcenter-us04.k8s.cluster-004.p-use-1.braze.com,subdomains.csv,infrastructure (CT)
2026-07-04,infrastructure,host provisioned: subcenter.k8s.cluster-004.p-use-1.braze.com,subdomains.csv,infrastructure (CT)
2026-07-04,infrastructure,host provisioned: thanos-grpc-query.k8s.tools-001.s-use-1.braze.com,subdomains.csv,infrastructure (CT)
2026-07-04,infrastructure,host provisioned: thanos-store.k8s.tools-001.s-use-1.braze.com,subdomains.csv,infrastructure (CT)
2026-07-04,infrastructure,host provisioned: todd-bulk.braze.com,subdomains.csv,infrastructure (CT)
2026-07-04,infrastructure,host provisioned: vibey-oauth-tester.k8s.tools-001.p-use-1.braze.com,subdomains.csv,infrastructure (CT)
2026-07-04,infrastructure,host provisioned: webhook-partners.k8s.region-001.s-use-1.braze.com,subdomains.csv,infrastructure (CT)
2026-07-04,infrastructure,host provisioned: webhook.k8s.region-001.p-use-1.braze.com,subdomains.csv,infrastructure (CT)
2026-07-05,infrastructure,host provisioned: appdeploy-staging.infra.braze.com,subdomains.csv,infrastructure (CT)
2026-07-05,infrastructure,host provisioned: artifactory.infra.braze.com,subdomains.csv,infrastructure (CT)
2026-07-05,infrastructure,host provisioned: atlantis-observability-webhook.k8s.core-001.cp-use-1.braze.com,subdomains.csv,infrastructure (CT)
2026-07-05,infrastructure,host provisioned: atlantis-observability.k8s.core-001.cp-use-1.braze.com,subdomains.csv,infrastructure (CT)
2026-07-05,infrastructure,host provisioned: cc-sdk-03.braze.com,subdomains.csv,infrastructure (CT)
2026-07-05,infrastructure,host provisioned: cc-sdk-03.k8s.cluster-003.p-use-1.braze.com,subdomains.csv,infrastructure (CT)
2026-07-05,infrastructure,host provisioned: ces.k8s.cluster-001.p-apne-1.braze.com,subdomains.csv,infrastructure (CT)
2026-07-05,infrastructure,host provisioned: change-management.k8s.tools-001.s-use-1.braze.com,subdomains.csv,infrastructure (CT)
2026-07-05,infrastructure,host provisioned: cloudflare-pce-dashboard.staging.braze.com,subdomains.csv,infrastructure (CT)
2026-07-05,infrastructure,host provisioned: cpaas-callback-service.k8s.cluster-001.d-use-1.braze.com,subdomains.csv,infrastructure (CT)
2026-07-05,infrastructure,host provisioned: dashboard-03.braze.com,subdomains.csv,infrastructure (CT)
2026-07-05,infrastructure,host provisioned: dashboard-us03.k8s.cluster-003.p-use-1.braze.com,subdomains.csv,infrastructure (CT)
2026-07-05,infrastructure,host provisioned: dashboard.iad-01.staging.braze.com,subdomains.csv,infrastructure (CT)
2026-07-05,infrastructure,host provisioned: dashboard.k8s.cluster-001.p-apne-1.braze.com,subdomains.csv,infrastructure (CT)
2026-07-05,infrastructure,host provisioned: dashboard.k8s.cluster-003.p-use-1.braze.com,subdomains.csv,infrastructure (CT)
2026-07-05,infrastructure,host provisioned: dashboard.k8s.cluster-010.p-use-1.braze.com,subdomains.csv,infrastructure (CT)
2026-07-05,infrastructure,host provisioned: genie-dev-2.i-use-1.braze.com,subdomains.csv,infrastructure (CT)
2026-07-05,infrastructure,host provisioned: genie.i-use-1.braze.com,subdomains.csv,infrastructure (CT)
2026-07-05,infrastructure,host provisioned: genie.k8s.cluster-001.p-apne-1.braze.com,subdomains.csv,infrastructure (CT)
2026-07-05,infrastructure,host provisioned: grafana.k8s.infra-001.i-use-1.braze.com,subdomains.csv,infrastructure (CT)
2026-07-05,infrastructure,host provisioned: internal-dashboard-03.braze.com,subdomains.csv,infrastructure (CT)
2026-07-05,infrastructure,host provisioned: internal-dashboard-us03.k8s.cluster-003.p-use-1.braze.com,subdomains.csv,infrastructure (CT)
2026-07-05,infrastructure,host provisioned: internal-dashboard.jp-01.braze.com,subdomains.csv,infrastructure (CT)
2026-07-05,infrastructure,host provisioned: internal-dashboard.k8s.cluster-001.p-apne-1.braze.com,subdomains.csv,infrastructure (CT)
2026-07-05,infrastructure,host provisioned: internal-dashboard.k8s.cluster-003.p-use-1.braze.com,subdomains.csv,infrastructure (CT)
2026-07-05,infrastructure,host provisioned: mdb-opsmgr.k8s.cluster-001.p-apne-1.braze.com,subdomains.csv,infrastructure (CT)
2026-07-05,infrastructure,host provisioned: partner.braze.com,subdomains.csv,infrastructure (CT)
2026-07-05,infrastructure,host provisioned: rest-responder-cdi.k8s.region-001.s-use-1.braze.com,subdomains.csv,infrastructure (CT)
2026-07-05,infrastructure,host provisioned: rest.iad-01.staging.braze.com,subdomains.csv,infrastructure (CT)
2026-07-05,infrastructure,host provisioned: sdk-03.braze.com,subdomains.csv,infrastructure (CT)
2026-07-05,infrastructure,host provisioned: sdk-03.k8s.cluster-003.p-use-1.braze.com,subdomains.csv,infrastructure (CT)
2026-07-05,infrastructure,host provisioned: slidebot.k8s.tools-001.p-use-1.braze.com,subdomains.csv,infrastructure (CT)
2026-07-05,infrastructure,host provisioned: subcenter-us03.k8s.cluster-003.p-use-1.braze.com,subdomains.csv,infrastructure (CT)
2026-07-05,infrastructure,host provisioned: subcenter.k8s.cluster-001.p-apne-1.braze.com,subdomains.csv,infrastructure (CT)
2026-07-05,infrastructure,host provisioned: subcenter.k8s.cluster-003.p-use-1.braze.com,subdomains.csv,infrastructure (CT)
2026-07-05,infrastructure,host provisioned: support.braze.com,subdomains.csv,infrastructure (CT)
2026-07-05,infrastructure,host provisioned: thanos-query-frontend-grpc.k8s.infra-001.i-use-1.braze.com,subdomains.csv,infrastructure (CT)
2026-07-06,infrastructure,host provisioned: cc-sdk-01.braze.com,subdomains.csv,infrastructure (CT)
2026-07-06,infrastructure,host provisioned: cc-sdk-01.k8s.cluster-001.p-apne-1.braze.com,subdomains.csv,infrastructure (CT)
2026-07-06,infrastructure,host provisioned: cc-sdk-01.k8s.cluster-001.p-use-1.braze.com,subdomains.csv,infrastructure (CT)
2026-07-06,infrastructure,host provisioned: cf.iad-01.braze.com,subdomains.csv,infrastructure (CT)
2026-07-06,infrastructure,host provisioned: editor-storybook.braze.com,subdomains.csv,infrastructure (CT)
2026-07-06,infrastructure,host provisioned: editor-storybook.k8s.tools-001.d-use-1.braze.com,subdomains.csv,infrastructure (CT)
2026-07-06,infrastructure,host provisioned: go-apis.k8s.cluster-001.p-apne-1.braze.com,subdomains.csv,infrastructure (CT)
2026-07-06,infrastructure,host provisioned: info.braze.com,subdomains.csv,infrastructure (CT)
2026-07-06,infrastructure,host provisioned: internal-rest.jp-01.braze.com,subdomains.csv,infrastructure (CT)
2026-07-06,infrastructure,host provisioned: mail-tracker-01.us-10.braze.com,subdomains.csv,infrastructure (CT)
2026-07-06,infrastructure,host provisioned: mcp.k8s.cluster-001.d-use-1.braze.com,subdomains.csv,infrastructure (CT)
2026-07-06,infrastructure,host provisioned: partners.k8s.cluster-001.d-use-1.braze.com,subdomains.csv,infrastructure (CT)
2026-07-06,infrastructure,host provisioned: prometheus-pushgateway.k8s.test-005.t-usw-2.braze.com,subdomains.csv,infrastructure (CT)
2026-07-06,infrastructure,host provisioned: prometheus.k8s.test-005.t-usw-2.braze.com,subdomains.csv,infrastructure (CT)
2026-07-06,infrastructure,host provisioned: rest-01-internal-app.k8s.cluster-001.p-apne-1.braze.com,subdomains.csv,infrastructure (CT)
2026-07-06,infrastructure,host provisioned: rest-01-internal.jp-01.braze.com,subdomains.csv,infrastructure (CT)
2026-07-06,infrastructure,host provisioned: rest-01-secondary.braze.com,subdomains.csv,infrastructure (CT)
2026-07-06,infrastructure,host provisioned: rest-01-secondary.k8s.cluster-001.p-apne-1.braze.com,subdomains.csv,infrastructure (CT)
2026-07-06,infrastructure,host provisioned: rest-01-secondary.k8s.cluster-001.p-use-1.braze.com,subdomains.csv,infrastructure (CT)
2026-07-06,infrastructure,host provisioned: rest-01.braze.com,subdomains.csv,infrastructure (CT)
2026-07-06,infrastructure,host provisioned: rest-01.k8s.cluster-001.p-apne-1.braze.com,subdomains.csv,infrastructure (CT)
2026-07-06,infrastructure,host provisioned: rest-01.k8s.cluster-001.p-use-1.braze.com,subdomains.csv,infrastructure (CT)
2026-07-06,infrastructure,host provisioned: rest-bulk.k8s.cluster-001.p-apne-1.braze.com,subdomains.csv,infrastructure (CT)
2026-07-06,infrastructure,host provisioned: sdk-01.k8s.cluster-001.p-apne-1.braze.com,subdomains.csv,infrastructure (CT)
2026-07-06,infrastructure,host provisioned: sdk.iad-01.staging.braze.com,subdomains.csv,infrastructure (CT)
2026-07-06,infrastructure,host provisioned: subcenter-us01.k8s.cluster-001.p-use-1.braze.com,subdomains.csv,infrastructure (CT)
2026-07-06,infrastructure,host provisioned: subcenter.iad-01.staging.braze.com,subdomains.csv,infrastructure (CT)
2026-07-06,infrastructure,host provisioned: subcenter.k8s.cluster-001.p-use-1.braze.com,subdomains.csv,infrastructure (CT)
2026-07-06,infrastructure,host provisioned: thanos-bucket.k8s.test-005.t-usw-2.braze.com,subdomains.csv,infrastructure (CT)
2026-07-06,infrastructure,host provisioned: thanos-grpc-query.k8s.test-005.t-usw-2.braze.com,subdomains.csv,infrastructure (CT)
2026-07-06,infrastructure,host provisioned: thanos-query.k8s.test-005.t-usw-2.braze.com,subdomains.csv,infrastructure (CT)
2026-07-06,infrastructure,host provisioned: thanos-store.k8s.test-005.t-usw-2.braze.com,subdomains.csv,infrastructure (CT)
2026-07-06,infrastructure,host provisioned: us-10.braze.com,subdomains.csv,infrastructure (CT)
2026-07-06,release,braze-swift-sdk 17.0.0,sdk_releases.csv,company-own (technical)
2026-07-06,release,braze-swift-sdk-prebuilt-dynamic 17.0.0,sdk_releases.csv,company-own (technical)
2026-07-06,release,braze-swift-sdk-prebuilt-static 17.0.0,sdk_releases.csv,company-own (technical)
2026-07-06,release,braze-swift-sdk-prebuilt-mergeable 17.0.0,sdk_releases.csv,company-own (technical)
2026-07-07,infrastructure,host provisioned: anna.braze.com,subdomains.csv,infrastructure (CT)
2026-07-07,infrastructure,host provisioned: dashboard-07.braze.com,subdomains.csv,infrastructure (CT)
2026-07-07,infrastructure,host provisioned: dashboard-us07.k8s.cluster-007.p-use-1.braze.com,subdomains.csv,infrastructure (CT)
2026-07-07,infrastructure,host provisioned: dashboard.k8s.cluster-007.p-use-1.braze.com,subdomains.csv,infrastructure (CT)
2026-07-07,infrastructure,host provisioned: elsa.braze.com,subdomains.csv,infrastructure (CT)
2026-07-07,infrastructure,host provisioned: go-apis.k8s.cluster-001.p-aze-us.braze.com,subdomains.csv,infrastructure (CT)
2026-07-07,infrastructure,host provisioned: go-apis.k8s.cluster-001.p-use-1.braze.com,subdomains.csv,infrastructure (CT)
2026-07-07,infrastructure,host provisioned: go-apis.k8s.cluster-002.p-use-1.braze.com,subdomains.csv,infrastructure (CT)
2026-07-07,infrastructure,host provisioned: go-apis.k8s.cluster-004.p-use-1.braze.com,subdomains.csv,infrastructure (CT)
2026-07-07,infrastructure,host provisioned: go-apis.k8s.cluster-005.p-use-1.braze.com,subdomains.csv,infrastructure (CT)
2026-07-07,infrastructure,host provisioned: internal-dashboard-07.braze.com,subdomains.csv,infrastructure (CT)
2026-07-07,infrastructure,host provisioned: internal-dashboard-us07.k8s.cluster-007.p-use-1.braze.com,subdomains.csv,infrastructure (CT)
2026-07-07,infrastructure,host provisioned: internal-dashboard.k8s.cluster-007.p-use-1.braze.com,subdomains.csv,infrastructure (CT)
2026-07-07,infrastructure,host provisioned: itp-model-api.development.braze.com,subdomains.csv,infrastructure (CT)
2026-07-07,infrastructure,host provisioned: itp-model-api.k8s.region-001.d-use-1.braze.com,subdomains.csv,infrastructure (CT)
2026-07-07,infrastructure,host provisioned: prometheus-pushgateway.k8s.region-001.s-use-1.braze.com,subdomains.csv,infrastructure (CT)
2026-07-07,infrastructure,host provisioned: tenant.k8s.cluster-001.p-apne-1.braze.com,subdomains.csv,infrastructure (CT)
2026-07-13,incident,incident (none): Braze AI Operator Errors,incidents.csv,company-own (operational)
2026-07-14,filing,144 filed,filings.csv,statutory (SEC)
2026-07-15,filing,144 filed,filings.csv,statutory (SEC)
2026-07-15,filing,144 filed,filings.csv,statutory (SEC)
2026-07-15,release,braze-android-sdk v43.0.0,sdk_releases.csv,company-own (technical)
2026-07-16,filing,4 filed,filings.csv,statutory (SEC)
2026-07-16,filing,4 filed,filings.csv,statutory (SEC)
2026-07-20,filing,144 filed,filings.csv,statutory (SEC)
2026-07-20,release,public repo created: superpowers,repos.csv,company-own (technical)
2026-07-24,incident,incident (none): AWS Networking Disruption in US-WEST-2 (Resolved),incidents.csv,company-own (operational)
2026-07-27,filing,SCHEDULE 13G/A filed,filings.csv,statutory (SEC)
2026-07-28,incident,incident (maintenance): [Scheduled] US 06 Database Maintenance,incidents.csv,company-own (operational)
2026-07-28,incident,incident (maintenance): [Scheduled] US 07 Database Maintenance,incidents.csv,company-own (operational)
2026-07-29,release,braze-swift-sdk 18.0.0,sdk_releases.csv,company-own (technical)
2026-07-29,release,braze-swift-sdk-prebuilt-dynamic 18.0.0,sdk_releases.csv,company-own (technical)
2026-07-29,release,braze-swift-sdk-prebuilt-static 18.0.0,sdk_releases.csv,company-own (technical)
2026-07-29,release,braze-swift-sdk-prebuilt-mergeable 18.0.0,sdk_releases.csv,company-own (technical)
2026-07-30,incident,incident (maintenance): [Scheduled] EU 01 Database Maintenance,incidents.csv,company-own (operational)
2026-07-31,filing,SCHEDULE 13G filed,filings.csv,statutory (SEC)
2026-07-31,incident,incident (maintenance): [Scheduled] JP 01 Database Maintenance,incidents.csv,company-own (operational)
2026-07-31,incident,incident (minor): EU02 Currents Data Latency,incidents.csv,company-own (operational)
2026-08-03,incident,incident (maintenance): [Scheduled] US 02 Database Maintenance,incidents.csv,company-own (operational)
2026-08-04,incident,incident (maintenance): [Scheduled] US 05 Database Maintenance,incidents.csv,company-own (operational)
2026-08-05,incident,incident (minor): Issue Impacting US 01 and US 03,incidents.csv,company-own (operational)
2026-08-06,filing,SCHEDULE 13G/A filed,filings.csv,statutory (SEC)
2026-08-07,filing,144 filed,filings.csv,statutory (SEC)
2026-08-10,filing,144 filed,filings.csv,statutory (SEC)
2026-08-11,filing,4 filed,filings.csv,statutory (SEC)
2026-08-11,filing,144 filed,filings.csv,statutory (SEC)
2026-08-11,release,braze-swift-sdk 18.1.0,sdk_releases.csv,company-own (technical)
2026-08-11,release,braze-swift-sdk-prebuilt-dynamic 18.1.0,sdk_releases.csv,company-own (technical)
2026-08-11,release,braze-swift-sdk-prebuilt-static 18.1.0,sdk_releases.csv,company-own (technical)
2026-08-11,release,braze-swift-sdk-prebuilt-mergeable 18.1.0,sdk_releases.csv,company-own (technical)
2026-08-12,filing,4 filed,filings.csv,statutory (SEC)
2026-08-13,filing,144 filed,filings.csv,statutory (SEC)
2026-08-14,filing,4 filed,filings.csv,statutory (SEC)
2026-08-14,filing,SCHEDULE 13G/A filed,filings.csv,statutory (SEC)
2026-08-19,filing,144 filed,filings.csv,statutory (SEC)
2026-08-19,filing,144 filed,filings.csv,statutory (SEC)
2026-08-19,filing,4 filed,filings.csv,statutory (SEC)
2026-08-19,filing,4 filed,filings.csv,statutory (SEC)
2026-08-19,filing,4 filed,filings.csv,statutory (SEC)
2026-08-19,filing,4 filed,filings.csv,statutory (SEC)
2026-08-19,filing,4 filed,filings.csv,statutory (SEC)
2026-08-19,release,braze-android-sdk v43.1.0,sdk_releases.csv,company-own (technical)
2026-08-20,release,braze-swift-sdk 18.2.0,sdk_releases.csv,company-own (technical)
2026-08-20,release,braze-android-sdk v43.1.1,sdk_releases.csv,company-own (technical)
2026-08-20,release,braze-swift-sdk-prebuilt-dynamic 18.2.0,sdk_releases.csv,company-own (technical)
2026-08-20,release,braze-swift-sdk-prebuilt-static 18.2.0,sdk_releases.csv,company-own (technical)
2026-08-20,release,braze-swift-sdk-prebuilt-mergeable 18.2.0,sdk_releases.csv,company-own (technical)
2026-08-21,filing,4 filed,filings.csv,statutory (SEC)
2026-08-21,filing,4 filed,filings.csv,statutory (SEC)
2026-08-21,release,braze-react-native-sdk 23.0.0,sdk_releases.csv,company-own (technical)
2026-08-24,filing,144 filed,filings.csv,statutory (SEC)
2026-08-24,filing,144 filed,filings.csv,statutory (SEC)
2026-08-24,release,braze-segment-swift 10.0.0,sdk_releases.csv,company-own (technical)
2026-08-25,release,braze-xamarin-sdk 10.0.0,sdk_releases.csv,company-own (technical)
2026-08-26,filing,4 filed,filings.csv,statutory (SEC)
2026-08-26,filing,4 filed,filings.csv,statutory (SEC)
2026-08-26,filing,144 filed,filings.csv,statutory (SEC)
2026-08-27,filing,144 filed,filings.csv,statutory (SEC)
2026-08-27,filing,144 filed,filings.csv,statutory (SEC)
2026-08-28,filing,4 filed,filings.csv,statutory (SEC)
2026-09-01,release,braze-cordova-sdk 17.0.0,sdk_releases.csv,company-own (technical)
